listing_id,url,source,collected_at,location,location_query,deal_type,accommodation_type,author_type,room_segment,rooms_count,total_meters,price,observed_price_per_sqm,floor,floors_count,floor_ratio,is_first_floor,is_last_floor,district,street,house_number,underground,residential_complex,price_per_sqm_eda,log_price,log_total_meters
327097126,https://spb.cian.ru/sale/flat/327097126/?context=4.F2rlJhYoNaE.1Y1_neeSyevtpyiP3_OytUJlgHZRG1wrILWIPmHvRY2x4vauiwMs9o88TjTCGf1G8A3LtMEltATN5Q&mlSearchSessionGuid=2a39d43436514e1b67d022fe41da62dc,cian,2026-05-04T21:42:16.586850+00:00,Санкт-Петербург,Санкт-Петербург,sale,flat,developer,studio,0,23.62,9802294.0,414999.7459779848,4.0,5.0,0.8,False,False,Курортный,Инструментальщиков,18,Беговая,BEREG.Курортный,414999.7459779848,16.098127099897553,3.2035591207563074
328916581,https://spb.cian.ru/sale/flat/328916581/?context=4.XGYi-YiEESg.TlPBqF5G5oEl8gJhDuORd7iGxLRXY8kfKFMxbajZmUhRmC-oT0RMeM52tKeYQGHz5NIbVJm5QW6ZCQ&mlSearchSessionGuid=2a39d43436514e1b67d022fe41da62dc,cian,2026-05-04T21:42:16.586850+00:00,Санкт-Петербург,Санкт-Петербург,sale,flat,real_estate_agent,studio,0,26.32,6280000.0,238601.82370820668,4.0,5.0,0.8,False,False,Московский,Пулковское шоссе,95к4,Проспект Ветеранов,Парадный ансамбль,238601.82370820668,15.652880697680038,3.307619034702589
328049264,https://spb.cian.ru/sale/flat/328049264/?context=4.RxKlMzKG2ns.H8D_bDOxuolmaMxBlmYx4YoWM3Ytc7dbpZBj5B422I_DMz6iRhevOQe7JQW6gnAZ0fBSsi2s_LcGqQ&mlSearchSessionGuid=2a39d43436514e1b67d022fe41da62dc,cian,2026-05-04T21:42:16.586850+00:00,Санкт-Петербург,Санкт-Петербург,sale,flat,realtor,studio,0,10.4,1750000.0,168269.23076923075,1.0,5.0,0.2,True,False,Адмиралтейский,Нарвский проспект,9А,Нарвская,unknown,168269.23076923075,14.375126917328105,2.4336133554004498
323514186,https://spb.cian.ru/sale/flat/323514186/?context=4.dx2Og_Sp96s.WrqslTLVRIFCH8SU6e0_eoRi2xHmgltgzE1lYCQhNfFcG17HxgDZJNPQKElbWPzNDPE50WRJOf0yMA&mlSearchSessionGuid=2a39d43436514e1b67d022fe41da62dc,cian,2026-05-04T21:42:16.586850+00:00,Санкт-Петербург,Санкт-Петербург,sale,flat,developer,studio,0,71.6,27900960.0,389678.21229050285,1.0,7.0,0.1428571428571428,True,False,Василеостровский,12-я Васильевского острова линия,41к2,Василеостровская,Амо,389678.21229050285,17.144171690642843,4.28496492183075
323464864,https://spb.cian.ru/sale/flat/323464864/?context=4.0-PWu3G_PG8.M231URizc2oX__ttwdacrNPmWxgiCIQWAoqKq2ue6qVcMWpAed1BVXgMatletbz-epET4Ga1o_w29w&mlSearchSessionGuid=2a39d43436514e1b67d022fe41da62dc,cian,2026-05-04T21:42:16.586850+00:00,Санкт-Петербург,Санкт-Петербург,sale,flat,real_estate_agent,studio,0,25.8,5380000.0,208527.13178294577,4.0,5.0,0.8,False,False,Московский,Пулковский меридиан,,Московская,Парадный ансамбль,208527.1317829457,15.498199118011556,3.288401887516811
315698032,https://spb.cian.ru/sale/flat/315698032/?context=4.Ms71BgWK3-s.zSG7whj0TIr3dmHmN9ueneP7tE1KHDgQcA6DctJuV1goYAOifvAq5JZwVmTdhv7sRkmmjKDexHzWJQ&mlSearchSessionGuid=2a39d43436514e1b67d022fe41da62dc,cian,2026-05-04T21:42:16.586850+00:00,Санкт-Петербург,Санкт-Петербург,sale,flat,real_estate_agent,studio,0,28.7,5300000.0,184668.98954703836,5.0,5.0,1.0,False,True,Московский,Пулковское шоссе,71к15,Звездная,Зеленый квартал на Пулковских высотах,184668.98954703836,15.483217567201578,3.391147045808654
325558652,https://spb.cian.ru/sale/flat/325558652/?context=4.I549Yv8m97c.BY5L3AJ-fvRt-lfsdrbPNYJGLYi00ik7W5TwkrbfyYGsruv8bRtJXhTyVtl0eYXWYDZi0a0V5LzRrQ&mlSearchSessionGuid=2a39d43436514e1b67d022fe41da62dc,cian,2026-05-04T21:42:16.586850+00:00,Санкт-Петербург,Санкт-Петербург,sale,flat,developer,studio,0,21.79,12690215.0,582387.1041762277,6.0,9.0,0.6666666666666666,False,False,Василеостровский,Гавань,,Горный институт,МОНОДОМ АРТ,582387.1041762277,16.356341860822305,3.126321843257593
326837309,https://spb.cian.ru/sale/flat/326837309/?context=4.ITd_hP-tx0w.AxPxmQ0RFkiEwxhy32qNlJnevEPk3AuHskjeubgG3cilA2nnZWABTmtwboT-VF_Jz-Rad7Qj35iF5w&mlSearchSessionGuid=2a39d43436514e1b67d022fe41da62dc,cian,2026-05-04T21:42:16.586850+00:00,Санкт-Петербург,Санкт-Петербург,sale,flat,real_estate_agent,studio,0,26.3,6280000.0,238783.2699619772,4.0,5.0,0.8,False,False,Московский,Пулковское шоссе,95к4,Проспект Ветеранов,Парадный ансамбль,238783.2699619772,15.652880697680038,3.3068867021909143
329571779,https://spb.cian.ru/sale/flat/329571779/?context=4.HTT8c55Ko6s.qLDtn4NxLAEA0zHhDV_DltEphtX8TR7fYqkI_uiCr0Jsi9eSDWsJfbz6PFVybq5ytZ9qlytSxjLz5A&mlSearchSessionGuid=2a39d43436514e1b67d022fe41da62dc,cian,2026-05-04T21:42:16.586850+00:00,Санкт-Петербург,Санкт-Петербург,sale,flat,real_estate_agent,studio,0,24.3,5450000.0,224279.8353909465,4.0,5.0,0.8,False,False,Московский,Струве,8к2,Звездная,Зеленый квартал на Пулковских высотах,224279.8353909465,15.511126350125648,3.2308043957334744
327096143,https://spb.cian.ru/sale/flat/327096143/?context=4.As6qDMwZZIo.QHjFoy84s7MfOhlMh-E-MEfjbPZ-jiCeSiaDd-c6tQt2EYlAuuC2vfSXd7ylol2jLgt7UOQng9Omiw&mlSearchSessionGuid=2a39d43436514e1b67d022fe41da62dc,cian,2026-05-04T21:42:16.586850+00:00,Санкт-Петербург,Санкт-Петербург,sale,flat,developer,studio,0,20.72,15921248.0,768400.0,5.0,8.0,0.625,False,False,Петроградский,Ремесленная,17литЗ,Спортивная,17/33 Петровский остров,768400.0,16.583165190076965,3.078233495065734
326674743,https://spb.cian.ru/sale/flat/326674743/?context=4.vHK1FhtTxEc.eBkI8VF6rGrMYFcWJU552wKTJ_SAi_27nsPbTd697fOhafCiyp6Yv2WFKfqZJk71CudWpVwytkWkZQ&mlSearchSessionGuid=2a39d43436514e1b67d022fe41da62dc,cian,2026-05-04T21:42:16.586850+00:00,Санкт-Петербург,Санкт-Петербург,sale,flat,real_estate_agent,studio,0,24.92,9299999.0,373194.1813804173,4.0,20.0,0.2,False,False,Василеостровский,бульвар Головнина,13,Приморская,Башни Элемент,373194.1813804173,16.045524958123483,3.255014871484074
329334885,https://spb.cian.ru/sale/flat/329334885/?context=4.TKnQSIeYQ94.oUWtbQZewYjZdRocYBQSo7LnkCTWPY8XRu4QRfEG3VmOq7VLBaC46Af37xjFxYB1ItVaJZAyvSyD0w&mlSearchSessionGuid=2a39d43436514e1b67d022fe41da62dc,cian,2026-05-04T21:42:16.586850+00:00,Санкт-Петербург,Санкт-Петербург,sale,flat,real_estate_agent,studio,0,28.6,7500000.0,262237.7622377622,2.0,5.0,0.4,False,False,Центральный,Конная,20/6,Площадь Александра Невского,unknown,262237.7622377622,15.830413711839864,3.387774361330014
304120339,https://spb.cian.ru/sale/flat/304120339/?context=4.EWq3BOyNt8A.juyx45jTNSHg33bcocFDQ5gx3yBbF3mRVnWUO-RBnBfzhfYTaI77tMM61WypH4tJbg754PDENt1vug&mlSearchSessionGuid=2a39d43436514e1b67d022fe41da62dc,cian,2026-05-04T21:42:16.586850+00:00,Санкт-Петербург,Санкт-Петербург,sale,flat,developer,studio,0,23.02,16528509.0,718006.4726324935,7.0,10.0,0.7,False,False,Центральный,Кирилловская,11,Площадь Александра Невского,Новгородская 8,718006.4726324935,16.620597326593476,3.1788868166518376
310459471,https://spb.cian.ru/sale/flat/310459471/?context=4.-fg-s9nPrDA.uT9_9jwuaNSQTl_bTJMXreQN_-VohvQhisWr_gfRF5YESl3P36xviqOXID5WOPxsKkmxmiYsolfMCw&mlSearchSessionGuid=2a39d43436514e1b67d022fe41da62dc,cian,2026-05-04T21:42:16.586850+00:00,Санкт-Петербург,Санкт-Петербург,sale,flat,real_estate_agent,studio,0,23.8,5500000.0,231092.43697478992,4.0,8.0,0.5,False,False,Красносельский,проспект Буденного,23к3,Проспект Ветеранов,Солнечный город,231092.43697478992,15.520258832020865,3.210843653170937
329345510,https://spb.cian.ru/sale/flat/329345510/?context=4.rtOnymlo0tI.qP0fIw6yqZ5zkPUUWefBh4bbYwR6_Zk1s9ic9BIMLb-7mIT5gSYqqB9cqowwRW0UVDJgrnwkBclzDQ&mlSearchSessionGuid=2a39d43436514e1b67d022fe41da62dc,cian,2026-05-04T21:42:16.586850+00:00,Санкт-Петербург,Санкт-Петербург,sale,flat,realtor,studio,0,30.8,7400000.0,240259.74025974024,22.0,26.0,0.8461538461538461,False,False,Приморский,Туристская,15к2,Беговая,unknown,240259.74025974024,15.816990693309524,3.459466289786131
327097380,https://spb.cian.ru/sale/flat/327097380/?context=4.WfN-wYl96ww.HMCcqMRKyuMSGOxyA7dsyhTJlnjauYmzZa2AmFvfIPcugQsNpUIPxJW3_7WsSyf8qY-G6e6SMou6tQ&mlSearchSessionGuid=2a39d43436514e1b67d022fe41da62dc,cian,2026-05-04T21:42:16.586850+00:00,Санкт-Петербург,Санкт-Петербург,sale,flat,developer,studio,0,24.21,18191394.0,751400.0,20.0,20.0,1.0,False,True,Василеостровский,бульвар Головнина,13,Приморская,Башни Элемент,751400.0,16.71645923804302,3.2272407411998283
329372902,https://spb.cian.ru/sale/flat/329372902/?context=4.TwwHYJewHvs.tATj7FRlb5QW7_xLptr-LeozNyebpX1OCuL9FzFr9TxBPbbspeLCW66KudCDwQ1GZQaVZTqMVEAONQ&mlSearchSessionGuid=2a39d43436514e1b67d022fe41da62dc,cian,2026-05-04T21:42:16.586850+00:00,Санкт-Петербург,Санкт-Петербург,sale,flat,real_estate_agent,studio,0,26.8,6580000.0,245522.38805970148,14.0,25.0,0.56,False,False,Приморский,Комендантский проспект,64к1,Комендантский проспект,Чистое небо,245522.38805970148,15.699545455277171,3.3250360206965914
327563230,https://spb.cian.ru/sale/flat/327563230/?context=4.VfUJyMlIqtQ.YLyvuqiZ3IzE-_r2U0fpdCiRwff8uUAwBIS7xOCP_8jOez-mK6c16udcAQheBnyN3ANfEK1kOJp4RA&mlSearchSessionGuid=2a39d43436514e1b67d022fe41da62dc,cian,2026-05-04T21:42:16.586850+00:00,Санкт-Петербург,Санкт-Петербург,sale,flat,real_estate_agent,studio,0,22.1,5400000.0,244343.8914027149,2.0,28.0,0.0714285714285714,False,False,Выборгский,проезд Толубеевский,24,Парнас,Северная долина,244343.8914027149,15.501909696719672,3.139832617527748
325141985,https://spb.cian.ru/sale/flat/325141985/?context=4.9A45MhOgFnA.82U7YvVl5lrnMc7PvNZTrSyCtKrQ5l-RZLVYwYUP3KpeLoaSLqfUvvQ0CNkGkvAbmbyZUHqgb4MNsA&mlSearchSessionGuid=2a39d43436514e1b67d022fe41da62dc,cian,2026-05-04T21:42:16.586850+00:00,Санкт-Петербург,Санкт-Петербург,sale,flat,developer,studio,0,22.1,5533398.0,250380.0,2.0,4.0,0.5,False,False,Пушкинский,unknown,,Купчино,Пулково Лэйк ЖК,250380.0,15.526312832058125,3.139832617527748
328933325,https://spb.cian.ru/sale/flat/328933325/?context=4.QzlHiT5IPoQ.C_ebfyzLnzZ-l4HP7fUdYfLZqY9Gopz4bvxx5SsnjSCALKxUTq_r_50NylqLAfP_m8RHvDnVwQoLSA&mlSearchSessionGuid=2a39d43436514e1b67d022fe41da62dc,cian,2026-05-04T21:42:16.586850+00:00,Санкт-Петербург,Санкт-Петербург,sale,flat,real_estate_agent,studio,0,20.0,6850000.0,342500.0,2.0,5.0,0.4,False,False,Петроградский,проспект Большой Петроградской стороны,53,Петроградская,unknown,342500.0,15.739759356223798,3.044522437723423
329112060,https://spb.cian.ru/sale/flat/329112060/?context=4.Px4a5t5_fN0.9SN7Sr9uzxfp9EX2FDcdOxUu8riqyMaKIae8cLMUWVuTYuJ5kmQ5uIUipy3Jf2wckzFqzuakpsnzPg&mlSearchSessionGuid=2a39d43436514e1b67d022fe41da62dc,cian,2026-05-04T21:42:16.586850+00:00,Санкт-Петербург,Санкт-Петербург,sale,flat,developer,studio,0,29.0,15154704.0,522576.0,4.0,14.0,0.2857142857142857,False,False,Красногвардейский,Большая Охта,,Новочеркасская,Магнифика ЖК,522576.0,16.533821602761655,3.4011973816621555
327075130,https://spb.cian.ru/sale/flat/327075130/?context=4.hOuAAkPK5iM.YrJ2NvLjNhs-6nYpmLTJZdUrCyp0CAsFpCrZK_4PI0gkL2e-DrRCFKSlLH7w2DtC32F7fkMAYQR2NQ&mlSearchSessionGuid=2a39d43436514e1b67d022fe41da62dc,cian,2026-05-04T21:42:16.586850+00:00,Санкт-Петербург,Санкт-Петербург,sale,flat,real_estate_agent,studio,0,23.8,5200000.0,218487.3949579832,5.0,5.0,1.0,False,True,Московский,Орбитальная,9к1,Звездная,Зеленый квартал на Пулковских высотах,218487.3949579832,15.46416937585933,3.210843653170937
328980293,https://spb.cian.ru/sale/flat/328980293/?context=4.ZmJ7j0U5bfE.TBb3kXorURrRcw1latNoBm7DaEvznyNelxW9lnJAJnqC-AFYYSv7DP5sxnzFFNNwdlsJJ8qejjhGDg&mlSearchSessionGuid=2a39d43436514e1b67d022fe41da62dc,cian,2026-05-04T21:42:16.586850+00:00,Санкт-Петербург,Санкт-Петербург,sale,flat,real_estate_agent,studio,0,19.0,6490000.0,341578.94736842107,2.0,4.0,0.5,False,False,Петроградский,Большая Пушкарская,26к1,Чкаловская,unknown,341578.94736842107,15.685773242763466,2.995732273553991
319859555,https://spb.cian.ru/sale/flat/319859555/?context=4.JAQAX_H-d-w.qi4u1bLfMJXmw_VJfNvvznTjR6ppl2owHmJxhkILK7AMChKXqppmZSm5pg1Q_wyVP6NmBByA7CZSew&mlSearchSessionGuid=2a39d43436514e1b67d022fe41da62dc,cian,2026-05-04T21:42:16.586850+00:00,Санкт-Петербург,Санкт-Петербург,sale,flat,developer,studio,0,22.91,9136508.0,398800.0,2.0,15.0,0.1333333333333333,False,False,Калининский,Финляндский,,Лесная,Квартал бизнес-класса Б15,398800.0,16.027788922986225,3.1742967814702334
327906666,https://spb.cian.ru/sale/flat/327906666/?context=4.JGbBB5l2aQU.h6hUPhkW0rHNNDkLfLMQ1fRwTp6uRuqA2j9J547EC1dbqPZJN_U4C9kITamfbWrWxknd9W7zR8DUZw&mlSearchSessionGuid=2a39d43436514e1b67d022fe41da62dc,cian,2026-05-04T21:42:16.586850+00:00,Санкт-Петербург,Санкт-Петербург,sale,flat,real_estate_agent,studio,0,11.6,5100000.0,439655.1724137931,4.0,4.0,1.0,False,True,Центральный,Константина Заслонова,8Б,Лиговский проспект,unknown,439655.1724137931,15.444751293772969,2.533696813957432
328676896,https://spb.cian.ru/sale/flat/328676896/?context=4.Msx4LDHWEK4.O0bSwZcxient4rlCxqAnFIFZLiKvEJpI_4kcuVBoK0JSdzKgmUYh412vmP7Y_TbB9yUAbBmZgSmV1w&mlSearchSessionGuid=2a39d43436514e1b67d022fe41da62dc,cian,2026-05-04T21:42:16.586850+00:00,Санкт-Петербург,Санкт-Петербург,sale,flat,real_estate_agent,studio,0,24.0,6600000.0,275000.0,4.0,21.0,0.1904761904761904,False,False,Приморский,Полевая Сабировская,45к1,Старая Деревня,Богатырь 3,275000.0,15.702580358511794,3.218875824868201
327096127,https://spb.cian.ru/sale/flat/327096127/?context=4.daY7sUlr49k.iFLGObZP4rNU3vGMGb2rEOVUUWcUiFfstx1H5-oVGndIohICVYRA2r_EBsnPjTpcSMZh24pz_HTtFg&mlSearchSessionGuid=2a39d43436514e1b67d022fe41da62dc,cian,2026-05-04T21:42:16.586850+00:00,Санкт-Петербург,Санкт-Петербург,sale,flat,developer,studio,0,22.01,14306502.0,650000.0908677874,8.0,11.0,0.7272727272727273,False,False,Московский,Коли Томчака,3,Московские ворота,Коллекционный Дом 1919,650000.0908677874,16.47622474710506,3.135928904047274
329240469,https://spb.cian.ru/sale/flat/329240469/?context=4.HmYWOAkJS6Y.fZ4ZoDqmxa1xvlvBgJRaR8NbYLXuTEP7ETTD1TS6ranx-rvMLdstprNnsIj215PHkvoJm2vIst1arw&mlSearchSessionGuid=2a39d43436514e1b67d022fe41da62dc,cian,2026-05-04T21:42:16.586850+00:00,Санкт-Петербург,Санкт-Петербург,sale,flat,real_estate_agent,studio,0,26.7,4405000.0,164981.2734082397,2.0,4.0,0.5,False,False,Петродворцовый,Дворцовый проспект,14/9а,unknown,unknown,164981.2734082397,15.298251044367149,3.3214324131932926
321858534,https://spb.cian.ru/sale/flat/321858534/?context=4.xf6v9XoPBL4.YeOWkEBMUJlLqvnOHuWTfinmVUuTBmPhdiZaAyVr-P-QY55bFo38duDBUA1zxeXIbnChUGEFhaKajw&mlSearchSessionGuid=2a39d43436514e1b67d022fe41da62dc,cian,2026-05-04T21:42:16.586850+00:00,Санкт-Петербург,Санкт-Петербург,sale,flat,realtor,studio,0,25.55,6550000.0,256360.0782778865,13.0,13.0,1.0,False,True,Приморский,Коломяжский проспект,4,Черная речка,Апарт-комплекс Зум Черная Речка,256360.0782778865,15.694975760283178,3.279029747687948
318142404,https://spb.cian.ru/sale/flat/318142404/?context=4.h8FF3DUKZok.mWdrJvAf2NOc3jTYizAMQtHabQF_OVpdAA6CDWpg5ZErLMvv8gEPTFVhh5D59L11mBRfOr_JS6g35w&mlSearchSessionGuid=2a39d43436514e1b67d022fe41da62dc,cian,2026-05-04T21:42:16.586850+00:00,Санкт-Петербург,Санкт-Петербург,sale,flat,developer,studio,0,22.9,10556442.0,460980.0,3.0,11.0,0.2727272727272727,False,False,Адмиралтейский,Измайловское,,Технологический институт,Измайловский,460980.0,16.172246942378813,3.173878458937465
329240464,https://spb.cian.ru/sale/flat/329240464/?context=4.TQa1dtulCVM.Kq9OiHIf62FbdGLK5_jAttRpD4aiYQsrHiIXxW-qJHkvVMwl05uBwNVM5qVWdrZo5F1uPnwN8cZr_w&mlSearchSessionGuid=2a39d43436514e1b67d022fe41da62dc,cian,2026-05-04T21:42:16.586850+00:00,Санкт-Петербург,Санкт-Петербург,sale,flat,real_estate_agent,studio,0,27.7,4570500.0,165000.0,1.0,4.0,0.25,True,False,Петродворцовый,Дворцовый проспект,14/9а,unknown,unknown,165000.0,15.33513338487043,3.3568971227655755
308885390,https://spb.cian.ru/sale/flat/308885390/?context=4.T2fk0pfUmaQ.UGfC6xu_WjzA05LwGEWZBvC6HfKys-q4V1DkNzRdlyYlT9yfrJC6DSWwDQPPGiCQN-pLd5enznhjCA&mlSearchSessionGuid=2a39d43436514e1b67d022fe41da62dc,cian,2026-05-04T21:42:16.586850+00:00,Санкт-Петербург,Санкт-Петербург,sale,flat,developer,studio,0,18.52,4490003.0,242440.76673866087,13.0,17.0,0.7647058823529411,False,False,Невский,Архивная,3к1,Улица Дыбенко,Апарт-комплекс Зум на Неве,242440.76673866087,15.317364150586638,2.9714395809849465
328371729,https://spb.cian.ru/sale/flat/328371729/?context=4.yX6KoraTjDU.ozRYYkkl_BnQm2BcWrXRgci2mDXsEO-1oUZF1OzmjSDBTbmIV5wmXfcjVbzt921jZATNSYG0zlZd4w&mlSearchSessionGuid=2a39d43436514e1b67d022fe41da62dc,cian,2026-05-04T21:42:16.586850+00:00,Санкт-Петербург,Санкт-Петербург,sale,flat,real_estate_agent,studio,0,30.6,13530402.0,442170.0,3.0,4.0,0.75,False,False,Адмиралтейский,набережная Канала Грибоедова,84,Садовая,unknown,442170.0,16.42044978536488,3.4531571205928664
329239595,https://spb.cian.ru/sale/flat/329239595/?context=4.iyaUm8d6UGM.fbZE4Ga2zGY9SEgMr6n8IGSIe90cvvqk0zRjyAIBxBZrtFqv4plW4SMFknJz3lmtZqWCZoMcEzPQwA&mlSearchSessionGuid=2a39d43436514e1b67d022fe41da62dc,cian,2026-05-04T21:42:16.586850+00:00,Санкт-Петербург,Санкт-Петербург,sale,flat,realtor,studio,0,18.0,4290000.0,238333.33333333337,1.0,6.0,0.1666666666666666,True,False,Петроградский,Ораниенбаумская,22-24,Чкаловская,unknown,238333.3333333333,15.271797524004404,2.9444389791664403
314345200,https://spb.cian.ru/sale/flat/314345200/?context=4.bbTT3NbrTCE.n7Soc81OySbQ0hFUDFlPO53atq97S7U6NPuxOJhUBTNInKSXJAVSB44wRuHMKXaXFJb7hCEUPaEJJQ&mlSearchSessionGuid=2a39d43436514e1b67d022fe41da62dc,cian,2026-05-04T21:42:16.586850+00:00,Санкт-Петербург,Санкт-Петербург,sale,flat,developer,studio,0,24.47,7525014.0,307519.98365345324,3.0,4.0,0.75,False,False,Кронштадтский,дорога Цитадельская,,unknown,Кронфорт.Центральный,307519.98365345324,15.833743361952708,3.237501288991365
327702700,https://spb.cian.ru/sale/flat/327702700/?context=4.DEIVkcMGkmI.EZFGkbJ6lZF3iciSWkIi-1e-SvULwhluzD1faNUTIpl8q6cGA9s4B3vUBVWMRb4zpTvRGadIspdItw&mlSearchSessionGuid=2a39d43436514e1b67d022fe41da62dc,cian,2026-05-04T21:42:16.586850+00:00,Санкт-Петербург,Санкт-Петербург,sale,flat,real_estate_agent,studio,0,21.5,7873747.0,366220.7906976744,4.0,4.0,1.0,False,True,Московский,Заставская,33с3,Московские ворота,unknown,366220.7906976744,15.87904474590967,3.1135153092103742
329240921,https://spb.cian.ru/sale/flat/329240921/?context=4.3Uyz5lulm0c.Nz4wiOGKT4cAJYQi31yHWnajAV__GtrvKsDJOxlBCrRyk9DcDJyttHGx8dqMvP0kBT3RRiWwt0gqkQ&mlSearchSessionGuid=2a39d43436514e1b67d022fe41da62dc,cian,2026-05-04T21:42:16.586850+00:00,Санкт-Петербург,Санкт-Петербург,sale,flat,real_estate_agent,studio,0,22.7,5100000.0,224669.60352422908,4.0,5.0,0.8,False,False,Московский,Пулковское шоссе,95к3,Звездная,Парадный ансамбль,224669.60352422908,15.444751293772969,3.1654750481410856
328202032,https://spb.cian.ru/sale/flat/328202032/?context=4.LI0bqDHblFE.nzzEUu9mWZ9IYIKQAvhFud8GYChoFzwdCfIGW4p8tkOSEepIRikWxYtmjl8YRuewzWeS1FdBVkEFew&mlSearchSessionGuid=2a39d43436514e1b67d022fe41da62dc,cian,2026-05-04T21:42:16.586850+00:00,Санкт-Петербург,Санкт-Петербург,sale,flat,developer,studio,0,29.9,17042994.0,569999.7993311037,16.0,24.0,0.6666666666666666,False,False,Московский,Алтайская,39,Московская,Шепилевский,569999.7993311037,16.65124982683175,3.4307561839036995
326701437,https://spb.cian.ru/sale/flat/326701437/?context=4.u7io3mGWb8w.J-S9ZizwqMU3--Ss2oyxXIEWj0SNq3FvRKaevol9pZxVhU-LLT2ljzgnmyMjbLtF2W4pHIUc1eeY5A&mlSearchSessionGuid=2a39d43436514e1b67d022fe41da62dc,cian,2026-05-04T21:42:16.586850+00:00,Санкт-Петербург,Санкт-Петербург,sale,flat,real_estate_agent,studio,0,22.7,7500000.0,330396.4757709251,5.0,5.0,1.0,False,True,Московский,Струве,10к1,Звездная,Зеленый квартал на Пулковских высотах,330396.4757709251,15.830413711839864,3.1654750481410856
328740254,https://spb.cian.ru/sale/flat/328740254/?context=4.vl_1S6wETSU.pwdvZxtwU03kQfwJ1pnlcVh-T78m6RQ6IOEqd7qHfKSYmud1fzYpZZ39pwbY78sVhhZPFHm5ZSZrig&mlSearchSessionGuid=2a39d43436514e1b67d022fe41da62dc,cian,2026-05-04T21:42:16.586850+00:00,Санкт-Петербург,Санкт-Петербург,sale,flat,real_estate_agent,studio,0,23.6,4500000.0,190677.9661016949,3.0,4.0,0.75,False,False,Невский,Октябрьская набережная,108к6,Ломоносовская,unknown,190677.9661016949,15.319588176962746,3.202746442938317
327310662,https://spb.cian.ru/sale/flat/327310662/?context=4.-BULwJIm9Ok.iRushHh7O9tIwFsD5srnDOQxrPzCoz0d-Ze2dSW_lgajbkdaK1iQVu1Eyy6bQbI8GddkK6atOvi4_Q&mlSearchSessionGuid=2a39d43436514e1b67d022fe41da62dc,cian,2026-05-04T21:42:16.586850+00:00,Санкт-Петербург,Санкт-Петербург,sale,flat,developer,studio,0,24.2,15246000.0,630000.0,3.0,10.0,0.3,False,False,Адмиралтейский,Перевозная,,Садовая,Остров первых,630000.0,16.53982779712133,3.226843994517377
319262506,https://spb.cian.ru/sale/flat/319262506/?context=4.7I3Sb9F29Wg.nglHqyg_jfpBEH4ts-2k5ns8bWEEli8poRxpiYK6egqh6PT16CfO6eNYWW8CzqxOGRMNYewlixGFug&mlSearchSessionGuid=2a39d43436514e1b67d022fe41da62dc,cian,2026-05-04T21:42:16.586850+00:00,Санкт-Петербург,Санкт-Петербург,sale,flat,real_estate_agent,studio,0,27.0,12117000.0,448777.77777777775,9.0,10.0,0.9,False,False,Адмиралтейский,бульвар Измайловский,1к2,Балтийская,Апарт-отель Well,448777.77777777775,16.310120065742336,3.332204510175204
329443725,https://spb.cian.ru/sale/flat/329443725/?context=4.6qxiteyLcLk.-eP77Ah1-G8ZsXUBpagICBZU2NeY1XsRGeqrAYjo-vHIdHh6EyH7e8JgYVG8TpK2eQ4g7ybgXsBEOQ&mlSearchSessionGuid=2a39d43436514e1b67d022fe41da62dc,cian,2026-05-04T21:42:16.586850+00:00,Санкт-Петербург,Санкт-Петербург,sale,flat,real_estate_agent,studio,0,24.0,5400000.0,225000.0,12.0,12.0,1.0,False,True,Красносельский,проспект Ветеранов,169к2,Юго-Западная,Солнечный город,225000.0,15.501909696719672,3.218875824868201
326453423,https://spb.cian.ru/sale/flat/326453423/?context=4.0SrIhL_wVJA.R-qdlWymDPVYRj71r0dlDL0R1rtoa7iD1S_3J3vBOOjdIsJYx18Lqkzm9TS7JBxDGdvosA4Xm2fbBQ&mlSearchSessionGuid=2a39d43436514e1b67d022fe41da62dc,cian,2026-05-04T21:42:16.586850+00:00,Санкт-Петербург,Санкт-Петербург,sale,flat,developer,studio,0,24.54,18329795.0,746935.4115729422,2.0,9.0,0.2222222222222222,False,False,Петроградский,Пионерская,53,Чкаловская,Avant,746935.4115729422,16.724038490457723,3.2402458506043934
319263563,https://spb.cian.ru/sale/flat/319263563/?context=4.6fbjiRVFVps.BpVytvCqZyx_RRkBdn_uOQmUIWtrWaIyaKLYgKx85K4inCYOFQFSl6EnshxHlJVVW1mJyhC5i_rPOA&mlSearchSessionGuid=2a39d43436514e1b67d022fe41da62dc,cian,2026-05-04T21:42:16.586850+00:00,Санкт-Петербург,Санкт-Петербург,sale,flat,real_estate_agent,studio,0,26.9,11016700.0,409542.7509293681,10.0,10.0,1.0,False,True,Адмиралтейский,бульвар Измайловский,1к2,Балтийская,Апарт-отель Well,409542.7509293681,16.21492295207917,3.32862668882732
328976266,https://spb.cian.ru/sale/flat/328976266/?context=4.eAhQCxpNOvA.JjEq5GbLpPY2tXm-7hdszTpIuGBMHAeuNauibP3Kke0_yUp3xBEyFZg8KJ-w94MZaOKqsjOkHPCtrA&mlSearchSessionGuid=2a39d43436514e1b67d022fe41da62dc,cian,2026-05-04T21:42:16.586850+00:00,Санкт-Петербург,Санкт-Петербург,sale,flat,realtor,studio,0,12.0,4000000.0,333333.3333333333,4.0,6.0,0.6666666666666666,False,False,Центральный,Невский проспект,168Б,Площадь Александра Невского,unknown,333333.3333333333,15.201805169084134,2.5649493574615367
318140375,https://spb.cian.ru/sale/flat/318140375/?context=4.a_WY8nklTq8.FaijsiX3VwlbSFSD0hAo0i5Cb98gaBRyEKwp81HZil0W5NQMP1Le0FRFNTHigg_XwK9zUmfio2X5TA&mlSearchSessionGuid=2a39d43436514e1b67d022fe41da62dc,cian,2026-05-04T21:42:16.586850+00:00,Санкт-Петербург,Санкт-Петербург,sale,flat,developer,studio,0,24.1,17149560.0,711600.0,8.0,9.0,0.8888888888888888,False,False,Петроградский,Петровский проспект,9к2,Крестовский остров,NEVA HAUS,711600.0,16.657483133580957,3.2228678461377385
319263050,https://spb.cian.ru/sale/flat/319263050/?context=4.4luVgZyH3fk.mjT3MZK3cbsIy3O06QmPhajO0IIzQB6V0PoE2JRLu0K6TuakRitGA41bxDG9gw7j5by_wi4Qe_FS3w&mlSearchSessionGuid=2a39d43436514e1b67d022fe41da62dc,cian,2026-05-04T21:42:16.586850+00:00,Санкт-Петербург,Санкт-Петербург,sale,flat,real_estate_agent,studio,0,26.8,10967500.0,409235.0746268657,10.0,10.0,1.0,False,True,Адмиралтейский,бульвар Измайловский,1к2,Балтийская,Апарт-отель Well,409235.0746268657,16.210447003200983,3.3250360206965914
328473298,https://spb.cian.ru/sale/flat/328473298/?context=4.pYK11gdBP_w.qGQKkVt_ib1lCGjKOpj83c51DNdlltx_uNw_Ut7aFvEqrYtJdQPItiSjDZ7JaJAVMMO3KxZ8JzJjzQ&mlSearchSessionGuid=2a39d43436514e1b67d022fe41da62dc,cian,2026-05-04T21:42:16.586850+00:00,Санкт-Петербург,Санкт-Петербург,sale,flat,developer,studio,0,28.6,6516082.0,227835.03496503492,1.0,3.0,0.3333333333333333,True,False,Петродворцовый,Красносельское шоссе,22,Юго-Западная,Верен Вилладж Стрельна,227835.03496503492,15.689783986498943,3.387774361330014
323563115,https://spb.cian.ru/sale/flat/323563115/?context=4.8e7TXe-oG7A.FPUyjX-VTfi6vFdeok9tl8MzdTUNZqXojPDRPrAslxA973Wc5B4uFO3chYizfcbuEfsF_LPqB7LYkg&mlSearchSessionGuid=2a39d43436514e1b67d022fe41da62dc,cian,2026-05-04T21:42:16.586850+00:00,Санкт-Петербург,Санкт-Петербург,sale,flat,developer,studio,0,21.45,7756748.0,361619.9533799534,11.0,17.0,0.6470588235294118,False,False,Василеостровский,Морской,,Приморская,Новая Земля ЖК,361619.9533799534,15.86407386107917,3.1112906141882632
319260822,https://spb.cian.ru/sale/flat/319260822/?context=4.dJz8yftKEuQ.yzXQEqcsllqrxQio1ZVOt8l5pZtJEVlpg11frel_xLeg_ySG3VxwwHB5AjbzErMTPHA-FaNETwzrdw&mlSearchSessionGuid=2a39d43436514e1b67d022fe41da62dc,cian,2026-05-04T21:42:16.586850+00:00,Санкт-Петербург,Санкт-Петербург,sale,flat,real_estate_agent,studio,0,20.2,10774000.0,533366.3366336634,9.0,10.0,0.9,False,False,Адмиралтейский,бульвар Измайловский,1к2,Балтийская,Апарт-отель Well,533366.3366336634,16.19264647503865,3.054001181677967
327921686,https://spb.cian.ru/sale/flat/327921686/?context=4.mDAlctzdkHQ.22NQ0Z9mIZXNULKQIhKAMfM4hPCBDOAvKu-iqmdUySqYQMIx8jeJegNrvPuDKiPe7DBjkSTD7MJxpw&mlSearchSessionGuid=2a39d43436514e1b67d022fe41da62dc,cian,2026-05-04T21:42:16.586850+00:00,Санкт-Петербург,Санкт-Петербург,sale,flat,realtor,studio,0,20.4,4250000.0,208333.33333333337,5.0,26.0,0.1923076923076923,False,False,Красногвардейский,Чарушинская,22к1,Девяткино,Цветной Город,208333.3333333333,15.26242977619469,3.0633909220278057
318139755,https://spb.cian.ru/sale/flat/318139755/?context=4.hQydUPZ5bNE.hCd4qLZat1Il4R1YBj6lRUGpp42oHq09wNoALJ9vi4WVrqfKzOS_rkRx-QGM9FRk7F50gPYOIPDVNA&mlSearchSessionGuid=2a39d43436514e1b67d022fe41da62dc,cian,2026-05-04T21:42:16.586850+00:00,Санкт-Петербург,Санкт-Петербург,sale,flat,developer,studio,0,20.54,6880489.0,334979.99026290164,2.0,18.0,0.1111111111111111,False,False,Невский,unknown,,Улица Дыбенко,Цивилизация на Неве,334979.99026290164,15.74420042830367,3.069911671728242
319261668,https://spb.cian.ru/sale/flat/319261668/?context=4.swZTHAvftlQ.3ge6dqyOyqA1G8p04wRXAAnrpjO4RN1JN231dUQUufOChe835tHG5MK2ctdaK9E9zqqL3FIvmg0aYQ&mlSearchSessionGuid=2a39d43436514e1b67d022fe41da62dc,cian,2026-05-04T21:42:16.586850+00:00,Санкт-Петербург,Санкт-Петербург,sale,flat,real_estate_agent,studio,0,20.2,9912700.0,490727.72277227725,9.0,10.0,0.9,False,False,Адмиралтейский,бульвар Измайловский,1к2,Балтийская,Апарт-отель Well,490727.72277227725,16.109327422147146,3.054001181677967
328860581,https://spb.cian.ru/sale/flat/328860581/?context=4.EtXUaVJ6EKc.bwm5WkYITQdr-NVUk-LVRzJMKKL_044HnnPQKGqPWFH4fFsNAf0b4SCoDhOfDXHZFKI933-m_iaDXw&mlSearchSessionGuid=2a39d43436514e1b67d022fe41da62dc,cian,2026-05-04T21:42:16.586850+00:00,Санкт-Петербург,Санкт-Петербург,sale,flat,real_estate_agent,studio,0,20.3,5799000.0,285665.02463054186,12.0,16.0,0.75,False,False,Невский,Крыленко,1к1с5,Ломоносовская,О Юность,285665.02463054186,15.573196219302089,3.05870707271538
294911253,https://spb.cian.ru/sale/flat/294911253/?context=4.8dNQGBDs2-I.ZMSYO7vvo5K2x_dghfdh2fRC4fp1pl_XdAW2ljx5nl_60GehLzOHmsDo-9cCOFUgeysH3ixDjCwlFQ&mlSearchSessionGuid=2a39d43436514e1b67d022fe41da62dc,cian,2026-05-04T21:42:16.586850+00:00,Санкт-Петербург,Санкт-Петербург,sale,flat,developer,studio,0,21.61,6980030.0,323000.0,3.0,12.0,0.25,False,False,Приморский,Камышовая,25,Комендантский проспект,YE'S Primorsky Комплекс Апартаментов,323000.0,15.758563915989438,3.1183922862898785
327702706,https://spb.cian.ru/sale/flat/327702706/?context=4.fdXiG55OHyE.nCE_GJMJUCh9GWVjVE1GLfd3oc8VDpfNVSV3M56cMZ9dJw1-Ld_ydvmpJ10RANTU5B259gZxj4AaBA&mlSearchSessionGuid=2a39d43436514e1b67d022fe41da62dc,cian,2026-05-04T21:42:16.586850+00:00,Санкт-Петербург,Санкт-Петербург,sale,flat,real_estate_agent,studio,0,35.8,13707876.0,382901.5642458101,4.0,4.0,1.0,False,True,Московский,Заставская,33с3,Московские ворота,unknown,382901.5642458101,16.433481189073817,3.605497845174885
327163414,https://spb.cian.ru/sale/flat/327163414/?context=4.PHE3jbZH6gE.LFIdWZut4c7_4FvbqIfQFBIUDD3AUzqzb66o9CV0Zw68vA-v5oVmdrqnFz5JMZ6toZJWPR0Xx5WW7A&mlSearchSessionGuid=2a39d43436514e1b67d022fe41da62dc,cian,2026-05-04T21:42:16.586850+00:00,Санкт-Петербург,Санкт-Петербург,sale,flat,homeowner,studio,0,24.2,8400000.0,347107.43801652896,2.0,12.0,0.1666666666666666,False,False,Московский,Кузнецовская,58к1,Бухарестская,Статус у Парка Победы,347107.43801652896,15.943742382861156,3.226843994517377
326019653,https://spb.cian.ru/sale/flat/326019653/?context=4.XJt4o1RQ_FA.Qm_PNIMN9bSF59VgsTyPS8KQnr758hP0kGu_ojmkfxVlQgvSq7PX3oHHQydaT_UcXcDCn2wUkYIpyQ&mlSearchSessionGuid=2a39d43436514e1b67d022fe41da62dc,cian,2026-05-04T21:42:16.586850+00:00,Санкт-Петербург,Санкт-Петербург,sale,flat,developer,studio,0,23.2,8798692.0,379253.9655172414,3.0,12.0,0.25,False,False,Фрунзенский,Волковское,,Обводный канал,Витебский Парк ЖК,379253.9655172414,15.99011374569057,3.186352633162641
324316995,https://spb.cian.ru/sale/flat/324316995/?context=4.6Qv-Txg5bF8.O9V2fyHbsBJLOXUa-wu1By3sV-KG73w5JXAZ78Jo2rWCIdgegbUbNwUZ2k9h8sPuWmEaIsDSaE2R8g&mlSearchSessionGuid=2a39d43436514e1b67d022fe41da62dc,cian,2026-05-04T21:42:16.586850+00:00,Санкт-Петербург,Санкт-Петербург,sale,flat,real_estate_agent,studio,0,25.28,15699999.0,621044.2642405063,4.0,6.0,0.6666666666666666,False,False,Петроградский,Профессора Попова,38Д,Петроградская,ID Petrogradskaya,621044.2642405063,16.569171270318538,3.26880819361641
327778271,https://spb.cian.ru/sale/flat/327778271/?context=4.5vN5T3jUEkI.Tvv24SC-5jUq-HcmXv4jm3C8U2pT-jXbwY5U3FpcMhWBCSFSWjbQXyV_EIgV52yJ-4g2FH5UYLaChg&mlSearchSessionGuid=2a39d43436514e1b67d022fe41da62dc,cian,2026-05-04T21:42:16.586850+00:00,Санкт-Петербург,Санкт-Петербург,sale,flat,realtor,studio,0,26.1,5500000.0,210727.96934865892,2.0,6.0,0.3333333333333333,False,False,Московский,Струве,4,Звездная,Зеленый квартал на Пулковских высотах,210727.96934865895,15.520258832020865,3.299533727885655
328020578,https://spb.cian.ru/sale/flat/328020578/?context=4.VUNIMH-nP1E.i7By6Ie_oZf4X_0QEmk7vQznBof_mIZajmZaisFzLRcgfQ11vBNwCqb61DLVGEXSMBZdR31KaxEllg&mlSearchSessionGuid=2a39d43436514e1b67d022fe41da62dc,cian,2026-05-04T21:42:16.586850+00:00,Санкт-Петербург,Санкт-Петербург,sale,flat,developer,studio,0,28.85,16638372.0,576720.0,2.0,10.0,0.2,False,False,Василеостровский,Гавань,к1,Горный институт,Легенда Васильевского ЖК,576720.0,16.6272222121346,3.396184839838611
329605542,https://spb.cian.ru/sale/flat/329605542/?context=4.SKUgJ16WRDQ.vzJ3EreOVauhwY14OjG4X_VCh0CUsk58-Ck6SIVM__7BlsbiySUxsEpIKmr9FRHbAkXofwyShcuhVg&mlSearchSessionGuid=2a39d43436514e1b67d022fe41da62dc,cian,2026-05-04T21:42:16.586850+00:00,Санкт-Петербург,Санкт-Петербург,sale,flat,real_estate_agent,studio,0,25.0,6800000.0,272000.0,14.0,15.0,0.9333333333333332,False,False,Фрунзенский,Турку,26к2,Проспект Славы,unknown,272000.0,15.732433317205148,3.258096538021482
325800814,https://spb.cian.ru/sale/flat/325800814/?context=4.n9I2hSTqxzs.MOZudMu-2szWGS5kSd466NBBIVyGGwXSj5LO5kdPDqXCqAS_y0vmmPskyct0oldL2eM-Zu9GR-cMvg&mlSearchSessionGuid=2a39d43436514e1b67d022fe41da62dc,cian,2026-05-04T21:42:16.586850+00:00,Санкт-Петербург,Санкт-Петербург,sale,flat,developer,studio,0,21.2,6029280.0,284400.0,7.0,25.0,0.28,False,False,Невский,Октябрьская набережная ЖК,,Ломоносовская,Октябрьская набережная ЖК,284400.0,15.61213832444646,3.100092288878234
329080725,https://spb.cian.ru/sale/flat/329080725/?context=4.o-YdVV7hUVQ.isrrbmRRac2sgwW9quMGo4WdI4Bs3VOe4UAM5rtGxpR5e22PXqmcX7136pEcTWvrXlEWVnH8vjhacg&mlSearchSessionGuid=2a39d43436514e1b67d022fe41da62dc,cian,2026-05-04T21:42:16.586850+00:00,Санкт-Петербург,Санкт-Петербург,sale,flat,real_estate_agent,studio,0,24.3,6800000.0,279835.39094650204,3.0,16.0,0.1875,False,False,Невский,проспект Пятилеток,14к1,Проспект Большевиков,unknown,279835.39094650204,15.732433317205148,3.2308043957334744
322101302,https://spb.cian.ru/sale/flat/322101302/?context=4.KPG-vMvNxuc.4b2JnZgYZG6a4xEL4dh-q5hQbQ3qx2kUjfpesaMZA0N_7BSRtZSDoNMlmzSuZaqsY74zRS1mgVtvwA&mlSearchSessionGuid=2a39d43436514e1b67d022fe41da62dc,cian,2026-05-04T21:42:16.586850+00:00,Санкт-Петербург,Санкт-Петербург,sale,flat,real_estate_agent,studio,0,20.5,4200000.0,204878.0487804878,15.0,23.0,0.6521739130434783,False,False,Красногвардейский,Пейзажная,24к3,Гражданский проспект,Цветной Город,204878.0487804878,15.250595321348806,3.068052935133617
326828785,https://spb.cian.ru/sale/flat/326828785/?context=4._G7Ilwd-sWA.DxoOiPk4S9r__k7FOQUYFFBQtdtJ5jhem2xW2JIk-0aGaWQBU4xl7QtU3r652bPvfkbNbvkwZtr9tA&mlSearchSessionGuid=2a39d43436514e1b67d022fe41da62dc,cian,2026-05-04T21:42:16.586850+00:00,Санкт-Петербург,Санкт-Петербург,sale,flat,developer,studio,0,30.63,12410000.0,405158.34149526607,10.0,17.0,0.5882352941176471,False,False,Василеостровский,Морской,,Приморская,Северный Ветер ЖК,405158.34149526607,16.334013237760963,3.4541060373175574
324660164,https://spb.cian.ru/sale/flat/324660164/?context=4._SxUC2Z9ep4.RVjOCU-umvU-j6hKCuYLKqUguAH1OrKpeoo5VY0wh6LKPNsAc0ZRQAjr2SqHirPTfnceJkOsUvgo1w&mlSearchSessionGuid=2a39d43436514e1b67d022fe41da62dc,cian,2026-05-04T21:42:16.586850+00:00,Санкт-Петербург,Санкт-Петербург,sale,flat,realtor,studio,0,20.5,8995000.0,438780.4878048781,2.0,4.0,0.5,False,False,Петроградский,Песочная набережная,42к2,Чкаловская,unknown,438780.4878048781,16.012179536539637,3.068052935133617
328605299,https://spb.cian.ru/sale/flat/328605299/?context=4.daxkn9Kwh0A.XUFsPR9zzkbTzEdjS_e7EMLNpyVF6bi9ux36XM5uZkHsot2yF9c4sBX7tN4e54M2LPWAw7J0Tr88lg&mlSearchSessionGuid=2a39d43436514e1b67d022fe41da62dc,cian,2026-05-04T21:42:16.586850+00:00,Санкт-Петербург,Санкт-Петербург,sale,flat,real_estate_agent,studio,0,25.7,4300000.0,167315.17509727628,5.0,10.0,0.5,False,False,Пушкинский,Ленсоветовский тер.,23,Шушары,Добрыня,167315.17509727628,15.274125813221904,3.284663565406204
323387562,https://spb.cian.ru/sale/flat/323387562/?context=4.By3o65ZISPs.DQKIvw9TgOCJvyjbgfEh3osZ9Bhb3fnMX-c2QhpZ3wzUTS_KMKL49_1xTjS5Ah_uUNJ6yjYxUcSk4A&mlSearchSessionGuid=2a39d43436514e1b67d022fe41da62dc,cian,2026-05-04T21:42:16.586850+00:00,Санкт-Петербург,Санкт-Петербург,sale,flat,developer,studio,0,29.88,12053840.0,403408.2998661312,2.0,10.0,0.2,False,False,Василеостровский,17 линия ЖК,,Василеостровская,17 линия ЖК,403408.2998661312,16.304893922296017,3.4301087251565754
327413114,https://spb.cian.ru/sale/flat/327413114/?context=4.Bi7_-smqK5g.njXe6Gvq-AML7zgUxjtRHeu__Avofbj23dRwzFK1nIMI_Oudsd2-LKb186KAJCXA47XLFofUfA6CZw&mlSearchSessionGuid=2a39d43436514e1b67d022fe41da62dc,cian,2026-05-04T21:42:16.586850+00:00,Санкт-Петербург,Санкт-Петербург,sale,flat,real_estate_agent,studio,0,25.5,5200000.0,203921.568627451,12.0,15.0,0.8,False,False,Невский,Крыленко,14с3,Улица Дыбенко,WINGS апартаменты на Крыленко,203921.568627451,15.46416937585933,3.277144732992177
328986722,https://spb.cian.ru/sale/flat/328986722/?context=4.S7oHcM2jLR0.QrhW2BqccR5XSAGsTKjZ4kex_BFDWNaWMa9hhjlZvXSg1TdPDBmVXvV7uiwCQv1F5Wix40x0O7zT-g&mlSearchSessionGuid=2a39d43436514e1b67d022fe41da62dc,cian,2026-05-04T21:42:16.586850+00:00,Санкт-Петербург,Санкт-Петербург,sale,flat,real_estate_agent,studio,0,15.0,5500000.0,366666.6666666667,2.0,5.0,0.4,False,False,Центральный,Литейный проспект,61,Маяковская,unknown,366666.6666666667,15.520258832020865,2.772588722239781
323508679,https://spb.cian.ru/sale/flat/323508679/?context=4.xKMmoVK2ugI.XVwqj-YbmLMDzmsaJQ-FypVeCrDKfaW1rwkV-IijuxGO5Jcw-ck7dXPdJXjEAiYXcP8KR8TLQq5syg&mlSearchSessionGuid=2a39d43436514e1b67d022fe41da62dc,cian,2026-05-04T21:42:16.586850+00:00,Санкт-Петербург,Санкт-Петербург,sale,flat,developer,studio,0,21.04,7199467.0,342179.9904942966,4.0,23.0,0.1739130434782608,False,False,Красносельский,Юго-Запад,,Юго-Западная,Морская миля ЖК,342179.9904942966,15.789517692367475,3.092858984284714
329215477,https://spb.cian.ru/sale/flat/329215477/?context=4.Fd7cth2PywU.Qrgt8R89swT6DOwu9H_A5d25VbImQ5Hl2HMcIKvt6wdB4qrDGpQO1ky2aLX2VC_vnIdVTYFoNs4zZg&mlSearchSessionGuid=2a39d43436514e1b67d022fe41da62dc,cian,2026-05-04T21:42:16.586850+00:00,Санкт-Петербург,Санкт-Петербург,sale,flat,real_estate_agent,studio,0,22.5,6800000.0,302222.22222222225,13.0,29.0,0.4482758620689655,False,False,Выборгский,проезд Толубеевский,24,Парнас,Северная долина,302222.22222222225,15.732433317205148,3.157000421150113
326439665,https://spb.cian.ru/sale/flat/326439665/?context=4.zcXcKAF2iUQ.jrQJCBHNZeVnSNQp9pY-8kOMBhzI0BQPEZi-RdIODc-7TD7HaIJlbshd73qnJ2_CuCTTW9d-SJATwg&mlSearchSessionGuid=2a39d43436514e1b67d022fe41da62dc,cian,2026-05-04T21:42:16.586850+00:00,Санкт-Петербург,Санкт-Петербург,sale,flat,real_estate_agent,studio,0,24.4,8200000.0,336065.5737704918,10.0,22.0,0.4545454545454545,False,False,Красногвардейский,проспект Энергетиков,9к6,Ладожская,ЗимаЛето,336065.5737704918,15.919644834185693,3.2347491740244907
309824156,https://spb.cian.ru/sale/flat/309824156/?context=4.VyrgxTBye7Y.NOcQmMLgsm702MNP_TVt1bChc2rkjbkPiJN9s7GntUh2WIt9Y91KH06th-kRc8UinTp_yp1nUveWCA&mlSearchSessionGuid=2a39d43436514e1b67d022fe41da62dc,cian,2026-05-04T21:42:16.586850+00:00,Санкт-Петербург,Санкт-Петербург,sale,flat,developer,studio,0,22.6,13204050.0,584250.0,8.0,12.0,0.6666666666666666,False,False,Курортный,Приморское шоссе,570Л,unknown,МФК Морская ривьера,584250.0,16.39603423441368,3.1612467120315646
328729339,https://spb.cian.ru/sale/flat/328729339/?context=4.aw4hocbzfSM.LaRXpG70TE_7ePZjjXKcu8RCj7uKYWb1qvXQqJj905tVAUzXjH9uYTd4mA3QT7OzvRgzoj2MU2NOpg&mlSearchSessionGuid=2a39d43436514e1b67d022fe41da62dc,cian,2026-05-04T21:42:16.586850+00:00,Санкт-Петербург,Санкт-Петербург,sale,flat,real_estate_agent,studio,0,22.0,6890000.0,313181.8181818182,2.0,15.0,0.1333333333333333,False,False,Красногвардейский,проспект Энергетиков,2к2,Ладожская,Апарт-отель GloraX Заневский,313181.8181818182,15.745581788127712,3.1354942159291497
316297085,https://spb.cian.ru/sale/flat/316297085/?context=4.yGZZFEzVYbA.-x1eTsQB72naVEYFvBENMzntiW_6aWTtXcMb2qM9dsOm1Zd9V_eCh5DN_4UBaIFBbdfAXHx7Ri5TKg&mlSearchSessionGuid=2a39d43436514e1b67d022fe41da62dc,cian,2026-05-04T21:42:16.586850+00:00,Санкт-Петербург,Санкт-Петербург,sale,flat,realtor,studio,0,22.07,7500000.0,339827.8205709108,9.0,19.0,0.4736842105263157,False,False,Калининский,Финляндский,,Выборгская,Мастер Плэйс ЖК,339827.8205709108,15.830413711839864,3.138533072185662
326074488,https://spb.cian.ru/sale/flat/326074488/?context=4.04xkh1mn6oE.uXrTrHM4knMbOy-6GDyn9kJ4FXUOU953LqDdg49L2nEu6lIsXZCX-2jewJc0D_30QQYTjGjGaoE3Cg&mlSearchSessionGuid=2a39d43436514e1b67d022fe41da62dc,cian,2026-05-04T21:42:16.586850+00:00,Санкт-Петербург,Санкт-Петербург,sale,flat,developer,studio,0,21.01,14601950.0,695000.0,3.0,10.0,0.3,False,False,Центральный,Новгородская,14,Площадь Александра Невского,Гильдия,695000.0,16.49666570788784,3.0914968955383704
329562364,https://spb.cian.ru/sale/flat/329562364/?context=4._8PcSMgY_VE.Xy7nr-Qz26xewJZwITEAfSl1Rr6ZbcFYcvtUQ_We2xPlX-LhxRfQcGa85cwkweUlvHdEFrcI71Qb1g&mlSearchSessionGuid=2a39d43436514e1b67d022fe41da62dc,cian,2026-05-04T21:42:16.586850+00:00,Санкт-Петербург,Санкт-Петербург,sale,flat,real_estate_agent,studio,0,26.2,6650000.0,253816.79389312977,19.0,19.0,1.0,False,True,Василеостровский,бульвар Александра Грина,1,Приморская,unknown,253816.79389312977,15.710127563007966,3.3032169733019514
328410892,https://spb.cian.ru/sale/flat/328410892/?context=4.8Mxymxx9gtE.eLATUCTujptEcIWMSWhS12KySEQqrcd5zoLD1UKI0wnP_sLthvL5_VgvUn5_Ph0AKi6uuzhFngdaiA&mlSearchSessionGuid=2a39d43436514e1b67d022fe41da62dc,cian,2026-05-04T21:42:16.586850+00:00,Санкт-Петербург,Санкт-Петербург,sale,flat,real_estate_agent,studio,0,23.9,5400000.0,225941.42259414223,16.0,24.0,0.6666666666666666,False,False,Невский,Русановская,20к3,Пролетарская,Аквилон SKY,225941.42259414223,15.501909696719672,3.214867803470662
329294182,https://spb.cian.ru/sale/flat/329294182/?context=4.OJLtWUfcRA0.jx1_3J2Pcz0H8giAftAnDJPqnc4Q5mgrUhDn4q_An5CCaoqzdYB-NgQRrOUnlyY7cVDU3e85oAcRvw&mlSearchSessionGuid=2a39d43436514e1b67d022fe41da62dc,cian,2026-05-04T21:42:16.586850+00:00,Санкт-Петербург,Санкт-Петербург,sale,flat,real_estate_agent,studio,0,29.7,9699000.0,326565.6565656566,3.0,8.0,0.375,False,False,Адмиралтейский,Шкапина,9-11,Балтийская,Панорама 360,326565.6565656566,16.087533448479086,3.4242626545931514
325211934,https://spb.cian.ru/sale/flat/325211934/?context=4.rgtxF6pFfXw._Am3RmDygp9h5G1nQtd16j9jyK7_UC2qblld9hTXw9rNs3vttBS_T4OcldYYESTVGMdCbN3K7qZrjA&mlSearchSessionGuid=2a39d43436514e1b67d022fe41da62dc,cian,2026-05-04T21:42:16.586850+00:00,Санкт-Петербург,Санкт-Петербург,sale,flat,developer,studio,0,26.7,7030627.0,263319.36329588015,3.0,23.0,0.1304347826086956,False,False,Приморский,Ивинская,5к2,Беговая,Юнтолово,263319.36329588015,15.765786591233732,3.3214324131932926
328311941,https://spb.cian.ru/sale/flat/328311941/?context=4.cZPLBmkQAgY.k6LTLZbwe6oEvWzJcDr_G6z0Mql7L1MdNJO2IZYLzMD--tQkSpj-t2ZnPrL-XOcrgb4DTVXY2sU2Hw&mlSearchSessionGuid=2a39d43436514e1b67d022fe41da62dc,cian,2026-05-04T21:42:16.586850+00:00,Санкт-Петербург,Санкт-Петербург,sale,flat,real_estate_agent,studio,0,26.8,10500000.0,391791.0447761194,11.0,13.0,0.8461538461538461,False,False,Фрунзенский,Тосина,6,Обводный канал,Автограф в центре,391791.0447761194,16.166885910365842,3.3250360206965914
328767823,https://spb.cian.ru/sale/flat/328767823/?context=4.4DXpgr-kyR4.0X76svteoF6yHJ4DYZYrFOrut6_foZ0r3nb5gNkfCwFxh2bWHlvBIKY8L9ZbjgWYR0j1B7TW4mCwkg&mlSearchSessionGuid=2a39d43436514e1b67d022fe41da62dc,cian,2026-05-04T21:42:16.586850+00:00,Санкт-Петербург,Санкт-Петербург,sale,flat,real_estate_agent,studio,0,26.5,5500000.0,207547.16981132075,14.0,25.0,0.56,False,False,Выборгский,Заречная,13к2,Парнас,На Заречной,207547.16981132075,15.520258832020865,3.3141860046725258
322977866,https://spb.cian.ru/sale/flat/322977866/?context=4.TrQmdfax0pI.USs-OYTN-CwHiSEKe8vFvsVZOJ0k8XWS84hrFf0O3-zeONUVjU9TTiShywWo2JdJFAlQlk0z32QPGg&mlSearchSessionGuid=2a39d43436514e1b67d022fe41da62dc,cian,2026-05-04T21:42:16.586850+00:00,Санкт-Петербург,Санкт-Петербург,sale,flat,developer,studio,0,22.7,7677594.0,338220.0,3.0,12.0,0.25,False,False,Красногвардейский,Якорная,8к2,Новочеркасская,Большая Охта,338220.0,15.853816905040162,3.1654750481410856
325222172,https://spb.cian.ru/sale/flat/325222172/?context=4.90G3ct2xbt4.mRF_U2VNaCluNjKXgJrA2w5vp-ZKd2mXvL0W7o_bWYkh0PbYd2ntd1J66ppm05OWRFjzfgByynXH5A&mlSearchSessionGuid=2a39d43436514e1b67d022fe41da62dc,cian,2026-05-04T21:42:16.586850+00:00,Санкт-Петербург,Санкт-Петербург,sale,flat,real_estate_agent,studio,0,25.0,8250000.0,330000.0,7.0,17.0,0.4117647058823529,False,False,Калининский,проспект Маршала Блюхера,7к1,Лесная,Медалист,330000.0,15.925723879522977,3.258096538021482
322750595,https://spb.cian.ru/sale/flat/322750595/?context=4.i-Tmmz9LQx4.Xo4CfNiqYKrZwPgklowcAKDm5KVu5fa_uDtwsZcTMV-Y3HnhZP0Yvjq-bVb_ruZTzLAnT78WI5p2yg&mlSearchSessionGuid=2a39d43436514e1b67d022fe41da62dc,cian,2026-05-04T21:42:16.586850+00:00,Санкт-Петербург,Санкт-Петербург,sale,flat,real_estate_agent,studio,0,25.39,11900000.0,468688.46002363134,3.0,8.0,0.375,False,False,Петроградский,Ремесленная,17литЗ,Спортивная,17/33 Петровский остров,468688.46002363134,16.29204904211537,3.2729851505152325
318134995,https://spb.cian.ru/sale/flat/318134995/?context=4.hkjsjqsmAsw.JWBfVO2sQkHhSwUmYPz9N7n4CjGhOZrFxcOq_7hkvZE3JsuEXxtayc5x_srWVmTdKkL7SnxvPykQsg&mlSearchSessionGuid=2a39d43436514e1b67d022fe41da62dc,cian,2026-05-04T21:42:16.586850+00:00,Санкт-Петербург,Санкт-Петербург,sale,flat,developer,studio,0,27.3,21070140.0,771800.0,8.0,8.0,1.0,False,True,Петроградский,Ремесленная,15,Спортивная,NEVA RESIDENCE,771800.0,16.863367477737096,3.342861804649192
321061063,https://spb.cian.ru/sale/flat/321061063/?context=4.W9ckApVNP_s.sgaEJd0wIhAcxi146R1CuQZOAzftXnFp218zrB4Ay5fSUSbswwthYWW_AD1hqI8yx-dOfMFV7c821A&mlSearchSessionGuid=2a39d43436514e1b67d022fe41da62dc,cian,2026-05-04T21:42:16.586850+00:00,Санкт-Петербург,Санкт-Петербург,sale,flat,real_estate_agent,studio,0,18.5,4600000.0,248648.64864864864,1.0,5.0,0.2,True,False,Невский,проспект Обуховской обороны,227К2,Пролетарская,unknown,248648.64864864864,15.341567078850604,2.970414465569701
326270072,https://spb.cian.ru/sale/flat/326270072/?context=4.hLTWZ62cm7c.YrTYgxNNKh4AQIunVI4oVSeM30-pJWVpni0mM-zFnjRrsvuHmyri_OSjH1MBqHcmNRBe2QxvPJuvQQ&mlSearchSessionGuid=2a39d43436514e1b67d022fe41da62dc,cian,2026-05-04T21:42:16.586850+00:00,Санкт-Петербург,Санкт-Петербург,sale,flat,developer,studio,0,21.1,14101130.0,668300.0,6.0,9.0,0.6666666666666666,False,False,Адмиралтейский,набережная Обводного Канала,169,Балтийская,Лермонтовский 54,668300.0,16.461765564897483,3.095577608523707
328686472,https://spb.cian.ru/sale/flat/328686472/?context=4.XZH2FZiCXY4.sWCIdoOtymaSD6yiy-WwP2fuER7BcKxrcwP2HjcDcJrAnvpfPUdQDdIa7RIIdqlxKomBb_yTqJP1FA&mlSearchSessionGuid=2a39d43436514e1b67d022fe41da62dc,cian,2026-05-04T21:42:16.586850+00:00,Санкт-Петербург,Санкт-Петербург,sale,flat,real_estate_agent,studio,0,25.3,6099888.0,241102.29249011856,18.0,20.0,0.9,False,False,Приморский,аллея Арцеуловская,23,Комендантский проспект,unknown,241102.29249011856,15.623781132256664,3.269568939183719
327127250,https://spb.cian.ru/sale/flat/327127250/?context=4.qZRhXXMNaqo.HcnG_QPsIzm1RTLiSZQCoxDLL-sT7rPgovANH5Gkkc5ItJ9F0ErvL9tmYHmFPYiXQLE8eQiPOp7AyA&mlSearchSessionGuid=2a39d43436514e1b67d022fe41da62dc,cian,2026-05-04T21:42:16.586850+00:00,Санкт-Петербург,Санкт-Петербург,sale,flat,homeowner,studio,0,30.3,5700000.0,188118.81188118813,12.0,17.0,0.7058823529411765,False,False,Колпинский,Садовая,6с1,Рыбацкое,unknown,188118.81188118813,15.55597690824336,3.4436180975461075
327202113,https://spb.cian.ru/sale/flat/327202113/?context=4.928x3R66g7o.GZuuwsiiYm17amLUSUAi-uEUdz5oCslBxUP09R-Gu2xzIUd-BZRI4ZJt0PjhydIlkNKIv7_ABzU_yQ&mlSearchSessionGuid=2a39d43436514e1b67d022fe41da62dc,cian,2026-05-04T21:42:16.586850+00:00,Санкт-Петербург,Санкт-Петербург,sale,flat,developer,studio,0,21.37,9274580.0,434000.0,4.0,17.0,0.2352941176470588,False,False,Василеостровский,Морской,4 уч,Приморская,Бульвар Грина,434000.0,16.042787990235187,3.107720775502038
326584691,https://spb.cian.ru/sale/flat/326584691/?context=4.bDL-aXkkmv4.HinEv3qd-72UmI2av5V78MwsTOz-1aHv4I6pd5iGE6EafarRwbAwe7MO01fXi4dukOFEHtu9I_BwqA&mlSearchSessionGuid=2a39d43436514e1b67d022fe41da62dc,cian,2026-05-04T21:42:16.586850+00:00,Санкт-Петербург,Санкт-Петербург,sale,flat,real_estate_agent,studio,0,32.7,5980000.0,182874.61773700305,6.0,13.0,0.4615384615384615,False,False,Невский,Варфоломеевская,6,Ломоносовская,Апарт-отель Начало,182874.61773700305,15.60393129315088,3.517497837358316
328804225,https://spb.cian.ru/sale/flat/328804225/?context=4.4A4vJw1RISA.UBnPKYld9H8ialn9JeKVYcmC4TqO3FD9yv2mAssL_lGkPpKvKOzKZbWvxjYrydPLQHpOEChxkAfhGQ&mlSearchSessionGuid=2a39d43436514e1b67d022fe41da62dc,cian,2026-05-04T21:42:16.586850+00:00,Санкт-Петербург,Санкт-Петербург,sale,flat,real_estate_agent,studio,0,25.5,7790000.0,305490.1960784314,13.0,22.0,0.5909090909090909,False,False,Приморский,Полевая Сабировская,45к1,Старая Деревня,Богатырь 3,305490.1960784314,15.868351546216628,3.277144732992177
329649871,https://spb.cian.ru/sale/flat/329649871/?context=4.KTrjKO5WG9U.OVDKMxTLfvQ962zdN2DTD45PujqUtDWEart43lpOXVpYMEjJzB97CFB3vA3LLrWtQsOyHJT6J9u9bA&mlSearchSessionGuid=2a39d43436514e1b67d022fe41da62dc,cian,2026-05-04T21:42:16.586850+00:00,Санкт-Петербург,Санкт-Петербург,sale,flat,real_estate_agent,studio,0,26.24,9000000.0,342987.8048780488,2.0,20.0,0.1,False,False,Красносельский,Маршала Захарова,8,Юго-Западная,Огни Залива,342987.8048780488,16.012735246411598,3.3046864812813115
327429505,https://spb.cian.ru/sale/flat/327429505/?context=4.iocxUyt5POQ.Qv8dDMx4cbV0LV73ZiSD3DJGTxmAo3oJkq9hodf7sluG96b6mN3uYzpzp7zVXfBHrVF0a8sUzAkLWw&mlSearchSessionGuid=2a39d43436514e1b67d022fe41da62dc,cian,2026-05-04T21:42:16.586850+00:00,Санкт-Петербург,Санкт-Петербург,sale,flat,real_estate_agent,studio,0,27.5,5790000.0,210545.45454545456,8.0,21.0,0.3809523809523809,False,False,Невский,проспект Советский,36к2,Рыбацкое,Невские паруса,210545.45454545456,15.571643022260735,3.349904087274605
327685875,https://spb.cian.ru/sale/flat/327685875/?context=4.FjQmnGb9Hs0.x_L5hkQEEDk956dj1uP0yyho35kctxhGQOY-eEu1jDPVX6r1BaKp5e0rVldiwXc8EI3SC1uPgtg1Sw&mlSearchSessionGuid=2a39d43436514e1b67d022fe41da62dc,cian,2026-05-04T21:42:16.586850+00:00,Санкт-Петербург,Санкт-Петербург,sale,flat,realtor,studio,0,19.01,3950000.0,207785.3761178327,9.0,25.0,0.36,False,False,Красногвардейский,Пахомовская,26,Девяткино,Цветной Город,207785.3761178327,15.18922639004183,2.996232148595642
327097373,https://spb.cian.ru/sale/flat/327097373/?context=4.TL9dziTBXPU.Geoy58DRHDifUsC0t5vtgIvljsMDJbsAEPEx9-e5fLf5zQRLi4xB_8DVrE_6kvzumwCofej7mtyPbQ&mlSearchSessionGuid=2a39d43436514e1b67d022fe41da62dc,cian,2026-05-04T21:42:16.586850+00:00,Санкт-Петербург,Санкт-Петербург,sale,flat,developer,studio,0,24.81,11556920.0,465817.0092704555,3.0,20.0,0.15,False,False,Василеостровский,бульвар Головнина,13,Приморская,Башни Элемент,465817.0092704555,16.262795036250214,3.2507620137305224
320150757,https://spb.cian.ru/sale/flat/320150757/?context=4.3tt4jBb3Lbs.q5vJTrmZdLNrY9WMasVClHJ5q3kML2k7qpE88qd_9oKLcmpGcsdgbIMw0ty2Su0aNGoMGgWPjVbOMA&mlSearchSessionGuid=2a39d43436514e1b67d022fe41da62dc,cian,2026-05-04T21:42:16.586850+00:00,Санкт-Петербург,Санкт-Петербург,sale,flat,real_estate_agent,studio,0,10.0,3400000.0,340000.0,1.0,3.0,0.3333333333333333,True,False,Невский,Ольминского,6,Елизаровская,unknown,340000.0,15.039286283703994,2.3978952727983707
329486798,https://spb.cian.ru/sale/flat/329486798/?context=4.GgUNxdjFNEA.JMMe5caup-pctUNmn0ml08XYrbPL46bZxXIpGvRDoZyKTahr5VQD7biJ3T_nyBnlpC7F2AmiC73NOw&mlSearchSessionGuid=2a39d43436514e1b67d022fe41da62dc,cian,2026-05-04T21:42:16.586850+00:00,Санкт-Петербург,Санкт-Петербург,sale,flat,real_estate_agent,studio,0,11.0,3250000.0,295454.54545454547,1.0,5.0,0.2,True,False,Центральный,Лиговский проспект,55/4,Площадь Восстания,unknown,295454.54545454547,14.99416586199818,2.4849066497880004
327096172,https://spb.cian.ru/sale/flat/327096172/?context=4.7UoEtJDg0AU.03B7HQwy7flPfPKrtc9Q3q7qtIwpJ2BVK_KiJFMKa2XAK08UDIjjxaWgsn00HfwCTmb8NTPZ_WtXag&mlSearchSessionGuid=2a39d43436514e1b67d022fe41da62dc,cian,2026-05-04T21:42:16.586850+00:00,Санкт-Петербург,Санкт-Петербург,sale,flat,developer,studio,0,28.43,17664981.0,621350.0175870559,5.0,8.0,0.625,False,False,Петроградский,Ремесленная,17литЗ,Спортивная,17/33 Петровский остров,621350.0175870559,16.68709481981081,3.382014562245381
326587798,https://spb.cian.ru/sale/flat/326587798/?context=4.KHt34L7DVhE.V7vt_ywrdbElvLAJbbEjEdVzig_uFC6XXJc_denVPm71XKN9eW8Jy3TGcRPQ2o8fFvBi_zGAUhjSPA&mlSearchSessionGuid=2a39d43436514e1b67d022fe41da62dc,cian,2026-05-04T21:42:16.586850+00:00,Санкт-Петербург,Санкт-Петербург,sale,flat,real_estate_agent,studio,0,25.5,10900000.0,427450.98039215687,12.0,12.0,1.0,False,True,Адмиралтейский,Малая Митрофаньевская,5к1,Фрунзенская,Квартал Галактика,427450.98039215687,16.204273438942487,3.277144732992177
328939290,https://spb.cian.ru/sale/flat/328939290/?context=4.UNvcPsRIl0Y.EHw37c-FEKWhI7ic0Exe0ffKemcjiS4RgLeYuek0qO19faXnIKLpzsEblO4zcdL67TPlEkEZVrMzQA&mlSearchSessionGuid=2a39d43436514e1b67d022fe41da62dc,cian,2026-05-04T21:42:16.586850+00:00,Санкт-Петербург,Санкт-Петербург,sale,flat,real_estate_agent,studio,0,23.9,5495000.0,229916.3179916318,3.0,5.0,0.6,False,False,Петродворцовый,Парковая,14к4,Юго-Западная,Новый Петергоф,229916.3179916318,15.519349327803464,3.214867803470662
327096124,https://spb.cian.ru/sale/flat/327096124/?context=4.e5pHpqdSVVE.NskY0krhYcFmRXNOpcdneTErORExcdSpXnJ9bvY7UqUplmu71W2fUcEZi4EHIjNdRgUq8CIPjPvrTQ&mlSearchSessionGuid=2a39d43436514e1b67d022fe41da62dc,cian,2026-05-04T21:42:16.586850+00:00,Санкт-Петербург,Санкт-Петербург,sale,flat,developer,studio,0,29.12,18928003.0,650000.103021978,8.0,11.0,0.7272727272727273,False,False,Московский,Коли Томчака,3,Московские ворота,Коллекционный Дом 1919,650000.103021978,16.75615307652742,3.405189402931693
328165077,https://spb.cian.ru/sale/flat/328165077/?context=4.bQBhQNt_T2M.m3JXOei3b93KJ_baKPB38UQIH2lB0Ax6V6TFFBrBxL8A8-LwKo-T5L8SnQ0oBWTlOvxa8sv6Jxt6Fg&mlSearchSessionGuid=2a39d43436514e1b67d022fe41da62dc,cian,2026-05-04T21:42:16.586850+00:00,Санкт-Петербург,Санкт-Петербург,sale,flat,real_estate_agent,studio,0,28.2,6800000.0,241134.75177304965,9.0,21.0,0.4285714285714285,False,False,Приморский,проспект Королева,62,Комендантский проспект,На Королева,241134.75177304965,15.732433317205148,3.374168709274236
329352909,https://spb.cian.ru/sale/flat/329352909/?context=4.N7aQ1auf7dI.oOOjgjdBdIztIvSjKP9LjCJIhLyoUb6e5UUOEKcruHknwq_Oxg9dpgQ2Y80NZRT7I3h7_zWlxj6eUw&mlSearchSessionGuid=2a39d43436514e1b67d022fe41da62dc,cian,2026-05-04T21:42:16.586850+00:00,Санкт-Петербург,Санкт-Петербург,sale,flat,real_estate_agent,studio,0,23.25,4900000.0,210752.688172043,5.0,15.0,0.3333333333333333,False,False,Невский,Архивная,3к1,Улица Дыбенко,Апарт-комплекс Зум на Неве,210752.688172043,15.404745967162468,3.188416617383492
327917888,https://spb.cian.ru/sale/flat/327917888/?context=4.gY9KNkTnXUw.4mYS4a0l2gogoXzOpM93CZgE690aEoG3KGLtMe_rYDTY_O-G6e6ffWkf0etcUOFDRzOOuN31TfKjEg&mlSearchSessionGuid=2a39d43436514e1b67d022fe41da62dc,cian,2026-05-04T21:42:16.586850+00:00,Санкт-Петербург,Санкт-Петербург,sale,flat,developer,studio,0,20.27,12691520.0,626123.3349777997,7.0,11.0,0.6363636363636364,False,False,Адмиралтейский,Измайловское,,Балтийская,Ставни Обводный ЖК,626123.3349777997,16.356444690664183,3.0572976292121457
327097109,https://spb.cian.ru/sale/flat/327097109/?context=4.TkJSNm9DNDk.DkgsKjui2Rc-emoTmZfED1_AmNTa7UgmskljNrMY1-Hf-PrDcoF21outyNjA1YcIm07KGJIvUXYIVA&mlSearchSessionGuid=2a39d43436514e1b67d022fe41da62dc,cian,2026-05-04T21:42:16.586850+00:00,Санкт-Петербург,Санкт-Петербург,sale,flat,developer,studio,0,35.26,15105384.0,428400.0,1.0,5.0,0.2,True,False,Курортный,Инструментальщиков,18,Комендантский проспект,BEREG.Курортный,428400.0,16.530561860727012,3.590715205326705
328110171,https://spb.cian.ru/sale/flat/328110171/?context=4.BWbD4_DYiMQ.nrIFzKHX2eXPW6hQifdZrxS9b6cpd1h2iBVpFADQgwN4P4TSCrBil5gnZHXV9XxcueKU2iKPHn8sjw&mlSearchSessionGuid=2a39d43436514e1b67d022fe41da62dc,cian,2026-05-04T21:42:16.586850+00:00,Санкт-Петербург,Санкт-Петербург,sale,flat,real_estate_agent,studio,0,22.9,6990000.0,305240.1746724891,2.0,19.0,0.1052631578947368,False,False,Приморский,Комендантский проспект,59к1,Комендантский проспект,YOGA 3,305240.1746724891,15.7599912572715,3.173878458937465
314345237,https://spb.cian.ru/sale/flat/314345237/?context=4.nHQN6BI-gM8.VfSVmayCd2PRhnXTz3NJSlDdEhMGV_k-wK8b_ue0muFEGCHD6fhEmRh7t9jxi74V9_DIO4QNqY39OA&mlSearchSessionGuid=2a39d43436514e1b67d022fe41da62dc,cian,2026-05-04T21:42:16.586850+00:00,Санкт-Петербург,Санкт-Петербург,sale,flat,developer,studio,0,26.21,7835742.0,298960.0152613506,3.0,4.0,0.75,False,False,Кронштадтский,дорога Цитадельская,,unknown,Кронфорт.Центральный,298960.0152613506,15.87420626016314,3.303584552795155
329355818,https://spb.cian.ru/sale/flat/329355818/?context=4.0qh1jkCrFjk.JXWlvzM9JQC3yBq0U2__TGRNe_Zv3q8MIclNqjKxHRt4IPjW4DIlAyvGM_HBIJO_xFK42YsMYYZptQ&mlSearchSessionGuid=2a39d43436514e1b67d022fe41da62dc,cian,2026-05-04T21:42:16.586850+00:00,Санкт-Петербург,Санкт-Петербург,sale,flat,real_estate_agent,studio,0,22.7,6900000.0,303964.75770925113,2.0,13.0,0.1538461538461538,False,False,Приморский,проспект Авиаконструкторов,63,Комендантский проспект,Полис Приморский,303964.75770925113,15.747032114495012,3.1654750481410856
327929649,https://spb.cian.ru/sale/flat/327929649/?context=4.lZhGksATgX0.sNxj3uPG02tXRaiw5xDI6pV_0lg9EEyf65_sIWpky_WmJG_tXtTi3maRGopSM_g8NBqYTr6DQZrB9Q&mlSearchSessionGuid=2a39d43436514e1b67d022fe41da62dc,cian,2026-05-04T21:42:16.586850+00:00,Санкт-Петербург,Санкт-Петербург,sale,flat,realtor,studio,0,23.5,4900000.0,208510.63829787236,15.0,25.0,0.6,False,False,Пушкинский,переулок Вилеровский,6,Купчино,Юнион,208510.63829787236,15.404745967162468,3.198673117550681
314345188,https://spb.cian.ru/sale/flat/314345188/?context=4.NhwgfH7CA94.wgx4KeIlCOSo8ywM3uvBG0twWHDym2XR17ue075YGHbuFTHu7N-FBW0wM_kJIjggtvmdsvXAw2vdUQ&mlSearchSessionGuid=2a39d43436514e1b67d022fe41da62dc,cian,2026-05-04T21:42:16.586850+00:00,Санкт-Петербург,Санкт-Петербург,sale,flat,developer,studio,0,25.42,7715478.0,303519.9842643588,3.0,4.0,0.75,False,False,Кронштадтский,дорога Цитадельская,,unknown,Кронфорт.Центральный,303519.9842643588,15.8587391286959,3.2741212990941797
324874991,https://spb.cian.ru/sale/flat/324874991/?context=4.tZYiLS_CtyY.QpZkLwiheiKm6_iNmHAFQvLIjDJBIxTHETOLri2PawgClfRRwm9Xw1Vkr7ZhD8VGq1S43_3Rg5QQYw&mlSearchSessionGuid=2a39d43436514e1b67d022fe41da62dc,cian,2026-05-04T21:42:16.586850+00:00,Санкт-Петербург,Санкт-Петербург,sale,flat,real_estate_agent,studio,0,20.4,7290000.0,357352.9411764706,8.0,11.0,0.7272727272727273,False,False,Василеостровский,набережная Макарова,58,Приморская,Docklands 2,357352.9411764706,15.802014241159045,3.0633909220278057
328748735,https://spb.cian.ru/sale/flat/328748735/?context=4.KrZ1uX37woI.QsMbHatYVoFhvL-ud4ISfhNCSj_pHWDxK7DXusX8atzatFKYgSU_Z8YUGPnMKHhcpY7wNA7V4rL3qQ&mlSearchSessionGuid=2a39d43436514e1b67d022fe41da62dc,cian,2026-05-04T21:42:16.586850+00:00,Санкт-Петербург,Санкт-Петербург,sale,flat,real_estate_agent,studio,0,18.0,6000000.0,333333.3333333333,4.0,13.0,0.3076923076923077,False,False,Приморский,Матроса Железняка,2,Черная речка,Апартаменты Best Western Zoom Hotel,333333.3333333333,15.607270193858982,2.9444389791664403
327097272,https://spb.cian.ru/sale/flat/327097272/?context=4.yaKAFjcIcrE.0hR_55cd0vXCRPFy3KSoqx1pl2TfsnBmtNgjfaXwOD3frvHCW7RMvZJSSmp5YGmAtqzBQsM3qkobaw&mlSearchSessionGuid=2a39d43436514e1b67d022fe41da62dc,cian,2026-05-04T21:42:16.586850+00:00,Санкт-Петербург,Санкт-Петербург,sale,flat,developer,studio,0,24.37,12345842.0,506600.0,10.0,22.0,0.4545454545454545,False,False,Василеостровский,Морской,,Приморская,Башни Элемент ЖК,506600.0,16.328829965185754,3.2335673736111907
329557421,https://spb.cian.ru/sale/flat/329557421/?context=4.gCsn7bU6_LU.DWaq7F2Fpb4X-ZiHn8HZUg5ZSb2u5SiQD9u2KIcdZZQFz5Vay8xdHBy5QPODdNzYe2HWbCABXCn1Jg&mlSearchSessionGuid=2a39d43436514e1b67d022fe41da62dc,cian,2026-05-04T21:42:16.586850+00:00,Санкт-Петербург,Санкт-Петербург,sale,flat,real_estate_agent,studio,0,20.5,4350000.0,212195.1219512195,4.0,18.0,0.2222222222222222,False,False,Красногвардейский,Полюстрово,27к1,Девяткино,Цветной Город,212195.1219512195,15.285686632949895,3.068052935133617
327991133,https://spb.cian.ru/sale/flat/327991133/?context=4.8T4Fb7BHQWg.s2HzYGaU4DKZKufzWnyWmdVX3-exbZbv3xObt_CLYMan8wTP48Z_-YSf7vsPz8GTdQvEAhDd4d3_Qg&mlSearchSessionGuid=2a39d43436514e1b67d022fe41da62dc,cian,2026-05-04T21:42:16.586850+00:00,Санкт-Петербург,Санкт-Петербург,sale,flat,real_estate_agent,studio,0,12.4,5475000.0,441532.2580645161,4.0,4.0,1.0,False,True,Московский,Заставская,33с3,Московские ворота,unknown,441532.2580645161,15.515703016315223,2.5952547069568657
324531375,https://spb.cian.ru/sale/flat/324531375/?context=4.-sJQzpSA1nQ.ZRbuWBmn7QSsn9dhWWUdwKLbWzmPrt7TbmzG_wUq5JbUtZB9FCvsmBP7KsAWdlnzTqQ66hlpejIUQg&mlSearchSessionGuid=2a39d43436514e1b67d022fe41da62dc,cian,2026-05-04T21:42:16.586850+00:00,Санкт-Петербург,Санкт-Петербург,sale,flat,developer,studio,0,29.9,9266348.0,309911.3043478261,2.0,12.0,0.1666666666666666,False,False,Московский,Среднерогатская,11к2,Звездная,Аквилон Leaves,309911.3043478261,16.041900008829625,3.4307561839036995
328834109,https://spb.cian.ru/sale/flat/328834109/?context=4.63hoEcmYBCo.9llvsaLAJAK_Y_8d5OcoAtKwsKm4m-olWsg9MSGGfpe2rUa8Zqc7U-dd8cuqhgyV5KREIrI6CXZNKA&mlSearchSessionGuid=2a39d43436514e1b67d022fe41da62dc,cian,2026-05-04T21:42:16.586850+00:00,Санкт-Петербург,Санкт-Петербург,sale,flat,homeowner,studio,0,25.0,9550000.0,382000.0,6.0,11.0,0.5454545454545454,False,False,Василеостровский,набережная Макарова,58с2,Приморская,Docklands 2,382000.0,16.072051817168948,3.258096538021482
329428061,https://spb.cian.ru/sale/flat/329428061/?context=4.Sozct6wJwB4.iBcajeJauhLQ-kvWYsauiheQTJHV_h96En6EjfehAWYhuPn9VJbGtQLJsDukzOLyDhNXcOHTSKrm1A&mlSearchSessionGuid=2a39d43436514e1b67d022fe41da62dc,cian,2026-05-04T21:42:16.586850+00:00,Санкт-Петербург,Санкт-Петербург,sale,flat,developer,studio,0,25.35,9852356.0,388653.0966469428,8.0,9.0,0.8888888888888888,False,False,Калининский,проспект Мечникова,40Л,Лесная,Левел Мечникова,388653.0966469428,16.103221273863245,3.271468274987372
328986639,https://spb.cian.ru/sale/flat/328986639/?context=4.RFBa127UhOQ.ngSXG4n8CL-oM1uaPbMMkKGkpPDfRVtxAZjixHR0VHGuyfB_F_VyRe858gpbCNG7KgkGlOaaFy6mUA&mlSearchSessionGuid=2a39d43436514e1b67d022fe41da62dc,cian,2026-05-04T21:42:16.586850+00:00,Санкт-Петербург,Санкт-Петербург,sale,flat,real_estate_agent,studio,0,23.2,6990000.0,301293.1034482759,13.0,18.0,0.7222222222222222,False,False,Фрунзенский,Салова,61,Бухарестская,Комплекс апартаментов Valo City,301293.1034482759,15.7599912572715,3.186352633162641
329406219,https://spb.cian.ru/sale/flat/329406219/?context=4.4LqKubLzMT0.somVWvDEVY4X_TKe_LK690i72DjaAdYsELZrYPnOB4e6srTVEvsI6HaL843lhw-qXfiH0K3EUMnJ3Q&mlSearchSessionGuid=2a39d43436514e1b67d022fe41da62dc,cian,2026-05-04T21:42:16.586850+00:00,Санкт-Петербург,Санкт-Петербург,sale,flat,homeowner,studio,0,24.7,6700000.0,271255.0607287449,11.0,24.0,0.4583333333333333,False,False,Приморский,Комендантский проспект,66к1,Комендантский проспект,Чистое небо,271255.0607287449,15.717618233614914,3.246490991901174
323514159,https://spb.cian.ru/sale/flat/323514159/?context=4.VrSYbzXGHRM.-InJ-ikwvV4436kkuQ0xHRqS8mkFxU3l_FN_psNXlvD4MmYCElbeZeHH9G_NiYeJjEsymOEIpRUVjA&mlSearchSessionGuid=2a39d43436514e1b67d022fe41da62dc,cian,2026-05-04T21:42:16.586850+00:00,Санкт-Петербург,Санкт-Петербург,sale,flat,developer,studio,0,37.75,30742967.0,814383.2317880795,4.0,9.0,0.4444444444444444,False,False,Петроградский,Пионерская,53,Чкаловская,Avant,814383.2317880795,17.241171843138044,3.657130755799356
327152598,https://spb.cian.ru/sale/flat/327152598/?context=4.WcXpBiGI9-E.3sHxmjQriDHuULe8ZLuC4ZQsXU8wuJfJdB0nr5WKkn0XGu09uTq8H3Fe7Yts5YeEOKs78tuylg_tFA&mlSearchSessionGuid=2a39d43436514e1b67d022fe41da62dc,cian,2026-05-04T21:42:16.586850+00:00,Санкт-Петербург,Санкт-Петербург,sale,flat,real_estate_agent,studio,0,20.4,4290000.0,210294.11764705885,4.0,22.0,0.1818181818181818,False,False,Красногвардейский,Пейзажная,24к1,Девяткино,Цветной Город,210294.11764705885,15.271797524004404,3.0633909220278057
313821737,https://spb.cian.ru/sale/flat/313821737/?context=4.dz_zJxP7uoE.hiSV85x8IoenNtZuLaty99jMg3bSoxtRd1OyMHBUMcroA2_HWeq1AdCj_qv0JPg2Fdx_vvbB3gwSTA&mlSearchSessionGuid=2a39d43436514e1b67d022fe41da62dc,cian,2026-05-04T21:42:16.586850+00:00,Санкт-Петербург,Санкт-Петербург,sale,flat,realtor,studio,0,37.2,5100000.0,137096.77419354836,5.0,6.0,0.8333333333333334,False,False,Красносельский,Отважных,10,Юго-Западная,unknown,137096.77419354836,15.444751293772969,3.6428355156125294
328020961,https://spb.cian.ru/sale/flat/328020961/?context=4.kgC0IICwnI8.CFQgZo0CFJ-M-yQ6Uk43bciogCRrPx05owCApHE7GG_KMArTwEXAoAijdT8ODLVLpdqvyAGasBTWng&mlSearchSessionGuid=2a39d43436514e1b67d022fe41da62dc,cian,2026-05-04T21:42:16.586850+00:00,Санкт-Петербург,Санкт-Петербург,sale,flat,developer,studio,0,28.39,14602397.0,514350.0176118351,2.0,10.0,0.2,False,False,Василеостровский,Гавань,к1,Горный институт,Легенда Васильевского ЖК,514350.0176118352,16.496696319766915,3.380654480430826
316679074,https://spb.cian.ru/sale/flat/316679074/?context=4.4YQFqCUGOBw.1fNuVS1I-pTRf5IX_2y6MDJJUTPr3R91USWL11ruR92w5XtergmgM8umkyKfclMtP25i9Cm0pJqIGQ&mlSearchSessionGuid=2a39d43436514e1b67d022fe41da62dc,cian,2026-05-04T21:42:16.586850+00:00,Санкт-Петербург,Санкт-Петербург,sale,flat,real_estate_agent,studio,0,21.68,6300000.0,290590.40590405907,1.0,12.0,0.0833333333333333,True,False,Красногвардейский,Полюстрово,,Девяткино,Академик,290590.40590405907,15.656060350091908,3.121483478859551
318859702,https://spb.cian.ru/sale/flat/318859702/?context=4.BV1os3tzkKI.37baDJD1lTU-RjdSIOaON5080QAKOKl5Y3rEHTdWxzFxfx4CG2W5KktL94330Vc5aBzV56TltJP8nA&mlSearchSessionGuid=2a39d43436514e1b67d022fe41da62dc,cian,2026-05-04T21:42:16.586850+00:00,Санкт-Петербург,Санкт-Петербург,sale,flat,realtor,studio,0,22.31,5450000.0,244285.07395786644,23.0,23.0,1.0,False,True,Невский,Рыбацкое,4,Рыбацкое,Живи в Рыбацком ЖК,244285.07395786644,15.511126350125648,3.1488824530476656
323388150,https://spb.cian.ru/sale/flat/323388150/?context=4.dI7Yj6Dc9Wo.K3pnsK4KINmMRB6KIH5-L7WVg_cD__Dqh6SwVjiqkkAnf-YUu0MgGZHSfwFPweUc8CwOJXCO1tPrJg&mlSearchSessionGuid=2a39d43436514e1b67d022fe41da62dc,cian,2026-05-04T21:42:16.586850+00:00,Санкт-Петербург,Санкт-Петербург,sale,flat,developer,studio,0,29.46,14251536.0,483758.8594704684,10.0,10.0,1.0,False,True,Василеостровский,17 линия ЖК,,Василеостровская,17 линия ЖК,483758.8594704684,16.472375318511624,3.416414347467016
326789182,https://spb.cian.ru/sale/flat/326789182/?context=4.Os80qwKyE9U.vGY40nKDKBqDs8FqfVnPmQ6j8N2mFNYIUjhvIPfMZRT_kwJ7R2KV89mZALPGfG-urokkqjb0vLOc-g&mlSearchSessionGuid=2a39d43436514e1b67d022fe41da62dc,cian,2026-05-04T21:42:16.586850+00:00,Санкт-Петербург,Санкт-Петербург,sale,flat,real_estate_agent,studio,0,20.2,6300000.0,311881.1881188119,5.0,5.0,1.0,False,True,Адмиралтейский,Лоцманская,20,Нарвская,unknown,311881.1881188119,15.656060350091908,3.054001181677967
329528424,https://spb.cian.ru/sale/flat/329528424/?context=4.p0C_mk6A6kY.dgaDinfYB5EAtMJWbELFgifmnAQ3qWBWLRg9dUAXucBshI8yj8b0RAF3iULAajO2r9QaSmqH1Iub3Q&mlSearchSessionGuid=2a39d43436514e1b67d022fe41da62dc,cian,2026-05-04T21:42:16.586850+00:00,Санкт-Петербург,Санкт-Петербург,sale,flat,real_estate_agent,studio,0,22.8,5700000.0,250000.0,5.0,15.0,0.3333333333333333,False,False,Красногвардейский,проспект Энергетиков,2к2,Ладожская,Апарт-отель GloraX Заневский,250000.0,15.55597690824336,3.169685580677429
321932792,https://spb.cian.ru/sale/flat/321932792/?context=4.warO-Z0s2P4.q4CZ1cwcGDkDu4aHgwBJn2D38gtwfRiP6xfN77jTCvrZXoTndVdktuAowdbkd3WWHDw3cFhZ9LFByA&mlSearchSessionGuid=2a39d43436514e1b67d022fe41da62dc,cian,2026-05-04T21:42:16.586850+00:00,Санкт-Петербург,Санкт-Петербург,sale,flat,developer,studio,0,26.62,19360899.0,727306.4988730277,10.0,10.0,1.0,False,True,Центральный,Кирилловская,11,Площадь Александра Невского,Новгородская 8,727306.4988730277,16.778766126335494,3.318540147981146
326654123,https://spb.cian.ru/sale/flat/326654123/?context=4.0j27CrZFvw4.pazVtknfpktW5T73OL1EbB1YpkAbbpoNfkoRjYm2Hyrun08oSoWtKI6U1Mf7fsjIZyRfBTUeBjqpXA&mlSearchSessionGuid=2a39d43436514e1b67d022fe41da62dc,cian,2026-05-04T21:42:16.586850+00:00,Санкт-Петербург,Санкт-Петербург,sale,flat,real_estate_agent,studio,0,27.0,12200000.0,451851.8518518519,6.0,10.0,0.6,False,False,Адмиралтейский,Парфеновская,7к1,Фрунзенская,Квартал Галактика,451851.8518518519,16.316946591670696,3.332204510175204
326149460,https://spb.cian.ru/sale/flat/326149460/?context=4._55TzLl_f3I.REPD3yrzPmaH9XgssaUyDjlC-85SFBPLYbv7iz6A5HxmizAavGtNzkgkpFHlpvrJiFmejY8iMxaV5A&mlSearchSessionGuid=2a39d43436514e1b67d022fe41da62dc,cian,2026-05-04T21:42:16.586850+00:00,Санкт-Петербург,Санкт-Петербург,sale,flat,realtor,studio,0,26.7,6790000.0,254307.1161048689,17.0,17.0,1.0,False,True,Фрунзенский,Софийская,28,Международная,unknown,254307.1161048689,15.730961646810274,3.3214324131932926
327096196,https://spb.cian.ru/sale/flat/327096196/?context=4.mhMLcm9-nsU.oVVnLRneZWNxQRtUpmvt8X4RFL4F6Zw6jCTAkkVjFX944FafdzadQlXJ7wTJg_OcRvkpLnu3C8V-Xw&mlSearchSessionGuid=2a39d43436514e1b67d022fe41da62dc,cian,2026-05-04T21:42:16.586850+00:00,Санкт-Петербург,Санкт-Петербург,sale,flat,developer,studio,0,24.92,19127346.0,767550.0,6.0,8.0,0.75,False,False,Петроградский,Ремесленная,17литЗ,Спортивная,17/33 Петровский остров,767550.0,16.766629649101766,3.255014871484074
328495841,https://spb.cian.ru/sale/flat/328495841/?context=4.7rS_-yZ3A5c.yGYu6u-WXMzc1pl8NONMuXm5eCQq1XXn0yyhgo2NHixtiFfUJLnaALsqy2DQXqXjwfA4MCCtyNmSKA&mlSearchSessionGuid=2a39d43436514e1b67d022fe41da62dc,cian,2026-05-04T21:42:16.586850+00:00,Санкт-Петербург,Санкт-Петербург,sale,flat,real_estate_agent,studio,0,23.0,15200000.0,660869.5652173914,1.0,9.0,0.1111111111111111,True,False,Петроградский,Пионерская,53,Чкаловская,Avant,660869.5652173914,16.536806051605975,3.1780538303479458
316546263,https://spb.cian.ru/sale/flat/316546263/?context=4.mLQ5aOrlcQs.Yc59WV4sFS8twMh0_5oclhPXxHFC5r0vKGrFCilzEGqqj61lgfNWpc-AtF6HwjbX7KqQg8wF2Uyx_Q&mlSearchSessionGuid=2a39d43436514e1b67d022fe41da62dc,cian,2026-05-04T21:42:16.586850+00:00,Санкт-Петербург,Санкт-Петербург,sale,flat,real_estate_agent,studio,0,23.55,7200000.0,305732.4840764331,17.0,17.0,1.0,False,True,Красносельский,2-я Комсомольская,39,Юго-Западная,Сандэй,305732.4840764331,15.789591722875162,3.200711854240529
329497930,https://spb.cian.ru/sale/flat/329497930/?context=4.pr4fs_QlEfU.yoSrsfyNU2ruBCd7ITgRKQwTv-cBC7NcU6nssFD_60wBTuue3fTB9p9PkbzQaIE-IjbW2osHz1yE8g&mlSearchSessionGuid=2a39d43436514e1b67d022fe41da62dc,cian,2026-05-04T21:42:16.586850+00:00,Санкт-Петербург,Санкт-Петербург,sale,flat,developer,studio,0,26.6,9753606.0,366676.917293233,2.0,9.0,0.2222222222222222,False,False,Калининский,проспект Мечникова,40Л,Лесная,Левел Мечникова,366676.917293233,16.093147723277824,3.317815772723105
327146990,https://spb.cian.ru/sale/flat/327146990/?context=4.T3cJKIwPpxc.BKFdJE-NPDjxV3A4pHBLWspKFJoEtcEDafjUFoqCJHzNKTDbIvoRnbP4hdTx3BL5Pp42WIZIE7Ks8g&mlSearchSessionGuid=2a39d43436514e1b67d022fe41da62dc,cian,2026-05-04T21:42:16.586850+00:00,Санкт-Петербург,Санкт-Петербург,sale,flat,homeowner,studio,0,29.2,8500000.0,291095.8904109589,3.0,19.0,0.1578947368421052,False,False,Калининский,Герасимовская,5к2,Лесная,Уют,291095.8904109589,15.955576839107596,3.407841924380824
328173842,https://spb.cian.ru/sale/flat/328173842/?context=4.yn3D1a-vYHA.LKP2r6_CYVbM9BW0o4CCb8BvpI1YLK2KBg0ehTFn-nnCkO1jve3inMMvqYIsjwG7S14D92GQDkMShg&mlSearchSessionGuid=2a39d43436514e1b67d022fe41da62dc,cian,2026-05-04T21:42:16.586850+00:00,Санкт-Петербург,Санкт-Петербург,sale,flat,real_estate_agent,studio,0,24.0,5350000.0,222916.66666666663,8.0,8.0,1.0,False,True,Красносельский,Бориса Шмелева,7,Юго-Западная,unknown,222916.66666666663,15.49260730578806,3.218875824868201
323514064,https://spb.cian.ru/sale/flat/323514064/?context=4.Goppowos30A.0J-2KuVcV0cYFwPCg0QGdnDNREn5rRPpJa5IgYn6mNnpDW09Q1mNspF3ksu2eDxtAnqxRhT9y3IHSw&mlSearchSessionGuid=2a39d43436514e1b67d022fe41da62dc,cian,2026-05-04T21:42:16.586850+00:00,Санкт-Петербург,Санкт-Петербург,sale,flat,developer,studio,0,25.52,29236357.0,1145625.274294671,4.0,8.0,0.5,False,False,Петроградский,Пионерская,53,Чкаловская,Avant,1145625.274294671,17.190923629684626,3.277899165317662
329065746,https://spb.cian.ru/sale/flat/329065746/?context=4.KHwaxbJWodE.DvM5iZCvlT7dHGKnLpxsWSR3bSI8jZztSaeVlyRyIhRYBt10Fj6wHFLmqQYuemvpGb9Sn8WHMnKbMw&mlSearchSessionGuid=2a39d43436514e1b67d022fe41da62dc,cian,2026-05-04T21:42:16.586850+00:00,Санкт-Петербург,Санкт-Петербург,sale,flat,real_estate_agent,studio,0,26.0,8225000.0,316346.1538461539,18.0,25.0,0.72,False,False,Калининский,Кондратьевский проспект,68к4,Лесная,Полюстрово Парк,316346.1538461539,15.92268897619625,3.295836866004329
327585798,https://spb.cian.ru/sale/flat/327585798/?context=4.BkNtO13EW8Y.MYd_9ohkEB-uionyGISxJvKhUbd_Fygu6hg9lvR2q1kinOwQJae4BZtGGLesnzC-Yh_RFWt861wL0Q&mlSearchSessionGuid=2a39d43436514e1b67d022fe41da62dc,cian,2026-05-04T21:42:16.586850+00:00,Санкт-Петербург,Санкт-Петербург,sale,flat,real_estate_agent,studio,0,25.5,6699000.0,262705.8823529412,20.0,25.0,0.8,False,False,Невский,Октябрьская набережная,44,Ломоносовская,Полис на Неве,262705.8823529412,15.717468968766404,3.277144732992177
327917903,https://spb.cian.ru/sale/flat/327917903/?context=4.eGNh1DQfo_E.aZlnnhR_OTSbSZqGHUZ11VTA-rnrajw-kdUN_ri81Vyr7a6o7KnxobPniGNRScVJGB0WaNLd9ca6hA&mlSearchSessionGuid=2a39d43436514e1b67d022fe41da62dc,cian,2026-05-04T21:42:16.586850+00:00,Санкт-Петербург,Санкт-Петербург,sale,flat,developer,studio,0,22.95,14384518.0,626776.3834422658,8.0,11.0,0.7272727272727273,False,False,Адмиралтейский,Измайловское,,Балтийская,Ставни Обводный ЖК,626776.3834422658,16.481663116800117,3.175968323856924
328530863,https://spb.cian.ru/sale/flat/328530863/?context=4.Yb02HJaQBgk.nJS6NLvniG4MrBLUUAMx-5f7knPiVPvtmagcnJyoyHZVwx5NyRNUntg_jzIDn1GA2AdG8QO2tOA83Q&mlSearchSessionGuid=2a39d43436514e1b67d022fe41da62dc,cian,2026-05-04T21:42:16.586850+00:00,Санкт-Петербург,Санкт-Петербург,sale,flat,real_estate_agent,studio,0,32.8,9200000.0,280487.80487804883,9.0,12.0,0.75,False,False,Приморский,проспект Орлово-Денисовский,20к1,Проспект Просвещения,Бионика Заповедная,280487.80487804883,16.034714150714915,3.520460802488973
329613054,https://spb.cian.ru/sale/flat/329613054/?context=4.i7adGPgh1M4.x9W_gbJBTALk82QUwHDqoD1pO-uVY3KYqYnYCXxw4cdpaEPJXyLgbcYkVEhogVJm2NiHmg9xjeam4w&mlSearchSessionGuid=2a39d43436514e1b67d022fe41da62dc,cian,2026-05-04T21:42:16.586850+00:00,Санкт-Петербург,Санкт-Петербург,sale,flat,real_estate_agent,studio,0,27.9,7500000.0,268817.2043010753,2.0,24.0,0.0833333333333333,False,False,Выборгский,Заречная,17,Парнас,Шуваловский дуэт,268817.2043010753,15.830413711839864,3.3638415951183864
325558650,https://spb.cian.ru/sale/flat/325558650/?context=4.StYB6B27WbE.mscMBeb-G6fsa6CR1xvTws0AlxBhFGWMybkkpa4ny5ySxtpqqSjmfHrmc8llCh_GXtb2ymFMV5Z3Dg&mlSearchSessionGuid=2a39d43436514e1b67d022fe41da62dc,cian,2026-05-04T21:42:16.586850+00:00,Санкт-Петербург,Санкт-Петербург,sale,flat,developer,studio,0,39.56,18822993.0,475808.72093023255,6.0,9.0,0.6666666666666666,False,False,Василеостровский,Гавань,,Горный институт,МОНОДОМ АРТ,475808.72093023255,16.7505897655473,3.702782359282928
328336430,https://spb.cian.ru/sale/flat/328336430/?context=4.duzUDy40_ds.333x38dpZrWRetCRQU7kh9daw1u8bZIuNpCMMwlFQYPYuZJo1uBV1xUGe3OCPxr4izKK33BIhDMycg&mlSearchSessionGuid=2a39d43436514e1b67d022fe41da62dc,cian,2026-05-04T21:42:16.586850+00:00,Санкт-Петербург,Санкт-Петербург,sale,flat,real_estate_agent,studio,0,24.6,9570000.0,389024.3902439024,10.0,10.0,1.0,False,True,Московский,Кубинская,76к1,Ленинский проспект,Сенат в Московском,389024.3902439024,16.074143867922338,3.242592351485517
317837511,https://spb.cian.ru/sale/flat/317837511/?context=4.7smulutJVd0.SQyb2ukbn3Ura6xo5QX62qdrU2vBxvPXxusyrJGcJnKuDyB6ZGUWfOmLoorsLQx4KSKNgiNLGI-Vug&mlSearchSessionGuid=2a39d43436514e1b67d022fe41da62dc,cian,2026-05-04T21:42:16.586850+00:00,Санкт-Петербург,Санкт-Петербург,sale,flat,homeowner,studio,0,28.6,5800000.0,202797.2027972028,18.0,23.0,0.782608695652174,False,False,Пушкинский,Вишерская,2,Звездная,UP-квартал Московский,202797.2027972028,15.573368647930426,3.387774361330014
325558619,https://spb.cian.ru/sale/flat/325558619/?context=4.3G9ZmYqI_hY.qYHbFg-0P1WQKOsFibg6hAL_Pw7pX_vB6IXWWEG_Atm77vCv4wqzhPdT8B2WMGXTkY9CMrx-JkU5xA&mlSearchSessionGuid=2a39d43436514e1b67d022fe41da62dc,cian,2026-05-04T21:42:16.586850+00:00,Санкт-Петербург,Санкт-Петербург,sale,flat,developer,studio,0,39.49,18060060.0,457332.4892377817,4.0,9.0,0.4444444444444444,False,False,Василеостровский,Гавань,,Горный институт,МОНОДОМ АРТ,457332.4892377817,16.709213483577532,3.7010550300440697
329083220,https://spb.cian.ru/sale/flat/329083220/?context=4.wqPOLq-q2o4.NeV6jA01GhrQGWFlDV0ytMqHfi-qdM2e0XlAhPWvs35bxRNQ5miQZHVRg3Ej8EUusp8eCOGtF1BAMA&mlSearchSessionGuid=2a39d43436514e1b67d022fe41da62dc,cian,2026-05-04T21:42:16.586850+00:00,Санкт-Петербург,Санкт-Петербург,sale,flat,realtor,studio,0,34.8,7290000.0,209482.75862068968,3.0,4.0,0.75,False,False,Пушкинский,Фуражный переулок,2к5,Купчино,unknown,209482.75862068968,15.802014241159045,3.5779478934066544
328806158,https://spb.cian.ru/sale/flat/328806158/?context=4.JGVshC6Xgc0.mW0RFBTND5gE8q-tINcBn57WZOK61vHwuQ5IulXaSmbtCO9JbijH4Rn0p-RCHd_RDtEIY8ZTs_XZMg&mlSearchSessionGuid=2a39d43436514e1b67d022fe41da62dc,cian,2026-05-04T21:42:16.586850+00:00,Санкт-Петербург,Санкт-Петербург,sale,flat,realtor,studio,0,24.5,6200000.0,253061.22448979592,25.0,27.0,0.925925925925926,False,False,Выборгский,Федора Абрамова,18к1,Парнас,Северная долина,253061.22448979592,15.64006001130563,3.2386784521643803
322620830,https://spb.cian.ru/sale/flat/322620830/?context=4.4WIMtC6Tjo0.WOrh__Det8CLXnAu_IA5pUj0SeEQ1e2Uhl1GtcRm_0r_qlrX6xyZ2uE-qpcSqlK-iNNiuwpxYOoKKQ&mlSearchSessionGuid=2a39d43436514e1b67d022fe41da62dc,cian,2026-05-04T21:42:16.586850+00:00,Санкт-Петербург,Санкт-Петербург,sale,flat,developer,studio,0,25.18,9472587.0,376194.8768864178,2.0,17.0,0.1176470588235294,False,False,Московский,Звёздное,,Звездная,Оро бай Аквилон ЖК,376194.8768864178,16.063912711881887,3.264995760481754
323748076,https://spb.cian.ru/sale/flat/323748076/?context=4.PcQQbJYpzdA.16CrVUf8abrPLotC6WKPlZOJjAAupwc16uJ8AlVMX0eyR17FN0BkaM7Rs_rBtTgfxjDP_633C9z0mw&mlSearchSessionGuid=2a39d43436514e1b67d022fe41da62dc,cian,2026-05-04T21:42:16.586850+00:00,Санкт-Петербург,Санкт-Петербург,sale,flat,real_estate_agent,studio,0,23.0,7350000.0,319565.2173913043,12.0,12.0,1.0,False,True,Московский,1-й Предпортовый проезд,11,Ленинский проспект,Философия,319565.2173913043,15.810211007243431,3.1780538303479458
329615683,https://spb.cian.ru/sale/flat/329615683/?context=4.VQTjPHCIDbY.dHpArT4OHSb_FfpISZ6mScMtDJGCoHwIbXta33KSPBJTfBS0618iPfci_IyvSqgm5huQVU49-YTAVg&mlSearchSessionGuid=2a39d43436514e1b67d022fe41da62dc,cian,2026-05-04T21:42:16.586850+00:00,Санкт-Петербург,Санкт-Петербург,sale,flat,real_estate_agent,studio,0,30.5,7150000.0,234426.22950819676,1.0,25.0,0.04,True,False,Калининский,Богословская,4к4,Лесная,Калейдоскоп,234426.22950819676,15.78262305453032,3.449987545831587
325558611,https://spb.cian.ru/sale/flat/325558611/?context=4.o07O1Fj4RBU.tSgwolZrvrmHCeRxWOuNXuIfbmTDuBLdHLekLs3-TxKadG44X51Ut_4vz64AmlSPins3JwEIziIjrg&mlSearchSessionGuid=2a39d43436514e1b67d022fe41da62dc,cian,2026-05-04T21:42:16.586850+00:00,Санкт-Петербург,Санкт-Петербург,sale,flat,developer,studio,0,30.32,15211296.0,501691.8205804749,3.0,9.0,0.3333333333333333,False,False,Василеостровский,Гавань,,Горный институт,МОНОДОМ АРТ,501691.8205804749,16.537548933446764,3.4442568711226023
324972560,https://spb.cian.ru/sale/flat/324972560/?context=4.CCLgOYs2Yj8.Fy1lof_Y6B_iBGpCXO3npk0BJcvNIzZlsmw2S9cF46sv29pdwvc3ZwSwcb3_mgfofRDSmmGs8poDkg&mlSearchSessionGuid=2a39d43436514e1b67d022fe41da62dc,cian,2026-05-04T21:42:16.586850+00:00,Санкт-Петербург,Санкт-Петербург,sale,flat,real_estate_agent,studio,0,25.9,7500000.0,289575.2895752896,5.0,12.0,0.4166666666666667,False,False,Московский,Среднерогатская,13к1,Звездная,Триумф Парк,289575.2895752896,15.830413711839864,3.292126286607793
327938213,https://spb.cian.ru/sale/flat/327938213/?context=4.9jePznnSeVM.FJdcp_O7gUG04eIz3C-inyqbomvfzRCCkEIpTj9CSiUGPhVnamZjg5CPovoW6lg572EXP7ghbWUWbg&mlSearchSessionGuid=2a39d43436514e1b67d022fe41da62dc,cian,2026-05-04T21:42:16.586850+00:00,Санкт-Петербург,Санкт-Петербург,sale,flat,real_estate_agent,studio,0,23.6,6400000.0,271186.4406779661,9.0,10.0,0.9,False,False,Красносельский,Адмирала Черокова,22,Юго-Западная,More,271186.4406779661,15.671808704579888,3.202746442938317
327096192,https://spb.cian.ru/sale/flat/327096192/?context=4.yDDh3Q9QdA4.E-ZsHFDv26nOfYL6pQH8JW2Ts2xNxWAqL4rLwnbBBPE7rdVPGKp1uxD1AJAVpedIeMhlwkn2SVfpaw&mlSearchSessionGuid=2a39d43436514e1b67d022fe41da62dc,cian,2026-05-04T21:42:16.586850+00:00,Санкт-Петербург,Санкт-Петербург,sale,flat,developer,studio,0,23.67,23539815.0,994500.0,4.0,8.0,0.5,False,False,Петроградский,Ремесленная,17литЗ,Спортивная,17/33 Петровский остров,994500.0,16.974203843283274,3.2055879305412653
328648238,https://spb.cian.ru/sale/flat/328648238/?context=4.miIUWBmVq5o.Fs_iy2-0JhdNFeUoFIqApze8oILSeg7vKgkQm9sU_fsA_3jrwi2k0VA_LfOk7YgH1dPVFo3of47RRw&mlSearchSessionGuid=2a39d43436514e1b67d022fe41da62dc,cian,2026-05-04T21:42:16.586850+00:00,Санкт-Петербург,Санкт-Петербург,sale,flat,real_estate_agent,studio,0,22.0,5500000.0,250000.0,2.0,5.0,0.4,False,False,Московский,Волхонское шоссе,3к1,Звездная,PLUS Пулковский,250000.0,15.520258832020865,3.1354942159291497
329620510,https://spb.cian.ru/sale/flat/329620510/?context=4.vk_krN-Rdek.1c82QuoWmiY6cONgIOrTfObblL8nAQZqQLPBitRs8lg2iWfNs5WFjREToej-ZJ1F3KMCi9BDXMgUWA&mlSearchSessionGuid=2a39d43436514e1b67d022fe41da62dc,cian,2026-05-04T21:42:16.586850+00:00,Санкт-Петербург,Санкт-Петербург,sale,flat,realtor,studio,0,29.0,12500000.0,431034.4827586207,3.0,10.0,0.3,False,False,Адмиралтейский,Парфеновская,11к1,Фрунзенская,Квартал Галактика,431034.4827586207,16.341239282272525,3.4011973816621555
329428121,https://spb.cian.ru/sale/flat/329428121/?context=4.6eT0O1ltDbw.RdlYlcwZiw55b9i-LCXpV8LQ7OfOQvAawi2JLtmcPDBUfD13rprY7KIPuewF4evaymR5ZJVXRBWurg&mlSearchSessionGuid=2a39d43436514e1b67d022fe41da62dc,cian,2026-05-04T21:42:16.586850+00:00,Санкт-Петербург,Санкт-Петербург,sale,flat,developer,studio,0,28.26,10624445.0,375953.4677990092,4.0,9.0,0.4444444444444444,False,False,Калининский,проспект Мечникова,40Л,Лесная,Левел Мечникова,375953.4677990092,16.178668130238886,3.3762213955919784
313968635,https://spb.cian.ru/sale/flat/313968635/?context=4.Irf6WfbxaGE.ipRNX2cBUkigf8Q1w1iJSFnaFkezyUlevgUV2N0YI4M7fasm4VDUCgHBXDCbZRZd5JblOYIJib9Rxw&mlSearchSessionGuid=2a39d43436514e1b67d022fe41da62dc,cian,2026-05-04T21:42:16.586850+00:00,Санкт-Петербург,Санкт-Петербург,sale,flat,realtor,studio,0,37.6,11220000.0,298404.25531914894,11.0,11.0,1.0,False,True,Василеостровский,проспект Средний Васильевского острова,87к3,Горный институт,Клубные апартаменты Next,298404.25531914894,16.23320854718538,3.653252276470785
329520611,https://spb.cian.ru/sale/flat/329520611/?context=4.pxtOkSaCKmo.dr1PaKaDfIr5-synXz3rAZpTgA9KqS6xOADJouLFLgAJFCuwkwg_rFgusZGbDRkpSH--_xqnl_PB1A&mlSearchSessionGuid=2a39d43436514e1b67d022fe41da62dc,cian,2026-05-04T21:42:16.586850+00:00,Санкт-Петербург,Санкт-Петербург,sale,flat,homeowner,studio,0,27.5,7000000.0,254545.45454545456,9.0,25.0,0.36,False,False,Приморский,аллея Арцеуловская,21,Комендантский проспект,Чистое небо,254545.45454545456,15.76142084987672,3.349904087274605
326400154,https://spb.cian.ru/sale/flat/326400154/?context=4._PJlRartuPc.MRLX1lF1FUpQ1P5s4dtYPxY7rKtTDdfIul_dvJjqHDV5E8LVXEh8HfaKBBG1L3UATcoWaUIHU9Kq8w&mlSearchSessionGuid=2a39d43436514e1b67d022fe41da62dc,cian,2026-05-04T21:42:16.586850+00:00,Санкт-Петербург,Санкт-Петербург,sale,flat,developer,studio,0,32.28,21283495.0,659339.9938042131,10.0,10.0,1.0,False,True,Василеостровский,Гавань,к1,Горный институт,Легенда Васильевского ЖК,659339.9938042131,16.873442494658583,3.504956615953008
324469570,https://spb.cian.ru/sale/flat/324469570/?context=4.NbSg9xJzjdo.1g8_kDMarQhhSGitHWVsedqWupLw_vCF6KYuUAfHeV3vaZXyxJ_GwOZlcpaJdv7Ea3IjY5AwjY4vsg&mlSearchSessionGuid=2a39d43436514e1b67d022fe41da62dc,cian,2026-05-04T21:42:16.586850+00:00,Санкт-Петербург,Санкт-Петербург,sale,flat,realtor,studio,0,24.2,11949000.0,493760.3305785124,11.0,14.0,0.7857142857142857,False,False,Василеостровский,набережная Миклухо-Маклая,3к1,Приморская,Морская набережная.СиВью,493760.3305785124,16.2961582345209,3.226843994517377
328329579,https://spb.cian.ru/sale/flat/328329579/?context=4.zswrjWgfFiw.9Q5H6x828kd512o1MWfJ56U5wgWKm6Jpvk8qaldKDDg8sbVms-Z3Tcb8pLg0blKL4m4I7h-8wVAFoQ&mlSearchSessionGuid=2a39d43436514e1b67d022fe41da62dc,cian,2026-05-04T21:42:16.586850+00:00,Санкт-Петербург,Санкт-Петербург,sale,flat,realtor,studio,0,28.5,6800000.0,238596.49122807017,7.0,15.0,0.4666666666666667,False,False,Красногвардейский,проспект Энергетиков,2к2,Ладожская,Апарт-отель GloraX Заневский,238596.49122807017,15.732433317205148,3.3843902633457743
322620864,https://spb.cian.ru/sale/flat/322620864/?context=4.9bbopN2gfE4._va_61b8iBDUEqAlUdz2GXmmvgdpa0SBHCmPqjLj8p-luUvOZcfF1pb4VlE9tv9nkt2rQrJd-yoK8w&mlSearchSessionGuid=2a39d43436514e1b67d022fe41da62dc,cian,2026-05-04T21:42:16.586850+00:00,Санкт-Петербург,Санкт-Петербург,sale,flat,developer,studio,0,29.2,11128612.0,381116.8493150685,7.0,17.0,0.4117647058823529,False,False,Московский,Звёздное,,Звездная,Оро бай Аквилон ЖК,381116.8493150685,16.225030097337093,3.407841924380824
329108134,https://spb.cian.ru/sale/flat/329108134/?context=4._d478RbDRFE.gXaiIon1OYSpzXMVG2c7bFkf6rNNuXWI2lDcnesnKaVUFxI4lpRU8w2TI3w8WnbXQ3aL1QNUc6KmiA&mlSearchSessionGuid=2a39d43436514e1b67d022fe41da62dc,cian,2026-05-04T21:42:16.586850+00:00,Санкт-Петербург,Санкт-Петербург,sale,flat,real_estate_agent,studio,0,21.25,5650000.0,265882.35294117645,5.0,17.0,0.2941176470588235,False,False,Невский,Архивная,3к1,Улица Дыбенко,Апарт-комплекс Зум на Неве,265882.35294117645,15.54716628011376,3.1023420086122493
298957965,https://spb.cian.ru/sale/flat/298957965/?context=4.DEppH4d3bFg.Oz5KZwG3u-34rCdTvcDe-42hTiUFZR31TMsqiEDKlTg_GBSA5RnCs2WdmHcH3cY5o_S364_2MtZmkg&mlSearchSessionGuid=2a39d43436514e1b67d022fe41da62dc,cian,2026-05-04T21:42:16.586850+00:00,Санкт-Петербург,Санкт-Петербург,sale,flat,realtor,studio,0,24.8,4200000.0,169354.83870967742,5.0,6.0,0.8333333333333334,False,False,Красносельский,Отважных,10,Юго-Западная,unknown,169354.83870967742,15.250595321348806,3.250374491927572
326400143,https://spb.cian.ru/sale/flat/326400143/?context=4.Az73w2bN2M4.AqbkcoDyyCR_hRbrCtTCxrI6sQhZ6uZsX2ZVxEZBacMTB6Y5ku_W0wt-E7YE-Jr8GT1Sd6t0xONP2w&mlSearchSessionGuid=2a39d43436514e1b67d022fe41da62dc,cian,2026-05-04T21:42:16.586850+00:00,Санкт-Петербург,Санкт-Петербург,sale,flat,developer,studio,0,30.43,17116875.0,562500.0,10.0,10.0,1.0,False,True,Василеостровский,Гавань,к1,Горный институт,Легенда Васильевского ЖК,562500.0,16.65557543539147,3.447762850809476
325749869,https://spb.cian.ru/sale/flat/325749869/?context=4.1rPO6bQ7x0A.N1fy7TjN_xUoLSi1W6ESEs_atMQZgfzgWU1Vd9aqF6Uh1XL15vzDQB5jXHtqM6u8lclWL5LQPHkBMg&mlSearchSessionGuid=2a39d43436514e1b67d022fe41da62dc,cian,2026-05-04T21:42:16.586850+00:00,Санкт-Петербург,Санкт-Петербург,sale,flat,real_estate_agent,studio,0,27.0,6400000.0,237037.03703703705,8.0,14.0,0.5714285714285714,False,False,Красногвардейский,проспект Энергетиков,8к2,Ладожская,Ladozhsky AVENIR,237037.03703703705,15.671808704579888,3.332204510175204
310936524,https://spb.cian.ru/sale/flat/310936524/?context=4.79jepO9B1N0.Ftrm8dNTQlcKvl4qLIS98pCmI2uIqQ4MuUZbnNXGofRVL-4Hl2DL6ORzKUIPa40NJZc6eDoW5wGQrA&mlSearchSessionGuid=2a39d43436514e1b67d022fe41da62dc,cian,2026-05-04T21:42:16.586850+00:00,Санкт-Петербург,Санкт-Петербург,sale,flat,real_estate_agent,studio,0,19.9,6950000.0,349246.2311557789,2.0,5.0,0.4,False,False,Центральный,5-я Советская,19,Площадь Восстания,unknown,349246.2311557789,15.754252361425856,3.039749158970765
322621602,https://spb.cian.ru/sale/flat/322621602/?context=4.6WuiApO1pFI.IgPWlKEpbxgSXxpX1Y38m15PF03PN0g-89pKx9HKXtQx81Hql_hmTtn_ShOtfhA3vanTtbK3GMK41Q&mlSearchSessionGuid=2a39d43436514e1b67d022fe41da62dc,cian,2026-05-04T21:42:16.586850+00:00,Санкт-Петербург,Санкт-Петербург,sale,flat,developer,studio,0,29.4,9590757.0,326216.2244897959,12.0,12.0,1.0,False,True,Московский,Среднерогатская,11к2,Звездная,Аквилон Leaves,326216.2244897959,16.076310484403432,3.414442608412176
328453455,https://spb.cian.ru/sale/flat/328453455/?context=4.-0dc1L9G314.Qr83AjfLz7Oh5IL5SASDpuAGmTw8Ota5stikdAlbvcONc2n7Mb9z0eAEeEy47u63XWlkQK9OJDZhug&mlSearchSessionGuid=2a39d43436514e1b67d022fe41da62dc,cian,2026-05-04T21:42:16.586850+00:00,Санкт-Петербург,Санкт-Петербург,sale,flat,realtor,studio,0,26.3,11100000.0,422053.23193916347,5.0,10.0,0.5,False,False,Центральный,Херсонский проезд,6,Площадь Александра Невского,Апартаменты VIDI,422053.23193916347,16.22245575637265,3.3068867021909143
324556011,https://spb.cian.ru/sale/flat/324556011/?context=4.VjnzhgeQLXo.ysrxnd30VRoedRePDvfBRN1-aRLVtFxb55oRRBicZSUxnQIgHPAywGRZrU1zsNsLSiAfDuiSR7944Q&mlSearchSessionGuid=2a39d43436514e1b67d022fe41da62dc,cian,2026-05-04T21:42:16.586850+00:00,Санкт-Петербург,Санкт-Петербург,sale,flat,real_estate_agent,studio,0,37.2,6800000.0,182795.6989247312,3.0,6.0,0.5,False,False,Фрунзенский,Прилукская,35,Обводный канал,unknown,182795.6989247312,15.732433317205148,3.6428355156125294
319861031,https://spb.cian.ru/sale/flat/319861031/?context=4.7o7W8C_2uAM.UI7x5lOsO0ScED7NS4s_rluDYkfk2wSx6H74d8qgEcybX58Kg8MDRbe_38HAOe6ZdwVdYzlaphwLuQ&mlSearchSessionGuid=2a39d43436514e1b67d022fe41da62dc,cian,2026-05-04T21:42:16.586850+00:00,Санкт-Петербург,Санкт-Петербург,sale,flat,developer,studio,0,27.6,13423978.0,486376.0144927536,3.0,10.0,0.3,False,False,Фрунзенский,Курская,27,Обводный канал,Дом на Курской,486376.0144927536,16.412553143325564,3.353406717825807
325227159,https://spb.cian.ru/sale/flat/325227159/?context=4.xmg66eDOw_w.bVpo06HaIAgaF0KYpUpchvpuuF-42JuR5ZUaZHqYUny3_T3rkWZZdTH8aY-Ox0JapQqSsPsKAtYdsw&mlSearchSessionGuid=2a39d43436514e1b67d022fe41da62dc,cian,2026-05-04T21:42:16.586850+00:00,Санкт-Петербург,Санкт-Петербург,sale,flat,realtor,studio,0,23.6,5790000.0,245338.98305084743,5.0,12.0,0.4166666666666667,False,False,Пушкинский,Чудовская,14к1,Звездная,Монография,245338.98305084743,15.571643022260735,3.202746442938317
319859551,https://spb.cian.ru/sale/flat/319859551/?context=4.m0-B-UECwTI.8Uqc6clKp1TDh4CmTXb_8Axp-g-ni1mFEkt_lCDdba1a5b1GkRRTfjdLHKj_lWIv1pWeYHqry43LDQ&mlSearchSessionGuid=2a39d43436514e1b67d022fe41da62dc,cian,2026-05-04T21:42:16.586850+00:00,Санкт-Петербург,Санкт-Петербург,sale,flat,developer,studio,0,25.77,10099263.0,391900.0,14.0,15.0,0.9333333333333332,False,False,Калининский,Финляндский,,Лесная,Квартал бизнес-класса Б15,391900.0,16.127973107869117,3.2872818575322613
328955064,https://spb.cian.ru/sale/flat/328955064/?context=4.0HlteLIJJmo.M9ZhR6ZVtQ3iSUXizWGWuswEeOta1nYWsR1C_bWEJpxJ0ZE9knlUXbJJh_hGyBhKpl1Hq7fk1Wsq4A&mlSearchSessionGuid=2a39d43436514e1b67d022fe41da62dc,cian,2026-05-04T21:42:16.586850+00:00,Санкт-Петербург,Санкт-Петербург,sale,flat,real_estate_agent,studio,0,24.19,5800000.0,239768.49937990904,2.0,5.0,0.4,False,False,Московский,Пулковское шоссе,99к6,Московская,Парадный ансамбль,239768.49937990904,15.573368647930426,3.226447090364519
319291752,https://spb.cian.ru/sale/flat/319291752/?context=4.wOANrxffbwk.KpUvoOrz4glFf8bDTb0lEpSdjXZ1edxmGYRuZ9rSkBqPUybjpbnvw-r87-tAvkFFZ6ceMmwfyR9v8g&mlSearchSessionGuid=2a39d43436514e1b67d022fe41da62dc,cian,2026-05-04T21:42:16.586850+00:00,Санкт-Петербург,Санкт-Петербург,sale,flat,developer,studio,0,31.37,5539999.0,176601.81702263307,1.0,15.0,0.0666666666666666,True,False,Выборгский,unknown,,Проспект Просвещения,Глоракс Парголово ЖК,176601.81702263307,15.527505058723468,3.477232067938153
328548735,https://spb.cian.ru/sale/flat/328548735/?context=4.QyT9TJuRaQQ.EF2p5S7joCZtbdHqtW7xmQG3ytT5CX5gXsqKLZoETMqrYFBpkoXmvSpEOP_BDwPADl-rWw8eVP2uzA&mlSearchSessionGuid=2a39d43436514e1b67d022fe41da62dc,cian,2026-05-04T21:42:16.586850+00:00,Санкт-Петербург,Санкт-Петербург,sale,flat,real_estate_agent,studio,0,25.9,5380000.0,207722.0077220077,4.0,5.0,0.8,False,False,Московский,Волхонское шоссе,23к1,Купчино,Парадный ансамбль,207722.0077220077,15.498199118011556,3.292126286607793
329324030,https://spb.cian.ru/sale/flat/329324030/?context=4.puSeQLzAJNM.yhwyBR5SgVHik7SYpyGw_AzFmwFyjhzjwLzvd8wnMwomU_3exdJ_x2shEB9VXt8GmIY05JLvQCQUsw&mlSearchSessionGuid=2a39d43436514e1b67d022fe41da62dc,cian,2026-05-04T21:42:16.586850+00:00,Санкт-Петербург,Санкт-Петербург,sale,flat,homeowner,studio,0,21.6,4490000.0,207870.3703703704,21.0,24.0,0.875,False,False,Красногвардейский,Полюстрово,8к2,Девяткино,Цветной Город,207870.3703703704,15.317363482435562,3.1179499062782403
327310670,https://spb.cian.ru/sale/flat/327310670/?context=4.I0MDKbiebFo.zu8LW7aZfjkoIu5ZLjHWzx6uNby8o3eHUrMbYhPo2nKPg60N2dD9Eq5yZRCVBXb0DAGzh92aEdhxIQ&mlSearchSessionGuid=2a39d43436514e1b67d022fe41da62dc,cian,2026-05-04T21:42:16.586850+00:00,Санкт-Петербург,Санкт-Петербург,sale,flat,developer,studio,0,27.69,16890900.0,610000.0,5.0,10.0,0.5,False,False,Адмиралтейский,Перевозная,,Садовая,Остров первых,610000.0,16.642285632535838,3.3565486299932736
326518328,https://spb.cian.ru/sale/flat/326518328/?context=4.4fkHBIAXf94.ZI7Fq-d6BDvkqxr1AlubI-yPpwqMHnudSUIuvUgoUDGt8qNqn7_lU7v6Lmyb5o2PeblVLcuwdJF7Bg&mlSearchSessionGuid=2a39d43436514e1b67d022fe41da62dc,cian,2026-05-04T21:42:16.586850+00:00,Санкт-Петербург,Санкт-Петербург,sale,flat,real_estate_agent,studio,0,24.65,7200000.0,292089.2494929006,11.0,12.0,0.9166666666666666,False,False,Приморский,проспект Орлово-Денисовский,20к1,Проспект Просвещения,Бионика Заповедная,292089.2494929006,15.789591722875162,3.2445435716167785
327230563,https://spb.cian.ru/sale/flat/327230563/?context=4.VGKlIMBKEJU.tSZan89BJ9KL8ptl4EN26kU90FT7pMMds696dZ4eUUAGlVHcBIcXv3B2zf_GXM7PsBVcWd7pXmt5aQ&mlSearchSessionGuid=2a39d43436514e1b67d022fe41da62dc,cian,2026-05-04T21:42:16.586850+00:00,Санкт-Петербург,Санкт-Петербург,sale,flat,real_estate_agent,studio,0,27.7,5300000.0,191335.74007220217,1.0,8.0,0.125,True,False,Красносельский,проспект Буденного,23к1,Юго-Западная,Солнечный город,191335.74007220217,15.483217567201578,3.3568971227655755
323563068,https://spb.cian.ru/sale/flat/323563068/?context=4.4Dw_DTcR5lc.1J-4XyiDGTRJduHcnx251BtHrBh2z10XUeUcL9pwSNkdT80BeUT4tBCJpIMgBa__q4olRVifumpOJw&mlSearchSessionGuid=2a39d43436514e1b67d022fe41da62dc,cian,2026-05-04T21:42:16.586850+00:00,Санкт-Петербург,Санкт-Петербург,sale,flat,developer,studio,0,20.25,8394435.0,414540.0,11.0,17.0,0.6470588235294118,False,False,Василеостровский,Морской,,Приморская,Новая Земля ЖК,414540.0,15.943079663389977,3.056356895370426
328742361,https://spb.cian.ru/sale/flat/328742361/?context=4.wT47jqd1QnE.Fnjy5zhLFdyTvRh1QUXzHSL7cqdwGRlkvlhQG_1-uo_B1VxRA54TfuQmFfam5IveV23cxvHAMHhylw&mlSearchSessionGuid=2a39d43436514e1b67d022fe41da62dc,cian,2026-05-04T21:42:16.586850+00:00,Санкт-Петербург,Санкт-Петербург,sale,flat,real_estate_agent,studio,0,24.55,7050000.0,287169.04276985745,12.0,12.0,1.0,False,True,Приморский,проспект Орлово-Денисовский,20к1,Проспект Просвещения,Бионика Заповедная,287169.04276985745,15.768538316632412,3.2406373166497136
315713743,https://spb.cian.ru/sale/flat/315713743/?context=4.xWP478tsjo4.TyFvkr9FgZ4kzsVUB7pnW4m5zvHZ7DjeM6xy6pb2IgclUipn_YccnlUMG0PG2sLqoW7URcyG-cWIQA&mlSearchSessionGuid=2a39d43436514e1b67d022fe41da62dc,cian,2026-05-04T21:42:16.586850+00:00,Санкт-Петербург,Санкт-Петербург,sale,flat,developer,studio,0,30.1,6319946.0,209964.9833887043,2.0,17.0,0.1176470588235294,False,False,Невский,Архивная,3к1,Улица Дыбенко,Апарт-комплекс Зум на Неве,209964.9833887043,15.659221380011928,3.4372078191851885
309824190,https://spb.cian.ru/sale/flat/309824190/?context=4.YbpGqrWnWSI.2Y-bf_O007TF8mxKahyYheAGGpJ3qWOioue899B0buuLPha9-ekBfp4Woo5SVPi_5hNqVvV5yDbkeQ&mlSearchSessionGuid=2a39d43436514e1b67d022fe41da62dc,cian,2026-05-04T21:42:16.586850+00:00,Санкт-Петербург,Санкт-Петербург,sale,flat,developer,studio,0,23.6,14606465.0,618918.0084745763,10.0,12.0,0.8333333333333334,False,False,Курортный,Приморское шоссе,570Л,unknown,МФК Морская ривьера,618918.0084745763,16.496974865349948,3.202746442938317
328371035,https://spb.cian.ru/sale/flat/328371035/?context=4.TObg_DkiqnM.RVQWqHKn48JPt0Ewg58Hg4Dnog0lqzT-x01orVOXQvmfc9rvcTZD-UXcVXYn9DiI8ldZLX74NjkBOw&mlSearchSessionGuid=2a39d43436514e1b67d022fe41da62dc,cian,2026-05-04T21:42:16.586850+00:00,Санкт-Петербург,Санкт-Петербург,sale,flat,real_estate_agent,studio,0,34.1,13700000.0,401759.5307917888,8.0,10.0,0.8,False,False,Выборгский,Большой Сампсониевский проспект,77,Лесная,Георг Ландрин,401759.5307917888,16.432906463791053,3.55820113047182
325588747,https://spb.cian.ru/sale/flat/325588747/?context=4.8ORYvMdDLU0.Uzj43_X-NtlEr_vNwO8BRzriXbr5NhIfVhKp-5j1BGEziQHweCpri4x9VXRUep1UUyZ788Q5dweTZg&mlSearchSessionGuid=2a39d43436514e1b67d022fe41da62dc,cian,2026-05-04T21:42:16.586850+00:00,Санкт-Петербург,Санкт-Петербург,sale,flat,homeowner,studio,0,29.1,4970000.0,170790.37800687284,4.0,12.0,0.3333333333333333,False,False,Курортный,Токарева,15,Беговая,unknown,170790.37800687284,15.418930599280037,3.40452517175483
326828745,https://spb.cian.ru/sale/flat/326828745/?context=4.cthKYXZeDs8.yvOPWJuFMd7xxOiBbml_QRKMxBreypwF_cSu8gBPoDH2Eme0C3yKcqmolol6-AFxdk_CynMw0f4UtQ&mlSearchSessionGuid=2a39d43436514e1b67d022fe41da62dc,cian,2026-05-04T21:42:16.586850+00:00,Санкт-Петербург,Санкт-Петербург,sale,flat,developer,studio,0,31.76,13300000.0,418765.74307304784,3.0,12.0,0.25,False,False,Василеостровский,Морской,,Приморская,Северный Ветер ЖК,418765.74307304784,16.40327466837995,3.4892082589848687
325906661,https://spb.cian.ru/sale/flat/325906661/?context=4.6TonaWdgllw.TtCOyTXODFXGE5INVPgRBKNfPl8VLEKh-PR2jbN24MWEZv6ELTGoznY1J4KW-1mES0OkFCjTOMHVUg&mlSearchSessionGuid=2a39d43436514e1b67d022fe41da62dc,cian,2026-05-04T21:42:16.586850+00:00,Санкт-Петербург,Санкт-Петербург,sale,flat,real_estate_agent,studio,0,24.5,12800000.0,522448.9795918368,5.0,10.0,0.5,False,False,Василеостровский,26-я Васильевского острова линия,7,Горный институт,Палацио,522448.9795918368,16.36495580701484,3.2386784521643803
310175642,https://spb.cian.ru/sale/flat/310175642/?context=4.qTBZNd9Ao5U.JLrU5qBLyf8Xnina4pj2oTpD1u7qX1vE7v71sxL_7jTeio9bIbMDgHnR4yE0922kF-0jqeCNS5Q6lg&mlSearchSessionGuid=2a39d43436514e1b67d022fe41da62dc,cian,2026-05-04T21:42:16.586850+00:00,Санкт-Петербург,Санкт-Петербург,sale,flat,real_estate_agent,studio,0,26.1,4800000.0,183908.0459770115,11.0,23.0,0.4782608695652174,False,False,Невский,Варфоломеевская,6,Ломоносовская,Апарт-отель Начало,183908.0459770115,15.38412668421143,3.299533727885655
325856991,https://spb.cian.ru/sale/flat/325856991/?context=4.nLGWEub96Ow.35ecxgQ_M80Rr_txPfCdcbe7ZdlJ9CdwV5FKdun-wM686ozkP5aCW5OkoN3JbSnQaaHGvf1AeJkVKQ&mlSearchSessionGuid=2a39d43436514e1b67d022fe41da62dc,cian,2026-05-04T21:42:16.586850+00:00,Санкт-Петербург,Санкт-Петербург,sale,flat,developer,studio,0,34.81,15640000.0,449296.1792588336,6.0,16.0,0.375,False,False,Василеостровский,Морской,,Приморская,Северный Ветер ЖК,449296.1792588336,16.565342357020057,3.578227184010341
328359985,https://spb.cian.ru/sale/flat/328359985/?context=4.0e3J-i8u4ic.z4lbpTqESmAYe0QUvPT6KALUWEURNEvcPDUpDoYQks6cjZcvqQFNAczj2Cg8IPGpXOYqFf-hhNI-SA&mlSearchSessionGuid=2a39d43436514e1b67d022fe41da62dc,cian,2026-05-04T21:42:16.586850+00:00,Санкт-Петербург,Санкт-Петербург,sale,flat,real_estate_agent,studio,0,30.0,13800000.0,460000.0,10.0,12.0,0.8333333333333334,False,False,Приморский,Белоостровская,7,Лесная,unknown,460000.0,16.440179222591198,3.4339872044851463
327607025,https://spb.cian.ru/sale/flat/327607025/?context=4.AJHzioa4GmU.R-CdIfjFbLqYixq215sjcaX5kwiSVo16AT36Y4kXYx36N-P3DI81isAq_aVSn-fjJAyCcQEPjyxchA&mlSearchSessionGuid=2a39d43436514e1b67d022fe41da62dc,cian,2026-05-04T21:42:16.586850+00:00,Санкт-Петербург,Санкт-Петербург,sale,flat,real_estate_agent,studio,0,29.0,8550000.0,294827.5862068966,6.0,10.0,0.6,False,False,Московский,Среднерогатская,13к1,Звездная,Триумф Парк,294827.5862068966,15.961441957872,3.4011973816621555
326074408,https://spb.cian.ru/sale/flat/326074408/?context=4.sFXajCcniSo.viWlSOmcZn6l5ls-7exmwqlTKhbysD-Vz8HU5eA__R1WKEyxYY8yWa2o8_bvAzi06VwKvSvBfhwbfQ&mlSearchSessionGuid=2a39d43436514e1b67d022fe41da62dc,cian,2026-05-04T21:42:16.586850+00:00,Санкт-Петербург,Санкт-Петербург,sale,flat,developer,studio,0,25.09,19193850.0,765000.0,10.0,10.0,1.0,False,True,Центральный,Новгородская,14,Площадь Александра Невского,Гильдия,765000.0,16.770100525287024,3.261552099148637
324914646,https://spb.cian.ru/sale/flat/324914646/?context=4.0wTdljGmx8U.DkO_1qQb0UbOIQiM36NwfYOJSCkOJINzzcX2glxI5eLPn7VvcbKtLXJjp8Of_fzXPFL6QBS3lUd6XA&mlSearchSessionGuid=2a39d43436514e1b67d022fe41da62dc,cian,2026-05-04T21:42:16.586850+00:00,Санкт-Петербург,Санкт-Петербург,sale,flat,real_estate_agent,studio,0,21.4,6200000.0,289719.6261682243,7.0,12.0,0.5833333333333334,False,False,Приморский,проспект Орлово-Денисовский,18к2,Проспект Просвещения,Бионика Заповедная,289719.6261682243,15.64006001130563,3.109060958860994
326201984,https://spb.cian.ru/sale/flat/326201984/?context=4.oAC7K51TvMk.GzDJGj5_WJmIylGBj5St0T5EW4GPQzizongURR51BA1piMSf3SevH1d73rZ_mkbzx9tk0-yGlkApcA&mlSearchSessionGuid=2a39d43436514e1b67d022fe41da62dc,cian,2026-05-04T21:42:16.586850+00:00,Санкт-Петербург,Санкт-Петербург,sale,flat,homeowner,studio,0,26.5,7999990.0,301886.41509433964,1.0,11.0,0.0909090909090909,True,False,Приморский,Студенческая,26к2,Лесная,TARMO,301886.41509433964,15.894950974643477,3.3141860046725258
328696845,https://spb.cian.ru/sale/flat/328696845/?context=4.sPcPBGLbKS0.HSdOkxJ6aovB6dDVsxk8PQ4Y6uVUBKCh2jMYcNbRM3NQlRl9Du5podgzapkfn22iD7TFHwoFWmoagQ&mlSearchSessionGuid=2a39d43436514e1b67d022fe41da62dc,cian,2026-05-04T21:42:16.586850+00:00,Санкт-Петербург,Санкт-Петербург,sale,flat,homeowner,studio,0,26.6,14999999.0,563909.7368421053,2.0,8.0,0.25,False,False,Петроградский,Ремесленная,15,Спортивная,NEVA RESIDENCE,563909.7368421053,16.523560759066484,3.317815772723105
312808949,https://spb.cian.ru/sale/flat/312808949/?context=4.aZP3zx8Yhbo.a98bnm4TosY-XkOrb0RgR8vnJN38oVyxKLhRbexPjMwNDC_VKfHnJLkf8fuZwkTVCXe6eI3Tbn3Gyw&mlSearchSessionGuid=2a39d43436514e1b67d022fe41da62dc,cian,2026-05-04T21:42:16.586850+00:00,Санкт-Петербург,Санкт-Петербург,sale,flat,realtor,studio,0,29.8,10599000.0,355671.14093959733,4.0,11.0,0.3636363636363636,False,False,Василеостровский,набережная Макарова,60,Приморская,Docklands,355671.14093959733,16.17627030935791,3.427514689979529
320457428,https://spb.cian.ru/sale/flat/320457428/?context=4.VGVtZLHkkwI.hAJV_h6_01tT3oDaGqXexIoGKnh3SF809B5fJvr7IBHA-LWT98XqtJgOZd839j0uwSddqyw3PRYWnw&mlSearchSessionGuid=2a39d43436514e1b67d022fe41da62dc,cian,2026-05-04T21:42:16.586850+00:00,Санкт-Петербург,Санкт-Петербург,sale,flat,developer,studio,0,24.68,10582898.0,428804.6191247974,12.0,15.0,0.8,False,False,Калининский,Финляндский,5,Лесная,Аурум ЖК,428804.6191247974,16.174749954422648,3.2457124788217606
328464231,https://spb.cian.ru/sale/flat/328464231/?context=4.42VJT7U9Tfk.YqeFY8dY51Ccjg5_dtrpUopuKOsh0JkFFnL2IIi2DAZQK5dLF96sc6RGRjaEiop9Rdi_cfeATeSfhA&mlSearchSessionGuid=2a39d43436514e1b67d022fe41da62dc,cian,2026-05-04T21:42:16.586850+00:00,Санкт-Петербург,Санкт-Петербург,sale,flat,homeowner,studio,0,27.0,8790000.0,325555.5555555556,3.0,16.0,0.1875,False,False,Невский,проспект Александровской фермы,8,Пролетарская,Green City,325555.5555555556,15.989125383426996,3.332204510175204
329128736,https://spb.cian.ru/sale/flat/329128736/?context=4.BcVTIT-KASU.rBqlqkIyJ4EgHwoRauMLDp2RJTRtTUgJM1oS6uogOuYpXeCVBRIdbdB1hs9TmYWeJKmu6XtTb6Qt_Q&mlSearchSessionGuid=2a39d43436514e1b67d022fe41da62dc,cian,2026-05-04T21:42:16.586850+00:00,Санкт-Петербург,Санкт-Петербург,sale,flat,real_estate_agent,studio,0,24.5,6150000.0,251020.4081632653,1.0,25.0,0.04,True,False,Приморский,Плесецкая,20к1,Комендантский проспект,Чистое небо,251020.4081632653,15.631962802384312,3.2386784521643803
328798459,https://spb.cian.ru/sale/flat/328798459/?context=4.lZ9w_20JQ1U.cSTptY_Rc8eNSoVUlN2EdfC8ysnY85zR2_7C_Y_ord_oB6Zw1KG3N8lb-WD6sJg1vexPX0uQOAdsSg&mlSearchSessionGuid=2a39d43436514e1b67d022fe41da62dc,cian,2026-05-04T21:42:16.586850+00:00,Санкт-Петербург,Санкт-Петербург,sale,flat,real_estate_agent,studio,0,11.0,3250000.0,295454.54545454547,1.0,3.0,0.3333333333333333,True,False,Невский,Ольминского,6,Елизаровская,unknown,295454.54545454547,14.99416586199818,2.4849066497880004
329465643,https://spb.cian.ru/sale/flat/329465643/?context=4.BDfuyTKi6Z4._dbzn_ZhB-O6q7Ej-uYxkP8_T1GlRqpfnHrvhEfvBq9upqKFrl2Hx9Ui4l3Llp-xIh1973o-8LfdHw&mlSearchSessionGuid=2a39d43436514e1b67d022fe41da62dc,cian,2026-05-04T21:42:16.586850+00:00,Санкт-Петербург,Санкт-Петербург,sale,flat,real_estate_agent,studio,0,24.7,5290000.0,214170.04048583,7.0,13.0,0.5384615384615384,False,False,Красносельский,Летчика Лихолетова,14к4,Юго-Западная,Солнечный город,214170.04048583,15.48132899287038,3.246490991901174
309824135,https://spb.cian.ru/sale/flat/309824135/?context=4.cf3A4WfV8Xo.u72j2k3TheO2Mce1yATaU6Y1antZrjW5F9V92ivq0IkNeFpO6W6GPt4F_MDK3UlumfzlX4A5i_S1oA&mlSearchSessionGuid=2a39d43436514e1b67d022fe41da62dc,cian,2026-05-04T21:42:16.586850+00:00,Санкт-Петербург,Санкт-Петербург,sale,flat,developer,studio,0,49.1,30247763.0,616044.0529531568,12.0,12.0,1.0,False,True,Курортный,Приморское шоссе,570Л,unknown,МФК Морская ривьера,616044.0529531568,17.22493282235373,3.914021008090819
329598013,https://spb.cian.ru/sale/flat/329598013/?context=4.aEljl2Ut718.FSL_2D-eF0TC1twIcSAk1DOfjqmWPOavVFGhhGI5eX6w3V-7ONiqih6HbZElWyl4mILjCviZ8uwnww&mlSearchSessionGuid=2a39d43436514e1b67d022fe41da62dc,cian,2026-05-04T21:42:16.586850+00:00,Санкт-Петербург,Санкт-Петербург,sale,flat,real_estate_agent,studio,0,25.7,8000000.0,311284.046692607,4.0,19.0,0.2105263157894736,False,False,Московский,Среднерогатская,14к1,Звездная,4YOU,311284.046692607,15.894952224644102,3.284663565406204
325672748,https://spb.cian.ru/sale/flat/325672748/?context=4.biYLAqptPtc.OesUr3-RFdNh2LNZTbVVoNZPlHpHU0bDS2tmrO1S_fnO8vxX9LkxCD6RwQpK-c3zSWzJJnJ0LLw42A&mlSearchSessionGuid=2a39d43436514e1b67d022fe41da62dc,cian,2026-05-04T21:42:16.586850+00:00,Санкт-Петербург,Санкт-Петербург,sale,flat,developer,studio,0,32.4,4483800.0,138388.8888888889,6.0,11.0,0.5454545454545454,False,False,Пушкинский,Московское шоссе,262к4,Шушары,Полет,138388.8888888889,15.315981682171524,3.5085558999826545
328572375,https://spb.cian.ru/sale/flat/328572375/?context=4.n-TEAOqIop0.x8HcSgKNDZgJHItOw7x83TcvJbrcw3Zkdci09m7vtQgVVhCP5H-2jCJcBXWSk4G_K_lwlUsObTSJ5Q&mlSearchSessionGuid=2a39d43436514e1b67d022fe41da62dc,cian,2026-05-04T21:42:16.586850+00:00,Санкт-Петербург,Санкт-Петербург,sale,flat,unknown,studio,0,29.9,10700000.0,357859.5317725753,5.0,6.0,0.8333333333333334,False,False,Василеостровский,проспект Крузенштерна,13,Приморская,GloraX Василеостровский,357859.5317725753,16.185754392890075,3.4307561839036995
320459068,https://spb.cian.ru/sale/flat/320459068/?context=4.sfFfVJJWsh0.awUSVW1HBQDvt4znJ-2FaBqSysReV9RRn4_PaGHRVWoWSzQAeDalz3MTkiwqaq7hFCrMsvYJHKCYWQ&mlSearchSessionGuid=2a39d43436514e1b67d022fe41da62dc,cian,2026-05-04T21:42:16.586850+00:00,Санкт-Петербург,Санкт-Петербург,sale,flat,developer,studio,0,23.34,10552953.0,452140.2313624679,13.0,17.0,0.7647058823529411,False,False,Калининский,Финляндский,,Лесная,Аурум ЖК,452140.2313624679,16.171916378693666,3.1921210875593813
327760721,https://spb.cian.ru/sale/flat/327760721/?context=4.fEzrcEWLaNI.mKutTC-YLtLdAsjfW2oynb-6VE7u-FxHH8pyV1_ZXNAmLjj6Qe4mzYr_AbVLCLDeIFRg8jw5cAvSwA&mlSearchSessionGuid=2a39d43436514e1b67d022fe41da62dc,cian,2026-05-04T21:42:16.586850+00:00,Санкт-Петербург,Санкт-Петербург,sale,flat,homeowner,studio,0,25.1,17900000.0,713147.4103585657,3.0,7.0,0.4285714285714285,False,False,Петроградский,Профессора Попова,38,Петроградская,ID Petrogradskaya,713147.4103585657,16.700311326676903,3.261935314328648
329169182,https://spb.cian.ru/sale/flat/329169182/?context=4.2ktAI87LBHk.hJ9DeXRayvcnQv6qSUVlBpv9lNU6Vt6FmhZqhTFXlT7aucw1Vz0yaXeLZx53fb3lVWo-AsepemO1tQ&mlSearchSessionGuid=2a39d43436514e1b67d022fe41da62dc,cian,2026-05-04T21:42:16.586850+00:00,Санкт-Петербург,Санкт-Петербург,sale,flat,real_estate_agent,studio,0,19.8,5600000.0,282828.2828282828,12.0,25.0,0.48,False,False,Приморский,набережная Реки Каменки,19к3,Проспект Просвещения,Заповедный парк,282828.2828282828,15.53827733427679,3.0349529867072724
315714422,https://spb.cian.ru/sale/flat/315714422/?context=4.UV9ZUtw53sQ.7Cd2tv-VyT2QPWMMCVagUME2Ug6YuisxcbvsUOgHATw9-9gvkZVV5mb6VQjL-ou_Fb3NFxNkd9wlQA&mlSearchSessionGuid=2a39d43436514e1b67d022fe41da62dc,cian,2026-05-04T21:42:16.586850+00:00,Санкт-Петербург,Санкт-Петербург,sale,flat,developer,studio,0,28.3,6414478.0,226660.0,16.0,17.0,0.9411764705882352,False,False,Невский,Архивная,3к1,Улица Дыбенко,Апарт-комплекс Зум на Неве,226660.0,15.67406833683345,3.3775875160230218
327180459,https://spb.cian.ru/sale/flat/327180459/?context=4.xoQUVO2QoWQ.LG-GKOYNAnFxvEP_R0qF6E5LfXR6Wyx_KR_pZw3urck_9J7VG7wsAjsKTO3FmpLHMCltxSwogBwYaw&mlSearchSessionGuid=2a39d43436514e1b67d022fe41da62dc,cian,2026-05-04T21:42:16.586850+00:00,Санкт-Петербург,Санкт-Петербург,sale,flat,real_estate_agent,studio,0,21.1,7700000.0,364928.9099526066,7.0,15.0,0.4666666666666667,False,False,Василеостровский,проспект Крузенштерна,4,Приморская,Морская набережная,364928.9099526066,15.856731016694036,3.095577608523707
327152276,https://spb.cian.ru/sale/flat/327152276/?context=4.7_vMmyQ9oTM.D6U2gfsGpMxW6Dr2ZVIPDl0AX_h0iyww5SZBtt5OQ_f44SSAVv0MevQt-3lwe3amPObPgrQ08TXtJg&mlSearchSessionGuid=2a39d43436514e1b67d022fe41da62dc,cian,2026-05-04T21:42:16.586850+00:00,Санкт-Петербург,Санкт-Петербург,sale,flat,real_estate_agent,studio,0,18.0,6300000.0,350000.0,2.0,5.0,0.4,False,False,Центральный,Достоевского,30,Владимирская,unknown,350000.0,15.656060350091908,2.9444389791664403
329339299,https://spb.cian.ru/sale/flat/329339299/?context=4.OYceXbwU5wA.as_O6PjJjj8o2JupeIw2kqbA8BaauweqdqubXn9V654G-gCI6Eu9Z7nXD6_0qWvIv1aybpPlwPukFg&mlSearchSessionGuid=2a39d43436514e1b67d022fe41da62dc,cian,2026-05-04T21:42:16.586850+00:00,Санкт-Петербург,Санкт-Петербург,sale,flat,developer,studio,0,21.5,5350000.0,248837.2093023256,4.0,13.0,0.3076923076923077,False,False,Кировский,Автово,,Кировский завод,Industrial AVENIR,248837.2093023256,15.49260730578806,3.1135153092103742
328880934,https://spb.cian.ru/sale/flat/328880934/?context=4.gcVjsetMWg8.ZOzZvKMIKK8OdKomsA-TZWOU2yh1wzbv5XP_L_6C1lM__bR-MsGKOMaJbae73nT71fUojR3UnhG-QA&mlSearchSessionGuid=2a39d43436514e1b67d022fe41da62dc,cian,2026-05-04T21:42:16.586850+00:00,Санкт-Петербург,Санкт-Петербург,sale,flat,realtor,studio,0,23.9,6250000.0,261506.27615062764,16.0,24.0,0.6666666666666666,False,False,Приморский,Плесецкая,10,Комендантский проспект,Полис на Комендантском,261506.27615062764,15.648092181712572,3.214867803470662
324747256,https://spb.cian.ru/sale/flat/324747256/?context=4.4hnVhq6s-MQ.3A_MGMPbbU4p5zcrkEoh2zEK6fKnlH_JrLMOIA7Gq0YJiB2eAufXwoDIvYtmj9BPWSObIKPb8nKH5w&mlSearchSessionGuid=2a39d43436514e1b67d022fe41da62dc,cian,2026-05-04T21:42:16.586850+00:00,Санкт-Петербург,Санкт-Петербург,sale,flat,real_estate_agent,studio,0,21.0,3950000.0,188095.2380952381,22.0,25.0,0.88,False,False,Красногвардейский,Полюстрово,29,Девяткино,Цветной Город,188095.2380952381,15.18922639004183,3.091042453358316
326663160,https://spb.cian.ru/sale/flat/326663160/?context=4.u32IiWQxfEY.lrLGlOWILFm-vPs5lQROdSmgmy92RDMFacCKM0ExP_LLDZgMfL78k64FhIdbCwfL3TPNgIx9qLolvg&mlSearchSessionGuid=2a39d43436514e1b67d022fe41da62dc,cian,2026-05-04T21:42:16.586850+00:00,Санкт-Петербург,Санкт-Петербург,sale,flat,developer,studio,0,27.2,7166266.0,263465.6617647059,12.0,12.0,1.0,False,True,Пушкинский,проспект Старорусский,1,Звездная,Ол ин 3.0,263465.6617647059,15.78489543543286,3.339321977944068
328760229,https://spb.cian.ru/sale/flat/328760229/?context=4.orF5peEhRlI.E8cqWDbmYaQhU6QoGcEa6kDW8lzH6pj-_gzXWlmXbKs8XkSj7AExmrGAAkXXlel0hogP9MGz6WIQ0Q&mlSearchSessionGuid=2a39d43436514e1b67d022fe41da62dc,cian,2026-05-04T21:42:16.586850+00:00,Санкт-Петербург,Санкт-Петербург,sale,flat,realtor,studio,0,24.1,6650000.0,275933.6099585062,20.0,24.0,0.8333333333333334,False,False,Приморский,Плесецкая,20к1,Комендантский проспект,Чистое небо,275933.6099585062,15.710127563007966,3.2228678461377385
329222737,https://spb.cian.ru/sale/flat/329222737/?context=4.wucj7ff1hmI.XsO5WRYwPWwM8APe7lEfKxcer1LlIV418gHSDPYZwWozcM3EU37nRi29FeQFNKRQKBskjg6zGIYOrw&mlSearchSessionGuid=2a39d43436514e1b67d022fe41da62dc,cian,2026-05-04T21:42:16.586850+00:00,Санкт-Петербург,Санкт-Петербург,sale,flat,real_estate_agent,studio,0,19.9,3890000.0,195477.38693467336,8.0,19.0,0.4210526315789473,False,False,Красногвардейский,Пейзажная,23,Девяткино,Пейзажный квартал,195477.38693467336,15.173919972664004,3.039749158970765
329581693,https://spb.cian.ru/sale/flat/329581693/?context=4.jEjmB1k7Rog.z1hV7fIrXx5u93liKEjiwmUKH5YoBxUdpies9Ob8PQz0c27szjWJWHwrG8-HIY3hKr7Uy_4z_gSjAA&mlSearchSessionGuid=2a39d43436514e1b67d022fe41da62dc,cian,2026-05-04T21:42:16.586850+00:00,Санкт-Петербург,Санкт-Петербург,sale,flat,developer,studio,0,25.41,10998728.0,432850.3738685557,2.0,25.0,0.08,False,False,Приморский,Коломяжский проспект,13к2,Пионерская,Приморский квартал,432850.3738685557,16.213290278632208,3.273742726309041
327963449,https://spb.cian.ru/sale/flat/327963449/?context=4.low-p85czB8.f55LFztCC_YSHFOLDp1SSqpX3gd_265br3JIXATsn_fymGllSV7ClYdwOAZPkmyna1rK4TceL50LiA&mlSearchSessionGuid=2a39d43436514e1b67d022fe41da62dc,cian,2026-05-04T21:42:16.586850+00:00,Санкт-Петербург,Санкт-Петербург,sale,flat,real_estate_agent,studio,0,24.0,6200000.0,258333.33333333337,8.0,8.0,1.0,False,True,Красносельский,проспект Буденного,23к3,Юго-Западная,Солнечный город,258333.3333333333,15.64006001130563,3.218875824868201
320657178,https://spb.cian.ru/sale/flat/320657178/?context=4.utpW-hBtSRU.THgtKqhVl2xZ1DbL3xsRh8dshZ2CrUBvg1r_dVqAj7zK9f7EGojKhfKdq0MmIcSNbwJbS4GL9PsKxQ&mlSearchSessionGuid=2a39d43436514e1b67d022fe41da62dc,cian,2026-05-04T21:42:16.586850+00:00,Санкт-Петербург,Санкт-Петербург,sale,flat,real_estate_agent,studio,0,27.8,8900000.0,320143.8848920863,12.0,17.0,0.7058823529411765,False,False,Адмиралтейский,Парфеновская,6к2,Фрунзенская,Promenade,320143.8848920863,16.001561947061912,3.3603753871419
314890556,https://spb.cian.ru/sale/flat/314890556/?context=4.kRHWtCVMADM.T56ucij_x8N6jPulFcp3XmVmT7RS3yQyallSDsqJFLeKRV2Nv_QraqKkJZwDtjDeVbTJylYdh34D-Q&mlSearchSessionGuid=2a39d43436514e1b67d022fe41da62dc,cian,2026-05-04T21:42:16.586850+00:00,Санкт-Петербург,Санкт-Петербург,sale,flat,developer,studio,0,27.98,18187000.0,650000.0,4.0,6.0,0.6666666666666666,False,False,Петроградский,Профессора Попова,38,Петроградская,ID Petrogradskaya,650000.0,16.71621766609348,3.3666059368925363
326996743,https://spb.cian.ru/sale/flat/326996743/?context=4.tw18O-rXQSw.SjFPv4hP2L73rJooDE-pyLiaPD4Rd76cckUKkwHGyKAAj9Vcc8lp4fn5ZRAYdqvHijsK0gPpZGYTdw&mlSearchSessionGuid=2a39d43436514e1b67d022fe41da62dc,cian,2026-05-04T21:42:16.586850+00:00,Санкт-Петербург,Санкт-Петербург,sale,flat,real_estate_agent,studio,0,25.0,6850000.0,274000.0,16.0,25.0,0.64,False,False,Выборгский,Архитектора Белова,5к1,Парнас,Миллениум,274000.0,15.739759356223798,3.258096538021482
327320712,https://spb.cian.ru/sale/flat/327320712/?context=4.u4894vVEQik.JuQjd44I-Cj57MImUfsG2xmY61rnCPV6CZKHHMnTsGEdsQlTBleCU9nt7ubz1C4fJFOQ_psmRcIwrg&mlSearchSessionGuid=2a39d43436514e1b67d022fe41da62dc,cian,2026-05-04T21:42:16.586850+00:00,Санкт-Петербург,Санкт-Петербург,sale,flat,real_estate_agent,studio,0,25.0,5300000.0,212000.0,21.0,27.0,0.7777777777777778,False,False,Невский,проспект Советский,34к2,Рыбацкое,Невские паруса,212000.0,15.483217567201578,3.258096538021482
318142395,https://spb.cian.ru/sale/flat/318142395/?context=4.0xiHuMFGGi4.UFtMfoBzlDKEIqC5MP_jvn8tsTPANHzTwB1P81MiIQ7KVY8YQd0CGkhDVwl9e85kJ5Y5IUxEqLb11w&mlSearchSessionGuid=2a39d43436514e1b67d022fe41da62dc,cian,2026-05-04T21:42:16.586850+00:00,Санкт-Петербург,Санкт-Петербург,sale,flat,developer,studio,0,20.5,11745270.0,572940.0,10.0,11.0,0.9090909090909092,False,False,Адмиралтейский,Измайловское,,Технологический институт,Измайловский,572940.0,16.278961249457318,3.068052935133617
329660767,https://spb.cian.ru/sale/flat/329660767/?context=4.wEVq5_qTsX8.ANDVe5sWCVJzniKq3CWXaVOuoy1Ws6u5LD2GARwiKUR6Tp0Ik4eWfP91JHg0Y2eoaALXW8wkMtLO8g&mlSearchSessionGuid=2a39d43436514e1b67d022fe41da62dc,cian,2026-05-04T21:42:16.586850+00:00,Санкт-Петербург,Санкт-Петербург,sale,flat,real_estate_agent,studio,0,28.4,8378000.0,295000.0,16.0,23.0,0.6956521739130435,False,False,Невский,Октябрьская набережная,44,Улица Дыбенко,Полис на Неве,295000.0,15.94111989984934,3.380994674344636
327437057,https://spb.cian.ru/sale/flat/327437057/?context=4.GnHi-SQKnqI.ziWa2EmMw4gBDnFTEEz8JDsPI6UEQWqE41lYE0ekysqCuhbRn1r8bOUrUMMcYIdEWGj94NmlfImuWw&mlSearchSessionGuid=2a39d43436514e1b67d022fe41da62dc,cian,2026-05-04T21:42:16.586850+00:00,Санкт-Петербург,Санкт-Петербург,sale,flat,real_estate_agent,studio,0,29.9,9590000.0,320735.78595317726,8.0,11.0,0.7272727272727273,False,False,Василеостровский,набережная Макарова,58,Приморская,Docklands 2,320735.78595317726,16.076231551134903,3.4307561839036995
322087755,https://spb.cian.ru/sale/flat/322087755/?context=4.CaC-_T2RWf8.iVhPa_Nxbq78BznC2RNCpeFkHqxKrhG32iYfdPlnDxCH_73AC3ljCUZi6wqlsgIsAeFKI_YGQRpIzw&mlSearchSessionGuid=2a39d43436514e1b67d022fe41da62dc,cian,2026-05-04T21:42:16.586850+00:00,Санкт-Петербург,Санкт-Петербург,sale,flat,developer,studio,0,27.06,6148032.0,227200.0,3.0,4.0,0.75,False,False,Пушкинский,unknown,,Купчино,Образцовый квартал 17 ЖК,227200.0,15.631642751225437,3.334345074674314
323315363,https://spb.cian.ru/sale/flat/323315363/?context=4.5p9peHOQZhM.NNEGWI9z7fu2gPq5z22lE7tRQ0DJyAYS7DzrvrhMZBpnpDpdeNjU18TBET9s2uwa2XzUGRSiiwB3RQ&mlSearchSessionGuid=2a39d43436514e1b67d022fe41da62dc,cian,2026-05-04T21:42:16.586850+00:00,Санкт-Петербург,Санкт-Петербург,sale,flat,developer,studio,0,30.8,9650000.0,313311.6883116883,2.0,12.0,0.1666666666666666,False,False,Выборгский,Руднева,15,Проспект Просвещения,Руднева 15,313311.6883116883,16.082468576942105,3.459466289786131
328323536,https://spb.cian.ru/sale/flat/328323536/?context=4.6er_aXSMMZA.4UPDe0Dmpd2U56sLLOJvqzQLgstJSKjy8LtBY1c34PvCGWmVBscpeDbYyWiKVAUcIjTs0SjjxtcZaA&mlSearchSessionGuid=2a39d43436514e1b67d022fe41da62dc,cian,2026-05-04T21:42:16.586850+00:00,Санкт-Петербург,Санкт-Петербург,sale,flat,real_estate_agent,studio,0,27.4,6500000.0,237226.2773722628,5.0,5.0,1.0,False,True,Пушкинский,Нины Петровой,8к4,Купчино,unknown,237226.2773722628,15.687312888712007,3.3463891451671604
325507473,https://spb.cian.ru/sale/flat/325507473/?context=4.1VEtrjwfAuI.tOVbiODzi9Y-pMSJIPGoyOhZQ5T1LrPJ5Uw3K04q5cLjtbTwEDB7dBktitSaGmrpxu5VObr9bSYRIw&mlSearchSessionGuid=2a39d43436514e1b67d022fe41da62dc,cian,2026-05-04T21:42:16.586850+00:00,Санкт-Петербург,Санкт-Петербург,sale,flat,developer,studio,0,25.7,5859482.0,227995.40856031128,3.0,13.0,0.2307692307692307,False,False,Кировский,Автово,,Кировский завод,Industrial AVENIR,227995.40856031128,15.583571932405146,3.284663565406204
327797982,https://spb.cian.ru/sale/flat/327797982/?context=4.NMX5ETFvyr4.dJDxvxFG9FfFLBL1Y9apz6w3Qq78JZFeUTFBIs169AkWSfjT9DFrGDNUVM9wM_oar64PeLxi1oZ9vQ&mlSearchSessionGuid=2a39d43436514e1b67d022fe41da62dc,cian,2026-05-04T21:42:16.586850+00:00,Санкт-Петербург,Санкт-Петербург,sale,flat,developer,studio,0,21.2,4720392.0,222660.0,13.0,23.0,0.5652173913043478,False,False,Красногвардейский,Полюстрово,,Академическая,Зеркальный ручей,222660.0,15.367402616807455,3.100092288878234
326270298,https://spb.cian.ru/sale/flat/326270298/?context=4.FJWDTxacmQU.94MDAB1MB_MGgMl-00G8K_6u2SPHeH9iPtQR88bZF_ACClXIvkCpWZqiwrGcQg0LtivvWbu6xeUrHw&mlSearchSessionGuid=2a39d43436514e1b67d022fe41da62dc,cian,2026-05-04T21:42:16.586850+00:00,Санкт-Петербург,Санкт-Петербург,sale,flat,real_estate_agent,studio,0,19.5,6790000.0,348205.1282051282,10.0,13.0,0.7692307692307693,False,False,Приморский,Планерная,91к1,Комендантский проспект,New Time,348205.1282051282,15.730961646810274,3.0204248861443626
328212030,https://spb.cian.ru/sale/flat/328212030/?context=4.dt8PGDHrcjU.Vo-yNI00n5F4B5nVOSwgn4yvHS5Dmh8MjfZJGLSdXCYsa2sNvbsaEf6Qzxp1ZY7KweLP-3uQ0ALiuQ&mlSearchSessionGuid=2a39d43436514e1b67d022fe41da62dc,cian,2026-05-04T21:42:16.586850+00:00,Санкт-Петербург,Санкт-Петербург,sale,flat,realtor,studio,0,24.8,5950000.0,239919.35483870967,11.0,17.0,0.6470588235294118,False,False,Московский,проезд Дизельный,11к2,Звездная,Две столицы,239919.35483870967,15.598901945589024,3.250374491927572
326415424,https://spb.cian.ru/sale/flat/326415424/?context=4.2BIdKaIzdic.KUvkvy7iXgMrWWCTrhoSLkn0vOO8Gp5nhf_-WvCI_nzYzzXRu_wzsfewCHkaRXjenpZH_1xFRVRLvg&mlSearchSessionGuid=2a39d43436514e1b67d022fe41da62dc,cian,2026-05-04T21:42:16.586850+00:00,Санкт-Петербург,Санкт-Петербург,sale,flat,developer,studio,0,20.0,13894000.0,694700.0,9.0,9.0,1.0,False,True,Адмиралтейский,набережная Обводного Канала,169,Балтийская,Лермонтовский 54,694700.0,16.446967722208473,3.044522437723423
324466448,https://spb.cian.ru/sale/flat/324466448/?context=4.8S4CatKKp9g.6Ftse6VS2wa6vHSIicx5AheOBxXf1q2-tT8vOfHIVXnReM6R9TfM1A1POBFDZUV2PLLjSi7g1K_dXA&mlSearchSessionGuid=2a39d43436514e1b67d022fe41da62dc,cian,2026-05-04T21:42:16.586850+00:00,Санкт-Петербург,Санкт-Петербург,sale,flat,realtor,studio,0,32.6,22820000.0,700000.0,3.0,8.0,0.375,False,False,Петроградский,проспект Малый Петроградской стороны,79-81-83,Петроградская,unknown,700000.0,16.943147946219412,3.5145260669691587
329168346,https://spb.cian.ru/sale/flat/329168346/?context=4.NFrvidieF7c.5j_l4Ph2DgNRNkDfToOiIziUkNJAa0C3_FeKkI8GBGLF_Oy4mg-nVnFHA4y003fJMWaw1969bN3AXw&mlSearchSessionGuid=2a39d43436514e1b67d022fe41da62dc,cian,2026-05-04T21:42:16.586850+00:00,Санкт-Петербург,Санкт-Петербург,sale,flat,homeowner,studio,0,22.8,6800000.0,298245.6140350877,6.0,22.0,0.2727272727272727,False,False,Приморский,Полевая Сабировская,45к1,Комендантский проспект,Богатырь 3,298245.6140350877,15.732433317205148,3.169685580677429
318135097,https://spb.cian.ru/sale/flat/318135097/?context=4.W9AyrbvZtiQ.SzGEs1fyFsbJADXrPBbl6_NQPo2GVrQMVB643OWRfQzSrzCoIJ9E1BlwopICIrNclgeUrnos-kJyuQ&mlSearchSessionGuid=2a39d43436514e1b67d022fe41da62dc,cian,2026-05-04T21:42:16.586850+00:00,Санкт-Петербург,Санкт-Петербург,sale,flat,developer,studio,0,31.2,23790000.0,762500.0,8.0,8.0,1.0,False,True,Петроградский,Ремесленная,15,Спортивная,NEVA RESIDENCE,762500.0,16.984775924313606,3.471966452550362
326971262,https://spb.cian.ru/sale/flat/326971262/?context=4.yed2GRQNIlM.2V0cjWCxOOk-9WjTBUmSqoWzVeqjyk2LPcrETYEPeWZiU4gGYKc3DQJBx5WoXmSt4K18pm84OXt7uw&mlSearchSessionGuid=2a39d43436514e1b67d022fe41da62dc,cian,2026-05-04T21:42:16.586850+00:00,Санкт-Петербург,Санкт-Петербург,sale,flat,real_estate_agent,studio,0,25.26,10300000.0,407759.3032462391,1.0,5.0,0.2,True,False,Курортный,Инструментальщиков,18,Беговая,BEREG.Курортный,407759.3032462391,16.14765455028724,3.26804686887465
329521443,https://spb.cian.ru/sale/flat/329521443/?context=4.vTyedYG6r84.GOrb5Yc6nIJhl1nbard0WdMU7ucvRfN4wHSqGhutski12BTzyoTof3niEm8Wh9tj9_mGvIUs--ocRw&mlSearchSessionGuid=2a39d43436514e1b67d022fe41da62dc,cian,2026-05-04T21:42:16.586850+00:00,Санкт-Петербург,Санкт-Петербург,sale,flat,real_estate_agent,studio,0,22.7,5990000.0,263876.65198237885,17.0,26.0,0.6538461538461539,False,False,Выборгский,Николая Рубцова,5,Парнас,Северная долина,263876.65198237885,15.605602137036527,3.1654750481410856
324560397,https://spb.cian.ru/sale/flat/324560397/?context=4.fgYM-fH_YNg.6uOTDUD2wEzEV9faUg6iHYkSUhf3EIN2S_X2XGCoMN1uzutja1ytKGck6ecSgjlvMzmfuaUdE70mQg&mlSearchSessionGuid=2a39d43436514e1b67d022fe41da62dc,cian,2026-05-04T21:42:16.586850+00:00,Санкт-Петербург,Санкт-Петербург,sale,flat,developer,studio,0,24.4,8540000.0,350000.0,3.0,10.0,0.3,False,False,Выборгский,Курчатова,14,Политехническая,iD Polytech,350000.0,15.960271682860764,3.2347491740244907
327624719,https://spb.cian.ru/sale/flat/327624719/?context=4.9Igm47WfN7Q.Dy1JuzaDc-zkkGEI7LWlOXs0HJwqvgS27qIu7U72-6KN4JgVl4Zq7Fs_1gBbPUOft4UDE7nKGObf1g&mlSearchSessionGuid=2a39d43436514e1b67d022fe41da62dc,cian,2026-05-04T21:42:16.586850+00:00,Санкт-Петербург,Санкт-Петербург,sale,flat,real_estate_agent,studio,0,25.0,7898257.0,315930.28,4.0,25.0,0.16,False,False,Приморский,Парашютная,77к1,Комендантский проспект,Прайм Приморский,315930.28,15.88215278679304,3.258096538021482
328815601,https://spb.cian.ru/sale/flat/328815601/?context=4.g43bpCEdyek.sfa7aFx-Ihex0kStD9vvNuKmyZXFa9kLOuXFo4LWLvceUjTviKIpqQHaeQEbb9p-qtq9LsVyu5cOqw&mlSearchSessionGuid=2a39d43436514e1b67d022fe41da62dc,cian,2026-05-04T21:42:16.586850+00:00,Санкт-Петербург,Санкт-Петербург,sale,flat,homeowner,studio,0,27.6,7850000.0,284420.28985507245,4.0,17.0,0.2352941176470588,False,False,Фрунзенский,Малая Бухарестская,5к2,Проспект Славы,unknown,284420.28985507245,15.876024217147116,3.353406717825807
318140470,https://spb.cian.ru/sale/flat/318140470/?context=4.bCPqRDJPQ1o.oZE0fitBCbaDWkW459YeAssmQwkGom_zHjyZrH_MQRtpyBw66LgXRcGfRSJ_70igSXBzF8LKGTbdig&mlSearchSessionGuid=2a39d43436514e1b67d022fe41da62dc,cian,2026-05-04T21:42:16.586850+00:00,Санкт-Петербург,Санкт-Петербург,sale,flat,developer,studio,0,23.3,18623690.0,799300.0,7.0,9.0,0.7777777777777778,False,False,Петроградский,Петровский проспект,9к2,Крестовский остров,NEVA HAUS,799300.0,16.739945037880815,3.190476350346503
322180009,https://spb.cian.ru/sale/flat/322180009/?context=4.S1-qsHDeOHI.OESHN7okh1xPAcSAZ3hIa1_EM0rS49MlHKpXJxEpWp4c6MRmfZdxnxvCp2hnrXo0fj5gwvyKJupHIg&mlSearchSessionGuid=2a39d43436514e1b67d022fe41da62dc,cian,2026-05-04T21:42:16.586850+00:00,Санкт-Петербург,Санкт-Петербург,sale,flat,real_estate_agent,studio,0,21.4,6190000.0,289252.33644859813,9.0,12.0,0.75,False,False,Приморский,м. Комендантский проспект,,Комендантский проспект,Бионика Заповедная,289252.33644859813,15.638445806211656,3.109060958860994
327307046,https://spb.cian.ru/sale/flat/327307046/?context=4.BvVDYZ4vl4M.1Ag4mRHU2GPwp6h5aA1zJ4PuSWnScG9OcXrXpLlIz9eJkOvUkznINhg53Sl2RvkH7Y8OZbHwzxuOwA&mlSearchSessionGuid=2a39d43436514e1b67d022fe41da62dc,cian,2026-05-04T21:42:16.586850+00:00,Санкт-Петербург,Санкт-Петербург,sale,flat,real_estate_agent,studio,0,27.9,6999000.0,250860.21505376344,16.0,20.0,0.8,False,False,Красносельский,Маршала Казакова,72к1,Юго-Западная,Прибалтийский,250860.21505376344,15.76127798254922,3.3638415951183864
329232299,https://spb.cian.ru/sale/flat/329232299/?context=4.pDIBuP4rr-w.ok_0Yyf7mK8mfcRG6jZDiEIwVwAAQ1z6mBKPxe81qPOt3j0EjeS0A2ZGJwsmiW1DV1q6a2oiyisw4g&mlSearchSessionGuid=2a39d43436514e1b67d022fe41da62dc,cian,2026-05-04T21:42:16.586850+00:00,Санкт-Петербург,Санкт-Петербург,sale,flat,developer,studio,0,24.19,5166662.0,213586.68871434475,12.0,12.0,1.0,False,True,Пушкинский,unknown,,Купчино,Солар Парк,213586.68871434475,15.457737583543697,3.226447090364519
318696399,https://spb.cian.ru/sale/flat/318696399/?context=4.axgUizlgS5I.dnzafbZwSmbLnffcqOk0YCPVXgbqHdreFYH7JaRWapEavNlGapkhe--8FvRHdORDuMhxESIN53MilQ&mlSearchSessionGuid=2a39d43436514e1b67d022fe41da62dc,cian,2026-05-04T21:42:16.586850+00:00,Санкт-Петербург,Санкт-Петербург,sale,flat,real_estate_agent,studio,0,31.5,9500000.0,301587.3015873016,1.0,5.0,0.2,True,False,Курортный,Инструментальщиков,18,Беговая,BEREG.Курортный,301587.3015873016,16.066802461833923,3.481240089335692
329141631,https://spb.cian.ru/sale/flat/329141631/?context=4.TwzMVL3Vn2w.6BP4qo6M9CLaS9OylTmd7blIQ5bdVQ-1IBZekEXVCgP5iV7sxHaL06qhwnGT9eNVo5rU8zmz2wfYBA&mlSearchSessionGuid=2a39d43436514e1b67d022fe41da62dc,cian,2026-05-04T21:42:16.586850+00:00,Санкт-Петербург,Санкт-Петербург,sale,flat,real_estate_agent,studio,0,23.0,8500000.0,369565.2173913043,2.0,9.0,0.2222222222222222,False,False,Центральный,Кременчугская,9К1,Площадь Александра Невского,Царская столица,369565.2173913043,15.955576839107596,3.1780538303479458
328854875,https://spb.cian.ru/sale/flat/328854875/?context=4.3s0Lc82OQiM.nHeCaPSpkXUyKZ1reqkpSmOSW7sthj007ifi3lBCFYmGnDsMzKTTV3mfeDoyGcQMK6vmn1kCPj30og&mlSearchSessionGuid=2a39d43436514e1b67d022fe41da62dc,cian,2026-05-04T21:42:16.586850+00:00,Санкт-Петербург,Санкт-Петербург,sale,flat,developer,studio,0,24.6,12078600.0,491000.0,8.0,8.0,1.0,False,True,Василеостровский,Гавань,к2,Горный институт,Шкиперский 19 ЖК,491000.0,16.30694593250602,3.242592351485517
326436293,https://spb.cian.ru/sale/flat/326436293/?context=4.BRbcOZyaAuU.7dvh80ZC5wHNIDZhDjjvvJVZxKXcmm7bR-r9KK3rzuJ4FC10gfhlXSrcTiE_5-p_spe4NbN0-xtmtQ&mlSearchSessionGuid=2a39d43436514e1b67d022fe41da62dc,cian,2026-05-04T21:42:16.586850+00:00,Санкт-Петербург,Санкт-Петербург,sale,flat,real_estate_agent,studio,0,16.5,6150000.0,372727.2727272727,4.0,6.0,0.6666666666666666,False,False,Центральный,Большая Московская,8/2,Владимирская,unknown,372727.2727272727,15.631962802384312,2.862200880929469
321121144,https://spb.cian.ru/sale/flat/321121144/?context=4.CURcS10bWZY.iomvgUp1H3r6K8xEGKT-znrFNQn1yy_9SEV0LjMUR-m94gT3wJ3lVJz75WDxt3cSjjNx6HBSjADqgw&mlSearchSessionGuid=2a39d43436514e1b67d022fe41da62dc,cian,2026-05-04T21:42:16.586850+00:00,Санкт-Петербург,Санкт-Петербург,sale,flat,real_estate_agent,studio,0,24.4,5495000.0,225204.9180327869,17.0,18.0,0.9444444444444444,False,False,Фрунзенский,Салова,61,Бухарестская,Комплекс апартаментов Valo City,225204.9180327869,15.519349327803464,3.2347491740244907
328303226,https://spb.cian.ru/sale/flat/328303226/?context=4.NXs0avEeDUs.7SWqCv_j4hCO-q1oCqJs88gCvANszAQykpehJ9te3S0EKj6MZVc9SfBDGvc9hScPVWgz4ytf4trgww&mlSearchSessionGuid=2a39d43436514e1b67d022fe41da62dc,cian,2026-05-04T21:42:16.586850+00:00,Санкт-Петербург,Санкт-Петербург,sale,flat,developer,studio,0,21.2,4537224.0,214020.0,13.0,19.0,0.6842105263157895,False,False,Красногвардейский,Полюстрово,,Девяткино,Ручьи,214020.0,15.327826149658016,3.100092288878234
326238954,https://spb.cian.ru/sale/flat/326238954/?context=4.4jg_c9PExHk.YnO0RO_mIQf6MWKUuLJZO4qC5x_cXfQ-XZPm64aDspkDH9NXM84-LKiAKZ1Gcd7WCXr0MV4b4qJLnA&mlSearchSessionGuid=2a39d43436514e1b67d022fe41da62dc,cian,2026-05-04T21:42:16.586850+00:00,Санкт-Петербург,Санкт-Петербург,sale,flat,unknown,studio,0,21.0,7500000.0,357142.8571428572,2.0,12.0,0.1666666666666666,False,False,Василеостровский,набережная Макарова,58,Приморская,Docklands 2,357142.8571428572,15.830413711839864,3.091042453358316
327096134,https://spb.cian.ru/sale/flat/327096134/?context=4.P993ugsaPIk.0ZsIMYNn0CmXwd83U9WGNsxy4xMOHQII3_ps3KNjfdMEbXhN4K2yNnhbDpIkKJeIr0ZkgDng_gCpnw&mlSearchSessionGuid=8e1025801e5ac809b295bf43c09e511e,cian,2026-05-04T21:43:14.403070+00:00,Санкт-Петербург,Санкт-Петербург,sale,flat,developer,1room,1,28.96,19938960.0,688500.0,2.0,8.0,0.25,False,False,Петроградский,Ремесленная,17литЗ,Спортивная,17/33 Петровский остров,688500.0,16.80818621482143,3.3998631586490187
329619813,https://spb.cian.ru/sale/flat/329619813/?context=4.FW6mgqiESXU.OHnehZppb2Ztq-hMtlZR6zMw_lSwgAiW-CRlYLDj6f644NcklLCIqxRz_VB_T4tAqeX4RTpXVjhiTg&mlSearchSessionGuid=8e1025801e5ac809b295bf43c09e511e,cian,2026-05-04T21:43:14.403070+00:00,Санкт-Петербург,Санкт-Петербург,sale,flat,realtor,1room,1,39.6,10500000.0,265151.51515151514,16.0,18.0,0.8888888888888888,False,False,Приморский,аллея Арцеуловская,15,Комендантский проспект,Чистое небо,265151.51515151514,16.166885910365842,3.703768066607687
325172637,https://spb.cian.ru/sale/flat/325172637/?context=4.g6bbHQYNhYg.7THp_kzyZ7yafRxSlEoI9F6f2YfMf0eaFaNmLeD26F4VEzSVUvbS8dFoN6eArEelFhG-zoAK4GQI-w&mlSearchSessionGuid=8e1025801e5ac809b295bf43c09e511e,cian,2026-05-04T21:43:14.403070+00:00,Санкт-Петербург,Санкт-Петербург,sale,flat,realtor,1room,1,45.7,5250000.0,114879.6498905908,2.0,2.0,1.0,False,True,Центральный,Черняховского,39,Лиговский проспект,unknown,114879.6498905908,15.47373882504398,3.843744164674852
314345233,https://spb.cian.ru/sale/flat/314345233/?context=4.dP8dz-CHr9g.I-zatcX-3GNHk81VhXzdoMuMxMDggV3LNAtzYXbi_uPRMpcu_mU0_j99KgnB9rtkOey0N4JiOctZLA&mlSearchSessionGuid=8e1025801e5ac809b295bf43c09e511e,cian,2026-05-04T21:43:14.403070+00:00,Санкт-Петербург,Санкт-Петербург,sale,flat,developer,1room,1,39.31,10025622.0,255039.98982447217,2.0,4.0,0.5,False,False,Кронштадтский,дорога Цитадельская,,unknown,Кронфорт.Центральный,255039.9898244721,16.12065467386441,3.6965995771290734
327465863,https://spb.cian.ru/sale/flat/327465863/?context=4.9UU2-ZS9k-E.BSp7j_ZdGtVocPUUGSU0pva1MH4Suvik-jww0ryRkUryKFTNwE8fg_i-_qleOccl0nC746s-2YBfKw&mlSearchSessionGuid=8e1025801e5ac809b295bf43c09e511e,cian,2026-05-04T21:43:14.403070+00:00,Санкт-Петербург,Санкт-Петербург,sale,flat,real_estate_agent,1room,1,48.3,8600000.0,178053.83022774328,1.0,4.0,0.25,True,False,Приморский,Новая,51к13,Беговая,unknown,178053.83022774328,15.9672728775028,3.897924081048645
329332964,https://spb.cian.ru/sale/flat/329332964/?context=4.RFKyBRqnsHY.cBRoK1t6ZgJLWaOa3Qp-8z53I8YWwfWcvm3nA2cY45duTTmte4iDxak6vhEbg35gUqXbpgVSL43uuA&mlSearchSessionGuid=8e1025801e5ac809b295bf43c09e511e,cian,2026-05-04T21:43:14.403070+00:00,Санкт-Петербург,Санкт-Петербург,sale,flat,real_estate_agent,1room,1,29.9,5950000.0,198996.65551839463,3.0,3.0,1.0,False,True,Пушкинский,Пушкинская,12,Купчино,unknown,198996.65551839463,15.598901945589024,3.4307561839036995
295861978,https://spb.cian.ru/sale/flat/295861978/?context=4.qY6TotMV0a8.C0bguVmGJMX11WADZQwsPGLHpnZ-1lAeqGnwLqS2CUYC1lXZos2BA4NPJGz2f8bBaL-aDXymluhO5w&mlSearchSessionGuid=8e1025801e5ac809b295bf43c09e511e,cian,2026-05-04T21:43:14.403070+00:00,Санкт-Петербург,Санкт-Петербург,sale,flat,developer,1room,1,25.66,8057240.0,314000.0,4.0,12.0,0.3333333333333333,False,False,Приморский,Камышовая,25,Комендантский проспект,YE'S Primorsky Комплекс Апартаментов,314000.0,15.902081748189852,3.2831643147505627
319248592,https://spb.cian.ru/sale/flat/319248592/?context=4.lrtXC1TlUiw.Cs4TauQ08YrHjAICrLyEYWovEO_9djP7ufYQ1pFVBFLZsh15d-uUw7X_OhO3lki3RVdRBEbMQ4jdHA&mlSearchSessionGuid=8e1025801e5ac809b295bf43c09e511e,cian,2026-05-04T21:43:14.403070+00:00,Санкт-Петербург,Санкт-Петербург,sale,flat,real_estate_agent,1room,1,30.8,5650000.0,183441.55844155845,1.0,4.0,0.25,True,False,Приморский,Новая,51к12,Беговая,Квартал Лахта Парк,183441.55844155845,15.54716628011376,3.459466289786131
327854849,https://spb.cian.ru/sale/flat/327854849/?context=4.xky6FQI3y_k.JmHCu2P38q_yOaX5eWiM2xNlL3QDsG6HO56iyQdkRpsd6izd0ZkjDvqdTgODdFzbOdX6l-2bXO99KA&mlSearchSessionGuid=8e1025801e5ac809b295bf43c09e511e,cian,2026-05-04T21:43:14.403070+00:00,Санкт-Петербург,Санкт-Петербург,sale,flat,real_estate_agent,1room,1,28.4,7000000.0,246478.87323943665,2.0,4.0,0.5,False,False,Василеостровский,Железноводская,5,Приморская,unknown,246478.87323943665,15.76142084987672,3.380994674344636
319672649,https://spb.cian.ru/sale/flat/319672649/?context=4.hUGZlajZbQY.iB1j3CwARjlkvKAE2RM4NZwaGjQdvJ6LaoLBrlHgVKfINjCuV1075MfTi1sQ4bjc-VgXTb3GGvZ-sw&mlSearchSessionGuid=8e1025801e5ac809b295bf43c09e511e,cian,2026-05-04T21:43:14.403070+00:00,Санкт-Петербург,Санкт-Петербург,sale,flat,developer,1room,1,39.7,20544750.0,517500.0,5.0,10.0,0.5,False,False,Адмиралтейский,Перевозная,,Нарвская,Остров первых,517500.0,16.83811604048904,3.7062280924485496
329362055,https://spb.cian.ru/sale/flat/329362055/?context=4.NQrDotu4vPw.uyJhiHLAgGZrRppJStfN8EUqDWAHs_j19FUqeylRPVO6TG8-pzWfUGlZxUl3iJ_4ZRJa8IgHwxkyug&mlSearchSessionGuid=8e1025801e5ac809b295bf43c09e511e,cian,2026-05-04T21:43:14.403070+00:00,Санкт-Петербург,Санкт-Петербург,sale,flat,real_estate_agent,1room,1,40.1,19490000.0,486034.9127182045,6.0,11.0,0.5454545454545454,False,False,Адмиралтейский,Московский проспект,73к4,Фрунзенская,Новомосковский,486034.9127182045,16.785412122792106,3.716008121502189
314620201,https://spb.cian.ru/sale/flat/314620201/?context=4.JiLwA-xYqac.rTJL5vYglCa6tcXLILHMHtRmeXi8JDlghdEkW5zL66yvqmRXA0GMTuZOvPeldhbjwiLbP222bsmpFw&mlSearchSessionGuid=8e1025801e5ac809b295bf43c09e511e,cian,2026-05-04T21:43:14.403070+00:00,Санкт-Петербург,Санкт-Петербург,sale,flat,real_estate_agent,1room,1,31.0,6750000.0,217741.93548387097,6.0,9.0,0.6666666666666666,False,False,Калининский,Светлановский проспект,60К1,Гражданский проспект,unknown,217741.93548387097,15.72505321099685,3.4657359027997265
324468692,https://spb.cian.ru/sale/flat/324468692/?context=4.knU3ji8DjEg.oVL1-dKJRebTPztG4IpwRIA8rIV5zjxdsxk3aNC1LYB8zvzr7mF5uY9k7Te3PWqIGC6Boz4FvPZgaA&mlSearchSessionGuid=8e1025801e5ac809b295bf43c09e511e,cian,2026-05-04T21:43:14.403070+00:00,Санкт-Петербург,Санкт-Петербург,sale,flat,developer,1room,1,36.05,21197129.0,587992.4826629681,2.0,10.0,0.2,False,False,Центральный,Кирилловская,11,Площадь Александра Невского,Новгородская 8,587992.4826629681,16.86937635311941,3.612268351742096
316313450,https://spb.cian.ru/sale/flat/316313450/?context=4.w1H--L7JUBc.TGJ0pQ9LBGKBnnm_OqPL7-hZjjcJ5bQcsupq4L9Pb2DYcy_vgA2a-M4sPY9SIixLP3-WPgJeg6rDzg&mlSearchSessionGuid=8e1025801e5ac809b295bf43c09e511e,cian,2026-05-04T21:43:14.403070+00:00,Санкт-Петербург,Санкт-Петербург,sale,flat,real_estate_agent,1room,1,41.39,8800000.0,212611.74196665865,3.0,4.0,0.75,False,False,Приморский,Ивановская,10,Беговая,Лисий Нос green,212611.74196665865,15.990262393084793,3.746912485364546
328892547,https://spb.cian.ru/sale/flat/328892547/?context=4.D4PNkha4mP0.VtGWvd6mc86i3PdAa5uxfbwQJhlCoeRJR77ewpGo1avGFpTldaIr1lG64uKVM21dtdzbaxS-rBQIog&mlSearchSessionGuid=8e1025801e5ac809b295bf43c09e511e,cian,2026-05-04T21:43:14.403070+00:00,Санкт-Петербург,Санкт-Петербург,sale,flat,homeowner,1room,1,30.7,6500000.0,211726.38436482084,2.0,7.0,0.2857142857142857,False,False,Невский,Бабушкина,95к1,Ломоносовская,unknown,211726.38436482084,15.687312888712007,3.456316680883235
323388193,https://spb.cian.ru/sale/flat/323388193/?context=4.yXLTj7F3Qi4.xU99ofJiqkI-7bmIuL3gxFjT_0bxvrL9RxatCgEwsdxrOFsexV0r8h5VFFikGB8NzZ2ZjdOiXasZvQ&mlSearchSessionGuid=8e1025801e5ac809b295bf43c09e511e,cian,2026-05-04T21:43:14.403070+00:00,Санкт-Петербург,Санкт-Петербург,sale,flat,developer,1room,1,36.05,14531400.0,403090.1525658808,2.0,10.0,0.2,False,False,Василеостровский,17 линия ЖК,,Василеостровская,17 линия ЖК,403090.1525658808,16.491822452095764,3.612268351742096
328162841,https://spb.cian.ru/sale/flat/328162841/?context=4.5lGgYeqAqNM.BDbV3pVVuL0k5xOOYCwQvhFPUAy5rcR8n58KuzuhqRr73kIgfyX_586ZHTS6kQcqKw7pafDeJLbTpg&mlSearchSessionGuid=8e1025801e5ac809b295bf43c09e511e,cian,2026-05-04T21:43:14.403070+00:00,Санкт-Петербург,Санкт-Петербург,sale,flat,real_estate_agent,1room,1,44.0,5199000.0,118159.09090909093,2.0,7.0,0.2857142857142857,False,False,Пушкинский,Московское шоссе,282,Шушары,unknown,118159.09090909093,15.463977049710516,3.80666248977032
325166621,https://spb.cian.ru/sale/flat/325166621/?context=4.K_Clsq3iWn8.nEu5nS2iKpxk_NISBEuZu76iNdEvEwYZizlY_LOZLvvxvzE9jowG2WE5FDF7GRPp0F9PWz8bet0WQw&mlSearchSessionGuid=8e1025801e5ac809b295bf43c09e511e,cian,2026-05-04T21:43:14.403070+00:00,Санкт-Петербург,Санкт-Петербург,sale,flat,developer,1room,1,80.2,31438400.0,392000.0,6.0,7.0,0.8571428571428571,False,False,Василеостровский,11-я Васильевского острова линия,56,Василеостровская,Клубный дом Монодом Лайн,392000.0,17.263540665453302,4.396915247167632
327271891,https://spb.cian.ru/sale/flat/327271891/?context=4.xMZKfZdNmFM.2FW3ELK66WD7_8PWDiXWwDmNbe5PXAWCuqCkB0LldzaJj9GdfUP8brSCgh0m5zSWT3SxcJQdSFsByQ&mlSearchSessionGuid=8e1025801e5ac809b295bf43c09e511e,cian,2026-05-04T21:43:14.403070+00:00,Санкт-Петербург,Санкт-Петербург,sale,flat,unknown,1room,1,35.4,17800000.0,502824.8587570622,4.0,14.0,0.2857142857142857,False,False,Московский,Черниговская,17,Московские ворота,Квартал Che,502824.8587570622,16.694709071442087,3.594568774642695
328937667,https://spb.cian.ru/sale/flat/328937667/?context=4.b1F89WCJjGE.om8QaH-Z-NOCfpqLTN9gHTNp6_qsTXtxsHwHwz12dmLhCkWmdg_A1UsZVPs-KVtycZiYBqZzI3sr2A&mlSearchSessionGuid=8e1025801e5ac809b295bf43c09e511e,cian,2026-05-04T21:43:14.403070+00:00,Санкт-Петербург,Санкт-Петербург,sale,flat,real_estate_agent,1room,1,31.2,6000000.0,192307.6923076923,4.0,5.0,0.8,False,False,Калининский,Карпинского,25,Академическая,unknown,192307.6923076923,15.607270193858982,3.471966452550362
327096133,https://spb.cian.ru/sale/flat/327096133/?context=4.P3PJWTQwnuM.TO8JQLtc3p_ZrwVH-7uPXCHj7VeYW6Mtf1UGre850fwXTP-_ew6I8mRoVji6GjOhipzFgDX0hIDdNA&mlSearchSessionGuid=8e1025801e5ac809b295bf43c09e511e,cian,2026-05-04T21:43:14.403070+00:00,Санкт-Петербург,Санкт-Петербург,sale,flat,developer,1room,1,83.09,87929993.0,1058250.0060175713,11.0,11.0,1.0,False,True,Московский,Коли Томчака,3,Московские ворота,Коллекционный Дом 1919,1058250.0060175713,18.29205153311909,4.431887653844806
323354281,https://spb.cian.ru/sale/flat/323354281/?context=4.PjmyOHUbGW0.5CrpiBvL6BLrtCPDyVb5MRQc1HOrbDt3SII0PFVARsS1llLBqayha2KtZUBVOsUksKGM0EuWLUIy6g&mlSearchSessionGuid=8e1025801e5ac809b295bf43c09e511e,cian,2026-05-04T21:43:14.403070+00:00,Санкт-Петербург,Санкт-Петербург,sale,flat,real_estate_agent,1room,1,48.2,23950000.0,496887.96680497925,6.0,9.0,0.6666666666666666,False,False,Петроградский,Петровский проспект,9к2,Крестовский остров,NEVA HAUS,496887.96680497925,16.99147892357485,3.8958936234982624
329378327,https://spb.cian.ru/sale/flat/329378327/?context=4.71r2VAuoF14.nT9oIgFl0kw0gm7eP4njpyCV1rkibkV9B3nHpkKYpqFh70dv4s51sUFXpiCbYgQI6vI6SlyN2DysDw&mlSearchSessionGuid=8e1025801e5ac809b295bf43c09e511e,cian,2026-05-04T21:43:14.403070+00:00,Санкт-Петербург,Санкт-Петербург,sale,flat,real_estate_agent,1room,1,39.4,7500000.0,190355.3299492386,4.0,5.0,0.8,False,False,Приморский,проспект Юнтоловский,53к1,Беговая,Юнтолово,190355.3299492386,15.830413711839864,3.698829784967105
325558741,https://spb.cian.ru/sale/flat/325558741/?context=4.vtoVBsZSXyQ.vOgLw4_abEAuQ9R-7RYob0r1jxFbaEnk5pnjQiixGwFAFoUQ-yZIeTcg-OiIjIXzPnuDckY5mnDg1Q&mlSearchSessionGuid=8e1025801e5ac809b295bf43c09e511e,cian,2026-05-04T21:43:14.403070+00:00,Санкт-Петербург,Санкт-Петербург,sale,flat,developer,1room,1,42.29,18977461.0,448745.8264365098,2.0,9.0,0.2222222222222222,False,False,Василеостровский,Гавань,,Горный институт,МОНОДОМ АРТ,448745.8264365098,16.758762622499827,3.767921661453889
316287735,https://spb.cian.ru/sale/flat/316287735/?context=4.h2-9XH31adY.UTmOjD5X8sGoUXG7NFvZtx-XfjMsCNsz2oppGdJ3HmSCb8nA-09qbIJVa2GgQ_YZpkm6W3aBEGXHUw&mlSearchSessionGuid=8e1025801e5ac809b295bf43c09e511e,cian,2026-05-04T21:43:14.403070+00:00,Санкт-Петербург,Санкт-Петербург,sale,flat,real_estate_agent,1room,1,56.2,38000000.0,676156.5836298933,5.0,10.0,0.5,False,False,Петроградский,Ждановская,45,Крестовский остров,Леонтьевский мыс,676156.5836298933,17.453096744006448,4.046553898385752
329555147,https://spb.cian.ru/sale/flat/329555147/?context=4.2bKXuGUWL5I.I-TR_F3Wq3nodRYHR0sXXqWMP7xH2d0Vafxc9_YfGkP_kX1hVnws3qcBAPhVmZFrvKC3i_IOKR8wRQ&mlSearchSessionGuid=8e1025801e5ac809b295bf43c09e511e,cian,2026-05-04T21:43:14.403070+00:00,Санкт-Петербург,Санкт-Петербург,sale,flat,real_estate_agent,1room,1,37.2,6750000.0,181451.6129032258,3.0,6.0,0.5,False,False,Фрунзенский,Прилукская,35,Обводный канал,unknown,181451.6129032258,15.72505321099685,3.6428355156125294
327097174,https://spb.cian.ru/sale/flat/327097174/?context=4.sFxXtR0OVrc.bZN2O_DqQa2zXrCnq7R-YrpJAsTmr25Zai_ya8SeOJpW3y8QO2xLZVmdgTcgYpr2S0p2naaub4UfFg&mlSearchSessionGuid=8e1025801e5ac809b295bf43c09e511e,cian,2026-05-04T21:43:14.403070+00:00,Санкт-Петербург,Санкт-Петербург,sale,flat,developer,1room,1,33.16,18433644.0,555900.0,6.0,22.0,0.2727272727272727,False,False,Василеостровский,Морской,,Приморская,Башни Элемент ЖК,555900.0,16.729688085457287,3.531055368920369
326354180,https://spb.cian.ru/sale/flat/326354180/?context=4.I-AXkCjK8uM.vpJcc8CsgMRdYvaULVyHL_KSdRWVQOwwbEVT_XViXcYnNj-dwXwao9HVlAHVHt3nI0R7h3kZLnFIhg&mlSearchSessionGuid=8e1025801e5ac809b295bf43c09e511e,cian,2026-05-04T21:43:14.403070+00:00,Санкт-Петербург,Санкт-Петербург,sale,flat,real_estate_agent,1room,1,83.7,89900000.0,1074074.074074074,1.0,7.0,0.1428571428571428,True,False,Адмиралтейский,Конногвардейский бульвар,5,Адмиралтейская,Монферран,1074074.074074074,18.31420851056532,4.439115601658009
329613338,https://spb.cian.ru/sale/flat/329613338/?context=4.wqDJ4YypGsM.EnWhm9LotOqBrA1PytEaa8n-NsW4MQZ0AVVFxbxuqgYXaK1Uacm8atn5LIz-5JzosILjcF2Y6j3fig&mlSearchSessionGuid=8e1025801e5ac809b295bf43c09e511e,cian,2026-05-04T21:43:14.403070+00:00,Санкт-Петербург,Санкт-Петербург,sale,flat,real_estate_agent,1room,1,35.9,7100000.0,197771.5877437326,5.0,14.0,0.3571428571428571,False,False,Фрунзенский,Малая Балканская,32,Купчино,unknown,197771.5877437326,15.775605482856603,3.6082115510464816
328787830,https://spb.cian.ru/sale/flat/328787830/?context=4.EOSo2IqYSEY.nxXmGVT2ZCDAuS6flylnjSfcyniiwggr5Nz2iCjerBHPS_4cvcI2HSrwpWKkCiVf4U2pe-M0SdbAyQ&mlSearchSessionGuid=8e1025801e5ac809b295bf43c09e511e,cian,2026-05-04T21:43:14.403070+00:00,Санкт-Петербург,Санкт-Петербург,sale,flat,developer,1room,1,34.85,7983438.0,229080.0,7.0,23.0,0.3043478260869565,False,False,Приморский,проспект Юнтоловский,41к3,Беговая,Юнтолово,229080.0,15.892879828973635,3.5793435670456293
329616699,https://spb.cian.ru/sale/flat/329616699/?context=4.Ztab8fP9VFA.ybardQag0txhuVATNU87JZu0O7W4b7yDYeroAayewjN7OQuIourH1bhF9hmdoXyoMriW4hUzLxsv0Q&mlSearchSessionGuid=8e1025801e5ac809b295bf43c09e511e,cian,2026-05-04T21:43:14.403070+00:00,Санкт-Петербург,Санкт-Петербург,sale,flat,unknown,1room,1,40.4,18500000.0,457920.7920792079,11.0,12.0,0.9166666666666666,False,False,Выборгский,проспект Энгельса,29,Удельная,ID Svetlanovskiy,457920.792079208,16.733281344102608,3.7232808808312687
325336905,https://spb.cian.ru/sale/flat/325336905/?context=4.ixkB1Of28ew.p2Of5BBgHZdSSgayRYZ2B-YDE7bggXL8I7rtNyg6iLRb4odKBRwvQ1p5_fpkgJJmWue6-UsIE4FW8g&mlSearchSessionGuid=8e1025801e5ac809b295bf43c09e511e,cian,2026-05-04T21:43:14.403070+00:00,Санкт-Петербург,Санкт-Петербург,sale,flat,real_estate_agent,1room,1,31.2,7900000.0,253205.12820512825,4.0,5.0,0.8,False,False,Василеостровский,Наличная,39К1,Приморская,unknown,253205.12820512825,15.88237344401952,3.471966452550362
327104323,https://spb.cian.ru/sale/flat/327104323/?context=4.0b4E5o7vo1M.lPCXG4uNesK9c6AnJOG7Pk4oK-Lm_Ie87xmIWrkQctLypAZUU5EmSgqoWoKUC1qYZJqfzNKHBj__AA&mlSearchSessionGuid=8e1025801e5ac809b295bf43c09e511e,cian,2026-05-04T21:43:14.403070+00:00,Санкт-Петербург,Санкт-Петербург,sale,flat,developer,1room,1,36.76,28683828.0,780300.0,18.0,24.0,0.75,False,False,Московский,Алтайская,39,Московская,Шепилевский,780300.0,17.171844072455187,3.6312503412773
321261506,https://spb.cian.ru/sale/flat/321261506/?context=4.9KJM0H1EbJ4.PplounYuf1OpEgNxEfy48UuV-EcaTwArDNjWktXtKvVxY7v1T9yla7Mz8s3XjN93zvj0sFKfzw1Vkg&mlSearchSessionGuid=8e1025801e5ac809b295bf43c09e511e,cian,2026-05-04T21:43:14.403070+00:00,Санкт-Петербург,Санкт-Петербург,sale,flat,real_estate_agent,1room,1,51.0,20000000.0,392156.862745098,8.0,23.0,0.3478260869565217,False,False,Московский,проспект Юрия Гагарина,32К3,Московская,Дефанс Премиум,392156.862745098,16.811242881518265,3.951243718581428
328654404,https://spb.cian.ru/sale/flat/328654404/?context=4.8_KTJO4RMOY.I8hsnOTW-smIu76mVYVYHcaMeWg99yfXZ8ev1ukXaLgiuHqihGm6lpbo1g9-HBc_-8tZACoLrM2T1w&mlSearchSessionGuid=8e1025801e5ac809b295bf43c09e511e,cian,2026-05-04T21:43:14.403070+00:00,Санкт-Петербург,Санкт-Петербург,sale,flat,real_estate_agent,1room,1,32.8,7799000.0,237774.39024390245,2.0,13.0,0.1538461538461538,False,False,Приморский,проспект Гладышевский,38к3,Беговая,Юнтолово,237774.39024390245,15.869506206534194,3.520460802488973
327097060,https://spb.cian.ru/sale/flat/327097060/?context=4.Uyml1IUIkIk.7quC69CMVqjiD4pWj1wBjGgBV2hFo0QZPTc2gHIxdnBZhzOP6f-mCH0akJSix-Tz-WM-j8YcEX6ItQ&mlSearchSessionGuid=8e1025801e5ac809b295bf43c09e511e,cian,2026-05-04T21:43:14.403070+00:00,Санкт-Петербург,Санкт-Петербург,sale,flat,developer,1room,1,40.19,18583856.0,462400.0,5.0,5.0,1.0,False,True,Курортный,Инструментальщиков,18,Комендантский проспект,BEREG.Курортный,462400.0,16.73780385861156,3.718195508447989
328180218,https://spb.cian.ru/sale/flat/328180218/?context=4.hbasINYNr4w.2WLRNenT7EfR9K0mABbuGr1iYNKLHa2OcJcqzCA0X4Dtn0LI3e8gddY22_7EnoGqqcA3dK6ISLmjHg&mlSearchSessionGuid=8e1025801e5ac809b295bf43c09e511e,cian,2026-05-04T21:43:14.403070+00:00,Санкт-Петербург,Санкт-Петербург,sale,flat,real_estate_agent,1room,1,36.81,16800000.0,456397.7180114099,12.0,12.0,1.0,False,True,Выборгский,Большой Сампсониевский проспект,70к3,Лесная,Новый Лесснер,456397.7180114099,16.636889503897294,3.6325736179028416
329505629,https://spb.cian.ru/sale/flat/329505629/?context=4.Y3McCjVatDg.zDzwpzfYsmAiFz4stR4S7pHCp6HVmOLDPlm-OovMFbn5GbpIsKFmYeDzZ-A5cXp8fEVeSqU04WIONg&mlSearchSessionGuid=8e1025801e5ac809b295bf43c09e511e,cian,2026-05-04T21:43:14.403070+00:00,Санкт-Петербург,Санкт-Петербург,sale,flat,real_estate_agent,1room,1,34.0,9400000.0,276470.5882352941,6.0,24.0,0.25,False,False,Приморский,аллея Арцеуловская,17,Комендантский проспект,Чистое небо,276470.5882352941,16.056220353623207,3.555348061489413
329311318,https://spb.cian.ru/sale/flat/329311318/?context=4.efMlyjes9g0.QCKhaXlsj1xfSPK33YgUIR42mRf9xMvT06T6kBhR1mVe9sGBOtO-4eUL-qr0Q-8qVJeOeb4h36fWtw&mlSearchSessionGuid=8e1025801e5ac809b295bf43c09e511e,cian,2026-05-04T21:43:14.403070+00:00,Санкт-Петербург,Санкт-Петербург,sale,flat,real_estate_agent,1room,1,32.7,7500000.0,229357.7981651376,3.0,12.0,0.25,False,False,Выборгский,Руднева,31/29,Проспект Просвещения,unknown,229357.7981651376,15.830413711839864,3.517497837358316
329485019,https://spb.cian.ru/sale/flat/329485019/?context=4.Ifl3rWpCLk8.NL2W3nxKiu6kAO-QhL8I62xzBwOlmJjxXodnG-OUGlCOPgJlRYq13Xdt9U7_r5vuNperBfMgH53yaA&mlSearchSessionGuid=8e1025801e5ac809b295bf43c09e511e,cian,2026-05-04T21:43:14.403070+00:00,Санкт-Петербург,Санкт-Петербург,sale,flat,real_estate_agent,1room,1,32.7,6700000.0,204892.96636085623,7.0,12.0,0.5833333333333334,False,False,Красносельский,Добровольцев,16,Юго-Западная,unknown,204892.96636085623,15.717618233614914,3.517497837358316
318142335,https://spb.cian.ru/sale/flat/318142335/?context=4.KvjpWdfNmGw.xu4hOv6CeAvx2KXUBFbladVEr7aJ4Xv2BjDL3eDBu1hFakFZBJyamQykjzyIi39o1_Pwex10C4f7Yg&mlSearchSessionGuid=8e1025801e5ac809b295bf43c09e511e,cian,2026-05-04T21:43:14.403070+00:00,Санкт-Петербург,Санкт-Петербург,sale,flat,developer,1room,1,37.6,16706808.0,444330.0,2.0,11.0,0.1818181818181818,False,False,Адмиралтейский,Измайловское,,Технологический институт,Измайловский,444330.0,16.631326918840813,3.653252276470785
323462690,https://spb.cian.ru/sale/flat/323462690/?context=4.-rz-j8G5swU.pwLFcYJe81ZBKQ8Xsq-1blbIavpMK9ivsqZ2UyTE8l0F2Ulk1Z7H5e0dQRCDcT1OOGK6NRVBrvn1Ow&mlSearchSessionGuid=8e1025801e5ac809b295bf43c09e511e,cian,2026-05-04T21:43:14.403070+00:00,Санкт-Петербург,Санкт-Петербург,sale,flat,real_estate_agent,1room,1,38.9,10990000.0,282519.28020565555,12.0,13.0,0.9230769230769232,False,False,Приморский,Планерная,97к2,Комендантский проспект,New Time,282519.28020565555,16.21249641737161,3.686376323895818
328052501,https://spb.cian.ru/sale/flat/328052501/?context=4.bx6GIS3H9rc.ppz76VnCty-uIMdfMd3YxNT56OxDof6lKG5rjsQox-2xYOLyrPf1-iXXPUi8ZzeSJyg9na-uAtRMmQ&mlSearchSessionGuid=8e1025801e5ac809b295bf43c09e511e,cian,2026-05-04T21:43:14.403070+00:00,Санкт-Петербург,Санкт-Петербург,sale,flat,real_estate_agent,1room,1,30.3,4950000.0,163366.33663366336,2.0,5.0,0.4,False,False,Петродворцовый,Ропшинское шоссе,4,Юго-Западная,unknown,163366.33663366336,15.414898336565054,3.4436180975461075
310080223,https://spb.cian.ru/sale/flat/310080223/?context=4.H4aDJe6hKts.LW-HOUfug2UyKxnKMs_RCMF43e-NS95govP6by4GaP2wM2D0MeXt4C3nwHwG_wrCyFj-MHIOdAlCnw&mlSearchSessionGuid=8e1025801e5ac809b295bf43c09e511e,cian,2026-05-04T21:43:14.403070+00:00,Санкт-Петербург,Санкт-Петербург,sale,flat,developer,1room,1,37.57,15403700.0,410000.0,2.0,4.0,0.5,False,False,Курортный,unknown,,unknown,Ранта Резиденс ЖК,410000.0,16.550118363185835,3.652474772220137
323459252,https://spb.cian.ru/sale/flat/323459252/?context=4.yrZ4y3qgSrw.7kqBuNBH1lykVAGgbP2Vh7M9QHpGNaXfyL0grUAciJOVcj8wkrrzyf9YQVzczhA2eTUsmgeeYJVPlQ&mlSearchSessionGuid=8e1025801e5ac809b295bf43c09e511e,cian,2026-05-04T21:43:14.403070+00:00,Санкт-Петербург,Санкт-Петербург,sale,flat,real_estate_agent,1room,1,37.3,11950000.0,320375.33512064343,19.0,21.0,0.9047619047619048,False,False,Невский,Архивная,6,Проспект Большевиков,Пульс Премьер,320375.33512064343,16.2962419200238,3.6454498961866
329442313,https://spb.cian.ru/sale/flat/329442313/?context=4.SDLRewvL0Bk.YNhlyMNlr2OvkvaS3e-pP1PZkMWG9EW19EVi9fplRwbkuk6pxxRCup2CF8mjX0KOqmSdtUpgmMeckw&mlSearchSessionGuid=8e1025801e5ac809b295bf43c09e511e,cian,2026-05-04T21:43:14.403070+00:00,Санкт-Петербург,Санкт-Петербург,sale,flat,real_estate_agent,1room,1,31.7,6800000.0,214511.0410094637,22.0,25.0,0.88,False,False,Красногвардейский,Полюстрово,14к3,Девяткино,Цветной Город,214511.0410094637,15.732433317205148,3.487375077903208
323563031,https://spb.cian.ru/sale/flat/323563031/?context=4.bsySUoxZxyI.QxSnLs8EwcQ2s9o5OZdkdrqaegkX5j0_m468_oJg1soLPkraJ7ndFMaiFUPi5y_TvTTbxO1l8ZWFHA&mlSearchSessionGuid=8e1025801e5ac809b295bf43c09e511e,cian,2026-05-04T21:43:14.403070+00:00,Санкт-Петербург,Санкт-Петербург,sale,flat,developer,1room,1,30.19,12933396.0,428400.0,12.0,17.0,0.7058823529411765,False,False,Василеостровский,Морской,,Приморская,Новая Земля ЖК,428400.0,16.37532343859369,3.440097530619712
324137938,https://spb.cian.ru/sale/flat/324137938/?context=4.T9AD6lBLY7o.Nw0PMGVaJzcalVAU0OHT7QEqVnl8p1GdR1oedjCeqFwdTk6sdoC052ra9Y8JFsQbnQ_40I7tytrUYA&mlSearchSessionGuid=8e1025801e5ac809b295bf43c09e511e,cian,2026-05-04T21:43:14.403070+00:00,Санкт-Петербург,Санкт-Петербург,sale,flat,real_estate_agent,1room,1,31.1,7250000.0,233118.97106109324,1.0,5.0,0.2,True,False,Московский,Новоизмайловский проспект,32К4,Московская,unknown,233118.97106109324,15.796512164761882,3.4688560301359703
326783352,https://spb.cian.ru/sale/flat/326783352/?context=4.OM2qLCl7yHY.CF9pbpweR-_JgKtJNH3KQ8SmEFEhtc2jQRZdlEgvMm7oDm4T5Q9I-423_RLJV2v0mmWMBMlhZIyfyA&mlSearchSessionGuid=8e1025801e5ac809b295bf43c09e511e,cian,2026-05-04T21:43:14.403070+00:00,Санкт-Петербург,Санкт-Петербург,sale,flat,real_estate_agent,1room,1,29.5,6090000.0,206440.6779661017,2.0,7.0,0.2857142857142857,False,False,Красногвардейский,проспект Металлистов,21К1,Новочеркасская,unknown,206440.6779661017,15.62215880388968,3.417726683613366
323508751,https://spb.cian.ru/sale/flat/323508751/?context=4.i8VUpLOSFPE.Vzn7Ufjrs5h_3anWmCN298p72VEp95Z_Rme2J30VD0HvNwpeb6k6NjABfbm-uUQwxSent44lWwW-cQ&mlSearchSessionGuid=8e1025801e5ac809b295bf43c09e511e,cian,2026-05-04T21:43:14.403070+00:00,Санкт-Петербург,Санкт-Петербург,sale,flat,developer,1room,1,34.39,10167404.0,295650.0145391102,2.0,23.0,0.0869565217391304,False,False,Красносельский,Юго-Запад,,Юго-Западная,Морская миля ЖК,295650.0145391102,16.13469757322343,3.566429294357372
323967054,https://spb.cian.ru/sale/flat/323967054/?context=4.IlVfG6f4nwI.WwpnbdWXigqrc6CwyoGY9H8xN6jTGjua1VCXk8c-V0K5qkRA5nUlBFEBE4xVPMlLhgMCNoVXrk1dgg&mlSearchSessionGuid=8e1025801e5ac809b295bf43c09e511e,cian,2026-05-04T21:43:14.403070+00:00,Санкт-Петербург,Санкт-Петербург,sale,flat,real_estate_agent,1room,1,40.0,8400000.0,210000.0,12.0,13.0,0.9230769230769232,False,False,Невский,Варфоломеевская,6,Ломоносовская,Апарт-отель Начало,210000.0,15.943742382861156,3.713572066704308
323113965,https://spb.cian.ru/sale/flat/323113965/?context=4.80ZhzLL_iGY.ZhXTmiTK9-mKglr23AnL1czvHFGhd1cUYWMBRKp9UY6XkP7u5OIj4_qkBwlUnSlTFpcjngaVkR16eg&mlSearchSessionGuid=8e1025801e5ac809b295bf43c09e511e,cian,2026-05-04T21:43:14.403070+00:00,Санкт-Петербург,Санкт-Петербург,sale,flat,real_estate_agent,1room,1,37.1,16000000.0,431266.846361186,4.0,6.0,0.6666666666666666,False,False,Курортный,дорога Таможенная,11к1с1,unknown,е.квартал Мир внутри,431266.846361186,16.588099342704055,3.6402142821326553
329112065,https://spb.cian.ru/sale/flat/329112065/?context=4.Kws_pqZCvb8.2JkzgKR0Z9ypixn7AOQoO4kMlnnsC8XeHceksMpIJvmLc_Eeq0KycZvmWsWdAHsDlJ0a8e-CyGL6pg&mlSearchSessionGuid=8e1025801e5ac809b295bf43c09e511e,cian,2026-05-04T21:43:14.403070+00:00,Санкт-Петербург,Санкт-Петербург,sale,flat,developer,1room,1,39.7,17273847.0,435109.4962216624,3.0,14.0,0.2142857142857142,False,False,Красногвардейский,Большая Охта,,Новочеркасская,Магнифика ЖК,435109.4962216624,16.664704239432027,3.7062280924485496
327476437,https://spb.cian.ru/sale/flat/327476437/?context=4.r0cWQ_kZJLk.x-GvvNHvYmk7f-wUIY1GuRXlS0Mbn-QVngvT-WEwCs6hW2cVo5jRw4Cc1DVKrzmlb2gy4ulz3Y7tYg&mlSearchSessionGuid=8e1025801e5ac809b295bf43c09e511e,cian,2026-05-04T21:43:14.403070+00:00,Санкт-Петербург,Санкт-Петербург,sale,flat,real_estate_agent,1room,1,39.1,7450000.0,190537.08439897696,2.0,25.0,0.08,False,False,Невский,проспект Советский,,Рыбацкое,unknown,190537.08439897696,15.82372472458392,3.691376334312523
310739583,https://spb.cian.ru/sale/flat/310739583/?context=4.43NRDoenIbE.I77J67PXj1Qrxk9SwnqOmptGnWeQFI1DzdgfGr8J42TC6zv546LAFt_O_PzZLf7MiV3V4rSmSEk9Vw&mlSearchSessionGuid=8e1025801e5ac809b295bf43c09e511e,cian,2026-05-04T21:43:14.403070+00:00,Санкт-Петербург,Санкт-Петербург,sale,flat,developer,1room,1,80.3,52577722.0,654766.1519302615,6.0,7.0,0.8571428571428571,False,False,Василеостровский,13-я Васильевского острова линия,50,Василеостровская,Клубный дом Манхэттен,654766.1519302615,17.77780307088897,4.398146016553765
327702602,https://spb.cian.ru/sale/flat/327702602/?context=4.WTritQDayAE.50GJUpRNXj57Yz20k2jdewhayNovUwUrTknF3igXOQWE3khRG4kEh1YCwSfVt9L3tTYZv1CSCpxpXA&mlSearchSessionGuid=8e1025801e5ac809b295bf43c09e511e,cian,2026-05-04T21:43:14.403070+00:00,Санкт-Петербург,Санкт-Петербург,sale,flat,real_estate_agent,1room,1,37.1,15117879.0,407490.0,2.0,4.0,0.5,False,False,Адмиралтейский,набережная Канала Грибоедова,84,Садовая,unknown,407490.0,16.53138870724488,3.6402142821326553
323514074,https://spb.cian.ru/sale/flat/323514074/?context=4.475vcxV2HTE.9W-zRw4yjzmyyX4rDGMS8ha2oDzMNip2Ou5Zm4JFi2Uwkbu9tfj3E6tSA9YPZRmgoCoQbgV1h9pfIQ&mlSearchSessionGuid=8e1025801e5ac809b295bf43c09e511e,cian,2026-05-04T21:43:14.403070+00:00,Санкт-Петербург,Санкт-Петербург,sale,flat,developer,1room,1,44.21,39727957.0,898619.2490386791,1.0,8.0,0.125,True,False,Петроградский,Пионерская,53,Чкаловская,Avant,898619.2490386791,17.497565729540643,3.811318301306514
322252162,https://spb.cian.ru/sale/flat/322252162/?context=4.aQoyummmWIE.765VeA_2Lf-BNa-0ag9AD79rJwptNMN8LxKsWxWVdVaAr3d4p5i4f_jmqQQ323C8Z6tfYshT-gOh5A&mlSearchSessionGuid=8e1025801e5ac809b295bf43c09e511e,cian,2026-05-04T21:43:14.403070+00:00,Санкт-Петербург,Санкт-Петербург,sale,flat,real_estate_agent,1room,1,48.9,26000000.0,531697.3415132924,6.0,6.0,1.0,False,True,Центральный,5-я Советская,19,Площадь Восстания,unknown,531697.3415132924,17.073607134447293,3.910021002757473
326422137,https://spb.cian.ru/sale/flat/326422137/?context=4.9vB7HPV1Dn0.zMUtrSMtAIs8lrA2M05bDQTSSYrv-JCivwGXfeeS8i2q09URTytxGqAc33TzddDQlH_KmbtuFbMftQ&mlSearchSessionGuid=8e1025801e5ac809b295bf43c09e511e,cian,2026-05-04T21:43:14.403070+00:00,Санкт-Петербург,Санкт-Петербург,sale,flat,real_estate_agent,1room,1,38.6,7100000.0,183937.8238341969,7.0,14.0,0.5,False,False,Красносельский,Маршала Захарова,12к1,Юго-Западная,unknown,183937.8238341969,15.775605482856603,3.6788291182604342
325789051,https://spb.cian.ru/sale/flat/325789051/?context=4.G1LB1An2icw.9qk-fCwF0b-aGiVGngPp9nBGaTUlsqHyDzbK0Zf0mYQbCXl87LPvXKskysj6yuiql6ZARWpjeNFM5Q&mlSearchSessionGuid=8e1025801e5ac809b295bf43c09e511e,cian,2026-05-04T21:43:14.403070+00:00,Санкт-Петербург,Санкт-Петербург,sale,flat,developer,1room,1,35.68,21235563.0,595167.1244394619,9.0,11.0,0.8181818181818182,False,False,Красногвардейский,Магнитогорская,11К,Новочеркасская,Альпен,595167.1244394619,16.871187881301452,3.602231647388264
325581231,https://spb.cian.ru/sale/flat/325581231/?context=4.JM2AR_D5kgM.HhWVrHgE8RuDfCtMCdwdYN72oq2CL_ZGoFdgkJpR-3MlPC7q6GkTeZPGQMf11Tyx9WxMPRllptmPAA&mlSearchSessionGuid=8e1025801e5ac809b295bf43c09e511e,cian,2026-05-04T21:43:14.403070+00:00,Санкт-Петербург,Санкт-Петербург,sale,flat,real_estate_agent,1room,1,43.0,15450000.0,359302.32558139536,3.0,5.0,0.6,False,False,Центральный,Колокольная,5,Владимирская,unknown,359302.32558139536,16.553119626032945,3.784189633918261
327835955,https://spb.cian.ru/sale/flat/327835955/?context=4.euVLyWLSILM.uII64jDvp44LSjm60KRLtBueYY9QPpUjZiLgogbCgLnspVw_eei0pXJZPikYsjFgKJpFloCA--e9ZQ&mlSearchSessionGuid=8e1025801e5ac809b295bf43c09e511e,cian,2026-05-04T21:43:14.403070+00:00,Санкт-Петербург,Санкт-Петербург,sale,flat,real_estate_agent,1room,1,35.9,7700000.0,214484.67966573816,9.0,9.0,1.0,False,True,Выборгский,проспект Тореза,39К1,Политехническая,unknown,214484.67966573816,15.856731016694036,3.6082115510464816
318140016,https://spb.cian.ru/sale/flat/318140016/?context=4.gy6EJIBoKWw.IF7Dt8SCIdTmshowJKYm8gV_-TsnHJiIviVLofIc35BjiO57YE3WWgW5pv4WCOb8XeLN7T4aTdkvHA&mlSearchSessionGuid=8e1025801e5ac809b295bf43c09e511e,cian,2026-05-04T21:43:14.403070+00:00,Санкт-Петербург,Санкт-Петербург,sale,flat,developer,1room,1,39.89,11315995.0,283679.99498621206,2.0,18.0,0.1111111111111111,False,False,Невский,unknown,,Улица Дыбенко,Цивилизация на Неве,283679.99498621206,16.241727857921738,3.710885534376551
325446553,https://spb.cian.ru/sale/flat/325446553/?context=4.hjfE-HdHNa4.z4SEoxC9GHfJJtsA_O5vZL2E7vahRBWVdS_tUHBe-rkBH3Nohi7P10U0ndnS1HVBZfCf_iCDM2I7kw&mlSearchSessionGuid=8e1025801e5ac809b295bf43c09e511e,cian,2026-05-04T21:43:14.403070+00:00,Санкт-Петербург,Санкт-Петербург,sale,flat,real_estate_agent,1room,1,33.7,13099999.0,388724.00593471806,14.0,18.0,0.7777777777777778,False,False,Адмиралтейский,бульвар Измайловский,9,Фрунзенская,Квартал Галактика,388724.00593471806,16.38812278817138,3.5467396869528134
326045784,https://spb.cian.ru/sale/flat/326045784/?context=4.262QeokIL4A.VjBWeojpuDxIqnSsWgw1jf00l4CEB85y5ULJagnAXy4YK12lwSeqjE7B4jC7CPYfF9VjlWYTTXMVkQ&mlSearchSessionGuid=8e1025801e5ac809b295bf43c09e511e,cian,2026-05-04T21:43:14.403070+00:00,Санкт-Петербург,Санкт-Петербург,sale,flat,real_estate_agent,1room,1,48.5,11500000.0,237113.40206185568,5.0,6.0,0.8333333333333334,False,False,Курортный,41-й километр Приморского шоссе тер.,,unknown,Светлый Мир Внутри ЖК,237113.40206185568,16.257857680289998,3.901972669574645
320872882,https://spb.cian.ru/sale/flat/320872882/?context=4.XyT3JRp7Ij4.arT7_t8w4WmB4rQu6FaGHYgF1S6po5SP_C5_wi5bTyiA52woONxgal8nYxh9etTEFAquplr6uvX3mw&mlSearchSessionGuid=8e1025801e5ac809b295bf43c09e511e,cian,2026-05-04T21:43:14.403070+00:00,Санкт-Петербург,Санкт-Петербург,sale,flat,developer,1room,1,37.1,13148982.0,354420.0,4.0,12.0,0.3333333333333333,False,False,Красногвардейский,Якорная,8к2,Ладожская,Большая Охта,354420.0,16.39185497519424,3.6402142821326553
326829474,https://spb.cian.ru/sale/flat/326829474/?context=4.WfSuj-Xq_3k.mq4GWpNVZDobUtDMQjmVepZ6UXrgCLAH7JPavOiBVPflcb5rzPWLPLUr_2EMR4IWlc-yxWTG_dMZ1w&mlSearchSessionGuid=8e1025801e5ac809b295bf43c09e511e,cian,2026-05-04T21:43:14.403070+00:00,Санкт-Петербург,Санкт-Петербург,sale,flat,real_estate_agent,1room,1,42.9,7250000.0,168997.668997669,11.0,11.0,1.0,False,True,Колпинский,Севастьянова,30к1,Рыбацкое,Новое Колпино,168997.668997669,15.796512164761882,3.7819143200811256
329441408,https://spb.cian.ru/sale/flat/329441408/?context=4.7l4oGKpcJYM.t_Xat6-ideI-37iqpmCACop8fduBXHxPRESJWANuS4lA1hclWjnP4qgb6OyrQyQZFA22lhtBbD_rmQ&mlSearchSessionGuid=8e1025801e5ac809b295bf43c09e511e,cian,2026-05-04T21:43:14.403070+00:00,Санкт-Петербург,Санкт-Петербург,sale,flat,real_estate_agent,1room,1,30.0,5800000.0,193333.33333333337,2.0,5.0,0.4,False,False,Кировский,Стойкости,19,Проспект Ветеранов,unknown,193333.3333333333,15.573368647930426,3.4339872044851463
329534573,https://spb.cian.ru/sale/flat/329534573/?context=4.b2agVlG8nNw.98eWOna25o3hYSf9h-sa2zChYdsSDKjAnbMPpVB_KvWbq_WX75j0blSfIGz1yb4Kk8EUNjA1xHx5rA&mlSearchSessionGuid=8e1025801e5ac809b295bf43c09e511e,cian,2026-05-04T21:43:14.403070+00:00,Санкт-Петербург,Санкт-Петербург,sale,flat,developer,1room,1,34.0,8421120.0,247680.0,2.0,4.0,0.5,False,False,Пушкинский,unknown,,Купчино,Пулково Лэйк ЖК,247680.0,15.946253512748704,3.555348061489413
322153554,https://spb.cian.ru/sale/flat/322153554/?context=4.Ic5hjRiJits.v2TS_67iIBCAVj7ZMuYlm0E1WfRfleZlYpopYgW50QmFyX9zFvhmEFPhsmlY_Z0Y0lpHJ6EAEAlYDQ&mlSearchSessionGuid=8e1025801e5ac809b295bf43c09e511e,cian,2026-05-04T21:43:14.403070+00:00,Санкт-Петербург,Санкт-Петербург,sale,flat,real_estate_agent,1room,1,61.8,55000000.0,889967.6375404531,4.0,6.0,0.6666666666666666,False,False,Петроградский,Спортивная,2,Крестовский остров,Крестовский de luxe,889967.6375404531,17.822843761378564,4.139955073474153
328848991,https://spb.cian.ru/sale/flat/328848991/?context=4.v1ak05T0OJ4.ZCJ9s8ZZkGZqKh6hbJN9fnJAN1MsULMH5z8YKXVe0tu9lTJV8fq8QsJR3mXbL9nhtxO7nqKEDlBQ5Q&mlSearchSessionGuid=8e1025801e5ac809b295bf43c09e511e,cian,2026-05-04T21:43:14.403070+00:00,Санкт-Петербург,Санкт-Петербург,sale,flat,homeowner,1room,1,31.0,7000000.0,225806.4516129032,5.0,5.0,1.0,False,True,Выборгский,Гданьская,5К1,Удельная,unknown,225806.4516129032,15.76142084987672,3.4657359027997265
326661762,https://spb.cian.ru/sale/flat/326661762/?context=4.f1E866qSN3M.1HVjYP-nl05X2o-m3fIkQ2cRhj5Ad1ia_CGbChONWcxSXSAExzMiYq1Yx9uHVgNJ1_VHM3F6VqLrFg&mlSearchSessionGuid=8e1025801e5ac809b295bf43c09e511e,cian,2026-05-04T21:43:14.403070+00:00,Санкт-Петербург,Санкт-Петербург,sale,flat,developer,1room,1,33.9,14658360.0,432400.0,3.0,17.0,0.1764705882352941,False,False,Василеостровский,Морской,4 уч,Приморская,Бульвар Грина,432400.0,16.50052144735405,3.552486829208381
328101455,https://spb.cian.ru/sale/flat/328101455/?context=4.eISNqc6Sjas.6-S-k6n4bSY7OkDhOKzNbx7JAjOuClpv7fI1mcZgHZeNO2TZkH4bGvf__tAXfTrHLPZAvVQLQDAAZA&mlSearchSessionGuid=8e1025801e5ac809b295bf43c09e511e,cian,2026-05-04T21:43:14.403070+00:00,Санкт-Петербург,Санкт-Петербург,sale,flat,real_estate_agent,1room,1,59.1,59990000.0,1015059.2216582064,1.0,6.0,0.1666666666666666,True,False,Петроградский,Спортивная,2,Крестовский остров,Крестовский de luxe,1015059.2216582064,17.90968845629872,4.096009841541162
328122607,https://spb.cian.ru/sale/flat/328122607/?context=4.-qKiji6x2tE.cuvyCU077ScKYyCclnW8fbBn6Pa4Yd5yYRh99UYmgKZrSnzM5mJWdP8norCZ2bhyf6i0tJqzg0RgXA&mlSearchSessionGuid=8e1025801e5ac809b295bf43c09e511e,cian,2026-05-04T21:43:14.403070+00:00,Санкт-Петербург,Санкт-Петербург,sale,flat,real_estate_agent,1room,1,32.0,5900000.0,184375.0,3.0,5.0,0.6,False,False,Курортный,Первого Мая,5,Беговая,unknown,184375.0,15.59046307836746,3.49650756146648
326494171,https://spb.cian.ru/sale/flat/326494171/?context=4.3fGpcVKj-T4.ANdxk7x2w_fF3SZFYRPd7TwUeI_Fou_qYuJCUToCKnijbqcGPHxo2WQVN_Dmj-HV1rpIqgQtL0uWkA&mlSearchSessionGuid=8e1025801e5ac809b295bf43c09e511e,cian,2026-05-04T21:43:14.403070+00:00,Санкт-Петербург,Санкт-Петербург,sale,flat,real_estate_agent,1room,1,40.62,12869000.0,316814.3771541113,3.0,24.0,0.125,False,False,Красносельский,Ленинский проспект,39с1,Юго-Западная,Огни Залива,316814.3771541113,16.370331954181914,3.728580820965489
328259812,https://spb.cian.ru/sale/flat/328259812/?context=4.u1RcZiRlFnI.ZMYMFmi_nS3oqwML2D654J1OQ7VdwNxahECHNzbA68oUXcWzh5hmCgkEX5g5G-7koScaNpyNKlCPgQ&mlSearchSessionGuid=8e1025801e5ac809b295bf43c09e511e,cian,2026-05-04T21:43:14.403070+00:00,Санкт-Петербург,Санкт-Петербург,sale,flat,real_estate_agent,1room,1,39.8,25900000.0,650753.7688442211,3.0,10.0,0.3,False,False,Петроградский,Пионерская,32,Чкаловская,Дом Керстена,650753.7688442211,17.069753565279804,3.708682081410116
329594767,https://spb.cian.ru/sale/flat/329594767/?context=4.QTQ__RDCaEY.zfMHLpiwQmcpZjEP4kH-R0kwCxYMb6rm-3yi4pT3trhQiLKg4Ndcud_cTBrW5hsiUkOW6EpJ9jwzaA&mlSearchSessionGuid=8e1025801e5ac809b295bf43c09e511e,cian,2026-05-04T21:43:14.403070+00:00,Санкт-Петербург,Санкт-Петербург,sale,flat,homeowner,1room,1,38.6,13590000.0,352072.53886010364,3.0,22.0,0.1363636363636363,False,False,Московский,Варшавская,19к5,Электросила,unknown,352072.53886010364,16.42484485971084,3.6788291182604342
328021079,https://spb.cian.ru/sale/flat/328021079/?context=4.0F6cHfhPrFc._mpv77EdnqOVDhh55z3Zoqws6ESaKATDsnA7JPSmr1dZGZyNRe4GHGIfHqfwbxS9vt15VeQiCfGKkQ&mlSearchSessionGuid=8e1025801e5ac809b295bf43c09e511e,cian,2026-05-04T21:43:14.403070+00:00,Санкт-Петербург,Санкт-Петербург,sale,flat,developer,1room,1,40.4,19012644.0,470610.0,2.0,10.0,0.2,False,False,Василеостровский,Гавань,к1,Горный институт,Легенда Васильевского ЖК,470610.0,16.760614842082077,3.7232808808312687
326368613,https://spb.cian.ru/sale/flat/326368613/?context=4.loqPS7uOyh4.yToI9-OpiStDg60JUqnwBeFKnJ6EVKEcs6_6va8mrrgubPqKAi0ZaOQdyQPXtifGZutdKsjLPnaDlQ&mlSearchSessionGuid=8e1025801e5ac809b295bf43c09e511e,cian,2026-05-04T21:43:14.403070+00:00,Санкт-Петербург,Санкт-Петербург,sale,flat,real_estate_agent,1room,1,44.6,21200000.0,475336.3228699551,6.0,8.0,0.75,False,False,Петроградский,Ремесленная,15,Спортивная,NEVA RESIDENCE,475336.3228699552,16.86951178681205,3.819907716520341
326626690,https://spb.cian.ru/sale/flat/326626690/?context=4.1w9sOQ1PLZs.4wmQq2e_NyIqFYVAfTLHSu58RX_8ZUg92mnVSKw3W4P4lFo8XAQRovwGVVJC_Az61x64agdYz-MSAQ&mlSearchSessionGuid=8e1025801e5ac809b295bf43c09e511e,cian,2026-05-04T21:43:14.403070+00:00,Санкт-Петербург,Санкт-Петербург,sale,flat,real_estate_agent,1room,1,30.6,6100000.0,199346.40522875817,4.0,5.0,0.8,False,False,Кировский,Солдата Корзуна,22,Юго-Западная,unknown,199346.40522875817,15.623799493077952,3.4531571205928664
327511194,https://spb.cian.ru/sale/flat/327511194/?context=4.zb9TNDj9_Ik.EPGVpmjqr-tbewrg0zYBGes_oyY0PuJ5Nh_NV-n8pSTHFA8MSfnuYxVh26jIgO59W3AKoySm4neAsQ&mlSearchSessionGuid=8e1025801e5ac809b295bf43c09e511e,cian,2026-05-04T21:43:14.403070+00:00,Санкт-Петербург,Санкт-Петербург,sale,flat,developer,1room,1,32.86,14780000.0,449786.9750456482,4.0,8.0,0.5,False,False,Василеостровский,Морской,,Приморская,Северный Ветер ЖК,449786.9750456482,16.508785541143325,3.522234376704989
320943688,https://spb.cian.ru/sale/flat/320943688/?context=4.UL7zXniSwdM.yHZzpzpZ14iXPt6iVGOO5RLaXcKi3dGGQYiESTdg79WnVTDMp2InNd-V5wD-ERPssZzcvn4KSbuhDQ&mlSearchSessionGuid=8e1025801e5ac809b295bf43c09e511e,cian,2026-05-04T21:43:14.403070+00:00,Санкт-Петербург,Санкт-Петербург,sale,flat,real_estate_agent,1room,1,35.2,6750000.0,191761.3636363636,1.0,5.0,0.2,True,False,Кировский,Маринеско,10,Автово,unknown,191761.3636363636,15.72505321099685,3.5890591188317256
329071429,https://spb.cian.ru/sale/flat/329071429/?context=4.YRgPPr9fcD4.Hge0NJmRBpYJY_-YibE6HBor-jbjQm-O9YQcGs_ezfgsd64DRdLB7xVuxNdXaoOWw_6csgzeUoiX9g&mlSearchSessionGuid=8e1025801e5ac809b295bf43c09e511e,cian,2026-05-04T21:43:14.403070+00:00,Санкт-Петербург,Санкт-Петербург,sale,flat,developer,1room,1,45.01,27604633.0,613300.0,7.0,10.0,0.7,False,False,Выборгский,Сампсониевское,,Выборгская,Сампсониевский 32,613300.0,17.13349421514472,3.828858764167377
327162112,https://spb.cian.ru/sale/flat/327162112/?context=4.fAJmy87TWh0.qmi--WxNGoXBoIiaI-6OraOV-Y6BRQ6jwfAjGY3ILX0suHmmRbvMHx2GoHKkPU-m5xMgrrt5vpypDg&mlSearchSessionGuid=8e1025801e5ac809b295bf43c09e511e,cian,2026-05-04T21:43:14.403070+00:00,Санкт-Петербург,Санкт-Петербург,sale,flat,unknown,1room,1,41.6,26500000.0,637019.2307692308,6.0,8.0,0.75,False,False,Петроградский,Ремесленная,15,Спортивная,NEVA RESIDENCE,637019.2307692308,17.0926553286923,3.751854253275325
329560447,https://spb.cian.ru/sale/flat/329560447/?context=4.9KAiYufJFHA.ZuazQARZB8rAs_R6X0BVRQtX8Ten3ACR2bYuGzqMIgclSaJq-qn7wlSdhyknHZUwI63oZlkx9FXWHg&mlSearchSessionGuid=8e1025801e5ac809b295bf43c09e511e,cian,2026-05-04T21:43:14.403070+00:00,Санкт-Петербург,Санкт-Петербург,sale,flat,homeowner,1room,1,30.0,5990000.0,199666.66666666663,3.0,5.0,0.6,False,False,Пушкинский,бульвар Алексея Толстого,34,Купчино,unknown,199666.66666666663,15.605602137036527,3.4339872044851463
328975443,https://spb.cian.ru/sale/flat/328975443/?context=4.Lt3fkSDfw0g.B3NQJ2C7GGZHrHnpIHfkOI6F0X0Kvpp5ErgU2KVQ_x8qAzC2jwTL7QRuVh4UspuaOCXOYPOIUaZmeQ&mlSearchSessionGuid=8e1025801e5ac809b295bf43c09e511e,cian,2026-05-04T21:43:14.403070+00:00,Санкт-Петербург,Санкт-Петербург,sale,flat,developer,1room,1,35.3,6656874.0,188580.00000000003,4.0,11.0,0.3636363636363636,False,False,Невский,Архивная,3к1,Улица Дыбенко,Апарт-комплекс Зум на Неве,188580.00000000003,15.711160713179568,3.591817741270805
327702651,https://spb.cian.ru/sale/flat/327702651/?context=4.MXNcXlwNYVY.sYVnzPSHEoLMtJgSjdM64a1NsSsrA11QIQL0S0ZOtbAKv5RcEA617g_7j20z2ZGQ9bONX4jt1aVkXA&mlSearchSessionGuid=8e1025801e5ac809b295bf43c09e511e,cian,2026-05-04T21:43:14.403070+00:00,Санкт-Петербург,Санкт-Петербург,sale,flat,real_estate_agent,1room,1,45.5,17357340.0,381480.0,4.0,4.0,1.0,False,True,Адмиралтейский,набережная Канала Грибоедова,84,Садовая,unknown,381480.0,16.669526087262266,3.8394523125933104
309823866,https://spb.cian.ru/sale/flat/309823866/?context=4.WbElGeGosAA.Gu-MvJqgbej6XPjstLgMEOS1-lPmFhsh1R2mqkbbkgVWaa0-unc_DQqhbGtuyNgz9nOkeLDtM6YrGA&mlSearchSessionGuid=8e1025801e5ac809b295bf43c09e511e,cian,2026-05-04T21:43:14.403070+00:00,Санкт-Петербург,Санкт-Петербург,sale,flat,developer,1room,1,48.2,24247101.0,503051.88796680496,6.0,12.0,0.5,False,False,Курортный,Приморское шоссе,570Л,unknown,МФК Морская ривьера,503051.88796680496,17.003807663051816,3.8958936234982624
327852683,https://spb.cian.ru/sale/flat/327852683/?context=4.bd3k6II2dCk.OyvwoM8hPZn1TfbvP7O0ba8qzQ6LuNZS9R82mkzb3BJsaZhmGwHUBVJGAPNBUThUeGsy3fcgqUkxzw&mlSearchSessionGuid=8e1025801e5ac809b295bf43c09e511e,cian,2026-05-04T21:43:14.403070+00:00,Санкт-Петербург,Санкт-Петербург,sale,flat,real_estate_agent,1room,1,46.0,28990000.0,630217.3913043478,5.0,12.0,0.4166666666666667,False,False,Курортный,Приморское шоссе,570Л,unknown,МФК Морская ривьера,630217.3913043478,17.18246153539249,3.8501476017100575
329414439,https://spb.cian.ru/sale/flat/329414439/?context=4.kRarzGQNRlU.HakKEHrMCuxzZvsXrLF5-7dAHff0TioRhDL-uu98cQC0aLzetx6Kd0BQAfL4juanh3cl8FVwtsOrfg&mlSearchSessionGuid=8e1025801e5ac809b295bf43c09e511e,cian,2026-05-04T21:43:14.403070+00:00,Санкт-Петербург,Санкт-Петербург,sale,flat,real_estate_agent,1room,1,35.6,8800000.0,247191.01123595503,2.0,24.0,0.0833333333333333,False,False,Приморский,аллея Арцеуловская,17,Комендантский проспект,Чистое небо,247191.01123595503,15.990262393084793,3.6000482404073204
328918578,https://spb.cian.ru/sale/flat/328918578/?context=4.MIxR7cNZYXE.cVO6SyfmL8KdP7etUEchD0eaXoYLlw7kJ8CcHdgDbDD_LJw6w7L3RWxmW1CvznmrtwGMWa3ClaP8wg&mlSearchSessionGuid=8e1025801e5ac809b295bf43c09e511e,cian,2026-05-04T21:43:14.403070+00:00,Санкт-Петербург,Санкт-Петербург,sale,flat,developer,1room,1,39.3,13914204.0,354050.99236641225,5.0,12.0,0.4166666666666667,False,False,Фрунзенский,Волковское,7,Обводный канал,Витебский Парк ЖК,354050.99236641225,16.44842081871927,3.696351468952637
327787700,https://spb.cian.ru/sale/flat/327787700/?context=4.frVydnKGCkk.l0Bk4lT80oBP5h8Kzi5Wz9SsXu2y7eSGWMx5cG7SZtJJnGRC-CfA5K6ecXoflBjlzfRfAFLleo2Xqw&mlSearchSessionGuid=8e1025801e5ac809b295bf43c09e511e,cian,2026-05-04T21:43:14.403070+00:00,Санкт-Петербург,Санкт-Петербург,sale,flat,real_estate_agent,1room,1,30.4,5500000.0,180921.05263157896,4.0,5.0,0.8,False,False,Московский,Пулковское шоссе,99,Звездная,unknown,180921.05263157896,15.520258832020865,3.446807892914208
327970225,https://spb.cian.ru/sale/flat/327970225/?context=4.D6O1i6wDuMY.1S6rmkMgl8q3r77z_xc1OFs8F5g4vrSPyQHeqxYOu4hftYiHQgMZVa-pawWLy_MwzhId9i8CBO0-rQ&mlSearchSessionGuid=8e1025801e5ac809b295bf43c09e511e,cian,2026-05-04T21:43:14.403070+00:00,Санкт-Петербург,Санкт-Петербург,sale,flat,real_estate_agent,1room,1,31.8,4649000.0,146194.96855345913,4.0,11.0,0.3636363636363636,False,False,Пушкинский,Московское шоссе,264,Шушары,Ленсоветовский,146194.96855345913,15.35216291577272,3.4904285153900982
318135115,https://spb.cian.ru/sale/flat/318135115/?context=4.DKrH5Qtj-hE.aYTZGfynCsMKAoBPFq-la2IK54qI6Kc3ff1ENUSwKb2gOsN0dLCYXeiKZJIs6qrjNs6EdXmSa2ZpdA&mlSearchSessionGuid=8e1025801e5ac809b295bf43c09e511e,cian,2026-05-04T21:43:14.403070+00:00,Санкт-Петербург,Санкт-Петербург,sale,flat,developer,1room,1,35.4,21880740.0,618100.0,7.0,8.0,0.875,False,False,Петроградский,Ремесленная,15,Спортивная,NEVA RESIDENCE,618100.0,16.901117401489387,3.594568774642695
327000867,https://spb.cian.ru/sale/flat/327000867/?context=4.fQy8EdhUAXk.mPK97hFLFIqBZoLry7RI_fFJssPiNgHSte1xmfbO8x2rRA5RHEOuelxE0YMXNd0in9uH2x7cYCpquQ&mlSearchSessionGuid=8e1025801e5ac809b295bf43c09e511e,cian,2026-05-04T21:43:14.403070+00:00,Санкт-Петербург,Санкт-Петербург,sale,flat,real_estate_agent,1room,1,41.1,10700000.0,260340.63260340632,5.0,25.0,0.2,False,False,Приморский,Туристская,11к2,Беговая,unknown,260340.63260340632,16.185754392890075,3.740047740688336
327389978,https://spb.cian.ru/sale/flat/327389978/?context=4.dF7EeNJ9Zas.j1N2W9TnChd-d-IKqLEV2GC64XqzNHUALYdzScEsvFJLELJ9nrPXLpE1z3auuX-VMhdv-v3UNpPMCw&mlSearchSessionGuid=8e1025801e5ac809b295bf43c09e511e,cian,2026-05-04T21:43:14.403070+00:00,Санкт-Петербург,Санкт-Петербург,sale,flat,real_estate_agent,1room,1,31.8,5999000.0,188647.7987421384,12.0,18.0,0.6666666666666666,False,False,Невский,Октябрьская набережная,124к7,Ломоносовская,unknown,188647.7987421384,15.607103513329664,3.4904285153900982
322243190,https://spb.cian.ru/sale/flat/322243190/?context=4.yqBfBiboiGI.8O0-hHeimB0gTuXE0Pimh640OLlEdqLnUlrzkmIL54s6D631QfOulu6xgi3UfHcgHGfx3sM9bDk7Pg&mlSearchSessionGuid=8e1025801e5ac809b295bf43c09e511e,cian,2026-05-04T21:43:14.403070+00:00,Санкт-Петербург,Санкт-Петербург,sale,flat,developer,1room,1,36.8,10061856.0,273420.0,22.0,25.0,0.88,False,False,Невский,Октябрьская набережная ЖК,,Ломоносовская,Октябрьская набережная ЖК,273420.0,16.124262298046105,3.632309102625542
329512221,https://spb.cian.ru/sale/flat/329512221/?context=4.HwbIxFCvX-8.vJq7AxNAZ4D_ZBeIq8SaxH1TvKty36eDD3CMeBwqJtAhH-4hX1N9-F-5zP3DZlj5ImIU04v1YB7EVA&mlSearchSessionGuid=8e1025801e5ac809b295bf43c09e511e,cian,2026-05-04T21:43:14.403070+00:00,Санкт-Петербург,Санкт-Петербург,sale,flat,realtor,1room,1,34.5,10900000.0,315942.02898550726,6.0,17.0,0.3529411764705882,False,False,Московский,Звездная,20,Купчино,unknown,315942.02898550726,16.204273438942487,3.56953269648137
326344219,https://spb.cian.ru/sale/flat/326344219/?context=4.OyfZdredPNY.wz0AJ04yM02T1m63nJdiXcIyfRx6dzJjCzkontQh0yefKmcVUc9klEKIqEC-8RkvVISK3aufLoijNg&mlSearchSessionGuid=8e1025801e5ac809b295bf43c09e511e,cian,2026-05-04T21:43:14.403070+00:00,Санкт-Петербург,Санкт-Петербург,sale,flat,homeowner,1room,1,40.4,6770000.0,167574.25742574257,7.0,11.0,0.6363636363636364,False,False,Выборгский,Первого Мая,107к1,Проспект Просвещения,в Парголово,167574.25742574257,15.728011792598934,3.7232808808312687
325240507,https://spb.cian.ru/sale/flat/325240507/?context=4.K5wfGFrsNko.L5LH-iW7D7Yke8_2cHzy2jb2Gz8WGME1GGXgo2BNeb-nhgJvAPLz2PTq7kYoZgownARF8-fax1FpzA&mlSearchSessionGuid=8e1025801e5ac809b295bf43c09e511e,cian,2026-05-04T21:43:14.403070+00:00,Санкт-Петербург,Санкт-Петербург,sale,flat,developer,1room,1,34.6,19205941.0,555085.0,2.0,9.0,0.2222222222222222,False,False,Адмиралтейский,набережная Обводного Канала,169,Балтийская,Лермонтовский 54,555085.0,16.770730268285877,3.572345637857985
326670929,https://spb.cian.ru/sale/flat/326670929/?context=4.WHIJmFDL13o.UJI2fvW8gyNi7kHUtvxAAkW6KboqFBbikR6J0rsNlmfjlPyk4tGdQ977DAFWdmTn7PI8o8gQshjcFw&mlSearchSessionGuid=8e1025801e5ac809b295bf43c09e511e,cian,2026-05-04T21:43:14.403070+00:00,Санкт-Петербург,Санкт-Петербург,sale,flat,real_estate_agent,1room,1,35.7,7890000.0,221008.4033613445,2.0,12.0,0.1666666666666666,False,False,Красносельский,проспект Кузнецова,17Г,Юго-Западная,unknown,221008.4033613445,15.881106819564762,3.6027767550605247
328817267,https://spb.cian.ru/sale/flat/328817267/?context=4.yTb9zwRI4DA.w6F6N59UecjN4x6T8uQ2wQy7gGgGHPWp0eTvmIp6jbdGC3iwhJUu1Zlumcb9br1VXmHDw9buxccZBA&mlSearchSessionGuid=8e1025801e5ac809b295bf43c09e511e,cian,2026-05-04T21:43:14.403070+00:00,Санкт-Петербург,Санкт-Петербург,sale,flat,real_estate_agent,1room,1,40.2,5200000.0,129353.23383084575,2.0,13.0,0.1538461538461538,False,False,Пушкинский,Московское шоссе,258к2,Шушары,unknown,129353.23383084575,15.46416937585933,3.7184382563554808
326074485,https://spb.cian.ru/sale/flat/326074485/?context=4.4-MsElVz3BA.uRUjE9FPKyFT0aAYJtrSJpe5TW9IV-5ZaDgJJZ_PvEz6uxp3SeyqzZOb9b7O1hYFpjNepqg5eV7O2g&mlSearchSessionGuid=8e1025801e5ac809b295bf43c09e511e,cian,2026-05-04T21:43:14.403070+00:00,Санкт-Петербург,Санкт-Петербург,sale,flat,developer,1room,1,41.59,26825550.0,645000.0,3.0,10.0,0.3,False,False,Центральный,Новгородская,14,Площадь Александра Невского,Гильдия,645000.0,17.104865386810623,3.751619483935122
329426854,https://spb.cian.ru/sale/flat/329426854/?context=4.7yas9iuqySQ.v8od38Vf57RWYyvoYJSzYc9GLQpzmEJvzH3AVjDslX8gYXpFN6RWg_Jnw3szFI1UnSCYjVhNAajkkQ&mlSearchSessionGuid=8e1025801e5ac809b295bf43c09e511e,cian,2026-05-04T21:43:14.403070+00:00,Санкт-Петербург,Санкт-Петербург,sale,flat,real_estate_agent,1room,1,34.0,7000000.0,205882.35294117648,2.0,5.0,0.4,False,False,Пушкинский,Нины Петровой,10к1,Купчино,ЮгТаун. Олимпийские кварталы,205882.35294117648,15.76142084987672,3.555348061489413
323954964,https://spb.cian.ru/sale/flat/323954964/?context=4.T5hNFQuHiD8.shYRkR37O4oVG_fZxujLY9ycRCRtNBMIQh93juAalenK0z68fjHGFjOzp9-RMWvQZ8tKQGxrGTNPSA&mlSearchSessionGuid=8e1025801e5ac809b295bf43c09e511e,cian,2026-05-04T21:43:14.403070+00:00,Санкт-Петербург,Санкт-Петербург,sale,flat,developer,1room,1,29.3,10080000.0,344027.3037542662,2.0,5.0,0.4,False,False,Курортный,unknown,,Зенит,Лисино,344027.3037542662,16.12606391981384,3.411147712515324
319855300,https://spb.cian.ru/sale/flat/319855300/?context=4.SlH_A1Ws1KA.czf338C2ZJn_uQGgidnhJNWM3MwKq4Jo7PrKsN2W_3kwjYfpMtaoZcoimcBmqpwxjElmcajy4koqlQ&mlSearchSessionGuid=8e1025801e5ac809b295bf43c09e511e,cian,2026-05-04T21:43:14.403070+00:00,Санкт-Петербург,Санкт-Петербург,sale,flat,real_estate_agent,1room,1,41.4,8834000.0,213381.6425120773,3.0,4.0,0.75,False,False,Приморский,Ивановская,10,Беговая,Лисий Нос green,213381.6425120773,15.994118584337606,3.747148362237912
327185264,https://spb.cian.ru/sale/flat/327185264/?context=4.mYL-SaJiqDA.EIkFVYp1rvL549SfJ2o5riC2do2vw9zAeWqIk4b47TVY9utB-tolzwrdY2DfPnv8XCF5PZkQFy0Uwg&mlSearchSessionGuid=8e1025801e5ac809b295bf43c09e511e,cian,2026-05-04T21:43:14.403070+00:00,Санкт-Петербург,Санкт-Петербург,sale,flat,real_estate_agent,1room,1,46.7,6800000.0,145610.27837259098,11.0,16.0,0.6875,False,False,Красносельский,Коммунаров,190,Юго-Западная,Дудергофская линия 3,145610.27837259098,15.732433317205148,3.864931397894296
318140433,https://spb.cian.ru/sale/flat/318140433/?context=4.GbOA7tZd90k._EPKGxR9CVaCoEURlNm3nnQ1LUXLyxF8jP0_YIFvkVUuYg9Q8UVEkAqWhnmCVDipEMPsVpXRrybhDA&mlSearchSessionGuid=8e1025801e5ac809b295bf43c09e511e,cian,2026-05-04T21:43:14.403070+00:00,Санкт-Петербург,Санкт-Петербург,sale,flat,developer,1room,1,51.8,37285640.0,719800.0,8.0,9.0,0.8888888888888888,False,False,Петроградский,Петровский проспект,9к2,Чкаловская,NEVA HAUS,719800.0,17.43411885071248,3.966511190712216
329369495,https://spb.cian.ru/sale/flat/329369495/?context=4.cuiSORrwBkQ.PGnc29f34dQ-xLsztntnRMDsQNFwDd227m9XrXV0zwaBqXmhi7bSFN7Gro4WASsWdC6lWAiDVYmRYQ&mlSearchSessionGuid=8e1025801e5ac809b295bf43c09e511e,cian,2026-05-04T21:43:14.403070+00:00,Санкт-Петербург,Санкт-Петербург,sale,flat,realtor,1room,1,29.0,4190000.0,144482.75862068965,5.0,5.0,1.0,False,True,Красносельский,Гатчинское шоссе,13к2,Юго-Западная,unknown,144482.75862068965,15.248211530561775,3.4011973816621555
327841742,https://spb.cian.ru/sale/flat/327841742/?context=4.UADoObOB8Mo.FReYEkcvjy7Rk7iPFRwI55dIb5FIfd9xGi_QlB7-IZEXpnVYpyl3-3uezd8G__4Bbx15jYh0hOY0dg&mlSearchSessionGuid=8e1025801e5ac809b295bf43c09e511e,cian,2026-05-04T21:43:14.403070+00:00,Санкт-Петербург,Санкт-Петербург,sale,flat,homeowner,1room,1,33.3,7950000.0,238738.7387387388,4.0,10.0,0.4,False,False,Приморский,Шаврова,9,Комендантский проспект,unknown,238738.7387387388,15.88868261241667,3.535145354171894
323946402,https://spb.cian.ru/sale/flat/323946402/?context=4.qyN__sRBNmI.zZX6pekiokjNVy43g-aCIbMp2LN7RiTd1YkZqGDSnxlCcP8jGKYJ3PPcO2Qg-QYylAy4NwXfmR-koA&mlSearchSessionGuid=8e1025801e5ac809b295bf43c09e511e,cian,2026-05-04T21:43:14.403070+00:00,Санкт-Петербург,Санкт-Петербург,sale,flat,developer,1room,1,148.63,297260000.0,2000000.0,6.0,6.0,1.0,False,True,Петроградский,Эсперова,8,Крестовский остров,АСТРУМ,2000000.0,19.51011773804908,5.008165580195328
327147318,https://spb.cian.ru/sale/flat/327147318/?context=4.uzI0qN9-7vM.CCZN0u47exiGj6chJHVZKoMBjwhxXX_gDIHrMAIiO1NztT3BSfCmATPfhl9ZFUQPG7RFxo9JMr-KbQ&mlSearchSessionGuid=8e1025801e5ac809b295bf43c09e511e,cian,2026-05-04T21:43:14.403070+00:00,Санкт-Петербург,Санкт-Петербург,sale,flat,real_estate_agent,1room,1,41.9,10200000.0,243436.754176611,7.0,25.0,0.28,False,False,Приморский,Туристская,15к2,Беговая,unknown,243436.754176611,16.13789837629371,3.758871825933971
329225160,https://spb.cian.ru/sale/flat/329225160/?context=4.lnZSlNLZGEc.AgpFZe_peO8wmiFKH48i-Z5grgw3BidYpGAZ8LxbQ8P4L-kV7zhJ8lVeBqtVh-IdoK-WbP6ehv30lA&mlSearchSessionGuid=8e1025801e5ac809b295bf43c09e511e,cian,2026-05-04T21:43:14.403070+00:00,Санкт-Петербург,Санкт-Петербург,sale,flat,real_estate_agent,1room,1,40.6,9700000.0,238916.25615763545,3.0,25.0,0.12,False,False,Красногвардейский,проспект Наставников,19,Ладожская,unknown,238916.25615763545,16.08763654656639,3.728100167267218
328054204,https://spb.cian.ru/sale/flat/328054204/?context=4.Uh6GkpxSlQI.v8hV3yzwMZUJngqs5f8bWbzrKy5qrrgpYv7tLA_rORWCszluS6T0A_HkVDg63xhJOF7PK7RxJPIjAg&mlSearchSessionGuid=8e1025801e5ac809b295bf43c09e511e,cian,2026-05-04T21:43:14.403070+00:00,Санкт-Петербург,Санкт-Петербург,sale,flat,developer,1room,1,94.01,159817000.0,1700000.0,7.0,8.0,0.875,False,False,Петроградский,Ремесленная,17литЗ,Спортивная,17/33 Петровский остров,1700000.0,18.88953997487406,4.553982149218658
328974177,https://spb.cian.ru/sale/flat/328974177/?context=4.5qTN_o-DZjs.N-1UeWsKfuJzjjYTuY3aKrQwQuFQwKYPrn8gcPfzrhKjdb98sRsYRsPMUdIQB23hNPckW0BV-dGtSQ&mlSearchSessionGuid=8e1025801e5ac809b295bf43c09e511e,cian,2026-05-04T21:43:14.403070+00:00,Санкт-Петербург,Санкт-Петербург,sale,flat,real_estate_agent,1room,1,35.9,7199999.0,200557.07520891365,1.0,13.0,0.0769230769230769,True,False,Приморский,проспект Орлово-Денисовский,19к1,Проспект Просвещения,Орловский парк,200557.07520891365,15.789591583986285,3.6082115510464816
329040561,https://spb.cian.ru/sale/flat/329040561/?context=4.DcgfvbltnPo.UXCp5S2XKtwS2HazMudP2MKRUsLei9ui132_n27GNiq7DmVTz7l9xbv21Duv7NM3UsWAhyDsjFNFaQ&mlSearchSessionGuid=8e1025801e5ac809b295bf43c09e511e,cian,2026-05-04T21:43:14.403070+00:00,Санкт-Петербург,Санкт-Петербург,sale,flat,real_estate_agent,1room,1,39.4,7200000.0,182741.11675126903,4.0,17.0,0.2352941176470588,False,False,Красногвардейский,проспект Ударников,38К2,Ладожская,unknown,182741.11675126903,15.789591722875162,3.698829784967105
327096121,https://spb.cian.ru/sale/flat/327096121/?context=4.EZ5u5fB-clI.pdF8yYbq73Q244paFTR86rD0MzxP8lQO7XrbiHQ19aul_FvNEMEnm8RDuzRNeDwkyneQq7D-z_9YCw&mlSearchSessionGuid=8e1025801e5ac809b295bf43c09e511e,cian,2026-05-04T21:43:14.403070+00:00,Санкт-Петербург,Санкт-Петербург,sale,flat,developer,1room,1,40.44,27086712.0,669800.0,8.0,11.0,0.7272727272727273,False,False,Московский,Коли Томчака,3,Московские ворота,Коллекционный Дом 1919,669800.0,17.114553870412983,3.724246597951228
327818235,https://spb.cian.ru/sale/flat/327818235/?context=4.NhTSDGPmJmA.D6iZFx_j4QFtLXQdFlNjRo-waYwWLedeTa4TWKaT8PHFf-nFkX0o_pU0t6nGD8D-KlBidff2-Gswgg&mlSearchSessionGuid=8e1025801e5ac809b295bf43c09e511e,cian,2026-05-04T21:43:14.403070+00:00,Санкт-Петербург,Санкт-Петербург,sale,flat,real_estate_agent,1room,1,41.2,11000000.0,266990.2912621359,9.0,22.0,0.4090909090909091,False,False,Красносельский,проспект Патриотов,34,Юго-Западная,Жемчужный Каскад,266990.2912621359,16.213405921671733,3.742420221041966
328569707,https://spb.cian.ru/sale/flat/328569707/?context=4.opLBsG4A64M.Fis1jybVBPfOFsQUt_Ytk77NMqFbMwGW7Bmh0AlLFF0YaG85e9IC-BZxKaK45eLwpwfrmnLrUNZO9g&mlSearchSessionGuid=8e1025801e5ac809b295bf43c09e511e,cian,2026-05-04T21:43:14.403070+00:00,Санкт-Петербург,Санкт-Петербург,sale,flat,real_estate_agent,1room,1,35.5,8300000.0,233802.81690140849,13.0,13.0,1.0,False,True,Невский,Варфоломеевская,6,Ломоносовская,Апарт-отель Начало,233802.81690140849,15.931766193248746,3.597312260588446
327097334,https://spb.cian.ru/sale/flat/327097334/?context=4.TT_SUjSH4Iw.yoYnQg2KBCfHfP5Z1K3ydpydkL-74mnyD0ZtFdkxiff9mmGSkCLhpqwG4MSwa8TrkXMhD2bLm75fyQ&mlSearchSessionGuid=8e1025801e5ac809b295bf43c09e511e,cian,2026-05-04T21:43:14.403070+00:00,Санкт-Петербург,Санкт-Петербург,sale,flat,developer,1room,1,50.18,25549147.0,509150.0,5.0,18.0,0.2777777777777778,False,False,Василеостровский,бульвар Головнина,13,Приморская,Башни Элемент,509150.0,17.056114527678336,3.935348830731643
329048240,https://spb.cian.ru/sale/flat/329048240/?context=4.muY37AM8u-A.F5F97ncteUfC_TFz8-EkCUf6p0-zmvVU8uujfqBzUryCmNvKOSZFtGRl2HXC4hkGTaSTK_ObgL9iCw&mlSearchSessionGuid=8e1025801e5ac809b295bf43c09e511e,cian,2026-05-04T21:43:14.403070+00:00,Санкт-Петербург,Санкт-Петербург,sale,flat,real_estate_agent,1room,1,42.5,12500000.0,294117.64705882355,6.0,29.0,0.2068965517241379,False,False,Выборгский,Выборгское шоссе,15,Проспект Просвещения,OZERKI Style Tower,294117.64705882355,16.341239282272525,3.7727609380946383
327097075,https://spb.cian.ru/sale/flat/327097075/?context=4.OyjOMmkq3jQ.dZafzBTkaPI1t0Trc30sEiPq_AOsAMXY5PC0K19MZkHVfFFOPPiqkPH4Wyf0Fjm6z-XfYaDJWNQGVA&mlSearchSessionGuid=8e1025801e5ac809b295bf43c09e511e,cian,2026-05-04T21:43:14.403070+00:00,Санкт-Петербург,Санкт-Петербург,sale,flat,developer,1room,1,35.67,19768314.0,554200.0,5.0,5.0,1.0,False,True,Курортный,Инструментальщиков,18,Комендантский проспект,BEREG.Курортный,554200.0,16.799590961367816,3.6019589820832345
327715645,https://spb.cian.ru/sale/flat/327715645/?context=4.eyLJP7fzb2A.0_tpLlldrmwhlC4FAwcZmzXfTbL52B_L_FYsLTZi-K4pyaySm5-IWvJY1wvMZn4IAUk6eBru6dGS9Q&mlSearchSessionGuid=8e1025801e5ac809b295bf43c09e511e,cian,2026-05-04T21:43:14.403070+00:00,Санкт-Петербург,Санкт-Петербург,sale,flat,real_estate_agent,1room,1,38.5,9700000.0,251948.051948052,1.0,3.0,0.3333333333333333,True,False,Петродворцовый,Красносельское шоссе,22,Юго-Западная,Верен Вилладж Стрельна,251948.051948052,16.08763654656639,3.676300671907076
325166618,https://spb.cian.ru/sale/flat/325166618/?context=4.fD7WQycOxE8.8tu9i4F5YQB3XkoOKcf6_Y8ZpWJtzVdM8q-HyBXuZbQt_18P77GYvwzcS1xQvyPZ0RVoEGP5-3ocYA&mlSearchSessionGuid=8e1025801e5ac809b295bf43c09e511e,cian,2026-05-04T21:43:14.403070+00:00,Санкт-Петербург,Санкт-Петербург,sale,flat,developer,1room,1,80.5,30843722.0,383151.8260869565,3.0,7.0,0.4285714285714285,False,False,Василеостровский,11-я Васильевского острова линия,56,Василеостровская,Клубный дом Монодом Лайн,383151.8260869565,17.244443819217707,4.400603020246817
329660769,https://spb.cian.ru/sale/flat/329660769/?context=4.K-p_YLDfBMQ.9WvEquynXc1uG-emVXKJCh-0V9gNJfe-SOxFEYysrVqy8olBY6zx8k1xjlJGqT5KE9R76SLCkNdD1g&mlSearchSessionGuid=8e1025801e5ac809b295bf43c09e511e,cian,2026-05-04T21:43:14.403070+00:00,Санкт-Петербург,Санкт-Петербург,sale,flat,realtor,1room,1,38.8,13800000.0,355670.10309278354,2.0,7.0,0.2857142857142857,False,False,Московский,Варшавская,23К1,Электросила,unknown,355670.10309278354,16.440179222591198,3.683866912290392
326735886,https://spb.cian.ru/sale/flat/326735886/?context=4.JYTbJvGfShY.CtOL75jkNR5Hrj-hBKKtF48nIljno2cZ7DQBfhI1nfHU1UGkSbFsw0BqJ_DGnuZaiOLaHzGjwUGAAg&mlSearchSessionGuid=8e1025801e5ac809b295bf43c09e511e,cian,2026-05-04T21:43:14.403070+00:00,Санкт-Петербург,Санкт-Петербург,sale,flat,real_estate_agent,1room,1,30.0,6500000.0,216666.66666666663,4.0,4.0,1.0,False,True,Пушкинский,Московское шоссе,34,Купчино,unknown,216666.66666666663,15.687312888712007,3.4339872044851463
325558661,https://spb.cian.ru/sale/flat/325558661/?context=4.egUwCxax-OU.LVyqdD4s-ht78dMBJ5q31OEWwOIaj_CKofOnopPWoYs5I8A7HCoRQJ8p17c7fW2z7PYKSpUhY6HJhA&mlSearchSessionGuid=8e1025801e5ac809b295bf43c09e511e,cian,2026-05-04T21:43:14.403070+00:00,Санкт-Петербург,Санкт-Петербург,sale,flat,developer,1room,1,54.35,24258479.0,446338.160073597,1.0,9.0,0.1111111111111111,True,False,Василеостровский,Гавань,,Горный институт,МОНОДОМ АРТ,446338.160073597,17.004276804941867,4.013676659154646
329662612,https://spb.cian.ru/sale/flat/329662612/?context=4.knQjyyiXW54.zLhhvn5jhu4kZvrkbMx89MGq7U6sN9uontgkllznmzGmyyvekDcTDfUmLZTruErdW9Q2ytOcQrwZ6A&mlSearchSessionGuid=8e1025801e5ac809b295bf43c09e511e,cian,2026-05-04T21:43:14.403070+00:00,Санкт-Петербург,Санкт-Петербург,sale,flat,real_estate_agent,1room,1,32.7,5500000.0,168195.71865443423,9.0,19.0,0.4736842105263157,False,False,Красногвардейский,Полюстрово,27к2,Девяткино,Цветной Город,168195.71865443423,15.520258832020865,3.517497837358316
327250359,https://spb.cian.ru/sale/flat/327250359/?context=4.M2yiMZ6fRbU.z7lMAypvbFDxBFezFLo6u5DX4Ope2aty684sfY7vU7cgV_SCDWlnEqNVRIYOX6vMWfZE2-4XpvWmRg&mlSearchSessionGuid=8e1025801e5ac809b295bf43c09e511e,cian,2026-05-04T21:43:14.403070+00:00,Санкт-Петербург,Санкт-Петербург,sale,flat,real_estate_agent,1room,1,33.2,5700000.0,171686.7469879518,7.0,9.0,0.7777777777777778,False,False,Петродворцовый,Шахматова,2к1,unknown,unknown,171686.7469879518,15.55597690824336,3.53222564406856
327096164,https://spb.cian.ru/sale/flat/327096164/?context=4.pwCTxm45V8I.gXonddFGjMiGjVBJaK96d18fW_87mofq3vHTPEtvh_H4dUCNdAxHypcIZX0KG7GBMYDeZGT-1RYiBw&mlSearchSessionGuid=8e1025801e5ac809b295bf43c09e511e,cian,2026-05-04T21:43:14.403070+00:00,Санкт-Петербург,Санкт-Петербург,sale,flat,developer,1room,1,48.77,46967949.0,963050.010252204,8.0,8.0,1.0,False,True,Петроградский,Ремесленная,17литЗ,Спортивная,17/33 Петровский остров,963050.010252204,17.664976012171003,3.907412392870463
329483736,https://spb.cian.ru/sale/flat/329483736/?context=4.8_2KBsyvPAY.g9vo0JaUvqDtKSE_8WUkB9nCv8dOopRuEGTIvT0-xf0MChmtg7Gl84wT96yiz_FFxfvmh4SICd9CxQ&mlSearchSessionGuid=8e1025801e5ac809b295bf43c09e511e,cian,2026-05-04T21:43:14.403070+00:00,Санкт-Петербург,Санкт-Петербург,sale,flat,real_estate_agent,1room,1,41.1,9000000.0,218978.10218978103,22.0,25.0,0.88,False,False,Приморский,Мебельная,21к2,Беговая,unknown,218978.10218978103,16.012735246411598,3.740047740688336
327497179,https://spb.cian.ru/sale/flat/327497179/?context=4.0XyDbWR_KeI.cruxzdqoYONkmXXQbrA4XOREBhRaQXF_pPtbO7IKl_xoaWg4NU6NXUL1CsQuDkuGu8mQpgOUNt2b_A&mlSearchSessionGuid=8e1025801e5ac809b295bf43c09e511e,cian,2026-05-04T21:43:14.403070+00:00,Санкт-Петербург,Санкт-Петербург,sale,flat,developer,1room,1,39.05,15352088.0,393139.257362356,7.0,12.0,0.5833333333333334,False,False,Московский,Среднерогатская,11к2,Звездная,Аквилон Leaves,393139.257362356,16.546762113943124,3.690128673514368
329667463,https://spb.cian.ru/sale/flat/329667463/?context=4.5pVBIHm7c9w.EiA2GzwwIxC4UBa0WYFaX6s7gfGzsSMrvD1Tsd1Ots5Ju6kNGxX9sohl3KPFGbyZSRkkZeTDw-wp1w&mlSearchSessionGuid=8e1025801e5ac809b295bf43c09e511e,cian,2026-05-04T21:43:14.403070+00:00,Санкт-Петербург,Санкт-Петербург,sale,flat,realtor,1room,1,40.3,11000000.0,272952.8535980149,9.0,13.0,0.6923076923076923,False,False,Московский,проспект Космонавтов,65к12,Звездная,Антей,272952.8535980149,16.213405921671733,3.720862499966987
327036516,https://spb.cian.ru/sale/flat/327036516/?context=4.r26g15-R8RQ.0UC7_FYzGKoU4xdq2NBWlrKwDfh5AHzjmRJ9ezcdCr6A4-ByF6GiysQIvutojwet97kSOLNR533zBw&mlSearchSessionGuid=8e1025801e5ac809b295bf43c09e511e,cian,2026-05-04T21:43:14.403070+00:00,Санкт-Петербург,Санкт-Петербург,sale,flat,real_estate_agent,1room,1,30.0,6600000.0,220000.0,3.0,5.0,0.6,False,False,Невский,Народная,77,Ломоносовская,unknown,220000.0,15.702580358511794,3.4339872044851463
327096122,https://spb.cian.ru/sale/flat/327096122/?context=4.KR2ukXatSks.qa7-IwIHEUa3DRljLDS2JWm3q-72MgoEbN56qVi43-AEfbwIB4TXorXWWhWbhNrq7rnOe0tFD_lL4w&mlSearchSessionGuid=8e1025801e5ac809b295bf43c09e511e,cian,2026-05-04T21:43:14.403070+00:00,Санкт-Петербург,Санкт-Петербург,sale,flat,developer,1room,1,45.32,30278292.0,668100.0,8.0,11.0,0.7272727272727273,False,False,Московский,Коли Томчака,3,Московские ворота,Коллекционный Дом 1919,668100.0,17.225941611100335,3.83557383326474
328415762,https://spb.cian.ru/sale/flat/328415762/?context=4.YCFO8vOagfU.bFe3t1EQskFTYEktiJ8oqf5u_YmzI8z7G-D9HVBucn4NxVVwzVNFjlC-7EZMJ2zrQQJ10f1TSKWsiw&mlSearchSessionGuid=8e1025801e5ac809b295bf43c09e511e,cian,2026-05-04T21:43:14.403070+00:00,Санкт-Петербург,Санкт-Петербург,sale,flat,real_estate_agent,1room,1,40.0,14800000.0,370000.0,10.0,24.0,0.4166666666666667,False,False,Калининский,проспект Маршала Блюхера,8к1,Лесная,Утренняя звезда,370000.0,16.51013780630191,3.713572066704308
327218120,https://spb.cian.ru/sale/flat/327218120/?context=4.cvjiHY8kklQ.nZeRpDlBNnu9CP7yBYyV5qcOCPqludnif9gpUq0R85sgJGQffIcNj-sPHPdqJdtV6diKksBcpgE9WQ&mlSearchSessionGuid=8e1025801e5ac809b295bf43c09e511e,cian,2026-05-04T21:43:14.403070+00:00,Санкт-Петербург,Санкт-Петербург,sale,flat,real_estate_agent,1room,1,30.8,6500000.0,211038.96103896105,1.0,5.0,0.2,True,False,Московский,проспект Космонавтов,30К3,Московская,unknown,211038.96103896105,15.687312888712007,3.459466289786131
327096144,https://spb.cian.ru/sale/flat/327096144/?context=4.NGJ3WOYSoD4.eRy1ccJP4d4v-k8bovF4QYokqa1Cg1i3C93765uokAVfJgiNJDfSb4HJ-uw198svHprisp1SNgm0eQ&mlSearchSessionGuid=8e1025801e5ac809b295bf43c09e511e,cian,2026-05-04T21:43:14.403070+00:00,Санкт-Петербург,Санкт-Петербург,sale,flat,developer,1room,1,42.42,29314341.0,691050.0,5.0,8.0,0.625,False,False,Петроградский,Ремесленная,17литЗ,Спортивная,17/33 Петровский остров,691050.0,17.193587442281704,3.7709201644501458
327782178,https://spb.cian.ru/sale/flat/327782178/?context=4.7MOCRMGucgI.9tU3D-Q7z0Ml58yaPq7Ev738NbMFNmCu1j_3DgU0PpApVM2iuR6lx_pOr07kBWFxVkOI5yRB5PsBbw&mlSearchSessionGuid=8e1025801e5ac809b295bf43c09e511e,cian,2026-05-04T21:43:14.403070+00:00,Санкт-Петербург,Санкт-Петербург,sale,flat,realtor,1room,1,47.5,21170000.0,445684.2105263158,18.0,18.0,1.0,False,True,Адмиралтейский,Парфеновская,7к3,Фрунзенская,Квартал Галактика,445684.2105263158,16.8680956903477,3.881563797943437
329174065,https://spb.cian.ru/sale/flat/329174065/?context=4.iCLyHcFgJw4.7oohIKcXvDdH8afvLpfxJVPaLzr32fzasMJocCyzKBt5HXxnC_9cIEAivqn6Aigy4GzR1BoTEgcS1A&mlSearchSessionGuid=8e1025801e5ac809b295bf43c09e511e,cian,2026-05-04T21:43:14.403070+00:00,Санкт-Петербург,Санкт-Петербург,sale,flat,real_estate_agent,1room,1,22.6,6200000.0,274336.2831858407,9.0,9.0,1.0,False,True,Московский,Краснопутиловская,71,Ленинский проспект,unknown,274336.2831858407,15.64006001130563,3.1612467120315646
327097310,https://spb.cian.ru/sale/flat/327097310/?context=4.MO7KHVAzwTg.GMyxX-X9s08xQe7-M4vHRuNipXog8kzC48SS8xmYG5blzWRxW_Nq0HVkNlbJJBO0HO-726k06txRdg&mlSearchSessionGuid=8e1025801e5ac809b295bf43c09e511e,cian,2026-05-04T21:43:14.403070+00:00,Санкт-Петербург,Санкт-Петербург,sale,flat,developer,1room,1,37.99,30063387.0,791350.0131613582,7.0,18.0,0.3888888888888889,False,False,Василеостровский,бульвар Головнина,13,Приморская,Башни Элемент,791350.0131613582,17.218818643855542,3.663305202994506
328764114,https://spb.cian.ru/sale/flat/328764114/?context=4.b3pWElkg7WU.vKHnvgdPEX4bHy6BWXnGgYVEk_aV8LwjC6JArJonbgm69jq9av1_3SD41yyGATaSnsa-AdON-KZiHg&mlSearchSessionGuid=8e1025801e5ac809b295bf43c09e511e,cian,2026-05-04T21:43:14.403070+00:00,Санкт-Петербург,Санкт-Петербург,sale,flat,real_estate_agent,1room,1,52.2,31800000.0,609195.4022988506,7.0,9.0,0.7777777777777778,False,False,Петроградский,Петровский проспект,9к2,Крестовский остров,NEVA HAUS,609195.4022988506,17.274976879196945,3.974058396347599
329340498,https://spb.cian.ru/sale/flat/329340498/?context=4.9LEdSTb-CMs.JHfkiTcaK42_4sts-eQrHnoMWIqSvyshzB1OK9x2xdD_JBVEF8HaKs205WEUDneZdVGOO884no1hxw&mlSearchSessionGuid=8e1025801e5ac809b295bf43c09e511e,cian,2026-05-04T21:43:14.403070+00:00,Санкт-Петербург,Санкт-Петербург,sale,flat,homeowner,1room,1,51.2,14900000.0,291015.625,13.0,15.0,0.8666666666666667,False,False,Калининский,Гжатская,5к3,Площадь Мужества,unknown,291015.625,16.51687183802978,3.955082494888593
328771073,https://spb.cian.ru/sale/flat/328771073/?context=4.atnYK3JvniE.WADOgyer0WY9bhwG8Ls2xmCAr8WQzqHM59c2qgxvREm3xuFsq3f5Xk54_Y62cjiiK9o8mY19SDObYw&mlSearchSessionGuid=8e1025801e5ac809b295bf43c09e511e,cian,2026-05-04T21:43:14.403070+00:00,Санкт-Петербург,Санкт-Петербург,sale,flat,developer,1room,1,35.86,13672409.0,381271.8627997769,11.0,17.0,0.6470588235294118,False,False,Московский,Звёздное,,Звездная,Оро бай Аквилон ЖК,381271.8627997769,16.430890491625174,3.607126952241677
325314424,https://spb.cian.ru/sale/flat/325314424/?context=4.UT9hRc9vt0I.gyVm7BMjjWZ7joiBUupNEGrr-GDP-5OtMYONnuSjT3Nq4X4UbpTUtwdPhUhWnskRhaPiOuU18fJVxg&mlSearchSessionGuid=8e1025801e5ac809b295bf43c09e511e,cian,2026-05-04T21:43:14.403070+00:00,Санкт-Петербург,Санкт-Петербург,sale,flat,real_estate_agent,1room,1,48.9,33000000.0,674846.6257668711,6.0,7.0,0.8571428571428571,False,False,Центральный,Невский проспект,163Б,Площадь Александра Невского,Новый Невский,674846.6257668711,17.312018149733785,3.910021002757473
304120301,https://spb.cian.ru/sale/flat/304120301/?context=4.op_BZSK4yHo.BvwB1ECTLDdhPSnrPt4dAvpbSgtbrbdMaQKdYvmj0vydpi27fYiAipGXJ81stSeyjuv2z8d2a6LYUw&mlSearchSessionGuid=8e1025801e5ac809b295bf43c09e511e,cian,2026-05-04T21:43:14.403070+00:00,Санкт-Петербург,Санкт-Петербург,sale,flat,developer,1room,1,37.79,22044513.0,583342.498015348,2.0,10.0,0.2,False,False,Центральный,Кирилловская,11,Площадь Александра Невского,Новгородская 8,583342.498015348,16.908574330715783,3.658162481451876
329065383,https://spb.cian.ru/sale/flat/329065383/?context=4.4r7IOe_Yv8I.XEwI_pvVypD212G7rWxOwnp9n1lZMiW3OvrqBhJBOy1_efaLXcY5nIqoERr85gp_8E1aaNdcIwcDNg&mlSearchSessionGuid=8e1025801e5ac809b295bf43c09e511e,cian,2026-05-04T21:43:14.403070+00:00,Санкт-Петербург,Санкт-Петербург,sale,flat,real_estate_agent,1room,1,37.5,13000000.0,346666.6666666667,11.0,15.0,0.7333333333333333,False,False,Василеостровский,проспект Крузенштерна,2,Приморская,Морская набережная,346666.6666666667,16.380459992348886,3.6506582412937383
324304335,https://spb.cian.ru/sale/flat/324304335/?context=4.hTPElMsDwcM.FWhflBcglubH53Ytep6rgpmiOsJqhAK5IyWOmwEcPpwmfPny4K10WbU22j1eZuxcUYxq_sorn_s33w&mlSearchSessionGuid=8e1025801e5ac809b295bf43c09e511e,cian,2026-05-04T21:43:14.403070+00:00,Санкт-Петербург,Санкт-Петербург,sale,flat,real_estate_agent,1room,1,39.2,8299888.0,211731.83673469388,2.0,21.0,0.0952380952380952,False,False,Приморский,Глухарская,27к2,Комендантский проспект,Новая Каменка,211731.83673469388,15.931752699183424,3.693866995624976
329666654,https://spb.cian.ru/sale/flat/329666654/?context=4.vS_SbLqswn0.QHwEfbUKoHrWH2AVFT5F93rSYt33xznn0KwcmXzr7pK-Li-Q8c4W3g134y8NdE9ZdCloOZ7k55ac5w&mlSearchSessionGuid=8e1025801e5ac809b295bf43c09e511e,cian,2026-05-04T21:43:14.403070+00:00,Санкт-Петербург,Санкт-Петербург,sale,flat,developer,1room,1,45.33,25990000.0,573350.9816898302,2.0,8.0,0.25,False,False,Петроградский,Пионерская,53,Чкаловская,Avant,573350.9816898302,17.07322244509401,3.835789699428557
324495897,https://spb.cian.ru/sale/flat/324495897/?context=4.RBqy3jAMsbo.MycJkhc2mxvQrt7AjAnPnWfQZfTcklNzbd_0-9Zpe6UWMJUqEvpKsCBttWwKWn1_gLFA22T4iuNFsw&mlSearchSessionGuid=8e1025801e5ac809b295bf43c09e511e,cian,2026-05-04T21:43:14.403070+00:00,Санкт-Петербург,Санкт-Петербург,sale,flat,real_estate_agent,1room,1,72.3,35900000.0,496542.18533886585,7.0,8.0,0.875,False,False,Центральный,4-я Советская,9,Площадь Восстания,4-я Советская 9,496542.18533886585,17.39624788131366,4.294560608892605
324931981,https://spb.cian.ru/sale/flat/324931981/?context=4.o5tzJ9bnwbM.6GN9J-2d9OSSVp6bivvDbPbuxYTqAQtH7JonjFrQILf-ySLPqdb0bBbYgXhuJXneuqOV1LWCk9KQPQ&mlSearchSessionGuid=8e1025801e5ac809b295bf43c09e511e,cian,2026-05-04T21:43:14.403070+00:00,Санкт-Петербург,Санкт-Петербург,sale,flat,real_estate_agent,1room,1,36.0,7300000.0,202777.77777777772,7.0,9.0,0.7777777777777778,False,False,Невский,проспект Большевиков,65К1,Ломоносовская,unknown,202777.77777777775,15.803385043104912,3.610917912644224
327097290,https://spb.cian.ru/sale/flat/327097290/?context=4.YCE4Pw4mM_Y.WYL9CvZJIlwUjFGCF-dt0SkjnWe88_Yxw8NdPWIeGi8OUUkymIqDIvRG10KXdCNTxkAGY9JSOXPGyQ&mlSearchSessionGuid=8e1025801e5ac809b295bf43c09e511e,cian,2026-05-04T21:43:14.403070+00:00,Санкт-Петербург,Санкт-Петербург,sale,flat,developer,1room,1,48.13,34278908.0,712215.0010388531,3.0,18.0,0.1666666666666666,False,False,Василеостровский,бульвар Головнина,13,Приморская,Башни Элемент,712215.0010388531,17.3500408250497,3.894469846180557
326626972,https://spb.cian.ru/sale/flat/326626972/?context=4.Q5NdroNTuso.7Pwjzor_8aiJ3cZnTYDImKll-3p7etMUUuqIAdLxGFR7b2kp_K-vNJRoezmSoTMH2z_udkVa0_WQ3w&mlSearchSessionGuid=8e1025801e5ac809b295bf43c09e511e,cian,2026-05-04T21:43:14.403070+00:00,Санкт-Петербург,Санкт-Петербург,sale,flat,realtor,1room,1,66.5,24000000.0,360902.25563909777,5.0,5.0,1.0,False,True,Приморский,Главная,25,Удельная,unknown,360902.25563909777,16.993564429978885,4.212127597878484
328463736,https://spb.cian.ru/sale/flat/328463736/?context=4.D5zQRNpE16k.QfJMNvBzbqWdnUg61EPJrIJ4zlhhL5wNAKTpBTHOlVpO8akQ91CFOcGnET8GkF6FSyX79G-gsvosBQ&mlSearchSessionGuid=8e1025801e5ac809b295bf43c09e511e,cian,2026-05-04T21:43:14.403070+00:00,Санкт-Петербург,Санкт-Петербург,sale,flat,real_estate_agent,1room,1,35.9,9500000.0,264623.9554317549,6.0,12.0,0.5,False,False,Московский,Пулковское шоссе,13К2,Звездная,unknown,264623.9554317549,16.066802461833923,3.6082115510464816
328459041,https://spb.cian.ru/sale/flat/328459041/?context=4.UXr5LaS3_vc.cC9WjqxgJ79LFeSqac-QS1A7sLR2VT7LnzaCvdnJxv7RWo7PTp7qjBaPZrDVPmi3-wlWZsgnc7QASg&mlSearchSessionGuid=8e1025801e5ac809b295bf43c09e511e,cian,2026-05-04T21:43:14.403070+00:00,Санкт-Петербург,Санкт-Петербург,sale,flat,developer,1room,1,36.4,15106000.0,415000.0,3.0,4.0,0.75,False,False,Курортный,unknown,,unknown,Ранта Резиденс ЖК,415000.0,16.53060264005439,3.6216707044204863
328755006,https://spb.cian.ru/sale/flat/328755006/?context=4.RPOng21ENMI.WTiYZNJ-7nsRWjBvIEUAeobr0mKgvO42v8w6kMIAvc2HaaG9pNSjHqiSUsHZSt_eD0P_FJ1dUSTvEg&mlSearchSessionGuid=8e1025801e5ac809b295bf43c09e511e,cian,2026-05-04T21:43:14.403070+00:00,Санкт-Петербург,Санкт-Петербург,sale,flat,real_estate_agent,1room,1,65.3,33400000.0,511485.45176110265,2.0,9.0,0.2222222222222222,False,False,Василеостровский,проспект Большой Васильевского острова,67к2,Горный институт,"Большой, 67",511485.45176110265,17.32406648788705,4.194189897191817
329277755,https://spb.cian.ru/sale/flat/329277755/?context=4.Luic295aIEA.EFZb5Ikq34NcyePnVrLs6RDpdnOzBZuQ_aMQu0keIomtK4D8JXqXfFb9PkG-USn4gDStKW8Jinrueg&mlSearchSessionGuid=8e1025801e5ac809b295bf43c09e511e,cian,2026-05-04T21:43:14.403070+00:00,Санкт-Петербург,Санкт-Петербург,sale,flat,homeowner,1room,1,35.1,11900000.0,339031.33903133904,6.0,16.0,0.375,False,False,Красногвардейский,Заневский проспект,42,Ладожская,Малая Охта,339031.33903133904,16.29204904211537,3.586292865338835
325558754,https://spb.cian.ru/sale/flat/325558754/?context=4.MbCgqaRDMSI.9So9QR5St1ePJ6yTNa5v2pd2U2WaIfWA4UsGBLy3tuZsAtNZh6Hbmdeunv6zoKP-VVMqGoBKfKpNmA&mlSearchSessionGuid=8e1025801e5ac809b295bf43c09e511e,cian,2026-05-04T21:43:14.403070+00:00,Санкт-Петербург,Санкт-Петербург,sale,flat,developer,1room,1,40.79,20303816.0,497764.550134837,4.0,9.0,0.4444444444444444,False,False,Василеостровский,Гавань,,Горный институт,МОНОДОМ АРТ,497764.550134837,16.826319455893323,3.732657076459824
326789210,https://spb.cian.ru/sale/flat/326789210/?context=4.BkCBBPCCr60.8NhMipAR9xhIHlwFcpIeR2AUzhLxcmIcns84owh4M6C2EwGr3BPyTwEZtlzX8_eFiCJOED3D1weoUg&mlSearchSessionGuid=8e1025801e5ac809b295bf43c09e511e,cian,2026-05-04T21:43:14.403070+00:00,Санкт-Петербург,Санкт-Петербург,sale,flat,real_estate_agent,1room,1,49.0,26000000.0,530612.2448979592,2.0,8.0,0.25,False,False,Центральный,Миргородская,20,Площадь Александра Невского,Grand House,530612.2448979592,17.073607134447293,3.912023005428146
328849141,https://spb.cian.ru/sale/flat/328849141/?context=4.H9iIfgh37SE.hcWFAT_YxUkPmr7GPkd99qz5_HDg3jantZe-AH8AN7Vn-szzNf_LBnK5aAc8ZrypJxyn8g7GsvLKKw&mlSearchSessionGuid=8e1025801e5ac809b295bf43c09e511e,cian,2026-05-04T21:43:14.403070+00:00,Санкт-Петербург,Санкт-Петербург,sale,flat,real_estate_agent,1room,1,35.2,7700000.0,218750.0,4.0,12.0,0.3333333333333333,False,False,Калининский,Замшина,52К2,Лесная,unknown,218750.0,15.856731016694036,3.5890591188317256
329428199,https://spb.cian.ru/sale/flat/329428199/?context=4.4ypmXoDRlU0.CduelDjzli9YkaqZD_KIq-M7a3aEnKl0j6h0XwjShop2dx1tuy4xsD2OE8Xh4O9K0gEdboNLTVUDpQ&mlSearchSessionGuid=8e1025801e5ac809b295bf43c09e511e,cian,2026-05-04T21:43:14.403070+00:00,Санкт-Петербург,Санкт-Петербург,sale,flat,developer,1room,1,43.34,15684231.0,361888.11721273646,8.0,9.0,0.8888888888888888,False,False,Калининский,проспект Мечникова,40Л,Лесная,Левел Мечникова,361888.11721273646,16.568166434429816,3.7918872041881655
326631590,https://spb.cian.ru/sale/flat/326631590/?context=4.y8BPX-bOwUk.8PPPnH_XV-WNfc9VYYZ1V0dol2cV0mDdIhS2x_Pvoinc-FIOuqKDRPzf4Ea7itYX6Oez6m30dZkmDQ&mlSearchSessionGuid=8e1025801e5ac809b295bf43c09e511e,cian,2026-05-04T21:43:14.403070+00:00,Санкт-Петербург,Санкт-Петербург,sale,flat,real_estate_agent,1room,1,50.0,33250000.0,665000.0,2.0,8.0,0.25,False,False,Петроградский,проезд Петровская коса,1к2,Крестовский остров,"Петровская коса, 1",665000.0,17.319565355141325,3.9318256327243257
329236606,https://spb.cian.ru/sale/flat/329236606/?context=4.CaTVdgl4eC0.bNUkOhzm88wewcffc6Kx-XMIplQVT845IfnDzXkrwee_K0jhb-Za7jTs1bk-83W1sOqQJzzb35XZRA&mlSearchSessionGuid=8e1025801e5ac809b295bf43c09e511e,cian,2026-05-04T21:43:14.403070+00:00,Санкт-Петербург,Санкт-Петербург,sale,flat,unknown,1room,1,39.8,14890000.0,374120.6030150754,3.0,14.0,0.2142857142857142,False,False,Василеостровский,набережная Миклухо-Маклая,3к1,Приморская,Морская набережная.СиВью,374120.6030150754,16.516200471819356,3.708682081410116
327104342,https://spb.cian.ru/sale/flat/327104342/?context=4.BMrX3wDk_4U.XF6CQcz3nbBoFW5jzmSO8JXUNWyLsUqnW_nkd4nDxiB_fDwCBtyf3nFccBk7vgMnioZI44rwwt1SGg&mlSearchSessionGuid=8e1025801e5ac809b295bf43c09e511e,cian,2026-05-04T21:43:14.403070+00:00,Санкт-Петербург,Санкт-Петербург,sale,flat,developer,1room,1,43.1,32788325.0,760750.0,20.0,24.0,0.8333333333333334,False,False,Московский,Алтайская,39,Московская,Шепилевский,760750.0,17.30558309536758,3.7864597824528
329010202,https://spb.cian.ru/sale/flat/329010202/?context=4.HyWhCkfs8HE.dXeJjInEuJHTss0KhTrK6yh0YMhiu09R2YS8R-O9rPQ6_0xMgioK3s_BfIlMMozfilGfH9CSXqUE-Q&mlSearchSessionGuid=8e1025801e5ac809b295bf43c09e511e,cian,2026-05-04T21:43:14.403070+00:00,Санкт-Петербург,Санкт-Петербург,sale,flat,real_estate_agent,1room,1,35.6,14000000.0,393258.42696629214,5.0,12.0,0.4166666666666667,False,False,Калининский,Финляндский,,Лесная,Квартал бизнес-класса Б15,393258.42696629214,16.454567959008102,3.6000482404073204
327893492,https://spb.cian.ru/sale/flat/327893492/?context=4.zAMSS1hOuH8.MBM0ItlH1E4dcKFiIRHirzovpw5TLHEL73exbm8UuvTKuoEtyA_hFefCcoTlPTeWWgXrQpc3oZAZwg&mlSearchSessionGuid=8e1025801e5ac809b295bf43c09e511e,cian,2026-05-04T21:43:14.403070+00:00,Санкт-Петербург,Санкт-Петербург,sale,flat,realtor,1room,1,36.2,7700000.0,212707.182320442,6.0,6.0,1.0,False,True,Пушкинский,Архитектора Данини,11/6,Купчино,unknown,212707.182320442,15.856731016694036,3.616308761279101
314345291,https://spb.cian.ru/sale/flat/314345291/?context=4.0HywOA19eZA.ZjE8SywLvRBFPNTDIo-BQ_OpA8YCbVsY_cZj7ormVEySrcGcWL_WQovcNOk4z2El1AvJXLMcLnPBgw&mlSearchSessionGuid=8e1025801e5ac809b295bf43c09e511e,cian,2026-05-04T21:43:14.403070+00:00,Санкт-Петербург,Санкт-Петербург,sale,flat,developer,1room,1,41.19,11592514.0,281440.00971109496,4.0,4.0,1.0,False,True,Кронштадтский,дорога Цитадельская,,unknown,Кронфорт.Центральный,281440.00971109496,16.265870189186963,3.7421832261362473
328465798,https://spb.cian.ru/sale/flat/328465798/?context=4.6_0_9BL_XwI.jKNPjIVB8VMKS36V1TjBGLDw9FoGp4UHcbzH4s7RY5n-CshB4tpx7jVbgIUaV33nVuzsvtDlmJhT-A&mlSearchSessionGuid=8e1025801e5ac809b295bf43c09e511e,cian,2026-05-04T21:43:14.403070+00:00,Санкт-Петербург,Санкт-Петербург,sale,flat,real_estate_agent,1room,1,56.7,35000000.0,617283.9506172839,5.0,10.0,0.5,False,False,Петроградский,Ждановская,45,Чкаловская,Леонтьевский мыс,617283.9506172839,17.370858648025116,4.055257173514054
327861016,https://spb.cian.ru/sale/flat/327861016/?context=4.J4InxkvlgPI.Cac83Drw6Z58PWCkTu-90funcLhPNk8JfXHEb-vN_y2tdn7OCvHB8z6iKCtSLVZpISSjsbtNOvfbzw&mlSearchSessionGuid=8e1025801e5ac809b295bf43c09e511e,cian,2026-05-04T21:43:14.403070+00:00,Санкт-Петербург,Санкт-Петербург,sale,flat,real_estate_agent,1room,1,32.0,5700000.0,178125.0,2.0,5.0,0.4,False,False,Красносельский,Авангардная,41,Юго-Западная,unknown,178125.0,15.55597690824336,3.49650756146648
322621313,https://spb.cian.ru/sale/flat/322621313/?context=4.Kviu2_qobwQ.gkmYevm-gioAIrsVrlRjqwzCzaxlCbWI7MIbsiegfZHy63RNS6kqpejLLUvUk_tGoI3N0cmGBxIxyg&mlSearchSessionGuid=8e1025801e5ac809b295bf43c09e511e,cian,2026-05-04T21:43:14.403070+00:00,Санкт-Петербург,Санкт-Петербург,sale,flat,developer,1room,1,41.44,14688664.0,354456.17760617763,3.0,12.0,0.25,False,False,Московский,Среднерогатская,11к2,Звездная,Аквилон Leaves,354456.17760617763,16.50258666587199,3.7480913137457823
326968226,https://spb.cian.ru/sale/flat/326968226/?context=4.AbwKJlJl-J4.C3Utu0oO5LUX6ZYVszVAM2iU4E6YCQofsb7j8xEtWcdi6ftzKsIRo-j2VSwuaUhNVT16t5046cDTDA&mlSearchSessionGuid=8e1025801e5ac809b295bf43c09e511e,cian,2026-05-04T21:43:14.403070+00:00,Санкт-Петербург,Санкт-Петербург,sale,flat,real_estate_agent,1room,1,36.9,11650000.0,315718.1571815718,7.0,15.0,0.4666666666666667,False,False,Невский,Невский,,Проспект Большевиков,Пульс Премьер ЖК,315718.1571815718,16.27081682381289,3.634951112088381
329011792,https://spb.cian.ru/sale/flat/329011792/?context=4.dJ7AovBuGoo.nFbgP58aBgIJpb4KQolVi4Tf2_kppleBKCmybiKq-WjSr81nkeakr-9WbO35gtkuEqu72q5aep4V0g&mlSearchSessionGuid=8e1025801e5ac809b295bf43c09e511e,cian,2026-05-04T21:43:14.403070+00:00,Санкт-Петербург,Санкт-Петербург,sale,flat,real_estate_agent,1room,1,31.2,8000000.0,256410.2564102564,4.0,5.0,0.8,False,False,Выборгский,Болотная,2К2,Площадь Мужества,unknown,256410.2564102564,15.894952224644102,3.471966452550362
326300668,https://spb.cian.ru/sale/flat/326300668/?context=4.M5Oe0LHJlFM.MOpKbZSECQBKPZcTA2cnxcrFpC_T680t55HijKBv1uJtFwUzKQk9aKCy7hmAKzwsfbCi8Te3_mIpnA&mlSearchSessionGuid=8e1025801e5ac809b295bf43c09e511e,cian,2026-05-04T21:43:14.403070+00:00,Санкт-Петербург,Санкт-Петербург,sale,flat,developer,1room,1,35.4,20216175.0,571078.3898305085,6.0,11.0,0.5454545454545454,False,False,Адмиралтейский,Измайловское,,Балтийская,Ставни Обводный ЖК,571078.3898305085,16.821993633987734,3.594568774642695
325180688,https://spb.cian.ru/sale/flat/325180688/?context=4.Vg8RfJ0aI_w.mvcnNc9XIZVW8yAr1_PTmcrXneaF89vhhq4E8nWYS_oRgmeCCex7cX7NgdHILtp1riA5UR-56S6C2g&mlSearchSessionGuid=8e1025801e5ac809b295bf43c09e511e,cian,2026-05-04T21:43:14.403070+00:00,Санкт-Петербург,Санкт-Петербург,sale,flat,real_estate_agent,1room,1,84.8,110240000.0,1300000.0,13.0,14.0,0.9285714285714286,False,False,Петроградский,Ждановская,45,Крестовский остров,Леонтьевский мыс,1300000.0,18.51817037430074,4.4520190064939165
328359993,https://spb.cian.ru/sale/flat/328359993/?context=4.k0_N7MtLJVg.v4zB9o3LO4uPR70RVb-6Pj4hKBJ0QQXNpdk0Cp--V7icFPLKm0Vd2ltgu5iAOh6L9uqIH-KW8HR9Rg&mlSearchSessionGuid=8e1025801e5ac809b295bf43c09e511e,cian,2026-05-04T21:43:14.403070+00:00,Санкт-Петербург,Санкт-Петербург,sale,flat,real_estate_agent,1room,1,41.9,8500000.0,202863.9618138425,6.0,23.0,0.2608695652173913,False,False,Невский,Русановская,11,Ломоносовская,Ласточкино гнездо,202863.9618138425,15.955576839107596,3.758871825933971
329112131,https://spb.cian.ru/sale/flat/329112131/?context=4.ImQd_GRPNfE.8oFv0klETx3qyZ95E1L9FCYhqAit5lD92jcwNK6OKv_ElkIH4GkHGQc3HbxThAby1niNiBiHEM1s-g&mlSearchSessionGuid=8e1025801e5ac809b295bf43c09e511e,cian,2026-05-04T21:43:14.403070+00:00,Санкт-Петербург,Санкт-Петербург,sale,flat,developer,1room,1,49.0,22254624.0,454176.0,7.0,14.0,0.5,False,False,Красногвардейский,Большая Охта,,Новочеркасская,Магнифика ЖК,454176.0,16.918060410144093,3.912023005428146
329070097,https://spb.cian.ru/sale/flat/329070097/?context=4.YIIWovnOYaA.vDrgSUEjnDAbk8gJH80wsG6bs_Cd3_3-sohVQpY-MShjkI0yUMPdzYJOjSUhceqvt8Ol-DvUTD5OmA&mlSearchSessionGuid=8e1025801e5ac809b295bf43c09e511e,cian,2026-05-04T21:43:14.403070+00:00,Санкт-Петербург,Санкт-Петербург,sale,flat,real_estate_agent,1room,1,30.9,7600000.0,245954.6925566343,4.0,5.0,0.8,False,False,Московский,проспект Юрия Гагарина,38К2,Звездная,unknown,245954.6925566343,15.843658936835498,3.462606009790799
329291803,https://spb.cian.ru/sale/flat/329291803/?context=4.C9UKF1t7YRw.O10tsYChY9WqOEOpVKp3-0ukkBUymhrOAlDqHLmw_H_VeNwxiZ4cebcOz-4eh9dX59iTPcR8JcsK2A&mlSearchSessionGuid=8e1025801e5ac809b295bf43c09e511e,cian,2026-05-04T21:43:14.403070+00:00,Санкт-Петербург,Санкт-Петербург,sale,flat,real_estate_agent,1room,1,40.5,6250000.0,154320.98765432098,7.0,10.0,0.7,False,False,Выборгский,Первого Мая,107к9,Проспект Просвещения,в Парголово,154320.98765432098,15.648092181712572,3.725693427236653
314345250,https://spb.cian.ru/sale/flat/314345250/?context=4.d9T2GYPig-4.MNOTUULspQay6bUChZ1wavJgGQ43be1aR7XZh9lhj6aNjZRNsNsljaHXIb4wOaLNLkATuD_gT0nExg&mlSearchSessionGuid=8e1025801e5ac809b295bf43c09e511e,cian,2026-05-04T21:43:14.403070+00:00,Санкт-Петербург,Санкт-Петербург,sale,flat,developer,1room,1,36.81,10922263.0,296719.99456669384,3.0,4.0,0.75,False,False,Кронштадтский,дорога Цитадельская,,unknown,Кронфорт.Центральный,296719.99456669384,16.206313832799292,3.6325736179028416
328173835,https://spb.cian.ru/sale/flat/328173835/?context=4.yJjXybB5-OQ.LMjMtbTRBZ8A6VIF476eCyU2fkwm_LhNKdd-na1lHpQToD-EyqKEqn8js9B7zGiWRwVb85xS-u5qMQ&mlSearchSessionGuid=8e1025801e5ac809b295bf43c09e511e,cian,2026-05-04T21:43:14.403070+00:00,Санкт-Петербург,Санкт-Петербург,sale,flat,real_estate_agent,1room,1,36.5,9100000.0,249315.0684931507,4.0,13.0,0.3076923076923077,False,False,Приморский,Планерная,87к1,Комендантский проспект,Форест,249315.0684931507,16.02378508137718,3.624340932976365
329168799,https://spb.cian.ru/sale/flat/329168799/?context=4.X4vt6a9HdGU.GV8s1P5QbYLkisw0Qcrtb-8LaQvJOP49Jt3JY2GDCinl2s0DtZkh2wNNu4Sc3FVUzmHAhiDBr7RhjQ&mlSearchSessionGuid=8e1025801e5ac809b295bf43c09e511e,cian,2026-05-04T21:43:14.403070+00:00,Санкт-Петербург,Санкт-Петербург,sale,flat,real_estate_agent,1room,1,31.0,7200000.0,232258.06451612903,1.0,9.0,0.1111111111111111,True,False,Московский,Витебский проспект,67,Купчино,unknown,232258.06451612903,15.789591722875162,3.4657359027997265
329112139,https://spb.cian.ru/sale/flat/329112139/?context=4.d_dd5KXI_jU.XVX2YogXqkXry4NJPFrukLvQY9YXUHG9lx-WBYgD68hcsI_voUH_DeuXWy_VIFOpE5djOX-bzEZbBg&mlSearchSessionGuid=8e1025801e5ac809b295bf43c09e511e,cian,2026-05-04T21:43:14.403070+00:00,Санкт-Петербург,Санкт-Петербург,sale,flat,developer,1room,1,50.2,24044796.0,478980.0,4.0,14.0,0.2857142857142857,False,False,Красногвардейский,Большая Охта,,Новочеркасская,Магнифика ЖК,478980.0,16.995429190154624,3.9357395320454622
326667262,https://spb.cian.ru/sale/flat/326667262/?context=4.j7rf1k8V1Ts.uyPouzw_4QO0MjTA9MhCeFOySG7V5uCGxqZfcVvN_SjImAlNkVoCF4uTaluUM-xccCR4E9K6vpJZ_g&mlSearchSessionGuid=8e1025801e5ac809b295bf43c09e511e,cian,2026-05-04T21:43:14.403070+00:00,Санкт-Петербург,Санкт-Петербург,sale,flat,real_estate_agent,1room,1,37.9,8990000.0,237203.16622691293,2.0,10.0,0.2,False,False,Невский,Крыленко,13к4,Улица Дыбенко,unknown,237203.16622691293,16.0116235176825,3.6609942506244
329113260,https://spb.cian.ru/sale/flat/329113260/?context=4.igDlKcPxsZY.dNdHfTssQA5L46raqRj1h9gAoYYhgIXQD02YfU95YTMhtD2icbi9sTJqvo39T3STAeNEiyc_9RqydQ&mlSearchSessionGuid=8e1025801e5ac809b295bf43c09e511e,cian,2026-05-04T21:43:14.403070+00:00,Санкт-Петербург,Санкт-Петербург,sale,flat,real_estate_agent,1room,1,38.0,12100000.0,318421.05263157893,10.0,10.0,1.0,False,True,Василеостровский,Морская набережная,9,Приморская,unknown,318421.05263157893,16.308716093211594,3.6635616461296463
323387569,https://spb.cian.ru/sale/flat/323387569/?context=4.9F9LN3CsVII.dJeCL9Y2u-cIH0ELT-A00cNW44vuhx8vD6kwcwmNIoIJOeBdhztd0RGi1SiBaMyW3FdczTECwEJCIA&mlSearchSessionGuid=8e1025801e5ac809b295bf43c09e511e,cian,2026-05-04T21:43:14.403070+00:00,Санкт-Петербург,Санкт-Петербург,sale,flat,developer,1room,1,39.76,16395872.0,412371.02615694166,3.0,10.0,0.3,False,False,Василеостровский,17 линия ЖК,,Василеостровская,17 линия ЖК,412371.02615694166,16.61254021478471,3.707701208354524
328996861,https://spb.cian.ru/sale/flat/328996861/?context=4.XfWmhZdNbPM.OlmdorFtB0OuSQ1HFp4gvVRxVXeceWCcV_fQt62KITPI7gYihld2yLn3Z5rfDRBmAcffYcHfgK3O8w&mlSearchSessionGuid=8e1025801e5ac809b295bf43c09e511e,cian,2026-05-04T21:43:14.403070+00:00,Санкт-Петербург,Санкт-Петербург,sale,flat,real_estate_agent,1room,1,34.0,7790000.0,229117.64705882352,3.0,16.0,0.1875,False,False,Выборгский,Новокузнецкая,8,Проспект Просвещения,Parkolovo,229117.64705882352,15.868351546216628,3.555348061489413
328913484,https://spb.cian.ru/sale/flat/328913484/?context=4.Cc5jBX-4MDs.8AKcOT0pE-HVX32lXAytMvmTxCmK9Xa5lCqF7KLleoIJGaeAK-z1u0jyuaDv3AdB5b_jFxQdayfIhA&mlSearchSessionGuid=8e1025801e5ac809b295bf43c09e511e,cian,2026-05-04T21:43:14.403070+00:00,Санкт-Петербург,Санкт-Петербург,sale,flat,real_estate_agent,1room,1,30.9,6490000.0,210032.36245954697,5.0,9.0,0.5555555555555556,False,False,Калининский,Суздальский проспект,95,Гражданский проспект,unknown,210032.36245954692,15.685773242763466,3.462606009790799
323387974,https://spb.cian.ru/sale/flat/323387974/?context=4.jF7_vHf1jQI.IK-s4S0VFwVh90DFQ-oNIF_ELsGLn2PMePtW5Y3smwPGZL2Jfds3cZs9-GPsR0uUk9-a95iujHEWLg&mlSearchSessionGuid=8e1025801e5ac809b295bf43c09e511e,cian,2026-05-04T21:43:14.403070+00:00,Санкт-Петербург,Санкт-Петербург,sale,flat,developer,1room,1,34.45,15251760.0,442721.625544267,7.0,10.0,0.7,False,False,Василеостровский,17 линия ЖК,,Василеостровская,17 линия ЖК,442721.625544267,16.540205529760758,3.5681232529781366
328138385,https://spb.cian.ru/sale/flat/328138385/?context=4.zHeVQt14AWI.PMEFRD1ECD4DT9sdKcpduztEKTOg0uIsl7NrdCX2UX_BGEMBOi4U-GVenp9wUJFnOBWlP1vMaoSAmA&mlSearchSessionGuid=8e1025801e5ac809b295bf43c09e511e,cian,2026-05-04T21:43:14.403070+00:00,Санкт-Петербург,Санкт-Петербург,sale,flat,real_estate_agent,1room,1,31.1,6280000.0,201929.2604501608,2.0,5.0,0.4,False,False,Красносельский,Добровольцев,40,Юго-Западная,unknown,201929.2604501608,15.652880697680038,3.4688560301359703
328020674,https://spb.cian.ru/sale/flat/328020674/?context=4.TJuKXs-3CqI.O14tjGTkVYSBAQZiSmce0jnvr2lD7nDVFhVDQc63n5RbHE4cnboIRaKNp3JF1CL_b5AfYrqV2Ab9MQ&mlSearchSessionGuid=8e1025801e5ac809b295bf43c09e511e,cian,2026-05-04T21:43:14.403070+00:00,Санкт-Петербург,Санкт-Петербург,sale,flat,developer,1room,1,48.68,23198454.0,476550.0,3.0,10.0,0.3,False,False,Василеостровский,Гавань,к1,Горный институт,Легенда Васильевского ЖК,476550.0,16.95959623959142,3.905602437625223
328258934,https://spb.cian.ru/sale/flat/328258934/?context=4.LgchhXPSkfM.0wUhhROFksPVffp9wRzzbNGbBDBhqEyKmSF4oLgY62YRiPrgw-DPoTYEA-E1PJLx2TrW-sb76A_GLQ&mlSearchSessionGuid=8e1025801e5ac809b295bf43c09e511e,cian,2026-05-04T21:43:14.403070+00:00,Санкт-Петербург,Санкт-Петербург,sale,flat,real_estate_agent,1room,1,41.6,7500000.0,180288.46153846156,10.0,17.0,0.5882352941176471,False,False,Красносельский,Ленинский проспект,55к2,Юго-Западная,unknown,180288.46153846156,15.830413711839864,3.751854253275325
326164082,https://spb.cian.ru/sale/flat/326164082/?context=4.bhDy1WulEQo.eZcPZIOSCv9UNrNepb0Bj76-m7rFF8DdvJvAHFA9lQkmk-6TgUJQFWVMkCLE0uQgvy_AgD4cr4iyfA&mlSearchSessionGuid=8e1025801e5ac809b295bf43c09e511e,cian,2026-05-04T21:43:14.403070+00:00,Санкт-Петербург,Санкт-Петербург,sale,flat,realtor,1room,1,39.4,10400000.0,263959.3908629442,6.0,6.0,1.0,False,True,Центральный,Радищева,17-19,Площадь Восстания,unknown,263959.3908629442,16.15731646026544,3.698829784967105
323514124,https://spb.cian.ru/sale/flat/323514124/?context=4.viQ1_HT7lsQ.B7vM6mCazBQ7AnV8gpdVf33nw340STMhUZsrtm34ifTBc0_Fo-73Gq01gSruAl27AUYjhaID_JMbZg&mlSearchSessionGuid=8e1025801e5ac809b295bf43c09e511e,cian,2026-05-04T21:43:14.403070+00:00,Санкт-Петербург,Санкт-Петербург,sale,flat,developer,1room,1,46.51,36059514.0,775306.6867340357,6.0,9.0,0.6666666666666666,False,False,Петроградский,Пионерская,53,Чкаловская,Avant,775306.6867340357,17.400681325843117,3.86094021519883
326610006,https://spb.cian.ru/sale/flat/326610006/?context=4.PXOFcRuZsVM.7MzYnontbydaeiOopf-o_toZGlTfuCVkFqeCy82vjm5UaRLR4hZM3h9tbo478RCy8ZQ8eFK1pD5pJA&mlSearchSessionGuid=8e1025801e5ac809b295bf43c09e511e,cian,2026-05-04T21:43:14.403070+00:00,Санкт-Петербург,Санкт-Петербург,sale,flat,real_estate_agent,1room,1,42.8,12900000.0,301401.8691588785,8.0,25.0,0.32,False,False,Приморский,Фермское шоссе,32,Удельная,Северная корона,301401.8691588785,16.372737946851277,3.779633817382401
328288623,https://spb.cian.ru/sale/flat/328288623/?context=4.s8p6SLb__og.rRJAvcArA19OKk1DjwecCkM_Xc4mfeAyfQ4xb2pG-W1NdSq5E4d-6DO1dBivHLEpY-HF1bcEwKL7-w&mlSearchSessionGuid=8e1025801e5ac809b295bf43c09e511e,cian,2026-05-04T21:43:14.403070+00:00,Санкт-Петербург,Санкт-Петербург,sale,flat,real_estate_agent,1room,1,30.4,7590000.0,249671.05263157896,3.0,5.0,0.6,False,False,Московский,Витебский проспект,41К4,Московская,unknown,249671.05263157896,15.84234228112411,3.446807892914208
326300667,https://spb.cian.ru/sale/flat/326300667/?context=4.d4_GOjZ6Wf8.aRG7fqYfgLhS78QwuA6LBYgNhapjjrNncits1vw2et61hZ6Xr1mgJisnu5xIaaJm6gAAMKwWYlQ78Q&mlSearchSessionGuid=8e1025801e5ac809b295bf43c09e511e,cian,2026-05-04T21:43:14.403070+00:00,Санкт-Петербург,Санкт-Петербург,sale,flat,developer,1room,1,34.39,19768939.0,574845.5655713871,6.0,11.0,0.5454545454545454,False,False,Адмиралтейский,Измайловское,,Балтийская,Ставни Обводный ЖК,574845.5655713871,16.799622577118583,3.566429294357372
327803949,https://spb.cian.ru/sale/flat/327803949/?context=4.3MqX5plH6F0.En8pC_ZX6ELiKXoOu8fUNuH2aCVM3Hv4VHScvEjFzNoQOfP47NKvu6hnVBeIFB1X3XNiykPg3eeHKA&mlSearchSessionGuid=8e1025801e5ac809b295bf43c09e511e,cian,2026-05-04T21:43:14.403070+00:00,Санкт-Петербург,Санкт-Петербург,sale,flat,real_estate_agent,1room,1,37.0,17490000.0,472702.7027027027,4.0,4.0,1.0,False,True,Центральный,Марата,66/22,Звенигородская,unknown,472702.7027027027,16.67713990417031,3.6375861597263857
329561523,https://spb.cian.ru/sale/flat/329561523/?context=4.ojITfgwUqXQ.f95GUCSGSmAN6kL3DcKateho5hfKrcLMwqoQ8LfYnCKPj2ZxN6dalkTK62OHjFIsPXOVb9x2RiL_hw&mlSearchSessionGuid=8e1025801e5ac809b295bf43c09e511e,cian,2026-05-04T21:43:14.403070+00:00,Санкт-Петербург,Санкт-Петербург,sale,flat,homeowner,1room,1,41.1,13999999.0,340632.5790754258,2.0,23.0,0.0869565217391304,False,False,Калининский,Гражданский проспект,107к4,Гражданский проспект,Main House,340632.5790754258,16.454567887579532,3.740047740688336
329428188,https://spb.cian.ru/sale/flat/329428188/?context=4.OjWtWvtX1t8.aTkZeqyXxs9JI9bi_oItcVCu37x6eOV78PSUzTbaAZD0aP_5ME9TeOTUus52qIBJBUZ8mXsP72ackQ&mlSearchSessionGuid=8e1025801e5ac809b295bf43c09e511e,cian,2026-05-04T21:43:14.403070+00:00,Санкт-Петербург,Санкт-Петербург,sale,flat,developer,1room,1,39.72,15089080.0,379886.20342396776,6.0,9.0,0.6666666666666666,False,False,Калининский,проспект Мечникова,40Л,Лесная,Левел Мечникова,379886.20342396776,16.529481927630364,3.7067193722422673
324678653,https://spb.cian.ru/sale/flat/324678653/?context=4.NkhfbR4mAI8.3uGUQUPq5vSnMoOLEigjag3rQX67XVY5Xgv6dINF7uCnQGHnxHf1sMAyMYrFRaP9rY14kEmlwKgwpg&mlSearchSessionGuid=8e1025801e5ac809b295bf43c09e511e,cian,2026-05-04T21:43:14.403070+00:00,Санкт-Петербург,Санкт-Петербург,sale,flat,real_estate_agent,1room,1,33.7,13700000.0,406528.1899109792,4.0,12.0,0.3333333333333333,False,False,Фрунзенский,Волковское,1,Обводный канал,Аэронавт ЖК,406528.1899109792,16.432906463791053,3.5467396869528134
325879120,https://spb.cian.ru/sale/flat/325879120/?context=4.t9CwkY3S7yY.1o5_eEqQG-tPfHmSR2_P8rqWptGFMB4w6V93KdWISUDxdxUbNRMVri4SvEr6qzaQ-tQI7ZtfP2O-tw&mlSearchSessionGuid=8e1025801e5ac809b295bf43c09e511e,cian,2026-05-04T21:43:14.403070+00:00,Санкт-Петербург,Санкт-Петербург,sale,flat,realtor,1room,1,38.7,8800000.0,227390.18087855296,3.0,15.0,0.2,False,False,Приморский,Богатырский проспект,29К1,Комендантский проспект,unknown,227390.18087855296,15.990262393084793,3.681351187693145
323387651,https://spb.cian.ru/sale/flat/323387651/?context=4.8_uAKsiinbo._EzVo5Ftv1S7uTopEap7Av37bK0tzu0CrTcReYR5OCwdZb626W4etBhWk-jdstw1UG53SGAuDYXBPg&mlSearchSessionGuid=8e1025801e5ac809b295bf43c09e511e,cian,2026-05-04T21:43:14.403070+00:00,Санкт-Петербург,Санкт-Петербург,sale,flat,developer,1room,1,42.2,17435840.0,413171.56398104265,2.0,10.0,0.2,False,False,Василеостровский,17 линия ЖК,,Василеостровская,17 линия ЖК,413171.56398104265,16.674038473234837,3.765840495250065
327683240,https://spb.cian.ru/sale/flat/327683240/?context=4.aGW3yjz9y4s.2MskqP5x0Nq-yTOY_jNc33skFr__vEE7EmbWjebxEZfRK0bM4-2QdtghzTN9sc0Q-N1UVB3dMb0a9A&mlSearchSessionGuid=8e1025801e5ac809b295bf43c09e511e,cian,2026-05-04T21:43:14.403070+00:00,Санкт-Петербург,Санкт-Петербург,sale,flat,real_estate_agent,1room,1,37.7,10900000.0,289124.6684350132,19.0,20.0,0.95,False,False,Невский,Невзоровой,9,Елизаровская,ЦДС Елизаровский,289124.6684350132,16.204273438942487,3.655839600035736
300326503,https://spb.cian.ru/sale/flat/300326503/?context=4.xbFPvIRvN20.J5KLHjA40FQsMXjA3Umjck_Lz3QuXOz66S-kvBGuHHSBW9GXdNcoq41FZjo_-vF2SKN_YbnLwNv4zQ&mlSearchSessionGuid=8e1025801e5ac809b295bf43c09e511e,cian,2026-05-04T21:43:14.403070+00:00,Санкт-Петербург,Санкт-Петербург,sale,flat,real_estate_agent,1room,1,30.0,6600000.0,220000.0,2.0,5.0,0.4,False,False,Пушкинский,Магазейная,3,Купчино,unknown,220000.0,15.702580358511794,3.4339872044851463
322620853,https://spb.cian.ru/sale/flat/322620853/?context=4.N8djGo7y1aU.uQEw4znTPPfog8EdIVQPzleZR2sgfg23Hvp7Rz1N1em5Awh2LSJgVac60xZd9nP6scFpSlES6Z-RMQ&mlSearchSessionGuid=8e1025801e5ac809b295bf43c09e511e,cian,2026-05-04T21:43:14.403070+00:00,Санкт-Петербург,Санкт-Петербург,sale,flat,developer,1room,1,39.68,14138013.0,356300.7308467742,5.0,17.0,0.2941176470588235,False,False,Московский,Звёздное,,Звездная,Оро бай Аквилон ЖК,356300.7308467742,16.464377755951617,3.70573657118036
327337342,https://spb.cian.ru/sale/flat/327337342/?context=4.xvVzCsRyaRM.K_FMtiISvgwJfHdjSQ3yL_TT0eGSXht-uNizgntu1lsuNubqU2qc55C0aPXwP1h6bxTaxM7XZQ8kQA&mlSearchSessionGuid=8e1025801e5ac809b295bf43c09e511e,cian,2026-05-04T21:43:14.403070+00:00,Санкт-Петербург,Санкт-Петербург,sale,flat,real_estate_agent,1room,1,39.0,9850000.0,252564.10256410256,5.0,27.0,0.1851851851851851,False,False,Выборгский,Федора Абрамова,4,Парнас,Северная долина,252564.10256410256,16.10298211467111,3.688879454113936
326361997,https://spb.cian.ru/sale/flat/326361997/?context=4.109Kexe98M4.2LdhxPdwTEgmtHELzqz4ZnztVgrHbNhtWEN-vVmLfkBI7cTneoVwBa6j0K4yaPxEjJKshiXe7HdfzA&mlSearchSessionGuid=8e1025801e5ac809b295bf43c09e511e,cian,2026-05-04T21:43:14.403070+00:00,Санкт-Петербург,Санкт-Петербург,sale,flat,real_estate_agent,1room,1,35.4,8000000.0,225988.70056497172,5.0,9.0,0.5555555555555556,False,False,Приморский,Богатырский проспект,61К1,Комендантский проспект,unknown,225988.70056497172,15.894952224644102,3.594568774642695
305427092,https://spb.cian.ru/sale/flat/305427092/?context=4.mOXr5Ep7bTM.1Zy1CRmHpR9-4itjjCaHNKZNs04wph2q5m2DlntonJBf1m25ST-fAjwlldQ29MKAjBOLQepbomYtJQ&mlSearchSessionGuid=8e1025801e5ac809b295bf43c09e511e,cian,2026-05-04T21:43:14.403070+00:00,Санкт-Петербург,Санкт-Петербург,sale,flat,developer,1room,1,37.06,17788801.0,480000.0269832704,4.0,4.0,1.0,False,True,Курортный,unknown,,unknown,Ранта Резиденс ЖК,480000.0269832704,16.694079716171576,3.639163861868004
324557199,https://spb.cian.ru/sale/flat/324557199/?context=4.moqLT5vyNsE.K6E4i9xPV27ySd5a6SpMFO00FxU9WnHuJVR9UxHgw4YV3D6X-cQjnrqxaJZnxDz9kaI7CAD5B-qHUA&mlSearchSessionGuid=8e1025801e5ac809b295bf43c09e511e,cian,2026-05-04T21:43:14.403070+00:00,Санкт-Петербург,Санкт-Петербург,sale,flat,real_estate_agent,1room,1,33.5,10600000.0,316417.9104477612,3.0,4.0,0.75,False,False,Курортный,Авиационная,5к1,Беговая,Лисино,316417.9104477612,16.176364653421913,3.5409593240373143
329174136,https://spb.cian.ru/sale/flat/329174136/?context=4.vUDisRjV07Q.D-dNKqy37RNaJbPUoLPnj8mh18plZFxRgDNrL_B2vMCOPcBSTEXWaAM5RVpg-r1TXbrNCpAGtEqOyQ&mlSearchSessionGuid=8e1025801e5ac809b295bf43c09e511e,cian,2026-05-04T21:43:14.403070+00:00,Санкт-Петербург,Санкт-Петербург,sale,flat,real_estate_agent,1room,1,31.6,6750000.0,213607.5949367089,5.0,5.0,1.0,False,True,Московский,Кубинская,54,Ленинский проспект,unknown,213607.5949367089,15.72505321099685,3.484312288372662
314345317,https://spb.cian.ru/sale/flat/314345317/?context=4.Jg8g3VsEjow.JtDQKu9GNpZyu5sxx8c7WCA6unAoUwmGwO_wmH3-UKDU4tyC9EgxtpAQPR2711XGXLE3HtN1kYuXhw&mlSearchSessionGuid=8e1025801e5ac809b295bf43c09e511e,cian,2026-05-04T21:43:14.403070+00:00,Санкт-Петербург,Санкт-Петербург,sale,flat,developer,1room,1,42.4,10864576.0,256240.0,1.0,4.0,0.25,True,False,Кронштадтский,дорога Цитадельская,,unknown,Кронфорт.Центральный,256240.0,16.201018238563197,3.770459441106359
320701004,https://spb.cian.ru/sale/flat/320701004/?context=4.uuYLE6FW5VU.kWmkuxOxk4mmdNf7K7RkdFcv6j6R-kpUtOll6Z3P3EI33DCArGO_oDdUzQkZjJF3hgWioTNhQfDzxQ&mlSearchSessionGuid=8e1025801e5ac809b295bf43c09e511e,cian,2026-05-04T21:43:14.403070+00:00,Санкт-Петербург,Санкт-Петербург,sale,flat,real_estate_agent,1room,1,42.2,9850000.0,233412.3222748815,2.0,16.0,0.125,False,False,Приморский,Богатырский проспект,52к1,Комендантский проспект,unknown,233412.3222748815,16.10298211467111,3.765840495250065
328013698,https://spb.cian.ru/sale/flat/328013698/?context=4.aLywM6gkrEM.3xnuWaMmnzPSZOylW-LFSmFwh1VqvbzjgQxyjn5CK_qBOHlECW5gyULxfS1YG0o56xSPRXicI-tYiQ&mlSearchSessionGuid=8e1025801e5ac809b295bf43c09e511e,cian,2026-05-04T21:43:14.403070+00:00,Санкт-Петербург,Санкт-Петербург,sale,flat,real_estate_agent,1room,1,37.8,7800000.0,206349.2063492064,4.0,4.0,1.0,False,True,Пушкинский,Глинки,21,Купчино,unknown,206349.2063492064,15.86963441986494,3.658420246629228
326400308,https://spb.cian.ru/sale/flat/326400308/?context=4.CGO8Po4Eufg.3ojmdpGEwUEQl_AplA5ve9qjAwrPdlINgx8PQ98srXWB9hUu4AYKRuiLyacBUft76cxVxdhcSMpTsA&mlSearchSessionGuid=8e1025801e5ac809b295bf43c09e511e,cian,2026-05-04T21:43:14.403070+00:00,Санкт-Петербург,Санкт-Петербург,sale,flat,developer,1room,1,38.03,22914977.0,602550.0131475151,9.0,10.0,0.9,False,False,Василеостровский,Гавань,к1,Горный институт,Легенда Васильевского ЖК,602550.0131475151,16.94730131585508,3.664330581192524
329440246,https://spb.cian.ru/sale/flat/329440246/?context=4.M1Skdt7gtng.Qq10efMerpsEEPJOKj_XX8d5Z-7Z4OQwUcHAEC-YCTmX35gT4Ck3et_VDpoOuCyz2SQRc-HRw3zIwQ&mlSearchSessionGuid=8e1025801e5ac809b295bf43c09e511e,cian,2026-05-04T21:43:14.403070+00:00,Санкт-Петербург,Санкт-Петербург,sale,flat,real_estate_agent,1room,1,29.7,6000000.0,202020.20202020204,12.0,24.0,0.5,False,False,Красногвардейский,Полюстрово,8к2,Девяткино,Цветной Город,202020.20202020204,15.607270193858982,3.4242626545931514
328021388,https://spb.cian.ru/sale/flat/328021388/?context=4.X6avqmX4BQc.135t6Mzm25YUs0xBk6xzz6cMofbYxxKtAsQ9NeAp3RvdLbtWPeEmuE_kfs-bJdjP3jJphH1xq8eG6Q&mlSearchSessionGuid=8e1025801e5ac809b295bf43c09e511e,cian,2026-05-04T21:43:14.403070+00:00,Санкт-Петербург,Санкт-Петербург,sale,flat,developer,1room,1,42.17,21587666.0,511919.9905145838,10.0,10.0,1.0,False,True,Василеостровский,Гавань,к1,Горный институт,Легенда Васильевского ЖК,511919.9905145838,16.887632737365458,3.765145809567386
324126059,https://spb.cian.ru/sale/flat/324126059/?context=4.yvVAb39ntIU.Rg7dRh0hts6qcrYoRvOI7PlIei0zZEWXuz0E247dDUPO9ZbrjSDCCmMkXz7GAgXEttEjz1unZyWcsw&mlSearchSessionGuid=8e1025801e5ac809b295bf43c09e511e,cian,2026-05-04T21:43:14.403070+00:00,Санкт-Петербург,Санкт-Петербург,sale,flat,real_estate_agent,1room,1,63.3,13370000.0,211216.42969984203,1.0,3.0,0.3333333333333333,True,False,Курортный,Мира,21,unknown,unknown,211216.42969984203,16.408524023872438,4.163559631243574
327862057,https://spb.cian.ru/sale/flat/327862057/?context=4.aPlsQNny5KY.UAK2RO7C_8aKNG6Rl-gF45DZw1ypRlwsja8ul566upHcunR_bAQu3YyRC7mqTL402ZUk-ubt9mgqxw&mlSearchSessionGuid=8e1025801e5ac809b295bf43c09e511e,cian,2026-05-04T21:43:14.403070+00:00,Санкт-Петербург,Санкт-Петербург,sale,flat,real_estate_agent,1room,1,38.3,15500000.0,404699.7389033943,1.0,12.0,0.0833333333333333,True,False,Василеостровский,26-я Васильевского острова линия,7,Горный институт,Палацио,404699.7389033943,16.5563506464056,3.6712245188752153
320361579,https://spb.cian.ru/sale/flat/320361579/?context=4.sim120oUb3E.ruwdYjN6g2TDwCe5pMwheB7E9ojdpEZPwtPrNQ_T3w7opQy4nXHsoy8OmMAAcglzxBjtW04I6sNe_g&mlSearchSessionGuid=8e1025801e5ac809b295bf43c09e511e,cian,2026-05-04T21:43:14.403070+00:00,Санкт-Петербург,Санкт-Петербург,sale,flat,developer,1room,1,58.0,27179999.0,468620.6724137931,18.0,19.0,0.9473684210526316,False,False,Василеостровский,Челюскина,10,Приморская,GloraX Premium Василеостровский,468620.6724137931,17.11799196668727,4.07753744390572
327250635,https://spb.cian.ru/sale/flat/327250635/?context=4.lkx9lHx3rWU.yVTxkb6mDTgyJs6-LBcHwfD6epZevkdNVifD-oq8qt_DGJ07T5g0cijQGxvZmmzsQC_rLQCcG-fDiA&mlSearchSessionGuid=8e1025801e5ac809b295bf43c09e511e,cian,2026-05-04T21:43:14.403070+00:00,Санкт-Петербург,Санкт-Петербург,sale,flat,real_estate_agent,1room,1,45.6,11700000.0,256578.94736842104,1.0,5.0,0.2,True,False,Пушкинский,Анциферовская,11к2,Купчино,Александровский,256578.94736842104,16.275099485238066,3.8416005411316
319672870,https://spb.cian.ru/sale/flat/319672870/?context=4.CcUKBTR-dzM.J8c59j9qPD-9Hc4KSpteU84I1cJlEraDVTUaSbo7CUvoyw0Lpk-m7ujI5GMoHunGzJOA6IeqlA_VRg&mlSearchSessionGuid=8e1025801e5ac809b295bf43c09e511e,cian,2026-05-04T21:43:14.403070+00:00,Санкт-Петербург,Санкт-Петербург,sale,flat,developer,1room,1,48.04,22770960.0,474000.0,5.0,10.0,0.5,False,False,Адмиралтейский,Перевозная,,Садовая,Остров первых,474000.0,16.940996641804578,3.892636291627956
312666414,https://spb.cian.ru/sale/flat/312666414/?context=4.vAfNpBOxrOs.sxG_fLJ_JRubIO_pwmoVHRp1lUHZba3kNN1dX_51SvPeKwHKwh91dGDXitiB2rib07_h_bAkzulHqA&mlSearchSessionGuid=8e1025801e5ac809b295bf43c09e511e,cian,2026-05-04T21:43:14.403070+00:00,Санкт-Петербург,Санкт-Петербург,sale,flat,real_estate_agent,1room,1,45.0,20490000.0,455333.3333333333,4.0,10.0,0.4,False,False,Выборгский,Выборгская набережная,27/6,Выборгская,Сампсониевский 32,455333.3333333333,16.835447569019376,3.828641396489095
327005109,https://spb.cian.ru/sale/flat/327005109/?context=4.SmSSBRLzweA.KHWBWg-Ssh_cVT8mMfj6zV2f3u4zir-ye5v68LeUjvxrPmQ-tstRy801ckee4a6Lt7xrPUjogApY9A&mlSearchSessionGuid=8e1025801e5ac809b295bf43c09e511e,cian,2026-05-04T21:43:14.403070+00:00,Санкт-Петербург,Санкт-Петербург,sale,flat,developer,1room,1,50.4,22800000.0,452380.9523809524,15.0,17.0,0.8823529411764706,False,False,Василеостровский,Морской,,Приморская,Северный Ветер ЖК,452380.9523809524,16.942271137784317,3.93963817246112
329014939,https://spb.cian.ru/sale/flat/329014939/?context=4.yhplAbEcsEc.7coNzARJlVQTtp-b8GC-SVSYciVBvyefy9_t36ZshB7kRd8tuTLS7mSNwsXPyWTolgegHnXoLSO56A&mlSearchSessionGuid=8e1025801e5ac809b295bf43c09e511e,cian,2026-05-04T21:43:14.403070+00:00,Санкт-Петербург,Санкт-Петербург,sale,flat,real_estate_agent,1room,1,36.5,7200000.0,197260.2739726027,1.0,14.0,0.0714285714285714,True,False,Московский,Витебский проспект,35,Московская,unknown,197260.27397260276,15.789591722875162,3.624340932976365
326074331,https://spb.cian.ru/sale/flat/326074331/?context=4.JqkUOXQSsC0.yj6OXa5bFZaNN78qLecP-ItRNHddAeHwB3QyoLeDjKWDpN6x-g7bfxZ0rhrWnx6fUfRy0KXuYz0FEQ&mlSearchSessionGuid=8e1025801e5ac809b295bf43c09e511e,cian,2026-05-04T21:43:14.403070+00:00,Санкт-Петербург,Санкт-Петербург,sale,flat,developer,1room,1,32.89,23845250.0,725000.0,9.0,10.0,0.9,False,False,Центральный,Новгородская,14,Площадь Александра Невского,Гильдия,725000.0,16.98709563597485,3.52311998561896
326506506,https://spb.cian.ru/sale/flat/326506506/?context=4.R1C_0VZ8-qo.TX-D5kGKQC_hEQvfo203McRxIKBoPwSQLgC-drHm2TEs353EaGrWyGjpCAyVtC4g_-uXub-nzUrRMw&mlSearchSessionGuid=8e1025801e5ac809b295bf43c09e511e,cian,2026-05-04T21:43:14.403070+00:00,Санкт-Петербург,Санкт-Петербург,sale,flat,real_estate_agent,1room,1,30.2,6100000.0,201986.7549668874,2.0,5.0,0.4,False,False,Невский,Дальневосточный проспект,80,Ломоносовская,unknown,201986.7549668874,15.623799493077952,3.4404180948154366
326563687,https://spb.cian.ru/sale/flat/326563687/?context=4.0ra9cwBcJsM.Syj6Rjbw6Fy9kccxK0E0IMkaMXnYY8tdxZtltOmxRBIqN65ZNhf1H22WM-ir630RhIM5FPRaj2t5mQ&mlSearchSessionGuid=8e1025801e5ac809b295bf43c09e511e,cian,2026-05-04T21:43:14.403070+00:00,Санкт-Петербург,Санкт-Петербург,sale,flat,real_estate_agent,1room,1,41.0,13200000.0,321951.2195121951,17.0,20.0,0.85,False,False,Красносельский,Маршала Захарова,10,Юго-Западная,Огни Залива,321951.2195121951,16.395727463314174,3.737669618283368
323695128,https://spb.cian.ru/sale/flat/323695128/?context=4.fqot3MuLGzg.QsOJ16lSMatm2yvfCdCxyz7Jfs_SUhMkcS_8lw0fpymaa0Fpif77rMzJKFZQq2CcmIuZp4hpFHFI1w&mlSearchSessionGuid=8e1025801e5ac809b295bf43c09e511e,cian,2026-05-04T21:43:14.403070+00:00,Санкт-Петербург,Санкт-Петербург,sale,flat,developer,1room,1,38.64,15830035.0,409679.9948240166,7.0,17.0,0.4117647058823529,False,False,Василеостровский,Морской,,Приморская,Новая Земля ЖК,409679.9948240166,16.57741970601759,3.6798387094617873
329355613,https://spb.cian.ru/sale/flat/329355613/?context=4.fHfAjDoBHXY._CE6MMTU4B41-Ual2PQlUP-Rr-9DDYOLj3Rx6qt3hj-lQ4eaXKYrHlI6hXgFyABt6gCYjbL3N_hRxA&mlSearchSessionGuid=8e1025801e5ac809b295bf43c09e511e,cian,2026-05-04T21:43:14.403070+00:00,Санкт-Петербург,Санкт-Петербург,sale,flat,real_estate_agent,1room,1,40.4,8245000.0,204084.1584158416,17.0,29.0,0.5862068965517241,False,False,Выборгский,Федора Абрамова,16к1,Парнас,Северная долина,204084.1584158416,15.925117635261456,3.7232808808312687
328960498,https://spb.cian.ru/sale/flat/328960498/?context=4.DH-Z1EKbSEk.rXybUNZKVhfNoF5CdHBbi-rgvLI9jN9slUgsm2xoyD1ZOE6hodjYpPVirte-UGf5md35PSG4HMb8MA&mlSearchSessionGuid=8e1025801e5ac809b295bf43c09e511e,cian,2026-05-04T21:43:14.403070+00:00,Санкт-Петербург,Санкт-Петербург,sale,flat,real_estate_agent,1room,1,44.7,14490000.0,324161.0738255033,12.0,18.0,0.6666666666666666,False,False,Невский,Дыбенко,2,Улица Дыбенко,Цивилизация на Неве,324161.0738255033,16.488969383309975,3.822098297900159
309823990,https://spb.cian.ru/sale/flat/309823990/?context=4.icyKD8bkjlg.K2hO0f2ufdMlFm3GWCbE35RU5LTgxY7HdOpFrVFKTYFDEBlMUYAuXlV27f7vehds4S1c1F150cMsjQ&mlSearchSessionGuid=8e1025801e5ac809b295bf43c09e511e,cian,2026-05-04T21:43:14.403070+00:00,Санкт-Петербург,Санкт-Петербург,sale,flat,developer,1room,1,46.6,27092075.0,581375.0,8.0,12.0,0.6666666666666666,False,False,Курортный,Приморское шоссе,570Л,unknown,МФК Морская ривьера,581375.0,17.11475184456916,3.8628327612373754
327636126,https://spb.cian.ru/sale/flat/327636126/?context=4.6HH9yLSanX0.A7eHOKpMotuj5e_mn_rpcfIne7j6gRIfiyvKBhNpAVqikVtKwAXzH65J1nJcyQAVha0rI5lOyasK8Q&mlSearchSessionGuid=8e1025801e5ac809b295bf43c09e511e,cian,2026-05-04T21:43:14.403070+00:00,Санкт-Петербург,Санкт-Петербург,sale,flat,real_estate_agent,1room,1,41.6,7500000.0,180288.46153846156,12.0,24.0,0.5,False,False,Красногвардейский,Корнея Чуковского,3к4,Девяткино,Новая Охта,180288.46153846156,15.830413711839864,3.751854253275325
329189775,https://spb.cian.ru/sale/flat/329189775/?context=4.-IA3cx8lEwU.8PvWdeSH89wbZnxBhYplm2islNxI7dqiRwxFuv1ghMCqOV-Z9wfYyUrPBJSo3z--WdGUeuHzD6j2nw&mlSearchSessionGuid=8e1025801e5ac809b295bf43c09e511e,cian,2026-05-04T21:43:14.403070+00:00,Санкт-Петербург,Санкт-Петербург,sale,flat,real_estate_agent,1room,1,37.9,10190000.0,268865.43535620056,26.0,30.0,0.8666666666666667,False,False,Выборгский,проспект Просвещения,43,Проспект Просвещения,Лондон Парк,268865.43535620056,16.13691750333433,3.6609942506244
319672840,https://spb.cian.ru/sale/flat/319672840/?context=4.8lBPz0ZziDk.CZ688XIHEHjaBm1UdawFDQPIXIIgZ2G9jfOpayBt4saDRorT-plFCSF_BZ2HTZMD0VwbRf8HrITUmQ&mlSearchSessionGuid=8e1025801e5ac809b295bf43c09e511e,cian,2026-05-04T21:43:14.403070+00:00,Санкт-Петербург,Санкт-Петербург,sale,flat,developer,1room,1,45.85,22466500.0,490000.0,7.0,10.0,0.7,False,False,Адмиралтейский,Перевозная,,Садовая,Остров первых,490000.0,16.927535913299998,3.846951008684431
328366083,https://spb.cian.ru/sale/flat/328366083/?context=4.GVy8ahUCUJg.16dIQS4DkwPtoWhydao0z5rQomrE7AM9I4ZYEHrFxyqh98R2iWL3z_RjYz2GzqId-lFi9LC2C2rVgw&mlSearchSessionGuid=8e1025801e5ac809b295bf43c09e511e,cian,2026-05-04T21:43:14.403070+00:00,Санкт-Петербург,Санкт-Петербург,sale,flat,real_estate_agent,1room,1,34.5,7700000.0,223188.40579710144,14.0,15.0,0.9333333333333332,False,False,Выборгский,Новокузнецкая,8,Проспект Просвещения,Parkolovo,223188.40579710144,15.856731016694036,3.56953269648137
322874562,https://spb.cian.ru/sale/flat/322874562/?context=4.okJ2hnEJUOE.QYzqVrhFluSGq69pTmglcjhlJ4CJLx3XMGEwkNLI0DSX3XIa9WU1ETFvvYT5rdUmgbQT6jTGurAkNg&mlSearchSessionGuid=8e1025801e5ac809b295bf43c09e511e,cian,2026-05-04T21:43:14.403070+00:00,Санкт-Петербург,Санкт-Петербург,sale,flat,real_estate_agent,1room,1,34.5,7600000.0,220289.85507246372,4.0,24.0,0.1666666666666666,False,False,Невский,Русановская,16к1,Ломоносовская,ЦДС Приневский,220289.85507246375,15.843658936835498,3.56953269648137
319861349,https://spb.cian.ru/sale/flat/319861349/?context=4.VbQZbS08rh8.iXtjytCHjiYfmeUK6mhWgthEqemONOLnLNK8qH4TIUgVppk8LIUCS8eoB_daeTZu-wxEXdjyYc_fMA&mlSearchSessionGuid=8e1025801e5ac809b295bf43c09e511e,cian,2026-05-04T21:43:14.403070+00:00,Санкт-Петербург,Санкт-Петербург,sale,flat,developer,1room,1,40.91,17251583.0,421695.9912001956,2.0,10.0,0.2,False,False,Фрунзенский,Курская,27,Обводный канал,Дом на Курской,421695.9912001956,16.66341452331284,3.73552446193698
325668817,https://spb.cian.ru/sale/flat/325668817/?context=4.wK0RhtgxMLA.1o4C10BqBk3l6U3DNmsJQjCqdk3gOmVfYN3HWym5Y-cbpFq9Bzh3FjZ_nid3wi3pKRZ2i-ol3sVfdw&mlSearchSessionGuid=8e1025801e5ac809b295bf43c09e511e,cian,2026-05-04T21:43:14.403070+00:00,Санкт-Петербург,Санкт-Петербург,sale,flat,real_estate_agent,1room,1,33.2,10700000.0,322289.156626506,15.0,22.0,0.6818181818181818,False,False,Красногвардейский,проспект Энергетиков,9К1,Ладожская,ЗимаЛето,322289.156626506,16.185754392890075,3.53222564406856
326046243,https://spb.cian.ru/sale/flat/326046243/?context=4.ZxTRAuXZGTA.xl4qj0_QG29v2Q4yOA_01jn6_RsZx2aG666pXQ865hWj-u-l5WDclodnxgJ75EK_DaihfUoxXdJOqQ&mlSearchSessionGuid=8e1025801e5ac809b295bf43c09e511e,cian,2026-05-04T21:43:14.403070+00:00,Санкт-Петербург,Санкт-Петербург,sale,flat,real_estate_agent,1room,1,30.9,5100000.0,165048.5436893204,1.0,10.0,0.1,True,False,Пушкинский,Московское шоссе,260,Шушары,Ленсоветовский,165048.5436893204,15.444751293772969,3.462606009790799
319861351,https://spb.cian.ru/sale/flat/319861351/?context=4.4nvFTvddHcw.I7kZUajqPb_62UkeYV53cXfniFcCNecwlqKAUnFOquj0_RlNHKDbbuXAjnyk1Sil_4-lsYxpKbYzgg&mlSearchSessionGuid=8e1025801e5ac809b295bf43c09e511e,cian,2026-05-04T21:43:14.403070+00:00,Санкт-Петербург,Санкт-Петербург,sale,flat,developer,1room,1,40.21,17738400.0,441143.99403133546,3.0,10.0,0.3,False,False,Фрунзенский,Курская,27,Обводный канал,Дом на Курской,441143.99403133546,16.69124239549579,3.718680945350726
329142493,https://spb.cian.ru/sale/flat/329142493/?context=4.ifgTptphWw4.yVrktrbEy_tim7QYl9aHmyqbkhUa6w6x7LZ7XEm4SAtacLjfpCzgcMwRNMp2i6UJ3YXNRUTSu_UHzg&mlSearchSessionGuid=8e1025801e5ac809b295bf43c09e511e,cian,2026-05-04T21:43:14.403070+00:00,Санкт-Петербург,Санкт-Петербург,sale,flat,homeowner,1room,1,38.3,12100000.0,315926.8929503917,18.0,21.0,0.8571428571428571,False,False,Приморский,Полевая Сабировская,45к1,Старая Деревня,Богатырь 3,315926.8929503917,16.308716093211594,3.6712245188752153
329388485,https://spb.cian.ru/sale/flat/329388485/?context=4.sacK9NQn6Q4.qjKuNi5E529ulbYcf0IiaAsSowLEqiGToWdvs_SdArpg68b-2mbXF0nCZQXgIcOgxeezlPa1YaYJmA&mlSearchSessionGuid=8e1025801e5ac809b295bf43c09e511e,cian,2026-05-04T21:43:14.403070+00:00,Санкт-Петербург,Санкт-Петербург,sale,flat,realtor,1room,1,40.3,8200000.0,203473.9454094293,21.0,29.0,0.7241379310344828,False,False,Выборгский,Федора Абрамова,21к1,Парнас,Северная долина,203473.9454094293,15.919644834185693,3.720862499966987
320458671,https://spb.cian.ru/sale/flat/320458671/?context=4.jTRKH5eG1tM.TJrdpw_Qn0YuSpzgdXfIvz9co6AqU4vHSb7-wHe86lYq0GeUK9a0PUvfHb2nIblycq8JqvZDz-0mFA&mlSearchSessionGuid=8e1025801e5ac809b295bf43c09e511e,cian,2026-05-04T21:43:14.403070+00:00,Санкт-Петербург,Санкт-Петербург,sale,flat,developer,1room,1,35.72,13355877.0,373904.7312430011,8.0,17.0,0.4705882352941176,False,False,Калининский,Финляндский,,Лесная,Аурум ЖК,373904.7312430011,16.407467145532564,3.6033215657522897
326021968,https://spb.cian.ru/sale/flat/326021968/?context=4.GHcBTezOjF4.c1Ye1ERqBCeedlbCspaGqxEjQRsq6ntoGmw6KhJzvF9xQIZ23C7Ht6VjSh6fpdk6SCkFRx6rL9kJCQ&mlSearchSessionGuid=8e1025801e5ac809b295bf43c09e511e,cian,2026-05-04T21:43:14.403070+00:00,Санкт-Петербург,Санкт-Петербург,sale,flat,real_estate_agent,1room,1,61.9,14900000.0,240710.82390953152,3.0,4.0,0.75,False,False,Курортный,Рыбацкая,11,Беговая,Петербургское Садовое кольцо,240710.82390953152,16.51687183802978,4.141546163706395
326077802,https://spb.cian.ru/sale/flat/326077802/?context=4.k6mxDjtYT94.Si8cj9OTS2voAtORB-Skiv4PS_5An-TJkdSyDYVCvL9m_jPH089SmUGRD8h9GDQV8CJpI9YYPtDFjA&mlSearchSessionGuid=8e1025801e5ac809b295bf43c09e511e,cian,2026-05-04T21:43:14.403070+00:00,Санкт-Петербург,Санкт-Петербург,sale,flat,real_estate_agent,1room,1,35.7,6299000.0,176442.5770308123,2.0,13.0,0.1538461538461538,False,False,Невский,Варфоломеевская,6,Ломоносовская,Апарт-отель Начало,176442.5770308123,15.65590160735941,3.6027767550605247
327115696,https://spb.cian.ru/sale/flat/327115696/?context=4.j68zhpkbdpY.pIb7Z8-lOS7dkWqwS962ZT_h6bPABmI7ZQFqW7GPEAijlcsZBG3AlGoBRgxW0Qu6-8Bbn_JSOdQDjw&mlSearchSessionGuid=8e1025801e5ac809b295bf43c09e511e,cian,2026-05-04T21:43:14.403070+00:00,Санкт-Петербург,Санкт-Петербург,sale,flat,developer,1room,1,58.05,24240000.0,417571.0594315245,5.0,7.0,0.7142857142857143,False,False,Василеостровский,Морской,,Приморская,Северный Ветер ЖК,417571.0594315245,17.003514760419513,4.078384542643371
327858293,https://spb.cian.ru/sale/flat/327858293/?context=4.5CfdhIhhsPs.JLNXiZQLZ09DBihQSD0JsOlVquAKsFEMlQYSwEqmKiOff9zOr3C2bMNVaHq-PNQXTu_0n8s2WTAEEw&mlSearchSessionGuid=8e1025801e5ac809b295bf43c09e511e,cian,2026-05-04T21:43:14.403070+00:00,Санкт-Петербург,Санкт-Петербург,sale,flat,real_estate_agent,1room,1,40.8,10800000.0,264705.8823529412,6.0,6.0,1.0,False,True,Приморский,Стародеревенская,19к1,Комендантский проспект,unknown,264705.8823529412,16.195056784687036,3.7328963395307104
315829301,https://spb.cian.ru/sale/flat/315829301/?context=4.LLzQvuFWyAk.kHMSzX6_rRH_W1nHmvsny2pj1jZXVMX6Br5fznwAI-SaTS_2L3bkGUU0owoLMch_bp5k7jU1UHwLxw&mlSearchSessionGuid=8e1025801e5ac809b295bf43c09e511e,cian,2026-05-04T21:43:14.403070+00:00,Санкт-Петербург,Санкт-Петербург,sale,flat,realtor,1room,1,35.0,7900000.0,225714.2857142857,5.0,15.0,0.3333333333333333,False,False,Московский,Пулковское шоссе,42к6,Звездная,ЦДС Московский,225714.2857142857,15.88237344401952,3.58351893845611
309823808,https://spb.cian.ru/sale/flat/309823808/?context=4.vrlOAPzskXU.QffydkwHAjWyA374gfBGJAd4Kb1v3sC9Ua9Q2EvWhd0AhVPFuRayCIX08iqmCLSWxowli90eYM89jQ&mlSearchSessionGuid=8e1025801e5ac809b295bf43c09e511e,cian,2026-05-04T21:43:14.403070+00:00,Санкт-Петербург,Санкт-Петербург,sale,flat,developer,1room,1,71.8,38087797.0,530470.7103064067,2.0,12.0,0.1666666666666666,False,False,Курортный,Приморское шоссе,570Л,unknown,МФК Морская ривьера,530470.7103064067,17.45540452633476,4.28771595520264
328188828,https://spb.cian.ru/sale/flat/328188828/?context=4.e4wc4p0hHDY.uG1edrgV9Eaxt5JjqGclWsrpe6Q07pAS1cdhJoJBzd7dHZp00Xso3b_oO0ASW6H_ZvSMHEW9QfzRgg&mlSearchSessionGuid=8e1025801e5ac809b295bf43c09e511e,cian,2026-05-04T21:43:14.403070+00:00,Санкт-Петербург,Санкт-Петербург,sale,flat,real_estate_agent,1room,1,45.4,16500000.0,363436.1233480176,2.0,22.0,0.0909090909090909,False,False,Приморский,Коломяжский проспект,5к3,Пионерская,Приморский квартал,363436.1233480176,16.61887099947687,3.8372994592322094
328969698,https://spb.cian.ru/sale/flat/328969698/?context=4.M9X5Gg2MW_c.ICV9BRM6kjtx_ZyiZvJPiWfIFAn04IsOeJLXQswCE-4NkjetBwk8y-21OEViBjE8TUSfe6bOmRlQUQ&mlSearchSessionGuid=8e1025801e5ac809b295bf43c09e511e,cian,2026-05-04T21:43:14.403070+00:00,Санкт-Петербург,Санкт-Петербург,sale,flat,homeowner,1room,1,37.0,9300000.0,251351.35135135136,5.0,6.0,0.8333333333333334,False,False,Приморский,Репищева,11/9,Комендантский проспект,unknown,251351.35135135136,16.04552506565036,3.6375861597263857
326074282,https://spb.cian.ru/sale/flat/326074282/?context=4.qTKwrzuvwgg.QaXO56p7FoVZxgJ_zYthT3URFx4c139IJ1_oqRfDBaxTR4GybT5Vu99mbRtzpM0s8LqT7HTvcOY8Zw&mlSearchSessionGuid=8e1025801e5ac809b295bf43c09e511e,cian,2026-05-04T21:43:14.403070+00:00,Санкт-Петербург,Санкт-Петербург,sale,flat,developer,1room,1,46.48,30676800.0,660000.0,5.0,10.0,0.5,False,False,Центральный,Новгородская,14,Площадь Александра Невского,Гильдия,660000.0,17.239017259144187,3.860308569741467
327438853,https://spb.cian.ru/sale/flat/327438853/?context=4.xNbNjRLxy-k.4cmNMr1R2PQj6QTTFJ-EQHPa5pWRplPsLynxCgm4Xz7VA_zMYPzIz0gcwYJbrUrN12jfptoVnX4Gwg&mlSearchSessionGuid=8e1025801e5ac809b295bf43c09e511e,cian,2026-05-04T21:43:14.403070+00:00,Санкт-Петербург,Санкт-Петербург,sale,flat,real_estate_agent,1room,1,41.25,8650000.0,209696.9696969697,3.0,4.0,0.75,False,False,Приморский,Ивановская,10,Беговая,unknown,209696.9696969697,15.973069994514992,3.743604353803183
328922033,https://spb.cian.ru/sale/flat/328922033/?context=4.Rac4GZoC5k8.fykEROjPnmJuOPPi3tKQ1RBzIKB_E0CDkvh9WwGkhm0zcrFo-XRSUBjsXdF5HYY_fCZIxSqYVya6Fw&mlSearchSessionGuid=8e1025801e5ac809b295bf43c09e511e,cian,2026-05-04T21:43:14.403070+00:00,Санкт-Петербург,Санкт-Петербург,sale,flat,real_estate_agent,1room,1,37.1,10500000.0,283018.8679245283,8.0,10.0,0.8,False,False,Приморский,Яхтенная,9К1,Беговая,unknown,283018.8679245283,16.166885910365842,3.6402142821326553
315443798,https://spb.cian.ru/sale/flat/315443798/?context=4.ofOFOSfsPTU.Ck-YAGdRqbCH6idqIEZpTVYQSxq3KGSBS_sU6xme4UdOk4C6uUMzuqKDpyR0s2NLa3bXvX0pUqedLg&mlSearchSessionGuid=8e1025801e5ac809b295bf43c09e511e,cian,2026-05-04T21:43:14.403070+00:00,Санкт-Петербург,Санкт-Петербург,sale,flat,developer,1room,1,39.94,8462886.0,211889.9849774662,10.0,14.0,0.7142857142857143,False,False,Невский,Архивная,3к1,Улица Дыбенко,Апарт-комплекс Зум на Неве,211889.9849774662,15.951200926323942,3.712107580233144
326356866,https://spb.cian.ru/sale/flat/326356866/?context=4.iE51bLb_Xxg.Wum7MDM_bRrFs7J2DhZ64oAAAyJtkmN7wO49wA8bunIAzN5aZ5H254PeR9J1CE4rwFRTKIY16Acb7A&mlSearchSessionGuid=8e1025801e5ac809b295bf43c09e511e,cian,2026-05-04T21:43:14.403070+00:00,Санкт-Петербург,Санкт-Петербург,sale,flat,real_estate_agent,1room,1,51.1,23900000.0,467710.3718199608,14.0,14.0,1.0,False,True,Московский,Смоленская,13,Фрунзенская,Галант,467710.3718199608,16.98938905874274,3.9531649487593215
326245282,https://spb.cian.ru/sale/flat/326245282/?context=4.DMoph-Mp9Co.aIeV-E1woSCNXxv7lEZB9-4WYl5S9VyUYy5d4kMsCXaE0MrM4e9DDHd3ReYZz_bmBda7CoqMdp1Oew&mlSearchSessionGuid=8e1025801e5ac809b295bf43c09e511e,cian,2026-05-04T21:43:14.403070+00:00,Санкт-Петербург,Санкт-Петербург,sale,flat,real_estate_agent,1room,1,39.8,22000000.0,552763.8190954775,5.0,8.0,0.625,False,False,Петроградский,Ремесленная,15,Спортивная,NEVA RESIDENCE,552763.8190954775,16.906553056777135,3.708682081410116
329391520,https://spb.cian.ru/sale/flat/329391520/?context=4.2-Iw4BQiaZo.XOOaPD3_GgbFJOh2-yBFzguEAzjeAHuqqU_lHD7qvdXbr2InSLKmMkskHp1rQqMRLreQfTQfNlV7zw&mlSearchSessionGuid=8e1025801e5ac809b295bf43c09e511e,cian,2026-05-04T21:43:14.403070+00:00,Санкт-Петербург,Санкт-Петербург,sale,flat,homeowner,1room,1,35.0,8000000.0,228571.42857142852,15.0,18.0,0.8333333333333334,False,False,Пушкинский,Школьная,6к2,Купчино,Босфор,228571.42857142855,15.894952224644102,3.58351893845611
323514188,https://spb.cian.ru/sale/flat/323514188/?context=4.2i6l4goqEKo.Hzt6EB18SsPthuOXAErQNQewO_rnHnbCa_mg3POvp4MXFKie1Mgb9m8VdNQ7K_w-IoNroK7z8xSepA&mlSearchSessionGuid=3a1da72405311b80e7a98bc97a560bbb,cian,2026-05-04T21:44:10.932042+00:00,Санкт-Петербург,Санкт-Петербург,sale,flat,developer,2rooms,2,105.9,42455236.0,400899.3012275732,1.0,7.0,0.1428571428571428,True,False,Василеостровский,12-я Васильевского острова линия,41к2,Василеостровская,Амо,400899.3012275732,17.563960831781365,4.671893818030999
329582990,https://spb.cian.ru/sale/flat/329582990/?context=4.u3r296NoihE.yp9W_f0K9VRpCIcYjYSjXhinHvXudghn0HfO61xQExls9BB3Rh4M-EhO7F_95g8PbAT02WrjGRF63Q&mlSearchSessionGuid=3a1da72405311b80e7a98bc97a560bbb,cian,2026-05-04T21:44:10.932042+00:00,Санкт-Петербург,Санкт-Петербург,sale,flat,real_estate_agent,2rooms,2,59.0,19999000.0,338966.10169491527,2.0,17.0,0.1176470588235294,False,False,Приморский,Яхтенная,22к2,Беговая,unknown,338966.10169491527,16.811192880270724,4.0943445622221
329352761,https://spb.cian.ru/sale/flat/329352761/?context=4.Qijx-9UGrQ8.4yUZJWEfy8PFCioq6MVs8Qk6znVpl5a6d3HXMe-uwbDuVPP3xNJ6Q5cPMk9GRvb9tKSdZdVbJ0IlhQ&mlSearchSessionGuid=3a1da72405311b80e7a98bc97a560bbb,cian,2026-05-04T21:44:10.932042+00:00,Санкт-Петербург,Санкт-Петербург,sale,flat,real_estate_agent,2rooms,2,37.0,8800000.0,237837.83783783784,5.0,7.0,0.7142857142857143,False,False,Центральный,Свечной переулок,27,Лиговский проспект,unknown,237837.83783783784,15.990262393084793,3.6375861597263857
318135054,https://spb.cian.ru/sale/flat/318135054/?context=4.i2xDrbHM-Rk.sa9D7CnNSpsul2T95LPadT3xX9qmQgWiITAHCo0C5prrsuUCIUfcsgCsznrD4gVreMQ4t8ksmN6s1w&mlSearchSessionGuid=3a1da72405311b80e7a98bc97a560bbb,cian,2026-05-04T21:44:10.932042+00:00,Санкт-Петербург,Санкт-Петербург,sale,flat,developer,2rooms,2,57.9,29911140.0,516600.0,7.0,8.0,0.875,False,False,Петроградский,Ремесленная,15,Спортивная,NEVA RESIDENCE,516600.0,17.213741577655185,4.075841090657541
328871308,https://spb.cian.ru/sale/flat/328871308/?context=4.mOb6AUZyd8o.crQFQ7FXW8GakmjDN8L7z4QyszEBMKNyiNiziDyIT2FO_AdGxRE9uiogVCbj06hRTQSj9eiC9cGYXA&mlSearchSessionGuid=3a1da72405311b80e7a98bc97a560bbb,cian,2026-05-04T21:44:10.932042+00:00,Санкт-Петербург,Санкт-Петербург,sale,flat,homeowner,2rooms,2,60.06,11400000.0,189810.1898101898,5.0,14.0,0.3571428571428571,False,False,Выборгский,дорога Михайловская,6,Проспект Просвещения,Parkolovo,189810.1898101898,16.249124001084017,4.111856987306732
329388083,https://spb.cian.ru/sale/flat/329388083/?context=4.JR6_vcZYF5Y.Cj4mBxtGQNhBsQZXf4OozUYePts699CihYTwgH68fbEZPueYsVHAcyxvDujAIdke9jCkcVHfSrgyBg&mlSearchSessionGuid=3a1da72405311b80e7a98bc97a560bbb,cian,2026-05-04T21:44:10.932042+00:00,Санкт-Петербург,Санкт-Петербург,sale,flat,real_estate_agent,2rooms,2,51.5,9000000.0,174757.28155339806,4.0,5.0,0.8,False,False,Фрунзенский,Волковский проспект,14,Волковская,unknown,174757.28155339806,16.012735246411598,3.960813169597578
321378859,https://spb.cian.ru/sale/flat/321378859/?context=4.YfvDkwMYSNA.441fHInODMJmPz_LoNOaN_KKblQkXVDIeBf4KmMSiMCZa7viv9KR5_0Hq46aVcCQXXKM4fjKHY157g&mlSearchSessionGuid=3a1da72405311b80e7a98bc97a560bbb,cian,2026-05-04T21:44:10.932042+00:00,Санкт-Петербург,Санкт-Петербург,sale,flat,developer,2rooms,2,37.5,11737500.0,313000.0,4.0,12.0,0.3333333333333333,False,False,Приморский,Камышовая,25,Комендантский проспект,YE'S Primorsky Комплекс Апартаментов,313000.0,16.27829948769567,3.6506582412937383
326837479,https://spb.cian.ru/sale/flat/326837479/?context=4.ItJC5TMF928.NElFiFxokXZk2c_rJNPQ9RJ8xjy9fL3t-a3e8aOnHgyuW6oGw9A7WEr7Ww3ExPKhOD7zEMH51WolMw&mlSearchSessionGuid=3a1da72405311b80e7a98bc97a560bbb,cian,2026-05-04T21:44:10.932042+00:00,Санкт-Петербург,Санкт-Петербург,sale,flat,real_estate_agent,2rooms,2,125.0,76000000.0,608000.0,2.0,6.0,0.3333333333333333,False,False,Центральный,Рубинштейна,15-17,Достоевская,unknown,608000.0,18.1462439114085,4.836281906951478
329290577,https://spb.cian.ru/sale/flat/329290577/?context=4.UHPf2Pe6vbw.TuFlrQJMfhklwoKTBtu_R5gp5kuCQZSWvgOGCAWEGiUwZeMFr81YrZL5kLhkx63loGjz0o0RK8BK2A&mlSearchSessionGuid=3a1da72405311b80e7a98bc97a560bbb,cian,2026-05-04T21:44:10.932042+00:00,Санкт-Петербург,Санкт-Петербург,sale,flat,real_estate_agent,2rooms,2,41.3,11499900.0,278447.94188861985,3.0,5.0,0.6,False,False,Петроградский,Мытнинский переулок,11,Спортивная,unknown,278447.94188861985,16.25784898460077,3.744787086052232
327096115,https://spb.cian.ru/sale/flat/327096115/?context=4.ZXL45DHbguA.EvguBJuBf8eCs5ZjBB57G4LqqAH4aXtZiu7hgDbsmKNeV8n3hcTwddfSm70T-oK0ykmqWGMG6OeZYQ&mlSearchSessionGuid=3a1da72405311b80e7a98bc97a560bbb,cian,2026-05-04T21:44:10.932042+00:00,Санкт-Петербург,Санкт-Петербург,sale,flat,developer,2rooms,2,58.89,33567288.0,569999.7962302598,5.0,11.0,0.4545454545454545,False,False,Московский,Коли Томчака,3,Московские ворота,Коллекционный Дом 1919,569999.7962302598,17.329062609067282,4.092509546276371
328354011,https://spb.cian.ru/sale/flat/328354011/?context=4.CSAf85tUYjQ.l0VxhdaS9vHYRoFE4qvcP5W_F8fAK2rsSqiM9FluEyOkK7b5d5Hr2SZG9Q7jEvEO-JxCorpzvwt9GA&mlSearchSessionGuid=3a1da72405311b80e7a98bc97a560bbb,cian,2026-05-04T21:44:10.932042+00:00,Санкт-Петербург,Санкт-Петербург,sale,flat,real_estate_agent,2rooms,2,173.0,290000000.0,1676300.578034682,2.0,5.0,0.4,False,False,Петроградский,набережная Гребного канала,1,Крестовский остров,"Комплекс резиденций ""Императорский Яхтъ-клуб""",1676300.578034682,19.48539148439307,5.159055299214529
325689882,https://spb.cian.ru/sale/flat/325689882/?context=4.Ng5GYUBMuVk.5l7C4NEyOmyumoe2eMZHdMkSe3CqtuQe7CM-hC3j-Dil1-tovruh1H1OplFWf2Nqy_yNLpYz9VFmGQ&mlSearchSessionGuid=3a1da72405311b80e7a98bc97a560bbb,cian,2026-05-04T21:44:10.932042+00:00,Санкт-Петербург,Санкт-Петербург,sale,flat,real_estate_agent,2rooms,2,44.9,8799999.0,195991.06904231623,5.0,5.0,1.0,False,True,Приморский,Омская,28,Пионерская,unknown,195991.06904231623,15.990262279448435,3.8264651170664994
325166620,https://spb.cian.ru/sale/flat/325166620/?context=4.KLsiZJZmLi0.EioYVVHFQdqZOV_AU9jkb7YUHSKNC5num8uj3ra7LJKJ61riYLcPI1wA2xIGGCj_rrQVUnNEGRTMbw&mlSearchSessionGuid=3a1da72405311b80e7a98bc97a560bbb,cian,2026-05-04T21:44:10.932042+00:00,Санкт-Петербург,Санкт-Петербург,sale,flat,developer,2rooms,2,99.7,38525598.0,386415.2256770311,4.0,7.0,0.5714285714285714,False,False,Василеостровский,11-я Васильевского острова линия,56,Василеостровская,Клубный дом Монодом Лайн,386415.2256770311,17.46683348739481,4.612145799724517
329585309,https://spb.cian.ru/sale/flat/329585309/?context=4.PxxJ30jmRmk.XbzchCUVGRgZY_xmQtyrOgas6swcmDBX94xFd1UEFfo2Z1-btKT3XskvN4BSuARebR_DMMDPfVc-Og&mlSearchSessionGuid=3a1da72405311b80e7a98bc97a560bbb,cian,2026-05-04T21:44:10.932042+00:00,Санкт-Петербург,Санкт-Петербург,sale,flat,real_estate_agent,2rooms,2,62.0,21999000.0,354822.5806451613,10.0,17.0,0.5882352941176471,False,False,Московский,Дунайский проспект,5к7,Звездная,Пулковский посад,354822.5806451613,16.90650760120066,4.143134726391533
329069256,https://spb.cian.ru/sale/flat/329069256/?context=4.pu-Zgg8TbWg.Zwu99crHwKCo9i0ldx2a4N9yGiurk-KAKPzH7qPDNDm_mfaadFxC78rw12X3E7fS5zxjHExnZTUbmA&mlSearchSessionGuid=3a1da72405311b80e7a98bc97a560bbb,cian,2026-05-04T21:44:10.932042+00:00,Санкт-Петербург,Санкт-Петербург,sale,flat,real_estate_agent,2rooms,2,41.2,12990000.0,315291.2621359223,3.0,5.0,0.6,False,False,Московский,Ленсовета,30,Московская,unknown,315291.2621359223,16.379690465629075,3.742420221041966
327097378,https://spb.cian.ru/sale/flat/327097378/?context=4.wFiKkG_oGyA.fBIEeiHmLxZhiNGHlS6-8CKOt9ilS5fxzeht1uDgGDFCv64-IXzfCjTqOEAEtnmD4bK3NOq0FYKS3Q&mlSearchSessionGuid=3a1da72405311b80e7a98bc97a560bbb,cian,2026-05-04T21:44:10.932042+00:00,Санкт-Петербург,Санкт-Петербург,sale,flat,developer,2rooms,2,60.58,36251072.0,598400.0,10.0,20.0,0.5,False,False,Василеостровский,бульвар Головнина,13,Приморская,Башни Элемент,598400.0,17.405979538826887,4.120337142496354
328223177,https://spb.cian.ru/sale/flat/328223177/?context=4.Of-alJdcq3I.6MUG-TN-z5z3O2PsUeGMDz7nucmsxf3QgQIEfpPEcDax7Z8VAuNI7xoKmuM0WNyHTxs5rUbgFhNwKg&mlSearchSessionGuid=3a1da72405311b80e7a98bc97a560bbb,cian,2026-05-04T21:44:10.932042+00:00,Санкт-Петербург,Санкт-Петербург,sale,flat,real_estate_agent,2rooms,2,130.4,150000000.0,1150306.7484662577,6.0,7.0,0.8571428571428571,False,False,Центральный,набережная Воскресенская,32,Площадь Ленина,Приоритет,1150306.7484662577,18.8261458587272,4.878246106050511
328195549,https://spb.cian.ru/sale/flat/328195549/?context=4.opHf2AM-_6Q.Ve01hs_bWVuyjq5V7aVla9k6kMMmZLjO6Rwtv-7M9rrRbSfcKlVvopA57YGw9olZQJ6NEnT1J1ip4Q&mlSearchSessionGuid=3a1da72405311b80e7a98bc97a560bbb,cian,2026-05-04T21:44:10.932042+00:00,Санкт-Петербург,Санкт-Петербург,sale,flat,developer,2rooms,2,52.9,17435416.0,329591.98487712664,5.0,12.0,0.4166666666666667,False,False,Фрунзенский,Волковское,,Обводный канал,Витебский Парк ЖК,329591.98487712664,16.674014155213385,3.9871304779149512
305677121,https://spb.cian.ru/sale/flat/305677121/?context=4.f3Sg1Y3KOIs.EUthrkEBkvNEIz9KTV7s_7sRRpKDte6oPcpTgoClbYvU2wzcCwOlk0hvxNIJow2y4xY-UEekc-fX5Q&mlSearchSessionGuid=3a1da72405311b80e7a98bc97a560bbb,cian,2026-05-04T21:44:10.932042+00:00,Санкт-Петербург,Санкт-Петербург,sale,flat,developer,2rooms,2,56.14,32062283.0,571112.9853936587,8.0,10.0,0.8,False,False,Центральный,Кирилловская,11,Площадь Александра Невского,Новгородская 8,571112.9853936587,17.283190944030466,4.045504396802627
291632305,https://spb.cian.ru/sale/flat/291632305/?context=4.y-B6hQG8OQI.QnqZppjilv9gEDa50udulnlmwlOdQ8O7ZVaWrVWTcn3Ri0BOUkUSWhFPnWYvVhAEXYkW89J-UL3cUQ&mlSearchSessionGuid=3a1da72405311b80e7a98bc97a560bbb,cian,2026-05-04T21:44:10.932042+00:00,Санкт-Петербург,Санкт-Петербург,sale,flat,real_estate_agent,2rooms,2,135.0,155000000.0,1148148.148148148,4.0,4.0,1.0,False,True,Центральный,набережная Кутузова,24,Чернышевская,Особняк Кушелева-Безбородко,1148148.148148148,18.858935681335133,4.912654885736052
329487123,https://spb.cian.ru/sale/flat/329487123/?context=4.-gB2QJWxZlE.rsVmOaEx8TRf17kD6RLI25QzRslUwS3xNVXSRW4eCZ_Z728NnUj5LutEinZFCe60eXjVy-D2F5FjjA&mlSearchSessionGuid=3a1da72405311b80e7a98bc97a560bbb,cian,2026-05-04T21:44:10.932042+00:00,Санкт-Петербург,Санкт-Петербург,sale,flat,real_estate_agent,2rooms,2,47.0,7700000.0,163829.78723404257,7.0,12.0,0.5833333333333334,False,False,Выборгский,Кустодиева,20К2,Проспект Просвещения,unknown,163829.78723404257,15.856731016694036,3.871201010907891
318139202,https://spb.cian.ru/sale/flat/318139202/?context=4.nHLm6Z3Rzgk.r1vAofyyJzQLlOoZh1jRCqDUtzEdHCDWDoe4XXeDT9GL6irH0yooL1K477R1O0audrxdcymDta3Pag&mlSearchSessionGuid=3a1da72405311b80e7a98bc97a560bbb,cian,2026-05-04T21:44:10.932042+00:00,Санкт-Петербург,Санкт-Петербург,sale,flat,developer,2rooms,2,43.03,16203377.0,376560.00464792,16.0,18.0,0.8888888888888888,False,False,Невский,unknown,,Улица Дыбенко,Цивилизация на Неве,376560.00464792,16.600730296984167,3.784871219767663
325318119,https://spb.cian.ru/sale/flat/325318119/?context=4.i4fW6cFDlIQ.qwmx1CZKBFwOgN-QA7iiz3-KJZTk8KhXWfnwODep_a79EPzp37STPUWgQq5KFSB_Wt_InrTRk0SLyw&mlSearchSessionGuid=3a1da72405311b80e7a98bc97a560bbb,cian,2026-05-04T21:44:10.932042+00:00,Санкт-Петербург,Санкт-Петербург,sale,flat,real_estate_agent,2rooms,2,110.0,85000000.0,772727.2727272727,8.0,9.0,0.8888888888888888,False,False,Петроградский,Мира,37,Горьковская,Мироздание,772727.2727272727,18.258161826219297,4.709530201312334
329496820,https://spb.cian.ru/sale/flat/329496820/?context=4.0Nd0XVvyNEI.FFc8wgaGMdkx455BunZbAJ_ZY8-8h6aCbN7dma1ZaxV1UDG6M47IRLmW9L8lmlclEeexVrKFZbYDNA&mlSearchSessionGuid=3a1da72405311b80e7a98bc97a560bbb,cian,2026-05-04T21:44:10.932042+00:00,Санкт-Петербург,Санкт-Петербург,sale,flat,realtor,2rooms,2,42.6,10499999.0,246478.8497652582,4.0,5.0,0.8,False,False,Московский,Варшавская,29К2,Московская,unknown,246478.8497652582,16.166885815127753,3.775057150354989
321997972,https://spb.cian.ru/sale/flat/321997972/?context=4.tPGwGf4Ot5U.Z6pYVa2LVNG2F8ZdP-eAwL6tv6_OkpZ2CsweA58cGMZVc4S8Y7ar2YGV8tRhMK9ZkleUVaozjzcnag&mlSearchSessionGuid=3a1da72405311b80e7a98bc97a560bbb,cian,2026-05-04T21:44:10.932042+00:00,Санкт-Петербург,Санкт-Петербург,sale,flat,developer,2rooms,2,46.76,13537955.0,289519.9957228401,3.0,4.0,0.75,False,False,Кронштадтский,дорога Цитадельская,,unknown,Кронфорт.Центральный,289519.9957228401,16.421007853934608,3.866188469084346
328679723,https://spb.cian.ru/sale/flat/328679723/?context=4.-IMERP4H8wY.6udavFBS10mA8852RdrbhypV2K5AHKvxstEbq2sK7zC2WMQV3TSKcr4GTv-hnLtIUm2CB27dOE970g&mlSearchSessionGuid=3a1da72405311b80e7a98bc97a560bbb,cian,2026-05-04T21:44:10.932042+00:00,Санкт-Петербург,Санкт-Петербург,sale,flat,real_estate_agent,2rooms,2,93.5,73900000.0,790374.3315508021,2.0,6.0,0.3333333333333333,False,False,Петроградский,Морской проспект,28,Крестовский остров,Морской 28,790374.3315508021,18.11822339945023,4.548599834499697
329505092,https://spb.cian.ru/sale/flat/329505092/?context=4.22jS-N1VQUA.UHG8JcSQz3OoQuCjuoTajFN0wcBNj4DeNy_BMmG4LdH2Y6paDAofsSw7fo2971KjfK5nAbu4h1t3Vg&mlSearchSessionGuid=3a1da72405311b80e7a98bc97a560bbb,cian,2026-05-04T21:44:10.932042+00:00,Санкт-Петербург,Санкт-Петербург,sale,flat,homeowner,2rooms,2,45.0,6700000.0,148888.88888888888,3.0,10.0,0.3,False,False,Пушкинский,Московское шоссе,266,Шушары,unknown,148888.88888888888,15.717618233614914,3.828641396489095
325800635,https://spb.cian.ru/sale/flat/325800635/?context=4.hj2wTlTxKqk.gK9X4p8Ebd1nM1yb-6ZIwTDyIED6FPKQnUmKxes-WTaaQJ8RSuMs1sb_6zEwUhFfmuLfjwhCiRfLAw&mlSearchSessionGuid=3a1da72405311b80e7a98bc97a560bbb,cian,2026-05-04T21:44:10.932042+00:00,Санкт-Петербург,Санкт-Петербург,sale,flat,developer,2rooms,2,53.6,13781900.0,257125.0,2.0,4.0,0.5,False,False,Пушкинский,unknown,,Купчино,Пулково Лэйк ЖК,257125.0,16.438866767590948,4.000033882750859
326530940,https://spb.cian.ru/sale/flat/326530940/?context=4.XwkzegfZwsU.qdtNWXurThGTmLS-gygOf1TGg9PompdzjYyat6cNEWLQqDd6HBcTJ12KJagkTLaJSXW_yloyIkmfqQ&mlSearchSessionGuid=3a1da72405311b80e7a98bc97a560bbb,cian,2026-05-04T21:44:10.932042+00:00,Санкт-Петербург,Санкт-Петербург,sale,flat,real_estate_agent,2rooms,2,71.89,32200000.0,447906.52385589096,3.0,10.0,0.3,False,False,Выборгский,Большой Сампсониевский проспект,32уч10,Выборгская,Сампсониевский 32,447906.52385589096,17.287477041570536,4.2889514553941215
325558659,https://spb.cian.ru/sale/flat/325558659/?context=4.3QBXdtvpEyY.OU_FVF3Dtpm5ImaDUabjvghgCuI0oj_XfSUtIOraro4Kf_xC-jMPHzeNq0TUqWiv59zRG0mi6BG9Yw&mlSearchSessionGuid=3a1da72405311b80e7a98bc97a560bbb,cian,2026-05-04T21:44:10.932042+00:00,Санкт-Петербург,Санкт-Петербург,sale,flat,developer,2rooms,2,70.91,34307203.0,483813.3267522211,6.0,9.0,0.6666666666666666,False,False,Василеостровский,Гавань,,Горный институт,МОНОДОМ АРТ,483813.3267522212,17.350865919237652,4.275415337114403
295476817,https://spb.cian.ru/sale/flat/295476817/?context=4.7rI7Nj_Qiiw.GdJExd3ow9xu05w-XEXSs3UTenezBGcORg_0PI6JLuleIWrUPpLZqv7v2MvrLjp_BCmYmJLPAt5rpQ&mlSearchSessionGuid=3a1da72405311b80e7a98bc97a560bbb,cian,2026-05-04T21:44:10.932042+00:00,Санкт-Петербург,Санкт-Петербург,sale,flat,real_estate_agent,2rooms,2,89.0,75000000.0,842696.6292134832,4.0,4.0,1.0,False,True,Центральный,Гагаринская,1/24,Чернышевская,unknown,842696.6292134832,18.13299868483392,4.499809670330265
329431506,https://spb.cian.ru/sale/flat/329431506/?context=4.ajYqzBElw6A.kON3n7VmEZ5pXmd9ctz5FA59AUT47Sow4GQs8FSu_UVN5nJ_cz-J68wyiQzTvPvk-F-bsJZoW_K2pA&mlSearchSessionGuid=3a1da72405311b80e7a98bc97a560bbb,cian,2026-05-04T21:44:10.932042+00:00,Санкт-Петербург,Санкт-Петербург,sale,flat,realtor,2rooms,2,52.1,19500000.0,374280.2303262956,17.0,17.0,1.0,False,True,Московский,Московский проспект,,Московская,Граф Орлов,374280.2303262956,16.785925074816024,3.972176928247893
327767593,https://spb.cian.ru/sale/flat/327767593/?context=4.r1ZBs0uO16M.i4Xqdxhf01Cw1TbsXPjJ6acCUwN5F28RZXKmXu4xbBGIukT-cC9mNICUxANzRYgwcgjHePTO2uzaJQ&mlSearchSessionGuid=3a1da72405311b80e7a98bc97a560bbb,cian,2026-05-04T21:44:10.932042+00:00,Санкт-Петербург,Санкт-Петербург,sale,flat,real_estate_agent,2rooms,2,58.0,57900000.0,998275.8620689656,1.0,3.0,0.3333333333333333,True,False,Петроградский,Санаторная аллея,3,Черная речка,Del Arte,998275.8620689656,17.87422795981438,4.07753744390572
329612599,https://spb.cian.ru/sale/flat/329612599/?context=4.VMkObqH9yYw.BjwkUXdBMcnZnMmesttUOPjEnCxytXyIiFq6o-BTzZA5xe7psEnlBMNKZf6B4Cvpq27sqCQxMHw8CA&mlSearchSessionGuid=3a1da72405311b80e7a98bc97a560bbb,cian,2026-05-04T21:44:10.932042+00:00,Санкт-Петербург,Санкт-Петербург,sale,flat,homeowner,2rooms,2,43.6,6100000.0,139908.25688073394,3.0,5.0,0.6,False,False,Пушкинский,Мичурина,28,Купчино,unknown,139908.25688073394,15.623799493077952,3.7977338590260175
328801015,https://spb.cian.ru/sale/flat/328801015/?context=4.AZ7SsLc-kiA.X-0xTgHuQNwBmqfMO5UaTggne7jhPR8ZOm9oMNGMLEItynV-C_lpf30iZsjIfZ38DlNsXD2K2z0Vbw&mlSearchSessionGuid=3a1da72405311b80e7a98bc97a560bbb,cian,2026-05-04T21:44:10.932042+00:00,Санкт-Петербург,Санкт-Петербург,sale,flat,developer,2rooms,2,58.14,29535628.0,508008.73753009975,4.0,11.0,0.3636363636363636,False,False,Красногвардейский,Магнитогорская,11К,Новочеркасская,Альпен,508008.73753009975,17.20110785526325,4.079907514424331
327779688,https://spb.cian.ru/sale/flat/327779688/?context=4.-5s-WmchYfM.OBPRKvD9UaLA_fpfLjd5B9nNimvQ-nUqxtzzvpbyc_AJLOpjyqEFdEegzt4xO-0SL4G7CxRaMeuH-A&mlSearchSessionGuid=3a1da72405311b80e7a98bc97a560bbb,cian,2026-05-04T21:44:10.932042+00:00,Санкт-Петербург,Санкт-Петербург,sale,flat,real_estate_agent,2rooms,2,99.9,53500000.0,535535.5355355355,2.0,7.0,0.2857142857142857,False,False,Московский,Гастелло,7,Московская,Victory Plaza,535535.5355355355,17.795192230557824,4.614129927359564
329471455,https://spb.cian.ru/sale/flat/329471455/?context=4.W90Ee4rnmQU.Tcy28sayi6nvozNXp932-uSpiOsQqa5XxHX1j7E0b8sedRdkzuvDpT2g-Zwab_7wGa5hkatLd7oYuw&mlSearchSessionGuid=3a1da72405311b80e7a98bc97a560bbb,cian,2026-05-04T21:44:10.932042+00:00,Санкт-Петербург,Санкт-Петербург,sale,flat,real_estate_agent,2rooms,2,42.5,7500000.0,176470.58823529413,4.0,8.0,0.5,False,False,Невский,Седова,120,Ломоносовская,unknown,176470.58823529413,15.830413711839864,3.7727609380946383
323514167,https://spb.cian.ru/sale/flat/323514167/?context=4.BDrmTae4owQ._hyuQNTCytglQTbjJo_MhRBWu07WOKTzAbXZwyQ-4c82H7oUfXv9CWoy7Ic3MODbST1gDMsV1xADKg&mlSearchSessionGuid=3a1da72405311b80e7a98bc97a560bbb,cian,2026-05-04T21:44:10.932042+00:00,Санкт-Петербург,Санкт-Петербург,sale,flat,developer,2rooms,2,62.07,39104100.0,630000.0,2.0,9.0,0.2222222222222222,False,False,Петроградский,Пионерская,53,Чкаловская,Avant,630000.0,17.481737904366042,4.14424522067556
327955513,https://spb.cian.ru/sale/flat/327955513/?context=4.X44cNPAl-ss.HRJe3c0FkrPQ0yiWsgS6yoy-NAVfkK0MwN8n0Ij0T1ha8zjwfeAli40gWzwg4h1MU3Ho6o3PccnRPQ&mlSearchSessionGuid=3a1da72405311b80e7a98bc97a560bbb,cian,2026-05-04T21:44:10.932042+00:00,Санкт-Петербург,Санкт-Петербург,sale,flat,real_estate_agent,2rooms,2,118.0,115500000.0,978813.559322034,5.0,7.0,0.7142857142857143,False,False,Василеостровский,13-я Васильевского острова линия,50,Василеостровская,Клубный дом Манхэттен,978813.559322034,18.56478109658413,4.77912349311153
329197507,https://spb.cian.ru/sale/flat/329197507/?context=4.F7SMhOYj49o.WTW_4L1dQFwgyQfGzf6P-TuxAC0UlXx6jkfXGqIEgbLyT9EoSqs74kdccyVozaqEXjwjJq3eeXHjpA&mlSearchSessionGuid=3a1da72405311b80e7a98bc97a560bbb,cian,2026-05-04T21:44:10.932042+00:00,Санкт-Петербург,Санкт-Петербург,sale,flat,developer,2rooms,2,56.65,33990000.0,600000.0,7.0,24.0,0.2916666666666667,False,False,Московский,Алтайская,39,Московская,Шепилевский,600000.0,17.341576951092716,4.054390246715068
320518168,https://spb.cian.ru/sale/flat/320518168/?context=4.lq9VD0bsjA0.qakm4hNnyqvsyS0fkewZQJs-uVM6pEGJKq1M0zJn3S-1woJC53Yuf9Q9OEJxuOqg0Ux9d9t2x77bfw&mlSearchSessionGuid=3a1da72405311b80e7a98bc97a560bbb,cian,2026-05-04T21:44:10.932042+00:00,Санкт-Петербург,Санкт-Петербург,sale,flat,real_estate_agent,2rooms,2,148.0,170940000.0,1155000.0,3.0,3.0,1.0,False,True,Петроградский,Санаторная аллея,3,Черная речка,Del Arte,1155000.0,18.956823181552156,5.003946305945459
329007613,https://spb.cian.ru/sale/flat/329007613/?context=4.8wX77Gv3UZA.6QXT3zLQ_LOAFGCYGfhhGaCW2UoDk2zk9USxCeLHPTOFiQ9Rt-dIHLoJfaA-pyB8hBMtM3aV9_r6PQ&mlSearchSessionGuid=3a1da72405311b80e7a98bc97a560bbb,cian,2026-05-04T21:44:10.932042+00:00,Санкт-Петербург,Санкт-Петербург,sale,flat,real_estate_agent,2rooms,2,83.0,17900000.0,215662.65060240965,4.0,5.0,0.8,False,False,Центральный,Рубинштейна,13,Достоевская,unknown,215662.65060240965,16.700311326676903,4.430816798843313
309823986,https://spb.cian.ru/sale/flat/309823986/?context=4._w7RSHGxL9w.AhRtrPjlIuGeAmIlRuY4BTItxdGeb3_2jfCG5KzA1wkstgRfQUirR-F5mKVRC2djyje146dxX8NPBQ&mlSearchSessionGuid=3a1da72405311b80e7a98bc97a560bbb,cian,2026-05-04T21:44:10.932042+00:00,Санкт-Петербург,Санкт-Петербург,sale,flat,developer,2rooms,2,46.3,27849450.0,601500.0,8.0,12.0,0.6666666666666666,False,False,Курортный,Приморское шоссе,570Л,unknown,МФК Морская ривьера,601500.0,17.14232381139641,3.856510295497887
329352768,https://spb.cian.ru/sale/flat/329352768/?context=4.pGaYFK128SI.YLMiVSm39Iy8TfASdeKm9k5oKY9H8CRm03btX49BMw79T4thHIQE--WTQv-VzQKwbFYHNDEyle7NaQ&mlSearchSessionGuid=3a1da72405311b80e7a98bc97a560bbb,cian,2026-05-04T21:44:10.932042+00:00,Санкт-Петербург,Санкт-Петербург,sale,flat,real_estate_agent,2rooms,2,44.6,7400000.0,165919.28251121077,1.0,5.0,0.2,True,False,Московский,проспект Космонавтов,20К2,Парк Победы,unknown,165919.28251121077,15.816990693309524,3.819907716520341
324518980,https://spb.cian.ru/sale/flat/324518980/?context=4.AeM_XXA0PcQ.ExhBaAAuOSTYTdMqgQme7HGaLPxw3E6fbcl6e2cPGO-_GqydSUJsyP0fRS3F2vlRgWWRojznZjS9iA&mlSearchSessionGuid=3a1da72405311b80e7a98bc97a560bbb,cian,2026-05-04T21:44:10.932042+00:00,Санкт-Петербург,Санкт-Петербург,sale,flat,developer,2rooms,2,59.18,20825442.0,351900.0,2.0,15.0,0.1333333333333333,False,False,Василеостровский,Морской,,Приморская,Новая Земля ЖК,351900.0,16.851686018299926,4.0973400712019
329616962,https://spb.cian.ru/sale/flat/329616962/?context=4.Oeun-Th9NdM.FyQuN6-ttYy0qKu_j4gBTDxnpxuvpVTiETcu0uXBdzY6a-JpwVI0ukEIo8sz9dW7BOD-U4_duEOpyQ&mlSearchSessionGuid=3a1da72405311b80e7a98bc97a560bbb,cian,2026-05-04T21:44:10.932042+00:00,Санкт-Петербург,Санкт-Петербург,sale,flat,unknown,2rooms,2,77.3,24500000.0,316946.95989650715,11.0,18.0,0.6111111111111112,False,False,Василеостровский,бульвар Головнина,3к1,Приморская,Колумб (Гавань Капитанов),316946.95989650715,17.01418371633128,4.360547602996758
329445607,https://spb.cian.ru/sale/flat/329445607/?context=4.rV3vV_Moobo.xH8F9V2jIRReiltiWALiE1YX-bBf2JrJOvFAaD7YnUW13mKnvgmrjlakPMsrYhWRwU8o6AQbS1HFbw&mlSearchSessionGuid=3a1da72405311b80e7a98bc97a560bbb,cian,2026-05-04T21:44:10.932042+00:00,Санкт-Петербург,Санкт-Петербург,sale,flat,real_estate_agent,2rooms,2,41.4,7400000.0,178743.961352657,3.0,10.0,0.3,False,False,Пушкинский,Центральная,16,Шушары,Дом Хороших квартир,178743.961352657,15.816990693309524,3.747148362237912
325901220,https://spb.cian.ru/sale/flat/325901220/?context=4.Qi68CXz_rKA.t3j9Q4Ukt83lZTrIz2_-tZ1KqljpLDh-Qj4Nm5OvRl0p2Fm7sIcqRKhY97dbNomY0ni_pHxtyac46Q&mlSearchSessionGuid=3a1da72405311b80e7a98bc97a560bbb,cian,2026-05-04T21:44:10.932042+00:00,Санкт-Петербург,Санкт-Петербург,sale,flat,developer,2rooms,2,53.3,17537832.0,329040.0,23.0,25.0,0.92,False,False,Невский,проспект Большевиков,66к3,Ломоносовская,Октябрьская набережная,329040.0,16.679870991095694,3.9945242269398897
325946476,https://spb.cian.ru/sale/flat/325946476/?context=4.jBHvLzmPa-A.3GF81OxhTGb4BEqaf13KpndsClT-oJr0a9XOIYnFfBkLAzSoziAPAdyExKKG9eSRhSbGZiUphhrCZw&mlSearchSessionGuid=3a1da72405311b80e7a98bc97a560bbb,cian,2026-05-04T21:44:10.932042+00:00,Санкт-Петербург,Санкт-Петербург,sale,flat,homeowner,2rooms,2,63.9,30500000.0,477308.2942097027,10.0,11.0,0.9090909090909092,False,False,Фрунзенский,Лиговский проспект,232,Обводный канал,Ligovsky city-Второй квартал,477308.2942097027,17.233237274364523,4.1728476237100445
328259862,https://spb.cian.ru/sale/flat/328259862/?context=4.xiaeA8YldhE.qB9UWYnC_TWxwg3xnV_C3TbaOW_IwojoAo9E341RJNBhdn4ls9nVKLKGRBk0GdMBMEE26UzDiYv72g&mlSearchSessionGuid=3a1da72405311b80e7a98bc97a560bbb,cian,2026-05-04T21:44:10.932042+00:00,Санкт-Петербург,Санкт-Петербург,sale,flat,real_estate_agent,2rooms,2,45.4,7200000.0,158590.30837004405,4.0,5.0,0.8,False,False,Невский,бульвар Красных Зорь,24,Ломоносовская,unknown,158590.30837004405,15.789591722875162,3.8372994592322094
305427105,https://spb.cian.ru/sale/flat/305427105/?context=4.tFhT6jKyUx0.uydHbkiWBULCzeQ_sqWPlLBLCImWQF1tE7MglIMxcsSr64yKhSW_0WQwzroOwIvO38ic03lLxLzkCQ&mlSearchSessionGuid=3a1da72405311b80e7a98bc97a560bbb,cian,2026-05-04T21:44:10.932042+00:00,Санкт-Петербург,Санкт-Петербург,sale,flat,developer,2rooms,2,60.36,24506160.0,406000.0,2.0,4.0,0.5,False,False,Курортный,unknown,,unknown,Ранта Резиденс ЖК,406000.0,17.014435113289583,4.116758157059
328102166,https://spb.cian.ru/sale/flat/328102166/?context=4.9Zg9nMPy9BI.hP2zzapl72u3vFkfR99YW76scSuakmhZFpSxpmC6rjccc_-cET9_Hh9V6arOKHA2ece5LGRV8CDRQA&mlSearchSessionGuid=3a1da72405311b80e7a98bc97a560bbb,cian,2026-05-04T21:44:10.932042+00:00,Санкт-Петербург,Санкт-Петербург,sale,flat,real_estate_agent,2rooms,2,50.0,14299999.0,285999.98,4.0,24.0,0.1666666666666666,False,False,Приморский,Туристская,30к2,Старая Деревня,Хайтек-Сити,285999.98,16.475770095230136,3.9318256327243257
329355517,https://spb.cian.ru/sale/flat/329355517/?context=4.QD9qp0ffn0I.swynl6VRE8JPSUIsTLWji-MRtPgQTvUWSF21NKt6p49GCyqQLzG16krWBYMgreUWgSxJ-ZzN5u4cpg&mlSearchSessionGuid=3a1da72405311b80e7a98bc97a560bbb,cian,2026-05-04T21:44:10.932042+00:00,Санкт-Петербург,Санкт-Петербург,sale,flat,real_estate_agent,2rooms,2,44.9,7500000.0,167037.86191536748,1.0,5.0,0.2,True,False,Красногвардейский,Бестужевская,69,Ладожская,unknown,167037.86191536748,15.830413711839864,3.8264651170664994
290200273,https://spb.cian.ru/sale/flat/290200273/?context=4._03bpCgjk_A.0lPYWK_kbEVT1LAadr0aaZxDC1a6CyPN4yUi642dlcP2gTdoMG6UkXX_SybRbK-HpUe_KrPhTKdyfg&mlSearchSessionGuid=3a1da72405311b80e7a98bc97a560bbb,cian,2026-05-04T21:44:10.932042+00:00,Санкт-Петербург,Санкт-Петербург,sale,flat,developer,2rooms,2,113.9,59961303.0,526438.1299385426,5.0,7.0,0.7142857142857143,False,False,Василеостровский,13-я Васильевского острова линия,50,Василеостровская,Клубный дом Манхэттен,526438.1299385426,17.909209978794078,4.74406218485471
304816882,https://spb.cian.ru/sale/flat/304816882/?context=4.Y30QW6G2Iu8.UGeumn1PTSDK6YbuMFMTii9Mvw8kIHc28lJg4tiw6Gn8DezfgTzoYQAXhiNtx-FB8WV9X3N-LhiHNA&mlSearchSessionGuid=3a1da72405311b80e7a98bc97a560bbb,cian,2026-05-04T21:44:10.932042+00:00,Санкт-Петербург,Санкт-Петербург,sale,flat,real_estate_agent,2rooms,2,94.0,48370000.0,514574.4680851064,8.0,10.0,0.8,False,False,Центральный,Тверская,1,Чернышевская,unknown,514574.4680851064,17.694390365473136,4.553876891600541
329520636,https://spb.cian.ru/sale/flat/329520636/?context=4.eTKLFLcUIfo.ci28wJrITPCvazj7RFgZha_O5VpKriyO_q921sMa9g5FvChDyDdzpxFs9Xgf5tttj5sbebyBjmQTzw&mlSearchSessionGuid=3a1da72405311b80e7a98bc97a560bbb,cian,2026-05-04T21:44:10.932042+00:00,Санкт-Петербург,Санкт-Петербург,sale,flat,real_estate_agent,2rooms,2,45.5,6700000.0,147252.74725274724,5.0,5.0,1.0,False,True,Калининский,Брюсовская,8,Академическая,unknown,147252.74725274724,15.717618233614914,3.8394523125933104
327096231,https://spb.cian.ru/sale/flat/327096231/?context=4.yFxPCDrXbWs.fxv7Fx9VgriK_anJNJ5hjPiZAmT9KtbvJj14wMRf5ajrxfnXpHvSQbjJXHSMeSvrSKzkHyNdt31PTw&mlSearchSessionGuid=3a1da72405311b80e7a98bc97a560bbb,cian,2026-05-04T21:44:10.932042+00:00,Санкт-Петербург,Санкт-Петербург,sale,flat,developer,2rooms,2,58.53,47810231.0,816850.0085426277,5.0,8.0,0.625,False,False,Петроградский,Ремесленная,17литЗ,Спортивная,17/33 Петровский остров,816850.0085426277,17.682750233131824,4.086480387165299
329583929,https://spb.cian.ru/sale/flat/329583929/?context=4.aLzr5BHjffo.f4mogAW71nEnAoxRDPHRD-4XQuEGRO4FA0tilwiNBgddbAv2Ow1U9oB1RMl0FAm8m8TYW_bd2B3gHA&mlSearchSessionGuid=3a1da72405311b80e7a98bc97a560bbb,cian,2026-05-04T21:44:10.932042+00:00,Санкт-Петербург,Санкт-Петербург,sale,flat,real_estate_agent,2rooms,2,64.0,20999000.0,328109.375,13.0,17.0,0.7647058823529411,False,False,Калининский,Фаворского,15К1,Академическая,unknown,328109.375,16.85998542312757,4.174387269895637
319859728,https://spb.cian.ru/sale/flat/319859728/?context=4.cCNr45Khrus.m0l547-DNHBaXb7Gu8kLSf0Cl2Ok-BAiqVNCU616MftDzbeVGIJqydKA6nizfwQeogmPHw-I_ns08w&mlSearchSessionGuid=3a1da72405311b80e7a98bc97a560bbb,cian,2026-05-04T21:44:10.932042+00:00,Санкт-Петербург,Санкт-Петербург,sale,flat,developer,2rooms,2,61.4,20667240.0,336600.0,2.0,15.0,0.1333333333333333,False,False,Калининский,Финляндский,,Лесная,Квартал бизнес-класса Б15,336600.0,16.844060444277694,4.133565275375382
323436401,https://spb.cian.ru/sale/flat/323436401/?context=4.NGdzeFOQhDk.kAtJRFuWNsK0PRPzUDZlhUiE32S3tdt7Sqn1Ut6pMf8VJferI-94An6jg6XuKl6qYtqDz-0jFnA9lg&mlSearchSessionGuid=3a1da72405311b80e7a98bc97a560bbb,cian,2026-05-04T21:44:10.932042+00:00,Санкт-Петербург,Санкт-Петербург,sale,flat,real_estate_agent,2rooms,2,112.0,51400000.0,458928.5714285714,4.0,8.0,0.5,False,False,Петроградский,Ремесленная,21,Спортивная,Апарт-отель AVATAR,458928.5714285714,17.755148749880647,4.727387818712341
329612530,https://spb.cian.ru/sale/flat/329612530/?context=4.m37Sc2u7jaU.3VinBHQw42sn-mxizdMit6-63PByx_f8JgCIPj8HYbavMSe9BkBmZp-O7vAh1ium9Q7sD8GMoLvukg&mlSearchSessionGuid=3a1da72405311b80e7a98bc97a560bbb,cian,2026-05-04T21:44:10.932042+00:00,Санкт-Петербург,Санкт-Петербург,sale,flat,real_estate_agent,2rooms,2,48.6,8000000.0,164609.05349794237,10.0,12.0,0.8333333333333334,False,False,Красногвардейский,Коммуны,32к2,Ладожская,unknown,164609.05349794237,15.894952224644102,3.903990833730882
327097092,https://spb.cian.ru/sale/flat/327097092/?context=4.pj0ghwjdJWc._QnfFvuBzjw61-FIoRq1BIwBV2j7bhNNm0pqU5LhBrSHmCSxDz466AS_8zQckRmWL712egTDcukswg&mlSearchSessionGuid=3a1da72405311b80e7a98bc97a560bbb,cian,2026-05-04T21:44:10.932042+00:00,Санкт-Петербург,Санкт-Петербург,sale,flat,developer,2rooms,2,60.12,39757356.0,661300.0,4.0,5.0,0.8,False,False,Курортный,Инструментальщиков,18,Комендантский проспект,BEREG.Курортный,661300.0,17.498305463700106,4.112839144858265
329336540,https://spb.cian.ru/sale/flat/329336540/?context=4.M8nN_TBH9NM.jOGuDlHPCicEXDh749yTK-u8QYJd-CiK8b79GUVNXM9Z00IdJ08wN8RpP2g3y1SX7Nig4kOFkEgg3g&mlSearchSessionGuid=3a1da72405311b80e7a98bc97a560bbb,cian,2026-05-04T21:44:10.932042+00:00,Санкт-Петербург,Санкт-Петербург,sale,flat,realtor,2rooms,2,63.4,16700000.0,263406.94006309146,2.0,7.0,0.2857142857142857,False,False,Московский,Московский проспект,195,Московская,unknown,263406.94006309146,16.630919337267223,4.165113633110308
328922737,https://spb.cian.ru/sale/flat/328922737/?context=4.d_mLRdkEytY.vv7QDmXAi4ym55a41NGGuxYIFIuWlGSeP4SRu4kMtzOxuXJQItMURb-bwCfRPOI_ZXhrloLJMr7lDg&mlSearchSessionGuid=3a1da72405311b80e7a98bc97a560bbb,cian,2026-05-04T21:44:10.932042+00:00,Санкт-Петербург,Санкт-Петербург,sale,flat,real_estate_agent,2rooms,2,45.0,7000000.0,155555.55555555556,4.0,5.0,0.8,False,False,Фрунзенский,Турку,28К3,Проспект Славы,unknown,155555.55555555556,15.76142084987672,3.828641396489095
318135248,https://spb.cian.ru/sale/flat/318135248/?context=4.5qtXghYpMXI.W6XyXrrFvJjWy9zth8ALQPdjJT2xki5Cg1U_1g0GXuLZH3PUIN_Ofbr4Lgot6BM8fPDt5llxZebK5Q&mlSearchSessionGuid=3a1da72405311b80e7a98bc97a560bbb,cian,2026-05-04T21:44:10.932042+00:00,Санкт-Петербург,Санкт-Петербург,sale,flat,developer,2rooms,2,55.7,19911636.0,357480.0,3.0,12.0,0.25,False,False,Красногвардейский,Партизанская,3В,Новочеркасская,Большая Охта,357480.0,16.806814892650454,4.037774210733707
310099153,https://spb.cian.ru/sale/flat/310099153/?context=4.tjncv-5zBm0.ekBcGGtv4_laIjuxQXFp4h3BQfYI1NbpR0W-BBeSQr3LTTxz8id4TDcs2gHgW3IKCQ2YMsslBbwOOA&mlSearchSessionGuid=3a1da72405311b80e7a98bc97a560bbb,cian,2026-05-04T21:44:10.932042+00:00,Санкт-Петербург,Санкт-Петербург,sale,flat,real_estate_agent,2rooms,2,64.4,10175000.0,157996.89440993787,2.0,5.0,0.4,False,False,Калининский,Кондратьевский проспект,32,Выборгская,unknown,157996.89440993787,16.135444387573028,4.180522258463153
328813416,https://spb.cian.ru/sale/flat/328813416/?context=4.3Y6BwVLdh_E.QrF6p-702hnuTo-RVM-dsEjFASzWQ2yBKWJW_Z2xesltdAd2KYMIK0BwTNb27jWuXqMS0UWjBiTdXQ&mlSearchSessionGuid=3a1da72405311b80e7a98bc97a560bbb,cian,2026-05-04T21:44:10.932042+00:00,Санкт-Петербург,Санкт-Петербург,sale,flat,developer,2rooms,2,61.0,22280000.0,365245.9016393443,2.0,15.0,0.1333333333333333,False,False,Василеостровский,Морской,,Приморская,Северный Ветер ЖК,365245.9016393443,16.91920001790666,4.127134385045092
326643667,https://spb.cian.ru/sale/flat/326643667/?context=4.AsnkBz7mf0s.5fDm8s4-H_25TwNiP9WWlV-L6rb51DSh9b-goSvwbjkw7hsoTNhnKb814Be4xwlZPDqsyPEwcdNFOQ&mlSearchSessionGuid=3a1da72405311b80e7a98bc97a560bbb,cian,2026-05-04T21:44:10.932042+00:00,Санкт-Петербург,Санкт-Петербург,sale,flat,real_estate_agent,2rooms,2,45.7,6950000.0,152078.77461706783,4.0,5.0,0.8,False,False,Невский,проспект Большевиков,71К2,Ломоносовская,unknown,152078.77461706783,15.754252361425856,3.843744164674852
328446074,https://spb.cian.ru/sale/flat/328446074/?context=4.vcU1Z9aExwc.goMJNoq8KWr-mwFsQaSnbvT57jFxYcFpeH7gmtteZoXx1axicjRZmtzLofqMvah4SaXReRZKHzZz3w&mlSearchSessionGuid=3a1da72405311b80e7a98bc97a560bbb,cian,2026-05-04T21:44:10.932042+00:00,Санкт-Петербург,Санкт-Петербург,sale,flat,real_estate_agent,2rooms,2,46.4,7890000.0,170043.10344827586,5.0,5.0,1.0,False,True,Фрунзенский,Будапештская,8К1,Международная,unknown,170043.10344827586,15.881106819564762,3.858622228701031
326661771,https://spb.cian.ru/sale/flat/326661771/?context=4.EmTo7X8uLro.BPqjdx5kZ3JXt4Jl8dT21G3h-0NBMuTpYnQ7UZDTjsdkPhDSUku5kG7nLnvMIqww1WMkpYAuQw8fPQ&mlSearchSessionGuid=3a1da72405311b80e7a98bc97a560bbb,cian,2026-05-04T21:44:10.932042+00:00,Санкт-Петербург,Санкт-Петербург,sale,flat,developer,2rooms,2,52.85,22212855.0,420300.0,3.0,17.0,0.1764705882352941,False,False,Василеостровский,Морской,4 уч,Приморская,Бульвар Грина,420300.0,16.91618177832843,3.9862024036023977
328139912,https://spb.cian.ru/sale/flat/328139912/?context=4.wfMAtaOXaHY.EI47X4sMIGq80iEKWXjRmertd6xLjMojfQzk93w5yf5mnOPZdVPEVwRzzJooAjPjLDKM_tLjZAY6sg&mlSearchSessionGuid=3a1da72405311b80e7a98bc97a560bbb,cian,2026-05-04T21:44:10.932042+00:00,Санкт-Петербург,Санкт-Петербург,sale,flat,real_estate_agent,2rooms,2,42.0,7149450.0,170225.0,1.0,5.0,0.2,True,False,Колпинский,Пролетарская,133,Шушары,unknown,170225.0,15.782546128505423,3.7612001156935615
328798449,https://spb.cian.ru/sale/flat/328798449/?context=4.G7g68peWxUk.LfOkvhw5r31JgXlCQwTI-f2SNzYQmMtsumGcjIsRbwq-zYYyKaYtv8287XPtfi065_bk7pS9CXb24Q&mlSearchSessionGuid=3a1da72405311b80e7a98bc97a560bbb,cian,2026-05-04T21:44:10.932042+00:00,Санкт-Петербург,Санкт-Петербург,sale,flat,real_estate_agent,2rooms,2,43.54,9990000.0,229444.1892512632,4.0,9.0,0.4444444444444444,False,False,Московский,Московский проспект,205,Московская,unknown,229444.1892512632,16.11709525072483,3.796387661829221
328021657,https://spb.cian.ru/sale/flat/328021657/?context=4.sWnXTkhiorI.PYMW9QD0251fh1omBIQx2HTHuOhd8D7ZJjEMhEebabOqJdOeuxmMzFTom17ialRnNZZ8rCfL9_sI1Q&mlSearchSessionGuid=3a1da72405311b80e7a98bc97a560bbb,cian,2026-05-04T21:44:10.932042+00:00,Санкт-Петербург,Санкт-Петербург,sale,flat,developer,2rooms,2,54.73,22953762.0,419400.0,5.0,10.0,0.5,False,False,Василеостровский,Гавань,к1,Горный институт,Легенда Васильевского ЖК,419400.0,16.948992446171626,4.020518601581445
329250302,https://spb.cian.ru/sale/flat/329250302/?context=4.7tcPpUKzvRI.9PjOXlmUr0qFAsuz3iQNGynQmD1LBzzT71mAtAPoMc7pM7L1dwv5eHTAKUdzHfyRCuf3cblkia8wBQ&mlSearchSessionGuid=3a1da72405311b80e7a98bc97a560bbb,cian,2026-05-04T21:44:10.932042+00:00,Санкт-Петербург,Санкт-Петербург,sale,flat,real_estate_agent,2rooms,2,66.6,20000000.0,300300.30030030035,10.0,11.0,0.9090909090909092,False,False,Калининский,Академика Константинова,1к1,Академическая,Наука,300300.30030030035,16.811242881518265,4.213607983048918
318140398,https://spb.cian.ru/sale/flat/318140398/?context=4.Anw9720XueQ.WUNrnarGJyBDI8qTtN0TJje-M_BgpLJ3S9QmUiURO0p3MYINGU9LyzdxpX8xy0LY9zJlXZijTTUbBQ&mlSearchSessionGuid=3a1da72405311b80e7a98bc97a560bbb,cian,2026-05-04T21:44:10.932042+00:00,Санкт-Петербург,Санкт-Петербург,sale,flat,developer,2rooms,2,73.1,40285410.0,551100.0,7.0,9.0,0.7777777777777778,False,False,Петроградский,Петровский проспект,9к2,Крестовский остров,NEVA HAUS,551100.0,17.51149995144994,4.3054155323020415
328919195,https://spb.cian.ru/sale/flat/328919195/?context=4.ZthAoX7FkMg.f5plJ0W5jL5xaewngONUVdZOC8V7HqLkaR_al2MflDCqM7ibyPnZkawYkrFAgzxC0tqqf2SSvpsuFA&mlSearchSessionGuid=3a1da72405311b80e7a98bc97a560bbb,cian,2026-05-04T21:44:10.932042+00:00,Санкт-Петербург,Санкт-Петербург,sale,flat,real_estate_agent,2rooms,2,45.6,11500000.0,252192.9824561403,2.0,9.0,0.2222222222222222,False,False,Выборгский,проспект Просвещения,32К2,Проспект Просвещения,unknown,252192.98245614037,16.257857680289998,3.8416005411316
327956231,https://spb.cian.ru/sale/flat/327956231/?context=4.kkAWna7vjYA.oCC5e8-lo4TuPNSRt0SREimR4LUNZZtlZzDpWt6ZyJF9Ngu6oOwWQwysTXTEV9UOg33KdHKscoE83A&mlSearchSessionGuid=3a1da72405311b80e7a98bc97a560bbb,cian,2026-05-04T21:44:10.932042+00:00,Санкт-Петербург,Санкт-Петербург,sale,flat,real_estate_agent,2rooms,2,56.4,11090700.0,196643.6170212766,3.0,6.0,0.5,False,False,Василеостровский,Беринга,20,Приморская,unknown,196643.6170212766,16.221617567428066,4.050044303325521
326370765,https://spb.cian.ru/sale/flat/326370765/?context=4.iJpkf1ngtpM.hSjAzC208xregj6jEUtfWof8qI5unF3ReaVfWuEBWDRjseJozY_tyozf_edn7hHbM7O8b_oX_dIr6Q&mlSearchSessionGuid=3a1da72405311b80e7a98bc97a560bbb,cian,2026-05-04T21:44:10.932042+00:00,Санкт-Петербург,Санкт-Петербург,sale,flat,developer,2rooms,2,65.3,29561310.0,452700.0,8.0,11.0,0.7272727272727273,False,False,Адмиралтейский,Измайловское,,Технологический институт,Измайловский,452700.0,17.201977003534434,4.194189897191817
326687169,https://spb.cian.ru/sale/flat/326687169/?context=4.8u60-EQGAg8.4LEP2YabixNILfYIOaFLvg7__8nP9B0r_5pPaEDP2ibzwhitICQxNd54zxIISPaFtvMP-d32xdLFWw&mlSearchSessionGuid=3a1da72405311b80e7a98bc97a560bbb,cian,2026-05-04T21:44:10.932042+00:00,Санкт-Петербург,Санкт-Петербург,sale,flat,real_estate_agent,2rooms,2,54.2,18900000.0,348708.4870848708,20.0,20.0,1.0,False,True,Московский,Варшавская,19к5,Электросила,unknown,348708.4870848708,16.75467253293992,4.01096295328305
329546515,https://spb.cian.ru/sale/flat/329546515/?context=4.Q-yJDA15a8Q.-GRYb2t8OiVSQcFvNL785x_2Py6OgwT_4wo_MIqdYuNLIn5gSf-aVuxsOUaLiCz6EwM7XpnUxf8Eww&mlSearchSessionGuid=3a1da72405311b80e7a98bc97a560bbb,cian,2026-05-04T21:44:10.932042+00:00,Санкт-Петербург,Санкт-Петербург,sale,flat,realtor,2rooms,2,62.2,11075000.0,178054.6623794212,19.0,21.0,0.9047619047619048,False,False,Пушкинский,Вишерская,18,Купчино,Шушары,178054.6623794212,16.220200964188923,4.146304301152812
328788087,https://spb.cian.ru/sale/flat/328788087/?context=4.R5UL5502CFM.mH3o4L21ZBMqWwU6Jrc7CuZIzUhCRXtmkE62aB7G20lyWUC2gvSqhrHYno-H-9Elc-uHNThrbztKFQ&mlSearchSessionGuid=3a1da72405311b80e7a98bc97a560bbb,cian,2026-05-04T21:44:10.932042+00:00,Санкт-Петербург,Санкт-Петербург,sale,flat,developer,2rooms,2,63.65,16111088.0,253120.0,22.0,23.0,0.9565217391304348,False,False,Приморский,проспект Юнтоловский,41к3,Беговая,Юнтолово,253120.0,16.595018350633893,4.168988105217866
328879186,https://spb.cian.ru/sale/flat/328879186/?context=4.msVDDiYtW4E.S6fJtoAQ1ajcAqKoOlfVshJTEJfIUKUseXhAc_AP45EPqK1_phVGAixkR3JlTGlSRGKegWCpstg1Fw&mlSearchSessionGuid=3a1da72405311b80e7a98bc97a560bbb,cian,2026-05-04T21:44:10.932042+00:00,Санкт-Петербург,Санкт-Петербург,sale,flat,real_estate_agent,2rooms,2,67.0,12788888.0,190878.92537313432,10.0,23.0,0.4347826086956521,False,False,Невский,Русановская,17к2,Ломоносовская,Ласточкино гнездо,190878.92537313432,16.364087305043988,4.219507705176107
328465727,https://spb.cian.ru/sale/flat/328465727/?context=4.yDRK4EqPUyY.Xy7Z6KY1bVZklC36l--n4Lvq-xQrb7StRgruUqxzbEjPjFQ04RctHsTs-0HRhyz4EWykYn3Gc6XVbw&mlSearchSessionGuid=3a1da72405311b80e7a98bc97a560bbb,cian,2026-05-04T21:44:10.932042+00:00,Санкт-Петербург,Санкт-Петербург,sale,flat,real_estate_agent,2rooms,2,61.0,14000000.0,229508.19672131148,3.0,8.0,0.375,False,False,Василеостровский,6-я Васильевского острова линия,47,Василеостровская,unknown,229508.19672131148,16.454567959008102,4.127134385045092
323954248,https://spb.cian.ru/sale/flat/323954248/?context=4.nsxKPHclrcw.ljCPCFsEvO-g98ZEs_f7CLd4qJm0ItwPsNuCOKST0PnheU3yXO1zD-EKITFOIejml5sqQLDX4V-VWw&mlSearchSessionGuid=3a1da72405311b80e7a98bc97a560bbb,cian,2026-05-04T21:44:10.932042+00:00,Санкт-Петербург,Санкт-Петербург,sale,flat,developer,2rooms,2,50.9,16797000.0,330000.0,2.0,5.0,0.4,False,False,Курортный,unknown,,Зенит,Лисино,330000.0,16.63671091653358,3.949318790171843
329552438,https://spb.cian.ru/sale/flat/329552438/?context=4.NNkXwzwbV4Q.RdTXQUifcm9I-yYtvgqIcrYk1xF_9mU6cYK5Ax_WA2gdxLn2TSEHk6s3BYgSE_zWQPj1qJweCHhR-Q&mlSearchSessionGuid=3a1da72405311b80e7a98bc97a560bbb,cian,2026-05-04T21:44:10.932042+00:00,Санкт-Петербург,Санкт-Петербург,sale,flat,real_estate_agent,2rooms,2,60.0,23988000.0,399800.0,7.0,19.0,0.3684210526315789,False,False,Московский,Варшавская,23к2,Электросила,unknown,399800.0,16.993064304958047,4.110873864173311
329395126,https://spb.cian.ru/sale/flat/329395126/?context=4.idMyModYFEk.MpOXSQA3A2qNlUrbmWIm3hGD-FxW-H4ctJ_PZPUS2QgcuYWBBgwal1lUAj2tImYIKKvllVDH6t3aIQ&mlSearchSessionGuid=3a1da72405311b80e7a98bc97a560bbb,cian,2026-05-04T21:44:10.932042+00:00,Санкт-Петербург,Санкт-Петербург,sale,flat,real_estate_agent,2rooms,2,55.5,9800000.0,176576.57657657657,10.0,12.0,0.8333333333333334,False,False,Выборгский,Суздальский проспект,1к1,Проспект Просвещения,unknown,176576.57657657657,16.097893045681612,4.034240638152395
324914899,https://spb.cian.ru/sale/flat/324914899/?context=4.jUwOvZcNZHA.XOhvI8m94D1FCz7b6oOR40QnSvxQOEJk5kjePojBQ9V01B6Oi_xc068nay1yOJWRDdrcs-Gj3iXw9Q&mlSearchSessionGuid=3a1da72405311b80e7a98bc97a560bbb,cian,2026-05-04T21:44:10.932042+00:00,Санкт-Петербург,Санкт-Петербург,sale,flat,developer,2rooms,2,64.8,30818880.0,475600.0,17.0,17.0,1.0,False,True,Василеостровский,набережная Миклухо-Маклая,3к1,Приморская,Морская набережная.СиВью,475600.0,17.243638079604636,4.186619838331271
327071101,https://spb.cian.ru/sale/flat/327071101/?context=4.cdK1Z1AUSdQ.fKKPZd24QMCnprwp3EhH0r6IepB6QoaPiApg5kNelfidW1K1WyiNVCLWv20vgkz8KD9i8Tn7f64Wug&mlSearchSessionGuid=3a1da72405311b80e7a98bc97a560bbb,cian,2026-05-04T21:44:10.932042+00:00,Санкт-Петербург,Санкт-Петербург,sale,flat,real_estate_agent,2rooms,2,53.9,12090000.0,224304.26716141,2.0,16.0,0.125,False,False,Невский,Народная,11к2,Ломоносовская,unknown,224304.26716141,16.30788930530396,4.005513348515485
327955329,https://spb.cian.ru/sale/flat/327955329/?context=4.kf8B0pGNR2Y.Fr2Wv7bInRyvcGm0Wt_A9T4GWSobi_GvwT8d3GSGRXuMspqVTMENAL5i22f3uCWbfH3JBxXGiWrk9g&mlSearchSessionGuid=3a1da72405311b80e7a98bc97a560bbb,cian,2026-05-04T21:44:10.932042+00:00,Санкт-Петербург,Санкт-Петербург,sale,flat,realtor,2rooms,2,47.8,11500000.0,240585.77405857743,4.0,5.0,0.8,False,False,Выборгский,Харченко,3,Лесная,unknown,240585.77405857743,16.257857680289998,3.8877303128591016
311120812,https://spb.cian.ru/sale/flat/311120812/?context=4.uX6M1v_ry0g.drN8l1rEquqa44oFrfMbM9f2zB2V4VKmqf7_8o5_VqkcscoJ5fUdc0V124Ihi7ABb6X742kCqd4Dbw&mlSearchSessionGuid=3a1da72405311b80e7a98bc97a560bbb,cian,2026-05-04T21:44:10.932042+00:00,Санкт-Петербург,Санкт-Петербург,sale,flat,developer,2rooms,2,52.4,23919552.0,456480.0,8.0,9.0,0.8888888888888888,False,False,Адмиралтейский,набережная Обводного Канала,169,Балтийская,Лермонтовский 54,456480.0,16.990206799581127,3.977810745966149
325020361,https://spb.cian.ru/sale/flat/325020361/?context=4.E_YwbsT-i1M.VuCNYi7yePK7KTXMx6No8ZMZAY8uCouGZaJMmAuSXrKvftQpdsRAIumbVuUa2l5fyXi06EhYq_XKug&mlSearchSessionGuid=3a1da72405311b80e7a98bc97a560bbb,cian,2026-05-04T21:44:10.932042+00:00,Санкт-Петербург,Санкт-Петербург,sale,flat,real_estate_agent,2rooms,2,70.6,14449000.0,204660.05665722385,6.0,7.0,0.8571428571428571,False,False,Выборгский,шоссе Суздальское,12к2,Проспект Просвещения,Новая Скандинавия,204660.05665722385,16.486135835184687,4.2710950739666
329520372,https://spb.cian.ru/sale/flat/329520372/?context=4.7pFNsVwzfMs.kS5Q4kvSErEOHj9ouARbXCWI-ZUMmi9gtafyqflh1v7udp1kAiiop4nATZan2--dpjrDEZxWx_PVNg&mlSearchSessionGuid=3a1da72405311b80e7a98bc97a560bbb,cian,2026-05-04T21:44:10.932042+00:00,Санкт-Петербург,Санкт-Петербург,sale,flat,real_estate_agent,2rooms,2,45.6,7950000.0,174342.1052631579,3.0,5.0,0.6,False,False,Невский,Бабушкина,115к5,Пролетарская,unknown,174342.1052631579,15.88868261241667,3.8416005411316
319672723,https://spb.cian.ru/sale/flat/319672723/?context=4.Fq6-u2-Lm7w.czFlWPZeHgP6BbeaVLXjnmNc-b-MrzrWgZ95PVKca2UJr8AC7lhQBiO9jLL442Fjv3fDU7WtX5zQ2Q&mlSearchSessionGuid=3a1da72405311b80e7a98bc97a560bbb,cian,2026-05-04T21:44:10.932042+00:00,Санкт-Петербург,Санкт-Петербург,sale,flat,developer,2rooms,2,62.71,29964408.0,477825.035879445,7.0,10.0,0.7,False,False,Адмиралтейский,Перевозная,,Садовая,Остров первых,477825.035879445,17.215520868669742,4.154341536128396
320124795,https://spb.cian.ru/sale/flat/320124795/?context=4.TgJdAgbxmL8.9QbJ2UoOATD2RtDFzidg9cPZm31lMhlef7KBgA2JBRSX-6mjRjdw-eZSSCa8GZzNXqxxn1-FtQCRFA&mlSearchSessionGuid=3a1da72405311b80e7a98bc97a560bbb,cian,2026-05-04T21:44:10.932042+00:00,Санкт-Петербург,Санкт-Петербург,sale,flat,real_estate_agent,2rooms,2,84.0,47900000.0,570238.0952380953,2.0,8.0,0.25,False,False,Центральный,Парадная,3к2,Чернышевская,Парадный квартал,570238.0952380953,17.68462608325797,4.442651256490317
329434111,https://spb.cian.ru/sale/flat/329434111/?context=4.mjV8HOBh6LI.tkugJ_4MaAiJkNeKKLSXXtBc0m4UhpvzOVJuXujXcYGBvuUk5a0a94XRsirQ1a5kTnyCOMH_1CuEFQ&mlSearchSessionGuid=3a1da72405311b80e7a98bc97a560bbb,cian,2026-05-04T21:44:10.932042+00:00,Санкт-Петербург,Санкт-Петербург,sale,flat,real_estate_agent,2rooms,2,42.9,5200000.0,121212.12121212122,1.0,5.0,0.2,True,False,Колпинский,Центральная,15,Рыбацкое,unknown,121212.12121212122,15.46416937585933,3.7819143200811256
326074420,https://spb.cian.ru/sale/flat/326074420/?context=4.uM3ZLOvNu-8.jZHnjbo-rZZGb62T4H8nAqmWRbpmrQZarEAsdbcNIDbr2SMTtpbPXp25-aoYtwJxWLCzvQLWgWDGIA&mlSearchSessionGuid=3a1da72405311b80e7a98bc97a560bbb,cian,2026-05-04T21:44:10.932042+00:00,Санкт-Петербург,Санкт-Петербург,sale,flat,developer,2rooms,2,63.06,39412500.0,625000.0,3.0,10.0,0.3,False,False,Центральный,Новгородская,14,Площадь Александра Невского,Гильдия,625000.0,17.489593608208114,4.159820144181012
328113575,https://spb.cian.ru/sale/flat/328113575/?context=4.JHuaaoPXoxU.MMmYsanRS691f-QxyIO7MIEqCHsqbef_ko1kCu2WGB_hoW4X9CfvEwgzw4aelCNyLlQy0O41Q5M-PQ&mlSearchSessionGuid=3a1da72405311b80e7a98bc97a560bbb,cian,2026-05-04T21:44:10.932042+00:00,Санкт-Петербург,Санкт-Петербург,sale,flat,real_estate_agent,2rooms,2,50.2,9999999.0,199203.16733067727,7.0,9.0,0.7777777777777778,False,False,Невский,Коллонтай,32к1,Проспект Большевиков,unknown,199203.16733067727,16.11809565095832,3.9357395320454622
329060250,https://spb.cian.ru/sale/flat/329060250/?context=4.3UdeoDvH9OA.LUJJ0XKf6XH2Shp2HK3sGVC2pBnahl7WARWXn4hKMEKZrFTgxhoWjU2-qmc4oJ7397M1vgMYT3n4aA&mlSearchSessionGuid=3a1da72405311b80e7a98bc97a560bbb,cian,2026-05-04T21:44:10.932042+00:00,Санкт-Петербург,Санкт-Петербург,sale,flat,real_estate_agent,2rooms,2,47.4,8500000.0,179324.89451476795,4.0,9.0,0.4444444444444444,False,False,Кировский,Солдата Корзуна,50,Проспект Ветеранов,unknown,179324.89451476795,15.955576839107596,3.879499813722586
323387959,https://spb.cian.ru/sale/flat/323387959/?context=4.mBjm1HtLgl8.uGD-DFx8y6e97uFMAcAN48DtGtRGS1Y69aD63FR9_RD5cU8RcOjrBHD_prHu6ZhB174LcoZoPVHCMg&mlSearchSessionGuid=3a1da72405311b80e7a98bc97a560bbb,cian,2026-05-04T21:44:10.932042+00:00,Санкт-Петербург,Санкт-Петербург,sale,flat,developer,2rooms,2,51.96,21517500.0,414116.6281755197,2.0,10.0,0.2,False,False,Василеостровский,17 линия ЖК,,Василеостровская,17 линия ЖК,414116.6281755197,16.884377161979565,3.9695369116287527
327699897,https://spb.cian.ru/sale/flat/327699897/?context=4.jrl9T9E9SD4.UbSoR1Z6ji-LQcy3xJjS0EthvYho17-ZRpUOxkjryQdWfbQnZY5t4KBKrgX0L6YiEPig3dXsiU5zlA&mlSearchSessionGuid=3a1da72405311b80e7a98bc97a560bbb,cian,2026-05-04T21:44:10.932042+00:00,Санкт-Петербург,Санкт-Петербург,sale,flat,real_estate_agent,2rooms,2,65.3,17900000.0,274119.4486983155,5.0,5.0,1.0,False,True,Центральный,Невский проспект,146,Площадь Восстания,unknown,274119.4486983155,16.700311326676903,4.194189897191817
329277339,https://spb.cian.ru/sale/flat/329277339/?context=4.5gnU_ulM6i0.CAOrg6TF_3sZ8oi8Bu7-eOqZxAqVMj52PtzoY5TzDS5s0PzNx2L9bRrHdaBedYNpUOwLfLhMWPAVWQ&mlSearchSessionGuid=3a1da72405311b80e7a98bc97a560bbb,cian,2026-05-04T21:44:10.932042+00:00,Санкт-Петербург,Санкт-Петербург,sale,flat,homeowner,2rooms,2,55.1,14600000.0,264972.77676950995,4.0,16.0,0.25,False,False,Приморский,проспект Авиаконструкторов,1,Комендантский проспект,unknown,264972.77676950995,16.496532155171714,4.027135812528651
329112161,https://spb.cian.ru/sale/flat/329112161/?context=4.dKL7wSDZvwk.NDl-fBxUdf-grlZE1Qd1wzcj3UuNFVtyTngt8hHNdV_oaZZxZABS3IiZ9EZP5Avd7SHE9tXdgNlM3w&mlSearchSessionGuid=3a1da72405311b80e7a98bc97a560bbb,cian,2026-05-04T21:44:10.932042+00:00,Санкт-Петербург,Санкт-Петербург,sale,flat,developer,2rooms,2,59.5,24734210.0,415701.00840336137,3.0,14.0,0.2142857142857142,False,False,Красногвардейский,Большая Охта,,Новочеркасская,Магнифика ЖК,415701.00840336137,17.02369790401512,4.102643365036796
327841457,https://spb.cian.ru/sale/flat/327841457/?context=4.DJ2P5EZb0fk.RuC__dkDmWLIE_iywrJnHVehcS7EMZGiafQDPfYoLkOXef6XR1aZXnetm7ZjmGTaVhRVjsqRB6NiPw&mlSearchSessionGuid=3a1da72405311b80e7a98bc97a560bbb,cian,2026-05-04T21:44:10.932042+00:00,Санкт-Петербург,Санкт-Петербург,sale,flat,real_estate_agent,2rooms,2,51.4,8600000.0,167315.17509727628,6.0,16.0,0.375,False,False,Красносельский,Коммунаров,188к1,Юго-Западная,Дудергофская линия 3,167315.17509727628,15.9672728775028,3.958906591326997
308643185,https://spb.cian.ru/sale/flat/308643185/?context=4.vtyczYFy7Uc.bSv2FWYe5AuLm-LwL6bo9ili_gEk6uJT4fRGukEjJe1qiL1g_Axp3iS5lNWDU4rAsvQHXUb9X1g76Q&mlSearchSessionGuid=3a1da72405311b80e7a98bc97a560bbb,cian,2026-05-04T21:44:10.932042+00:00,Санкт-Петербург,Санкт-Петербург,sale,flat,real_estate_agent,2rooms,2,74.53,20630000.0,276801.28807191737,21.0,24.0,0.875,False,False,Красносельский,Ленинский проспект,39с1,Юго-Западная,Огни Залива,276801.28807191737,16.84225693352053,4.324529928325356
329222119,https://spb.cian.ru/sale/flat/329222119/?context=4.9MmNnOCSW_8.CHJwkAUBGIUXwSN22vLJHDPcsR2iHrccDcpHcqOnzZg4ASM-xZ-K-w9zUHQgdHCTO1eIqfXs86Skgg&mlSearchSessionGuid=3a1da72405311b80e7a98bc97a560bbb,cian,2026-05-04T21:44:10.932042+00:00,Санкт-Петербург,Санкт-Петербург,sale,flat,real_estate_agent,2rooms,2,56.8,34900000.0,614436.6197183098,5.0,5.0,1.0,False,True,Петроградский,Красного Курсанта,30,Чкаловская,unknown,614436.6197183098,17.36799741582595,4.056988775678332
327750807,https://spb.cian.ru/sale/flat/327750807/?context=4.muvKT5dBDXU.t63qU6LnB1Y25krvgdtpYeCkX-heLBiG8xzSPgNvnNRUum0FgbE9RGfQlshwayXIDbbE601SwLYOQA&mlSearchSessionGuid=3a1da72405311b80e7a98bc97a560bbb,cian,2026-05-04T21:44:10.932042+00:00,Санкт-Петербург,Санкт-Петербург,sale,flat,realtor,2rooms,2,65.8,14900000.0,226443.76899696048,2.0,7.0,0.2857142857142857,False,False,Василеостровский,14-я Васильевского острова линия,31-33,Василеостровская,unknown,226443.76899696048,16.51687183802978,4.2017030805426
319045275,https://spb.cian.ru/sale/flat/319045275/?context=4.WaXfjSUEkd8.o6c1-eq1J6H4cVTqA4scbe7uNrihfzyBh4C8xP6GqKerUPAkacl_cToMpjznWl1FGMnDvA_QHOBajw&mlSearchSessionGuid=3a1da72405311b80e7a98bc97a560bbb,cian,2026-05-04T21:44:10.932042+00:00,Санкт-Петербург,Санкт-Петербург,sale,flat,developer,2rooms,2,54.43,10571122.0,194214.9917325005,4.0,14.0,0.2857142857142857,False,False,Невский,Архивная,3к1,Улица Дыбенко,Апарт-комплекс Зум на Неве,194214.9917325005,16.173636596289956,4.0151209634317135
328526926,https://spb.cian.ru/sale/flat/328526926/?context=4.UA-jxNwuM5s.C0M5KU7ude6YqhXcKLiH1q8DqD-yY8GZzmqyBsSBdLJI2ZE9DfKIUF7NgCH3OTd0WZ0el1y_fkRgvg&mlSearchSessionGuid=3a1da72405311b80e7a98bc97a560bbb,cian,2026-05-04T21:44:10.932042+00:00,Санкт-Петербург,Санкт-Петербург,sale,flat,real_estate_agent,2rooms,2,54.7,12650000.0,231261.4259597806,14.0,14.0,1.0,False,True,Калининский,проспект Маршала Блюхера,23,Выборгская,unknown,231261.4259597806,16.353167852189184,4.019980146933238
318141172,https://spb.cian.ru/sale/flat/318141172/?context=4.pKCNM3ANqOs.IJFlN9yZt5ZyUdL6ULLmxi3FDUvwTVRlLVinm-G0-5dPHVTb119xAcVEuT4ofj669TOQSmuS-ibnhQ&mlSearchSessionGuid=3a1da72405311b80e7a98bc97a560bbb,cian,2026-05-04T21:44:10.932042+00:00,Санкт-Петербург,Санкт-Петербург,sale,flat,developer,2rooms,2,48.03,15315326.0,318869.9979179679,4.0,23.0,0.1739130434782608,False,False,Красносельский,Юго-Запад,,Юго-Западная,Морская миля ЖК,318869.9979179679,16.54436464963713,3.892432355663142
324449238,https://spb.cian.ru/sale/flat/324449238/?context=4.hQwhPdHngsw.xTwKjcCF6IRs-yCMNOg8Nc77nWjb9BXXl6oAT05N8pWX5sWyKue5gaXeIFNZIyonope9Va6vaoTPXg&mlSearchSessionGuid=3a1da72405311b80e7a98bc97a560bbb,cian,2026-05-04T21:44:10.932042+00:00,Санкт-Петербург,Санкт-Петербург,sale,flat,real_estate_agent,2rooms,2,38.0,6500000.0,171052.63157894736,1.0,1.0,1.0,True,True,Выборгский,Школьный переулок,4,Проспект Просвещения,unknown,171052.63157894736,15.687312888712007,3.6635616461296463
329040185,https://spb.cian.ru/sale/flat/329040185/?context=4.K99cMsIceTk.LswK6HMMSb86ypPIb4yb2J3tAUUcIm71kRAKqM5c8OM2EjScu1Ug5L4irhbnW2L_G03Cgv49hZ30uQ&mlSearchSessionGuid=3a1da72405311b80e7a98bc97a560bbb,cian,2026-05-04T21:44:10.932042+00:00,Санкт-Петербург,Санкт-Петербург,sale,flat,realtor,2rooms,2,50.2,8900000.0,177290.83665338645,8.0,10.0,0.8,False,False,Фрунзенский,Олеко Дундича,20К1,Купчино,unknown,177290.83665338645,16.001561947061912,3.9357395320454622
305409727,https://spb.cian.ru/sale/flat/305409727/?context=4.c5s9ZW4OVAM.qbaTCOsRByPd651Ueg4I7X-eCKxTZ6GTLjIwXzh4EaMbyh0xH4kJS3uFJnmj5UFx1dBgvW3Br3Jfsw&mlSearchSessionGuid=3a1da72405311b80e7a98bc97a560bbb,cian,2026-05-04T21:44:10.932042+00:00,Санкт-Петербург,Санкт-Петербург,sale,flat,developer,2rooms,2,69.9,34460700.0,493000.0,4.0,10.0,0.4,False,False,Выборгский,Сампсониевское,,Выборгская,Сампсониевский 32,493000.0,17.355330131283154,4.2612704335380815
327976544,https://spb.cian.ru/sale/flat/327976544/?context=4.JxGC00hzkgI.5ca09xGMmr0fEDv0hwAnn662z07YYYlzwYrUu_rPvksSDhr__gJOCJcCv6qXPngk3ye8oG-vZ7Tgjg&mlSearchSessionGuid=3a1da72405311b80e7a98bc97a560bbb,cian,2026-05-04T21:44:10.932042+00:00,Санкт-Петербург,Санкт-Петербург,sale,flat,real_estate_agent,2rooms,2,47.6,9700000.0,203781.512605042,1.0,5.0,0.2,True,False,Невский,Фарфоровская,30,Ломоносовская,unknown,203781.512605042,16.08763654656639,3.883623530906448
327697105,https://spb.cian.ru/sale/flat/327697105/?context=4.dfwhADNBLnw.XTsnNS5zk4fltwYXCSYM5dtB2jFg8WuAjrhWrcGjYmqo7-AO_cER2yd_KEaAkDBwiIiIhtk8Suf6JQ&mlSearchSessionGuid=3a1da72405311b80e7a98bc97a560bbb,cian,2026-05-04T21:44:10.932042+00:00,Санкт-Петербург,Санкт-Петербург,sale,flat,real_estate_agent,2rooms,2,83.5,25800000.0,308982.0359281437,5.0,6.0,0.8333333333333334,False,False,Центральный,Чайковского,42,Чернышевская,unknown,308982.0359281437,17.065885088651534,4.436751534363128
327096128,https://spb.cian.ru/sale/flat/327096128/?context=4.1G5jf3JFl4Q.wSgudhopDq_0Y7_VrkdwgOXftnENrKmrhow1SQLlyy98-maEbrq4W1Z_juj2PLvyYEzjfxmhIqLACQ&mlSearchSessionGuid=3a1da72405311b80e7a98bc97a560bbb,cian,2026-05-04T21:44:10.932042+00:00,Санкт-Петербург,Санкт-Петербург,sale,flat,developer,2rooms,2,81.51,62355150.0,765000.0,9.0,11.0,0.8181818181818182,False,False,Московский,Коли Томчака,3,Московские ворота,Коллекционный Дом 1919,765000.0,17.948356840952208,4.412919498116252
324441963,https://spb.cian.ru/sale/flat/324441963/?context=4.DLYWskIjFtU.-D0BPJ8KxSz5e9vobwQX23eyIY7D8qE9LCQXd0vvdyEKj5aP9RoIEwqabsmLpwQixxLwcl4_XonNTw&mlSearchSessionGuid=3a1da72405311b80e7a98bc97a560bbb,cian,2026-05-04T21:44:10.932042+00:00,Санкт-Петербург,Санкт-Петербург,sale,flat,real_estate_agent,2rooms,2,72.4,23990000.0,331353.59116022097,3.0,3.0,1.0,False,True,Василеостровский,20-я Васильевского острова линия,1,Горный институт,unknown,331353.59116022097,16.993147676499913,4.29592393562047
329478764,https://spb.cian.ru/sale/flat/329478764/?context=4.QyzoIut3xjs.vzOyXATgAkN-4ZdupJxnVQ2o5kAUHDGE1e_uo35foR8YzhRFYmE_xdkMJtGGbOc4F0aPMT5Bc4djCw&mlSearchSessionGuid=3a1da72405311b80e7a98bc97a560bbb,cian,2026-05-04T21:44:10.932042+00:00,Санкт-Петербург,Санкт-Петербург,sale,flat,real_estate_agent,2rooms,2,58.0,15790000.0,272241.3793103448,14.0,17.0,0.8235294117647058,False,False,Невский,проспект Пятилеток,16к3,Проспект Большевиков,unknown,272241.3793103448,16.574887449563047,4.07753744390572
327096114,https://spb.cian.ru/sale/flat/327096114/?context=4.OlsFJbClPXw.TXJT1OBTIp4YdmITNLhJgvVjeNxxbgAHXUh64NfMzI_vvejgCELPmY_benxkGqldj9eiBFQUDQNqzQ&mlSearchSessionGuid=3a1da72405311b80e7a98bc97a560bbb,cian,2026-05-04T21:44:10.932042+00:00,Санкт-Петербург,Санкт-Петербург,sale,flat,developer,2rooms,2,53.75,30637489.0,569999.7953488372,4.0,11.0,0.3636363636363636,False,False,Московский,Коли Томчака,3,Московские ворота,Коллекционный Дом 1919,569999.7953488372,17.237734980421063,4.00277736869661
329142563,https://spb.cian.ru/sale/flat/329142563/?context=4.8sR4xwwC9oA.QZ5N5MsPUDCPCQ5LNRiiivXh5f2QUsKIRh4-79bWDF94xcjbEzMHOw6DAaXgkRqcmT8Cg_daLGuBXQ&mlSearchSessionGuid=3a1da72405311b80e7a98bc97a560bbb,cian,2026-05-04T21:44:10.932042+00:00,Санкт-Петербург,Санкт-Петербург,sale,flat,real_estate_agent,2rooms,2,51.5,18800000.0,365048.5436893204,10.0,10.0,1.0,False,True,Василеостровский,проспект Малый Васильевского острова,54к2,Горный институт,Авеню на Малом,365048.5436893204,16.749367480991666,3.960813169597578
329523376,https://spb.cian.ru/sale/flat/329523376/?context=4.qicHPfIY3yo.LMkBTMuE45KFGjbcIisK2KMmdAHdSl5NYR-fVpk-ts_lyoKTujpAvysJb37XW_nzkSg0aGFgM2sX9w&mlSearchSessionGuid=3a1da72405311b80e7a98bc97a560bbb,cian,2026-05-04T21:44:10.932042+00:00,Санкт-Петербург,Санкт-Петербург,sale,flat,real_estate_agent,2rooms,2,59.4,10300000.0,173400.6734006734,10.0,14.0,0.7142857142857143,False,False,Красногвардейский,проспект Маршака,12к2,Гражданский проспект,Новая Охта,173400.6734006734,16.14765455028724,4.100989104940769
314345294,https://spb.cian.ru/sale/flat/314345294/?context=4.Yc1fo3-sYCs.JISGF8RJgdn3ZQ4V11K_pgvUkjOuClQ6RWh6Mt1--nhR5W3e0dXliNqVmSBW6XMuOmsluZQeB7eA4w&mlSearchSessionGuid=3a1da72405311b80e7a98bc97a560bbb,cian,2026-05-04T21:44:10.932042+00:00,Санкт-Петербург,Санкт-Петербург,sale,flat,developer,2rooms,2,56.42,16465613.0,291840.00354484224,4.0,4.0,1.0,False,True,Кронштадтский,дорога Цитадельская,,unknown,Кронфорт.Центральный,291840.00354484224,16.61678476432111,4.050392674692918
325965400,https://spb.cian.ru/sale/flat/325965400/?context=4.cVs7lvWDJbs.L_ulYsYLBxQ_ePR1WnYa4qh6AC7narqnD8omM9Q6y74Sy5qlMlmnk2yNdXlPtWhz_wU4PLxHGyA0wg&mlSearchSessionGuid=3a1da72405311b80e7a98bc97a560bbb,cian,2026-05-04T21:44:10.932042+00:00,Санкт-Петербург,Санкт-Петербург,sale,flat,real_estate_agent,2rooms,2,50.1,12250000.0,244510.97804391212,7.0,12.0,0.5833333333333334,False,False,Красносельский,проспект Ветеранов,117,Юго-Западная,unknown,244510.97804391215,16.32103657658766,3.933784497209659
324213172,https://spb.cian.ru/sale/flat/324213172/?context=4.QFaEvkO-mSk.ulKHc9pRagYKQ-sFssG_ESvOZSic4eMJNz-wGFZ45oYdrkZKntttTJiecjBC-KMw3fJ5z59uiLKuQw&mlSearchSessionGuid=3a1da72405311b80e7a98bc97a560bbb,cian,2026-05-04T21:44:10.932042+00:00,Санкт-Петербург,Санкт-Петербург,sale,flat,real_estate_agent,2rooms,2,35.9,6300000.0,175487.4651810585,3.0,9.0,0.3333333333333333,False,False,Красносельский,Красногородская,19к1,Юго-Западная,unknown,175487.4651810585,15.656060350091908,3.6082115510464816
314345337,https://spb.cian.ru/sale/flat/314345337/?context=4.kgWldmBgYqs.p6FKhwXME-mCl4zfJVFtTSQDVBB0J7beZm_5iZtOd6NYtU7TLqHM_qN0Un-PsFG6GtmqXmgeOzuyHA&mlSearchSessionGuid=3a1da72405311b80e7a98bc97a560bbb,cian,2026-05-04T21:44:10.932042+00:00,Санкт-Петербург,Санкт-Петербург,sale,flat,developer,2rooms,2,73.6,21626624.0,293840.0,2.0,4.0,0.5,False,False,Кронштадтский,дорога Цитадельская,,unknown,Кронфорт.Центральный,293840.0,16.88943575246768,4.312140507209715
329281503,https://spb.cian.ru/sale/flat/329281503/?context=4.rhCfPw2n6KI.HhmSLt8VtsUhJQD9FH-ametIsTYuyY9bIu7BhjYaw6EqET0zi0299MFQ2GF0kwesUDgRhvDmvTnm1Q&mlSearchSessionGuid=3a1da72405311b80e7a98bc97a560bbb,cian,2026-05-04T21:44:10.932042+00:00,Санкт-Петербург,Санкт-Петербург,sale,flat,real_estate_agent,2rooms,2,56.0,29000000.0,517857.1428571429,8.0,12.0,0.6666666666666666,False,False,Красногвардейский,проспект Шаумяна,14,Новочеркасская,Alter,517857.1428571429,17.182806422433504,4.04305126783455
329600370,https://spb.cian.ru/sale/flat/329600370/?context=4.SHUg6EoKDiA.7F8zVFpRwgwIr0vLSDASPDfWozkKw2Lqec8nX1CWXnsivlz3NjfWY-_1Fk0l49UUvJCY9NdnEDcjRA&mlSearchSessionGuid=3a1da72405311b80e7a98bc97a560bbb,cian,2026-05-04T21:44:10.932042+00:00,Санкт-Петербург,Санкт-Петербург,sale,flat,real_estate_agent,2rooms,2,44.8,8500000.0,189732.14285714287,5.0,5.0,1.0,False,True,Калининский,Суздальский проспект,107,Гражданский проспект,unknown,189732.14285714287,15.955576839107596,3.824284091120139
326049953,https://spb.cian.ru/sale/flat/326049953/?context=4.YnZuIBIvRhI.Y7gyJGuWG2gbYf2NilLNf-78KIFVkBTjp8SOyiHn01KjSk098By_m-eVcZ8N7viEysOsA9uCfnYNbQ&mlSearchSessionGuid=3a1da72405311b80e7a98bc97a560bbb,cian,2026-05-04T21:44:10.932042+00:00,Санкт-Петербург,Санкт-Петербург,sale,flat,developer,2rooms,2,65.18,22994852.0,352789.9969315741,4.0,4.0,1.0,False,True,Кронштадтский,дорога Цитадельская,,unknown,Кронфорт.Центральный,352789.9969315741,16.950780966241663,4.192378302493466
328414692,https://spb.cian.ru/sale/flat/328414692/?context=4.S7n6-kM89gY.wZm2StJW5cuKFTmH9-fnGu7kNSlu8Z6PtjaFKrL6LyBm6z6LyGG3M32hvA3Yu4Y33AaMD4Gk7xzQng&mlSearchSessionGuid=3a1da72405311b80e7a98bc97a560bbb,cian,2026-05-04T21:44:10.932042+00:00,Санкт-Петербург,Санкт-Петербург,sale,flat,real_estate_agent,2rooms,2,59.0,12200000.0,206779.6610169492,11.0,13.0,0.8461538461538461,False,False,Приморский,Камышовая,56К3,Комендантский проспект,unknown,206779.6610169492,16.316946591670696,4.0943445622221
328415774,https://spb.cian.ru/sale/flat/328415774/?context=4.q0viFS6d2v8.BtGRN8q-dbhEA61XwoAW0DT4akzzUBdbG3-zfQvkY6Ie--LCb6npcB08BZFimJlbHCOwrYKU-DeDDQ&mlSearchSessionGuid=3a1da72405311b80e7a98bc97a560bbb,cian,2026-05-04T21:44:10.932042+00:00,Санкт-Петербург,Санкт-Петербург,sale,flat,real_estate_agent,2rooms,2,46.1,7850000.0,170281.9956616052,4.0,5.0,0.8,False,False,Калининский,Северный проспект,91К2,Академическая,unknown,170281.9956616052,15.876024217147116,3.852273001022372
327104301,https://spb.cian.ru/sale/flat/327104301/?context=4.e_I7fpl7G0U.yQzMS6T3jOSAKf_HBYPLNYlLvNz5HvvGxvJnosRVMw3bQ1YijwyH34zOOW-0lnvt7uMpZicyUaHRVQ&mlSearchSessionGuid=3a1da72405311b80e7a98bc97a560bbb,cian,2026-05-04T21:44:10.932042+00:00,Санкт-Петербург,Санкт-Петербург,sale,flat,developer,2rooms,2,91.93,79468889.0,864450.0054389208,20.0,24.0,0.8333333333333334,False,False,Московский,Алтайская,39,Московская,Шепилевский,864450.0054389208,18.190876182283898,4.531846521569248
328767142,https://spb.cian.ru/sale/flat/328767142/?context=4.6MUOzIomRl0.pqIxPdFsllu1r7LKzAdjkZ9j_BugvqCFOAbKXgm0I3QA_QJtx3jw-kl03neAy7hefSBaZMqU3JA2ug&mlSearchSessionGuid=3a1da72405311b80e7a98bc97a560bbb,cian,2026-05-04T21:44:10.932042+00:00,Санкт-Петербург,Санкт-Петербург,sale,flat,real_estate_agent,2rooms,2,54.2,15300000.0,282287.8228782288,2.0,25.0,0.08,False,False,Невский,Белышева,5/6,Проспект Большевиков,Аврора-2,282287.8228782288,16.54336345172214,4.01096295328305
322620949,https://spb.cian.ru/sale/flat/322620949/?context=4.ZWkzFg_jp18.1ThuLwgZfWc1r73fPE3aFyKzKTb2gWuVymfSHQSELmZCsoU8xSxGATHSxbSzUTIx8G5n8ehjzkLKDw&mlSearchSessionGuid=3a1da72405311b80e7a98bc97a560bbb,cian,2026-05-04T21:44:10.932042+00:00,Санкт-Петербург,Санкт-Петербург,sale,flat,developer,2rooms,2,64.13,22648015.0,353157.8824263216,7.0,17.0,0.4117647058823529,False,False,Московский,Звёздное,,Звездная,Оро бай Аквилон ЖК,353157.8824263216,16.93558281223777,4.17638527255831
329613915,https://spb.cian.ru/sale/flat/329613915/?context=4.fDmL5gK97Qg.CqMtkOv9Yk8kpemwzYPPrGvWTQ_SfyuNK3ImbMGdM2fCu95-JB9_fWsfoqTG9WGLYJWzIAlJk9P5GQ&mlSearchSessionGuid=3a1da72405311b80e7a98bc97a560bbb,cian,2026-05-04T21:44:10.932042+00:00,Санкт-Петербург,Санкт-Петербург,sale,flat,real_estate_agent,2rooms,2,54.4,10998000.0,202169.11764705885,7.0,10.0,0.7,False,False,Красногвардейский,Крюкова,10,Площадь Ленина,unknown,202169.11764705885,16.213224086975515,4.014579593753238
324711917,https://spb.cian.ru/sale/flat/324711917/?context=4.poT9MJ4YrL0.YqjOysZodgc_jmNIMt_8GP68hpfLucjNaQgD4DKYuVrROWye12bC73ju-nsbW_TILrW4QUkawws-Fg&mlSearchSessionGuid=3a1da72405311b80e7a98bc97a560bbb,cian,2026-05-04T21:44:10.932042+00:00,Санкт-Петербург,Санкт-Петербург,sale,flat,developer,2rooms,2,65.56,41739666.0,636663.60585723,2.0,9.0,0.2222222222222222,False,False,Петроградский,Пионерская,53,Чкаловская,Avant,636663.60585723,17.546962481622714,4.198103796512953
320005444,https://spb.cian.ru/sale/flat/320005444/?context=4.9qk0xyIdWxY.teiN1IhSy5JLX_gYEX2YqVrE03FH9boqhraczx3N319FBxRvyYZ7vvC5A2dbc_WG7kOATKBPbJJlvA&mlSearchSessionGuid=3a1da72405311b80e7a98bc97a560bbb,cian,2026-05-04T21:44:10.932042+00:00,Санкт-Петербург,Санкт-Петербург,sale,flat,real_estate_agent,2rooms,2,84.5,36757500.0,435000.0,2.0,9.0,0.2222222222222222,False,False,Петроградский,Чапаева,17к2,Петроградская,Мануфактура,435000.0,17.419852871639282,4.448516375942715
329330673,https://spb.cian.ru/sale/flat/329330673/?context=4.Nb8Pg-fQGko.2fqOggo40Q8y4HsTjt5w1NNxqPgbX_W9xBoAV96Xsl0K_rlyNYg3iVx5-z865wZBUZK3OYPcpwdVzQ&mlSearchSessionGuid=3a1da72405311b80e7a98bc97a560bbb,cian,2026-05-04T21:44:10.932042+00:00,Санкт-Петербург,Санкт-Петербург,sale,flat,realtor,2rooms,2,70.0,25000000.0,357142.8571428572,5.0,5.0,1.0,False,True,Василеостровский,Карташихина,5,Горный институт,unknown,357142.8571428572,17.034386422832473,4.262679877041316
327104328,https://spb.cian.ru/sale/flat/327104328/?context=4.OBM7fYGdVEQ.SM1lf99PwhqYd5DYZYfL5hdt9zCdo1TlB6SaD5T-nsYc7e6NrdmMiNry7cLl6I7HpUj0NtmF5uAUxg&mlSearchSessionGuid=3a1da72405311b80e7a98bc97a560bbb,cian,2026-05-04T21:44:10.932042+00:00,Санкт-Петербург,Санкт-Петербург,sale,flat,developer,2rooms,2,86.89,73634931.0,847450.0057544021,19.0,24.0,0.7916666666666666,False,False,Московский,Алтайская,39,Московская,Шепилевский,847450.0057544021,18.114630090668083,4.4760860325765535
326966053,https://spb.cian.ru/sale/flat/326966053/?context=4.BEcAOxcoQTw.XS7rAsBltyg7PsUJqcLN-7jArWucfOeXBDz4UIV30Dkrh4cC0LScNRi2aekFltewIkQNZ5OHr-SbKg&mlSearchSessionGuid=3a1da72405311b80e7a98bc97a560bbb,cian,2026-05-04T21:44:10.932042+00:00,Санкт-Петербург,Санкт-Петербург,sale,flat,real_estate_agent,2rooms,2,62.2,32000000.0,514469.45337620575,7.0,10.0,0.7,False,False,Приморский,Лисичанская,15,Черная речка,Domino,514469.45337620575,17.281246492014,4.146304301152812
329345376,https://spb.cian.ru/sale/flat/329345376/?context=4.aecp4KHq2zA.G6OCk5Hq6mfkevxqftRBqPGChzzi-RndmPaKNrzZ7r152mfuLNgbXQZLgOLHxGuREFB6xdsRbrHglw&mlSearchSessionGuid=3a1da72405311b80e7a98bc97a560bbb,cian,2026-05-04T21:44:10.932042+00:00,Санкт-Петербург,Санкт-Петербург,sale,flat,real_estate_agent,2rooms,2,52.1,10800000.0,207293.6660268714,22.0,23.0,0.9565217391304348,False,False,Невский,проспект Советский,41к1,Рыбацкое,Живи! в Рыбацком,207293.6660268714,16.195056784687036,3.972176928247893
327097094,https://spb.cian.ru/sale/flat/327097094/?context=4.jpvcpuQ46MU.tgI1zZLcvek5wL5RErNXWAj5A5l5A5A7HTYSBgFsIYQiCOxAFYRYWLIh7XSu-wLvbZ8AV3hzuW49Rg&mlSearchSessionGuid=3a1da72405311b80e7a98bc97a560bbb,cian,2026-05-04T21:44:10.932042+00:00,Санкт-Петербург,Санкт-Петербург,sale,flat,developer,2rooms,2,48.53,22729026.0,468350.0103029054,4.0,5.0,0.8,False,False,Курортный,Инструментальщиков,18,Комендантский проспект,BEREG.Курортный,468350.0103029054,16.93915338804931,3.902578546600146
323692310,https://spb.cian.ru/sale/flat/323692310/?context=4.ltZis6mGnD4.Rl73uqmgECdL0oelyR8JHOzuBsZRxK-x4NleGxyZyOHXUwyS-xQZ8wPkBbLQGw9z9GNLoamiv60Pag&mlSearchSessionGuid=3a1da72405311b80e7a98bc97a560bbb,cian,2026-05-04T21:44:10.932042+00:00,Санкт-Петербург,Санкт-Петербург,sale,flat,real_estate_agent,2rooms,2,86.9,36000000.0,414269.2750287687,5.0,5.0,1.0,False,True,Петроградский,Большая Монетная,13,Петроградская,unknown,414269.2750287687,17.399029524198163,4.476199804691132
328778656,https://spb.cian.ru/sale/flat/328778656/?context=4.HsaCcw09apc.r9lVoAx9mxZWDEHVYtg-7k16Or64hsKYzCLp1k9S9ed-S-7N-XvJlgqsqkPtVdUCJicEjMFsWwIrnw&mlSearchSessionGuid=3a1da72405311b80e7a98bc97a560bbb,cian,2026-05-04T21:44:10.932042+00:00,Санкт-Петербург,Санкт-Петербург,sale,flat,realtor,2rooms,2,46.0,6999999.0,152173.89130434784,5.0,5.0,1.0,False,True,Московский,Пилотов,26К1,Звездная,unknown,152173.89130434784,15.761420707019589,3.8501476017100575
325558668,https://spb.cian.ru/sale/flat/325558668/?context=4.CFAuxjwED5k.aFVYTHwvJ1NOV-_o0ywZXrImQbT2NUqXQdgH8sPTMmnG9q9E9XyoD3LbR50MLNOeuCUbpwxq28DobA&mlSearchSessionGuid=3a1da72405311b80e7a98bc97a560bbb,cian,2026-05-04T21:44:10.932042+00:00,Санкт-Петербург,Санкт-Петербург,sale,flat,developer,2rooms,2,62.47,28114301.0,450044.83752201055,3.0,9.0,0.3333333333333333,False,False,Василеостровский,Гавань,,Горный институт,МОНОДОМ АРТ,450044.83752201055,17.151788972795238,4.150567353318379
327396290,https://spb.cian.ru/sale/flat/327396290/?context=4.z0RkOaFh2YE.5ERcCgVrejoObwSSiJ1Y3xiGMQE3mmxVXl0zIfjeNEaCIhayh7_leVtb8j8IHqWfxorrupwB2cq01g&mlSearchSessionGuid=3a1da72405311b80e7a98bc97a560bbb,cian,2026-05-04T21:44:10.932042+00:00,Санкт-Петербург,Санкт-Петербург,sale,flat,real_estate_agent,2rooms,2,65.7,12200000.0,185692.5418569254,20.0,23.0,0.8695652173913043,False,False,Невский,Русановская,19к2,Ломоносовская,Ласточкино гнездо,185692.5418569254,16.316946591670696,4.200204952921578
329242066,https://spb.cian.ru/sale/flat/329242066/?context=4.N_4cm00h_dk.BTNmuDSVsOVu8GOh-DAdnFwLgnr9auvRXuY_IOQ0VaHsK6YfvixGuHlb1Tv4ECH5cfRCZXvqqEyLAg&mlSearchSessionGuid=3a1da72405311b80e7a98bc97a560bbb,cian,2026-05-04T21:44:10.932042+00:00,Санкт-Петербург,Санкт-Петербург,sale,flat,homeowner,2rooms,2,43.6,8900000.0,204128.44036697247,12.0,12.0,1.0,False,True,Красносельский,Маршала Захарова,11Б,Юго-Западная,unknown,204128.44036697247,16.001561947061912,3.7977338590260175
323946399,https://spb.cian.ru/sale/flat/323946399/?context=4.1WPoAE1BjYU.hoZOGCO5I00_BLQIZ6LezSixUegEuLchbnYuXApdHbXocmtxMJHeb3S7NaUaN7d3urAtl6e-DScF8A&mlSearchSessionGuid=3a1da72405311b80e7a98bc97a560bbb,cian,2026-05-04T21:44:10.932042+00:00,Санкт-Петербург,Санкт-Петербург,sale,flat,developer,2rooms,2,146.23,153541500.0,1050000.0,5.0,6.0,0.8333333333333334,False,False,Петроградский,Эсперова,8,Крестовский остров,АСТРУМ,1050000.0,18.849481453270396,4.991995989877317
328431092,https://spb.cian.ru/sale/flat/328431092/?context=4.Fp0ct6N137c.260jnWp0nS8epq5YR3KKzkA7eWZOqN7SCwba0daPC4uc5qtPr5XO5nLWP9H2W1XVXfT3YOsQw5PLow&mlSearchSessionGuid=3a1da72405311b80e7a98bc97a560bbb,cian,2026-05-04T21:44:10.932042+00:00,Санкт-Петербург,Санкт-Петербург,sale,flat,real_estate_agent,2rooms,2,81.0,39900000.0,492592.5925925926,2.0,4.0,0.5,False,False,Центральный,Рылеева,6,Чернышевская,unknown,492592.5925925926,17.50188690692275,4.406719247264253
329453520,https://spb.cian.ru/sale/flat/329453520/?context=4.zrocbQZXjJs.z0vhNEHXi3__-zfaAMqIe2Q8Co-TF9DNz59nXivHYXY6A53IzEA-cmWMvWOh4Hhhdcsln2bKODdEVw&mlSearchSessionGuid=3a1da72405311b80e7a98bc97a560bbb,cian,2026-05-04T21:44:10.932042+00:00,Санкт-Петербург,Санкт-Петербург,sale,flat,real_estate_agent,2rooms,2,71.8,16000000.0,222841.22562674092,6.0,15.0,0.4,False,False,Калининский,Софьи Ковалевской,20к1,Академическая,unknown,222841.22562674092,16.588099342704055,4.28771595520264
323514062,https://spb.cian.ru/sale/flat/323514062/?context=4.vtK3rSQcVkg.Q1ztHJ_xGi28RsiXYSkCC1I5TKgLTwzRUzBgwJGYj6QY6YbDXAbMcUnnwKEpFKwOW2nMLmYDs4IVxQ&mlSearchSessionGuid=3a1da72405311b80e7a98bc97a560bbb,cian,2026-05-04T21:44:10.932042+00:00,Санкт-Петербург,Санкт-Петербург,sale,flat,developer,2rooms,2,80.05,66001227.0,824500.0249843848,2.0,8.0,0.25,False,False,Петроградский,Пионерская,53,Чкаловская,Avant,824500.0249843848,18.005183905878216,4.395066248181685
329103672,https://spb.cian.ru/sale/flat/329103672/?context=4.sAssUVb3i7E.mpv35s0lk26RFMfM4ZyRqiZ8Y-UYHKpDiPW-cnSEKQTit_xXslpDbEBlrGSRl_EjIoUyRzNaNAiKFA&mlSearchSessionGuid=3a1da72405311b80e7a98bc97a560bbb,cian,2026-05-04T21:44:10.932042+00:00,Санкт-Петербург,Санкт-Петербург,sale,flat,real_estate_agent,2rooms,2,50.5,9900000.0,196039.60396039605,18.0,26.0,0.6923076923076923,False,False,Красногвардейский,Пейзажная,10,Девяткино,Цветной Город,196039.60396039605,16.108045416114916,3.9415818076696905
322159426,https://spb.cian.ru/sale/flat/322159426/?context=4.ECcIbOCJt9M.JIxVojJGwHRwKczYwHkQ7e9s33nrk0VQsXK6u1hUC_fSbYOBSCUtN_ZuDEIxJyJw3z-6bo9VYBeIsg&mlSearchSessionGuid=3a1da72405311b80e7a98bc97a560bbb,cian,2026-05-04T21:44:10.932042+00:00,Санкт-Петербург,Санкт-Петербург,sale,flat,real_estate_agent,2rooms,2,57.2,10350000.0,180944.05594405596,4.0,9.0,0.4444444444444444,False,False,Выборгский,проспект Художников,30К1,Проспект Просвещения,unknown,180944.05594405596,16.152497174294005,4.063885354737392
327097145,https://spb.cian.ru/sale/flat/327097145/?context=4.xdYJpeYW8FM.RNmy3IDiseV9tFVgta-efj1y3uVgeeuk6xOecgJsK7rHnT3X7FSBdJ7RMU0tbk7dcBHc15CwJMO3UA&mlSearchSessionGuid=3a1da72405311b80e7a98bc97a560bbb,cian,2026-05-04T21:44:10.932042+00:00,Санкт-Петербург,Санкт-Петербург,sale,flat,developer,2rooms,2,62.39,46720752.0,748850.0080141048,5.0,18.0,0.2777777777777778,False,False,Василеостровский,бульвар Головнина,13,Приморская,Башни Элемент,748850.0080141048,17.659699013648883,4.149306120296075
327109646,https://spb.cian.ru/sale/flat/327109646/?context=4.WP4jKysoxh4.REPXNHCL3gK14O8_nZutDzz-UKJD_WZtkQ5Gr7Vqp1jVndXDIX3A5KmNJSxEArKbc3kRUh4yalrKmA&mlSearchSessionGuid=3a1da72405311b80e7a98bc97a560bbb,cian,2026-05-04T21:44:10.932042+00:00,Санкт-Петербург,Санкт-Петербург,sale,flat,real_estate_agent,2rooms,2,75.2,50900000.0,676861.7021276596,8.0,10.0,0.8,False,False,Петроградский,Аптекарский проспект,18,Петроградская,Skandi Klubb,676861.7021276596,17.745373501167116,4.333361462692601
324889616,https://spb.cian.ru/sale/flat/324889616/?context=4.EXBgRGZwkJs.Z64_rwW0ET576044pGrXFJJgSiWrkG0G0OSehz7U_LoiLyab1aFSrAi8eZi_Kzi4vSzdSIupPLKqvw&mlSearchSessionGuid=3a1da72405311b80e7a98bc97a560bbb,cian,2026-05-04T21:44:10.932042+00:00,Санкт-Петербург,Санкт-Петербург,sale,flat,real_estate_agent,2rooms,2,46.0,8600000.0,186956.52173913043,2.0,5.0,0.4,False,False,Калининский,проспект Мечникова,7,Академическая,unknown,186956.52173913043,15.9672728775028,3.8501476017100575
314286083,https://spb.cian.ru/sale/flat/314286083/?context=4.uUVdVw_06qs.a2kdT0knfqcZGz-7tURpXg8MyFot-nrz_XHO45W6J7_ZXfQigLz0S4h43lDR-SJaSszMFXP3V29iig&mlSearchSessionGuid=3a1da72405311b80e7a98bc97a560bbb,cian,2026-05-04T21:44:10.932042+00:00,Санкт-Петербург,Санкт-Петербург,sale,flat,developer,2rooms,2,64.98,31515300.0,485000.0,2.0,4.0,0.5,False,False,Курортный,unknown,,unknown,Ранта Резиденс ЖК,485000.0,17.265983731891193,4.189351665800436
329140248,https://spb.cian.ru/sale/flat/329140248/?context=4.3hGgPChlan8.SAP2JPd6_QrolhvQKqMcRaX2W8TPYnRvKr1vea-Rx3ZcbeoOOyMRIP0a3-hMylENNlyqROjnhd1E6A&mlSearchSessionGuid=3a1da72405311b80e7a98bc97a560bbb,cian,2026-05-04T21:44:10.932042+00:00,Санкт-Петербург,Санкт-Петербург,sale,flat,real_estate_agent,2rooms,2,82.5,20800000.0,252121.21212121213,1.0,10.0,0.1,True,False,Василеостровский,набережная Реки Смоленки,3к2,Спортивная,Самоцветы,252121.21212121213,16.85046359274847,4.42484663185681
327192603,https://spb.cian.ru/sale/flat/327192603/?context=4.iJ8clx3df1A.XwwliMZnAny-J7g2bCEQQK8LWAw25g6YiOPUZZ4a0eK4MyzfdqB3ukW9-090P7pan6QPrG-mcf6RPg&mlSearchSessionGuid=3a1da72405311b80e7a98bc97a560bbb,cian,2026-05-04T21:44:10.932042+00:00,Санкт-Петербург,Санкт-Петербург,sale,flat,real_estate_agent,2rooms,2,75.9,38000000.0,500658.7615283267,9.0,14.0,0.6428571428571429,False,False,Приморский,Вазаский переулок,3,Черная речка,ЦДС Черная речка,500658.7615283267,17.453096744006448,4.342505876511599
327097077,https://spb.cian.ru/sale/flat/327097077/?context=4.qNCSefujmbg.MIrzzHFhKXqEXL9WStFRjxx_MEW-W6AgijK-kmzzZ84nzvsHVwjkpYgMldfol3wLHtKkwr9k0r576w&mlSearchSessionGuid=3a1da72405311b80e7a98bc97a560bbb,cian,2026-05-04T21:44:10.932042+00:00,Санкт-Петербург,Санкт-Петербург,sale,flat,developer,2rooms,2,50.83,23935847.0,470900.0,1.0,5.0,0.2,True,False,Курортный,Инструментальщиков,18,Комендантский проспект,BEREG.Курортный,470900.0,16.9908878094688,3.947969132201615
317505269,https://spb.cian.ru/sale/flat/317505269/?context=4.NTuGd8or0ko.C3nwpY2nOi4mvCUnno7t7ffTD6YqDG6LnujDF4BiFXyD6NlUFvXKTtvgHnY7fihNsw3FtnYnMl8NgQ&mlSearchSessionGuid=3a1da72405311b80e7a98bc97a560bbb,cian,2026-05-04T21:44:10.932042+00:00,Санкт-Петербург,Санкт-Петербург,sale,flat,real_estate_agent,2rooms,2,82.0,39360000.0,480000.0,4.0,5.0,0.8,False,False,Петроградский,Мира,36,Горьковская,Атлант,480000.0,17.488260655554832,4.418840607796598
320508543,https://spb.cian.ru/sale/flat/320508543/?context=4.EaKpxSfRfiA.B5bsTgku84aWS3TgSvhF9bYUH0rmia9pDOSJ7OEB5mfvBaPIQqG_O3KhgtLJc8s5Cw7d1IjChKkftQ&mlSearchSessionGuid=3a1da72405311b80e7a98bc97a560bbb,cian,2026-05-04T21:44:10.932042+00:00,Санкт-Петербург,Санкт-Петербург,sale,flat,realtor,2rooms,2,60.5,13599999.0,224793.3719008265,12.0,12.0,1.0,False,True,Приморский,Дибуновская,37,Старая Деревня,unknown,224793.3719008265,16.42558035070628,4.119037174812473
327097358,https://spb.cian.ru/sale/flat/327097358/?context=4.qeT1dZOeDes.rrTnbSzF-_R2E2T3fp26lLTn1fRQRx4o7ndxWnCpQxdBZ4TmnwlNQSuEzilurp2VFOWY8H_qRb45Qw&mlSearchSessionGuid=3a1da72405311b80e7a98bc97a560bbb,cian,2026-05-04T21:44:10.932042+00:00,Санкт-Петербург,Санкт-Петербург,sale,flat,developer,2rooms,2,68.16,33892560.0,497250.0,12.0,18.0,0.6666666666666666,False,False,Василеостровский,бульвар Головнина,13,Приморская,Башни Элемент,497250.0,17.33870610874228,4.23642266081509
326246222,https://spb.cian.ru/sale/flat/326246222/?context=4.15eX6xDXJ2A.2KVk9z2hrpSGLF6C_-SqBk00rQOkh0fgPiNUeri38QCuDpLnwOQgcu1yIiFK-DOJgJo8HwimzpjdpA&mlSearchSessionGuid=3a1da72405311b80e7a98bc97a560bbb,cian,2026-05-04T21:44:10.932042+00:00,Санкт-Петербург,Санкт-Петербург,sale,flat,real_estate_agent,2rooms,2,45.7,9549000.0,208949.67177242888,9.0,9.0,1.0,False,True,Кировский,Генерала Симоняка,17,Проспект Ветеранов,unknown,208949.67177242888,16.071947099655343,3.843744164674852
329497092,https://spb.cian.ru/sale/flat/329497092/?context=4.4dfIYZGlOy8.HQ-_GSS2b2ZvqQZ9xbhZ1RQK9TB-7prKxVKC92wsx8FIdTbHPBR308XKj6PBZpWgEy59AMwb8W-8tg&mlSearchSessionGuid=3a1da72405311b80e7a98bc97a560bbb,cian,2026-05-04T21:44:10.932042+00:00,Санкт-Петербург,Санкт-Петербург,sale,flat,real_estate_agent,2rooms,2,41.6,7000000.0,168269.23076923075,2.0,5.0,0.4,False,False,Пушкинский,Кадетский бульвар,22а,Купчино,unknown,168269.23076923075,15.76142084987672,3.751854253275325
327096259,https://spb.cian.ru/sale/flat/327096259/?context=4.DcaHT_LTNyo.685MLGfsqjF6jsAt_CTO8Vgs6NIx-VfWcMfqtWtZP1GqyvwvXwJ0J66vGxsoMMZScgh_WmGc__-k5g&mlSearchSessionGuid=3a1da72405311b80e7a98bc97a560bbb,cian,2026-05-04T21:44:10.932042+00:00,Санкт-Петербург,Санкт-Петербург,sale,flat,developer,2rooms,2,75.26,88727777.0,1178950.0,5.0,8.0,0.625,False,False,Петроградский,Ремесленная,17литЗ,Спортивная,17/33 Петровский остров,1178950.0,18.30108356623491,4.334148554429418
327282860,https://spb.cian.ru/sale/flat/327282860/?context=4.MKpUSpXB3w4.zOIGrYX16YipzXhVD07D16LsN88nPe7O6ZU6Nefe-eKWIoP7BL2ji8IWfFw3RmCE1mR_WLps9j_xPA&mlSearchSessionGuid=3a1da72405311b80e7a98bc97a560bbb,cian,2026-05-04T21:44:10.932042+00:00,Санкт-Петербург,Санкт-Петербург,sale,flat,real_estate_agent,2rooms,2,70.9,32900000.0,464033.850493653,5.0,7.0,0.7142857142857143,False,False,Петроградский,Мичуринская,1,Горьковская,unknown,464033.850493653,17.308983246130737,4.275276264727001
329021389,https://spb.cian.ru/sale/flat/329021389/?context=4.-jR09qRJ_GM.KqXrYZGjdsXdbqzMSeKhuz9aRQHDDN8BzVPOKzyT12CJKs7rdIKPQ5Ddf26i9raECguMld-KBkGpKg&mlSearchSessionGuid=3a1da72405311b80e7a98bc97a560bbb,cian,2026-05-04T21:44:10.932042+00:00,Санкт-Петербург,Санкт-Петербург,sale,flat,real_estate_agent,2rooms,2,46.3,10850000.0,234341.25269978403,8.0,9.0,0.8888888888888888,False,False,Фрунзенский,Турку,20К1,Проспект Славы,unknown,234341.25269978403,16.19967573011664,3.856510295497887
327096221,https://spb.cian.ru/sale/flat/327096221/?context=4.lBPmTO6P9CQ.pBiI-1S1-uQwdi1-vc0yHMuXgfsGAk3hLM0mEF8rAuPWd0DkuARn91Mclh4F0_eUQ1WazE7UUNKgVQ&mlSearchSessionGuid=3a1da72405311b80e7a98bc97a560bbb,cian,2026-05-04T21:44:10.932042+00:00,Санкт-Петербург,Санкт-Петербург,sale,flat,developer,2rooms,2,81.46,80873488.0,992800.0,7.0,8.0,0.875,False,False,Петроградский,Ремесленная,17литЗ,Спортивная,17/33 Петровский остров,992800.0,18.20839662745779,4.412313327278754
327079519,https://spb.cian.ru/sale/flat/327079519/?context=4.m0i6GtmK1vU.AOIWpNSZWesft-5m76vvTTcxZERmHy64a3MWt8lOF9zY7Uec3qN9RONdOWITuftiZgFqffzIDS3Ucw&mlSearchSessionGuid=3a1da72405311b80e7a98bc97a560bbb,cian,2026-05-04T21:44:10.932042+00:00,Санкт-Петербург,Санкт-Петербург,sale,flat,real_estate_agent,2rooms,2,106.0,75000000.0,707547.1698113207,5.0,8.0,0.625,False,False,Петроградский,проезд Петровская коса,6к1,Крестовский остров,Петровская Доминанта,707547.1698113207,18.13299868483392,4.672828834461906
328204294,https://spb.cian.ru/sale/flat/328204294/?context=4.TfKtnquKKsc.EtcfOOYO_LbtkNtPsVqThHrcSpFcRBr26DfsYm6vzjCi6kPmjsPwUSfAr2wFCbuw2FA4WpIQLcH7RQ&mlSearchSessionGuid=3a1da72405311b80e7a98bc97a560bbb,cian,2026-05-04T21:44:10.932042+00:00,Санкт-Петербург,Санкт-Петербург,sale,flat,developer,2rooms,2,70.68,69269934.0,980050.0,3.0,8.0,0.375,False,False,Петроградский,Ремесленная,17литЗ,Спортивная,17/33 Петровский остров,980050.0,18.053521531641195,4.272211768666675
325660085,https://spb.cian.ru/sale/flat/325660085/?context=4.rqS7--cRtqc.xXxeIm_3Qvvydjt1Ry-alw2mUFKObUb-IftotVx7XGXLz0_qfuC5E1rtEazxEGedI79vIKknTz1vNQ&mlSearchSessionGuid=3a1da72405311b80e7a98bc97a560bbb,cian,2026-05-04T21:44:10.932042+00:00,Санкт-Петербург,Санкт-Петербург,sale,flat,real_estate_agent,2rooms,2,80.0,86900000.0,1086250.0,2.0,9.0,0.2222222222222222,False,False,Петроградский,Эсперова,10,Крестовский остров,Esper Club,1086250.0,18.2802686017431,4.394449154672439
326504392,https://spb.cian.ru/sale/flat/326504392/?context=4.s4xEmkmp_XA.i503z-FjZqP-mL5qD2rwinadf8KlMWuxK-XbRQyoQAmLnpjHTpZhNO7QqFCu0B34mTbav3UIdr6mSA&mlSearchSessionGuid=3a1da72405311b80e7a98bc97a560bbb,cian,2026-05-04T21:44:10.932042+00:00,Санкт-Петербург,Санкт-Петербург,sale,flat,real_estate_agent,2rooms,2,52.0,10300000.0,198076.92307692303,12.0,12.0,1.0,False,True,Приморский,проспект Авиаконструкторов,39К1,Комендантский проспект,unknown,198076.92307692303,16.14765455028724,3.970291913552122
321932812,https://spb.cian.ru/sale/flat/321932812/?context=4.6i3cusRfchI.NVS7zSVOilF1GEInJi2YAaZu3J6hPoR9eynTYofg6YOelq9SRVW-bFw2R6xZvpiV7Y-P9qpCf_5v7w&mlSearchSessionGuid=3a1da72405311b80e7a98bc97a560bbb,cian,2026-05-04T21:44:10.932042+00:00,Санкт-Петербург,Санкт-Петербург,sale,flat,developer,2rooms,2,74.74,41686708.0,557756.3286058336,8.0,10.0,0.8,False,False,Центральный,Кирилловская,11,Площадь Александра Невского,Новгородская 8,557756.3286058336,17.545692906947355,4.327306422473649
327239692,https://spb.cian.ru/sale/flat/327239692/?context=4.ZKqHyupk14s.xMSx1JpadCG0W1lZDkG8gSQEApUJ41LmDfMAl5Jby66slZWVfupIk-Gc-hGWDJXYGm1Z_yc9psse1Q&mlSearchSessionGuid=3a1da72405311b80e7a98bc97a560bbb,cian,2026-05-04T21:44:10.932042+00:00,Санкт-Петербург,Санкт-Петербург,sale,flat,real_estate_agent,2rooms,2,84.0,32000000.0,380952.38095238095,4.0,6.0,0.6666666666666666,False,False,Центральный,набережная Реки Фонтанки,73,Сенная площадь,unknown,380952.38095238095,17.281246492014,4.442651256490317
329543241,https://spb.cian.ru/sale/flat/329543241/?context=4.aQSwhbamSOc.2cZbGKmp6YNUnNsQ5T8k_4Ldtvh8Ce9AQRMDcxpePYglYB6aUYWHoxiVc3iKGy0BTL5PKhFikAoWww&mlSearchSessionGuid=3a1da72405311b80e7a98bc97a560bbb,cian,2026-05-04T21:44:10.932042+00:00,Санкт-Петербург,Санкт-Петербург,sale,flat,homeowner,2rooms,2,59.0,16500000.0,279661.0169491525,21.0,24.0,0.875,False,False,Приморский,Парашютная,44к1,Комендантский проспект,Граффити,279661.0169491525,16.61887099947687,4.0943445622221
327104354,https://spb.cian.ru/sale/flat/327104354/?context=4.7MXLrr2_65E.MAwT-llwZtJeJYjkW1CqOEEmODR_t_QX3OJzqJzWnOHqs8pdnS-mYnWUripORzzQ8AkdjuSshluJMQ&mlSearchSessionGuid=3a1da72405311b80e7a98bc97a560bbb,cian,2026-05-04T21:44:10.932042+00:00,Санкт-Петербург,Санкт-Петербург,sale,flat,developer,2rooms,2,65.82,61261965.0,930750.0,22.0,24.0,0.9166666666666666,False,False,Московский,Алтайская,39,Московская,Шепилевский,930750.0,17.9306697515735,4.20200243692861
328723940,https://spb.cian.ru/sale/flat/328723940/?context=4.9xA72z6X1m0.6taycPUilO4XEaUkb4P32xon8y9HKhOOxxJcJE_HAeXHI-OO-3hlHOSRbOJ7F5XRDFldv8sn5AsI4Q&mlSearchSessionGuid=3a1da72405311b80e7a98bc97a560bbb,cian,2026-05-04T21:44:10.932042+00:00,Санкт-Петербург,Санкт-Петербург,sale,flat,real_estate_agent,2rooms,2,76.0,47000000.0,618421.052631579,7.0,8.0,0.875,False,False,Петроградский,Петровский проспект,22к2,Чкаловская,Familia,618421.052631579,17.665658180950928,4.343805421853684
321932783,https://spb.cian.ru/sale/flat/321932783/?context=4.eGHFN9R8Qxk.WyG74W4-O2XRqUOtri04ensiAyPzLvc32fMe7xuo9XoE-BeNdU2sghnUT87tjklRLVmkGra6LxtDXA&mlSearchSessionGuid=3a1da72405311b80e7a98bc97a560bbb,cian,2026-05-04T21:44:10.932042+00:00,Санкт-Петербург,Санкт-Петербург,sale,flat,developer,2rooms,2,59.07,35693422.0,604256.3399356696,7.0,10.0,0.7,False,False,Центральный,Кирилловская,11,Площадь Александра Невского,Новгородская 8,604256.3399356696,17.390477000085617,4.09551054886207
322087084,https://spb.cian.ru/sale/flat/322087084/?context=4.DIOsBOCm6Mw.J5ytT5GXbzBjZ34xbaTvlmA6a1K5mosQl_YOu_0si8ILjMtZnNk_ZdEDVysTupLX4dL9pSSfI3ebhw&mlSearchSessionGuid=3a1da72405311b80e7a98bc97a560bbb,cian,2026-05-04T21:44:10.932042+00:00,Санкт-Петербург,Санкт-Петербург,sale,flat,real_estate_agent,2rooms,2,84.4,37000000.0,438388.625592417,6.0,13.0,0.4615384615384615,False,False,Выборгский,Новолитовская,10,Лесная,Life Лесная,438388.625592417,17.426428497635523,4.447346100794524
329355814,https://spb.cian.ru/sale/flat/329355814/?context=4.KmWNDQRmo2s.6L73_eos3jSt2l8fqKf9GwXow-BFQ-uQoJx3jeRPAZZmniCzIWvB-DZS5ZntdirVuUU-4fTGbWjxGg&mlSearchSessionGuid=3a1da72405311b80e7a98bc97a560bbb,cian,2026-05-04T21:44:10.932042+00:00,Санкт-Петербург,Санкт-Петербург,sale,flat,real_estate_agent,2rooms,2,48.0,13900000.0,289583.3333333333,6.0,7.0,0.8571428571428571,False,False,Адмиралтейский,Малая Подьяческая,3,Садовая,unknown,289583.3333333333,16.447399470043365,3.8918202981106265
328020817,https://spb.cian.ru/sale/flat/328020817/?context=4.lSbRJ6x5IVM.TLmYP0d0_-hYsgAQUEe41_2IWJfSKvpchEe_oAkNFaO3HzSjmfAIogY2okWNdIr2r1gadJgKjHMX1g&mlSearchSessionGuid=3a1da72405311b80e7a98bc97a560bbb,cian,2026-05-04T21:44:10.932042+00:00,Санкт-Петербург,Санкт-Петербург,sale,flat,developer,2rooms,2,63.24,26255351.0,415170.00316255534,2.0,10.0,0.2,False,False,Василеостровский,Гавань,к1,Горный институт,Легенда Васильевского ЖК,415170.00316255534,17.083380411934325,4.162626069638506
325905749,https://spb.cian.ru/sale/flat/325905749/?context=4.p2vTd0My408.JnkrftMf-GJ_SNPDPIsFHmzQUqSz5zVKj7bBo8P5CnkUOamg0Yg_GFFyvSx1gO52maclLFv9c4LCUw&mlSearchSessionGuid=3a1da72405311b80e7a98bc97a560bbb,cian,2026-05-04T21:44:10.932042+00:00,Санкт-Петербург,Санкт-Петербург,sale,flat,real_estate_agent,2rooms,2,67.4,17900000.0,265578.6350148368,13.0,25.0,0.52,False,False,Приморский,Оптиков,45к2,Комендантский проспект,unknown,265578.6350148368,16.700311326676903,4.225372824628505
325264813,https://spb.cian.ru/sale/flat/325264813/?context=4.9A59cbE5EnY.KrytvgXwyqKE83LKwJkG64Gbda28qdFUZTIrlFzOLTgLK-4h3QRfNoKmbFvHbJgbhGJ8K9nBUT05mQ&mlSearchSessionGuid=3a1da72405311b80e7a98bc97a560bbb,cian,2026-05-04T21:44:10.932042+00:00,Санкт-Петербург,Санкт-Петербург,sale,flat,real_estate_agent,2rooms,2,56.2,5900000.0,104982.20640569394,1.0,2.0,0.5,True,False,Колпинский,Железнодорожная,7,Рыбацкое,unknown,104982.20640569394,15.59046307836746,4.046553898385752
327917902,https://spb.cian.ru/sale/flat/327917902/?context=4.G9-QU71Ik-g.N3elCCSLKQ1ln0hZ9iqwTfKAaD6jONg_UsASh8Rt-WCMknw2QFYfY9OanpInlU4C9WFfoE8hf-FjIQ&mlSearchSessionGuid=3a1da72405311b80e7a98bc97a560bbb,cian,2026-05-04T21:44:10.932042+00:00,Санкт-Петербург,Санкт-Петербург,sale,flat,developer,2rooms,2,61.71,30264770.0,490435.42375627934,6.0,11.0,0.5454545454545454,False,False,Адмиралтейский,Измайловское,,Балтийская,Ставни Обводный ЖК,490435.42375627934,17.225494920783348,4.138520924554929
328362065,https://spb.cian.ru/sale/flat/328362065/?context=4.WbcEVu20178.Ew7eAGrKz78zScR2zTL8SUHT99vjZeEGWaCvzOmiVQc48duU3YdN67i5dlQsdg6S7g5w-Gp8L3bBwg&mlSearchSessionGuid=3a1da72405311b80e7a98bc97a560bbb,cian,2026-05-04T21:44:10.932042+00:00,Санкт-Петербург,Санкт-Петербург,sale,flat,real_estate_agent,2rooms,2,62.3,13220000.0,212199.03691813804,8.0,8.0,1.0,False,True,Красносельский,Петергофское шоссе,72к4,Юго-Западная,Английская миля,212199.03691813804,16.397241468030778,4.147885329150131
323387508,https://spb.cian.ru/sale/flat/323387508/?context=4.ztR5yZx37fg.JzdqCHoVfd1YHaJ8w39uL6XqtJPIp_VCPEGyOVOeMSSvIf3e9swBwJ-2zJAgd8N2UnicDiSkUd0uDg&mlSearchSessionGuid=3a1da72405311b80e7a98bc97a560bbb,cian,2026-05-04T21:44:10.932042+00:00,Санкт-Петербург,Санкт-Петербург,sale,flat,developer,2rooms,2,55.48,22420000.0,404109.5890410959,2.0,10.0,0.2,False,False,Василеостровский,17 линия ЖК,,Василеостровская,17 линия ЖК,404109.5890410959,16.92546402021132,4.033886593184986
327231180,https://spb.cian.ru/sale/flat/327231180/?context=4.Z3pJ475BWwI.gijAFUqZNGtUVxU46BvO_Ei4hQAoTFFAAb2wJh9Jh4jWvW7XzyXMPoBwklOimVQHsO50X45-Fnqafw&mlSearchSessionGuid=3a1da72405311b80e7a98bc97a560bbb,cian,2026-05-04T21:44:10.932042+00:00,Санкт-Петербург,Санкт-Петербург,sale,flat,real_estate_agent,2rooms,2,129.2,46500000.0,359907.1207430341,5.0,8.0,0.625,False,False,Петроградский,Офицерский переулок,8с2,Спортивная,unknown,359907.1207430341,17.65496289206296,4.869071729774468
314482807,https://spb.cian.ru/sale/flat/314482807/?context=4.bqEZMFPAA0U.9MAcc4uiXWnk-W_req4BuFOhQtMrzugqh0QVaMs7zdKOohBOqVo9rezVZ2mvOJ_uCVPpCvYqNbJJ-g&mlSearchSessionGuid=3a1da72405311b80e7a98bc97a560bbb,cian,2026-05-04T21:44:10.932042+00:00,Санкт-Петербург,Санкт-Петербург,sale,flat,developer,2rooms,2,49.06,24775300.0,505000.0,4.0,4.0,1.0,False,True,Курортный,unknown,,unknown,Ранта Резиденс ЖК,505000.0,17.02535778745062,3.913222286003628
328909886,https://spb.cian.ru/sale/flat/328909886/?context=4.0uDKjz31g94.e6fYrodNp4RKQaoitYsao7rureTHC2SWmAgFoElhNqMOwxGeaxUI6MdPJVmJtHwH1nB0ELVTp8MELw&mlSearchSessionGuid=3a1da72405311b80e7a98bc97a560bbb,cian,2026-05-04T21:44:10.932042+00:00,Санкт-Петербург,Санкт-Петербург,sale,flat,real_estate_agent,2rooms,2,74.0,51000000.0,689189.1891891892,6.0,6.0,1.0,False,True,Петроградский,проспект Малый Петроградской стороны,79-81-83,Петроградская,unknown,689189.1891891892,17.747336210296442,4.31748811353631
328634854,https://spb.cian.ru/sale/flat/328634854/?context=4.cTQJnwhNZ4A.cSLOnlpddOhX30m-qtDoV2Hg-SQ203jm15SjaEPTiO3ifVBXhskNh0jPBC6omka9R_BTA9MxuS70IA&mlSearchSessionGuid=3a1da72405311b80e7a98bc97a560bbb,cian,2026-05-04T21:44:10.932042+00:00,Санкт-Петербург,Санкт-Петербург,sale,flat,real_estate_agent,2rooms,2,71.2,18000000.0,252808.98876404497,2.0,3.0,0.6666666666666666,False,False,Адмиралтейский,Почтамтская,11,Адмиралтейская,unknown,252808.98876404492,16.705882371415992,4.279440045898781
322620883,https://spb.cian.ru/sale/flat/322620883/?context=4.U7fOT-UwtoU.PH-Dw6XHSB-ljjSTRwCcXjAq7OdHTvS-1FD47sfiv4PRBiB08AHdqTj9Zx0luDy0nb142ikVVR-N1Q&mlSearchSessionGuid=3a1da72405311b80e7a98bc97a560bbb,cian,2026-05-04T21:44:10.932042+00:00,Санкт-Петербург,Санкт-Петербург,sale,flat,developer,2rooms,2,65.92,24214612.0,367333.3131067961,10.0,17.0,0.5882352941176471,False,False,Московский,Звёздное,,Звездная,Оро бай Аквилон ЖК,367333.3131067961,17.002466851862312,4.203497876118624
325485748,https://spb.cian.ru/sale/flat/325485748/?context=4.skIiGk-djmA.3dlcMeKTeINmitqNskPdf-mLOunsW507MVVZhdauja0L_xjaxT7NUiYFn8KiG1TE-Ra-KRMtQTl77A&mlSearchSessionGuid=3a1da72405311b80e7a98bc97a560bbb,cian,2026-05-04T21:44:10.932042+00:00,Санкт-Петербург,Санкт-Петербург,sale,flat,real_estate_agent,2rooms,2,68.2,21350000.0,313049.853372434,6.0,23.0,0.2608695652173913,False,False,Выборгский,Шувалово-Озерки,1,Проспект Просвещения,Струны ЖК,313049.853372434,16.876562344477314,4.237000862623624
328553154,https://spb.cian.ru/sale/flat/328553154/?context=4.MwKfuwqJqtU.zRzgNJVTIhptTJLSxDIZRRGgviLqVyfsvBBZcrMU2QEVuwLPKF4Bpjn9MjWvEAXcukeWtCsompO0WA&mlSearchSessionGuid=3a1da72405311b80e7a98bc97a560bbb,cian,2026-05-04T21:44:10.932042+00:00,Санкт-Петербург,Санкт-Петербург,sale,flat,homeowner,2rooms,2,55.6,24700000.0,444244.6043165467,3.0,7.0,0.4285714285714285,False,False,Московский,Московский проспект,192-194,Московская,unknown,444244.6043165468,17.022313842084035,4.036008985209137
325558762,https://spb.cian.ru/sale/flat/325558762/?context=4.9LkqXLAVmq4.mgdUsBOXwuP9Sad5aEMNlQRcfNV0bexqhWGMRj-gS4GoHYBQKrUMWfgjj9O7q2C2JzwLp7TFgtWJjQ&mlSearchSessionGuid=3a1da72405311b80e7a98bc97a560bbb,cian,2026-05-04T21:44:10.932042+00:00,Санкт-Петербург,Санкт-Петербург,sale,flat,developer,2rooms,2,87.09,40630825.0,466538.3511310139,6.0,9.0,0.6666666666666666,False,False,Василеостровский,Гавань,,Горный институт,МОНОДОМ АРТ,466538.3511310139,17.520037597562823,4.478359019121704
327239691,https://spb.cian.ru/sale/flat/327239691/?context=4.Y4QFIoviBvg.f06543xH5raHRWcOssGj-Hz5JwlqpCm62HagmTxS7yx4hJuGzb0bgC4TqMdfFuk_VWbDuBDh1inQeA&mlSearchSessionGuid=3a1da72405311b80e7a98bc97a560bbb,cian,2026-05-04T21:44:10.932042+00:00,Санкт-Петербург,Санкт-Петербург,sale,flat,real_estate_agent,2rooms,2,95.0,50000000.0,526315.7894736842,4.0,5.0,0.8,False,False,Центральный,Восстания,43,Чернышевская,unknown,526315.7894736842,17.72753358339242,4.564348191467836
327858313,https://spb.cian.ru/sale/flat/327858313/?context=4.YvbAxmcebuc.fAXTWjm3IiqNF0Z29uo5YI__cIYRiV6pRcvSaqU37fPM28WKdTNw53n3Z-uvp9sC_hQsP9N4oUcdzg&mlSearchSessionGuid=3a1da72405311b80e7a98bc97a560bbb,cian,2026-05-04T21:44:10.932042+00:00,Санкт-Петербург,Санкт-Петербург,sale,flat,real_estate_agent,2rooms,2,45.8,9570000.0,208951.96506550213,2.0,9.0,0.2222222222222222,False,False,Фрунзенский,Купчинская,20К2,Купчино,unknown,208951.96506550215,16.074143867922338,3.845883202923601
325558696,https://spb.cian.ru/sale/flat/325558696/?context=4.1z6gGAT5HEY.8tHla-5F-q0F2AlxzZA8D4-_t0kEE5tSCoonwerN-x-MNDqBxtrCC8NfH5uOO5NV0KfX6I9SCA799w&mlSearchSessionGuid=3a1da72405311b80e7a98bc97a560bbb,cian,2026-05-04T21:44:10.932042+00:00,Санкт-Петербург,Санкт-Петербург,sale,flat,developer,2rooms,2,62.75,30858952.0,491776.1274900399,6.0,9.0,0.6666666666666666,False,False,Василеостровский,Гавань,,Горный институт,МОНОДОМ АРТ,491776.1274900399,17.244937476909612,4.154969184038536
329113101,https://spb.cian.ru/sale/flat/329113101/?context=4.76j-w8t__is.Hi-MlQKDH2RQ9lbFXCKQreWc2rwyjcBwJwhOtGag5HreUAs8vvFVkM6UgojQFMLBXH2mFQvxsUOhRQ&mlSearchSessionGuid=3a1da72405311b80e7a98bc97a560bbb,cian,2026-05-04T21:44:10.932042+00:00,Санкт-Петербург,Санкт-Петербург,sale,flat,real_estate_agent,2rooms,2,69.9,18200000.0,260371.95994277537,14.0,15.0,0.9333333333333332,False,False,Василеостровский,бульвар Александра Грина,3,Приморская,"Светлый мир ""Я-романтик""",260371.95994277537,16.716932206992077,4.2612704335380815
328978531,https://spb.cian.ru/sale/flat/328978531/?context=4.0hTb4MAyVfI.GUMKNokAp928LnbC4w7UxRQEQcWQ9ouRBphuEJ2BwS62voJGXInFqVRwLfC8_b_uRWY4OyE47ECvIA&mlSearchSessionGuid=3a1da72405311b80e7a98bc97a560bbb,cian,2026-05-04T21:44:10.932042+00:00,Санкт-Петербург,Санкт-Петербург,sale,flat,real_estate_agent,2rooms,2,54.6,13700000.0,250915.7509157509,3.0,4.0,0.75,False,False,Петродворцовый,проспект Буденного,24к4,Юго-Западная,Любоград,250915.7509157509,16.432906463791053,4.018183201256536
323514093,https://spb.cian.ru/sale/flat/323514093/?context=4.LZDIPC9Ni6I.Uy8LwjV6ai89scxx9dNiVFe_JV9vKXM_FEmq95o2CzIvsapimQJxt90l014H7AsPwDh9Uhvza-hjFg&mlSearchSessionGuid=3a1da72405311b80e7a98bc97a560bbb,cian,2026-05-04T21:44:10.932042+00:00,Санкт-Петербург,Санкт-Петербург,sale,flat,developer,2rooms,2,55.07,44197730.0,802573.6335572908,6.0,9.0,0.6666666666666666,False,False,Петроградский,Пионерская,53,Чкаловская,Avant,802573.6335572908,17.60418401088862,4.026600910135581
329259433,https://spb.cian.ru/sale/flat/329259433/?context=4.OG4p3o_zf1g.vGDIY14eff1reHrN_USanzHkK4e3HKuYBfJ7YLZRt0qZn37dY_OJYikUd4VYrSuIEqw78cgTX2OOug&mlSearchSessionGuid=3a1da72405311b80e7a98bc97a560bbb,cian,2026-05-04T21:44:10.932042+00:00,Санкт-Петербург,Санкт-Петербург,sale,flat,real_estate_agent,2rooms,2,90.0,45800000.0,508888.8888888889,2.0,14.0,0.1428571428571428,False,False,Московский,Смоленская,14,Фрунзенская,Богемия,508888.8888888889,17.639794670918473,4.51085950651685
326232057,https://spb.cian.ru/sale/flat/326232057/?context=4.Xp5w_ojUcqI.uvRXFChsPkGtYHIAjKPKkWh8zLHVcXnVk4iTkm2g5gVIBMSQUPP6tRlTYwa8GVSLW3i3rWl-Wh6PYw&mlSearchSessionGuid=3a1da72405311b80e7a98bc97a560bbb,cian,2026-05-04T21:44:10.932042+00:00,Санкт-Петербург,Санкт-Петербург,sale,flat,homeowner,2rooms,2,63.0,15250000.0,242063.49206349207,23.0,25.0,0.92,False,False,Невский,Белышева,5/6,Проспект Большевиков,Аврора-2,242063.49206349207,16.540090126591462,4.158883083359672
328020721,https://spb.cian.ru/sale/flat/328020721/?context=4.QR3StRfnDbU.y8t3bo51qTDrADVAifL8vuj744fjCfcbNo8RUkEWgpkD6dK0vjFRpPBnWrTCd4FgfQeXOmMc3dV3fQ&mlSearchSessionGuid=3a1da72405311b80e7a98bc97a560bbb,cian,2026-05-04T21:44:10.932042+00:00,Санкт-Петербург,Санкт-Петербург,sale,flat,developer,2rooms,2,57.95,24596298.0,424440.0,4.0,10.0,0.4,False,False,Василеостровский,Гавань,к1,Горный институт,Легенда Васильевского ЖК,424440.0,17.018106542429813,4.07668962698338
327467940,https://spb.cian.ru/sale/flat/327467940/?context=4.VtgTSXYAHF8.6lZeg_w2ZydyidhHyO-xkxZqi8bjMbOESSvJJr5aFZdME8jLqA3bxZg2IX16ev6kfhEg6C4apQmHsQ&mlSearchSessionGuid=3a1da72405311b80e7a98bc97a560bbb,cian,2026-05-04T21:44:10.932042+00:00,Санкт-Петербург,Санкт-Петербург,sale,flat,real_estate_agent,2rooms,2,67.7,26000000.0,384047.2673559823,21.0,26.0,0.8076923076923077,False,False,Приморский,Лыжный переулок,2,Беговая,Лыжный пер. 2,384047.2673559823,17.073607134447293,4.229749199228304
327571816,https://spb.cian.ru/sale/flat/327571816/?context=4.dqlFejIIxT0.izgnXC89Bg2ufd50ZJzfrc3s60sXuGH_rlLd34e7HveRN5M5E0lc8tMaNCoMpOuPRlNYJ3sO-ILBPg&mlSearchSessionGuid=3a1da72405311b80e7a98bc97a560bbb,cian,2026-05-04T21:44:10.932042+00:00,Санкт-Петербург,Санкт-Петербург,sale,flat,real_estate_agent,2rooms,2,47.6,10300000.0,216386.5546218487,5.0,10.0,0.5,False,False,Кировский,Дачный проспект,23К1,Проспект Ветеранов,unknown,216386.55462184877,16.14765455028724,3.883623530906448
327917896,https://spb.cian.ru/sale/flat/327917896/?context=4.jWrOUS2lpS8.Kj_g9x2IL3I5SKUcpzQ4mCl07PuG6WfLO2eiZNcvDpgFEOX47rw7JRC5r4bCVkm3C05inok0t7cSyw&mlSearchSessionGuid=3a1da72405311b80e7a98bc97a560bbb,cian,2026-05-04T21:44:10.932042+00:00,Санкт-Петербург,Санкт-Петербург,sale,flat,developer,2rooms,2,53.5,26182978.0,489401.4579439252,5.0,11.0,0.4545454545454545,False,False,Адмиралтейский,Измайловское,,Балтийская,Ставни Обводный ЖК,489401.4579439252,17.08062010112456,3.9982007016691994
328540912,https://spb.cian.ru/sale/flat/328540912/?context=4.DNseFaY9FgM.2UhNuwqzOops7_8ecV82dwTNUNvhrKTfUZ4gNFxAnNJFiC7HABZClBMMnBu1eFMFrLWL353Iu0x8_w&mlSearchSessionGuid=3a1da72405311b80e7a98bc97a560bbb,cian,2026-05-04T21:44:10.932042+00:00,Санкт-Петербург,Санкт-Петербург,sale,flat,real_estate_agent,2rooms,2,118.0,69500000.0,588983.0508474576,3.0,7.0,0.4285714285714285,False,False,Центральный,переулок Басков,2,Чернышевская,Русский дом,588983.0508474576,18.05683732492351,4.77912349311153
329602564,https://spb.cian.ru/sale/flat/329602564/?context=4.E6okwbYR2W4.oTddfI96E1k3XGo5EAi0YMZnF-LTdZ_QXR8R6qk3e7AanABVQLN3Y5M0UfYNPUolimUkuQRq-pvrLQ&mlSearchSessionGuid=3a1da72405311b80e7a98bc97a560bbb,cian,2026-05-04T21:44:10.932042+00:00,Санкт-Петербург,Санкт-Петербург,sale,flat,homeowner,2rooms,2,46.1,11200000.0,242950.10845986984,6.0,9.0,0.6666666666666666,False,False,Невский,проспект Солидарности,13К2,Улица Дыбенко,unknown,242950.10845986984,16.231424425551033,3.852273001022372
329112085,https://spb.cian.ru/sale/flat/329112085/?context=4.M51Yrx3bVM0.tynQ5VAMLNCgzYidU6Lmaw_q8pAHA_NLFPpJrVkGrdYyODcyVETHKWVe2WSNQid8cmVyOoSvzIzGIQ&mlSearchSessionGuid=3a1da72405311b80e7a98bc97a560bbb,cian,2026-05-04T21:44:10.932042+00:00,Санкт-Петербург,Санкт-Петербург,sale,flat,developer,2rooms,2,59.4,25474759.0,428867.9966329967,5.0,14.0,0.3571428571428571,False,False,Красногвардейский,Большая Охта,,Новочеркасская,Магнифика ЖК,428867.9966329967,17.053198716027705,4.100989104940769
325250948,https://spb.cian.ru/sale/flat/325250948/?context=4.ZYqcI9ZUaos.MXrmAlt-hnD398WX8va_Au5v7uptTLMlbMxU-AQb8cnuV0PKJ9pTaiAV3qwNQ0Sj6S5gtAjPewfbuA&mlSearchSessionGuid=3a1da72405311b80e7a98bc97a560bbb,cian,2026-05-04T21:44:10.932042+00:00,Санкт-Петербург,Санкт-Петербург,sale,flat,real_estate_agent,2rooms,2,85.5,38368000.0,448748.5380116959,6.0,9.0,0.6666666666666666,False,False,Петроградский,Чапаева,17к2,Петроградская,Мануфактура,448748.5380116959,17.462734362872762,4.460144413937834
326235132,https://spb.cian.ru/sale/flat/326235132/?context=4.NYDtA9WIU2k.6S0yZHmpMbdwoxzfGVONWmOSkCkqq8o6b3TUZCvDM1m7ZmQln3P6bRCgM-S4pz4Hf_Ze2iz05hbm2A&mlSearchSessionGuid=3a1da72405311b80e7a98bc97a560bbb,cian,2026-05-04T21:44:10.932042+00:00,Санкт-Петербург,Санкт-Петербург,sale,flat,real_estate_agent,2rooms,2,44.3,8299000.0,187336.34311512412,5.0,5.0,1.0,False,True,Московский,Благодатная,15,Электросила,unknown,187336.34311512412,15.931645704077024,3.813307032488989
305677057,https://spb.cian.ru/sale/flat/305677057/?context=4.GFNa9H4FRwQ.-4BbMWe-kfaVc-mbLuJbZYJXmWcAkG7n4zdiGsP2v0hTXLpS1t0xcgZ2ohYscQGiqdY2Y84l0kh4_A&mlSearchSessionGuid=3a1da72405311b80e7a98bc97a560bbb,cian,2026-05-04T21:44:10.932042+00:00,Санкт-Петербург,Санкт-Петербург,sale,flat,developer,2rooms,2,62.28,36437723.0,585062.9897238278,7.0,10.0,0.7,False,False,Центральный,Кирилловская,11,Площадь Александра Невского,Новгородская 8,585062.9897238278,17.411115169568955,4.147569323459399
328540915,https://spb.cian.ru/sale/flat/328540915/?context=4.8ca53nSbVNg.0BaA_okbG62a7mHFi_C3_mSnb57GTNo_ITnIB3hsyyeONiqenQAaMFuou1vO-2r63YrIe4fehPpUaA&mlSearchSessionGuid=3a1da72405311b80e7a98bc97a560bbb,cian,2026-05-04T21:44:10.932042+00:00,Санкт-Петербург,Санкт-Петербург,sale,flat,real_estate_agent,2rooms,2,124.1,116000000.0,934730.056406124,7.0,9.0,0.7777777777777778,False,False,Центральный,набережная Реки Фонтанки,76к2,Звенигородская,Фонтанка 76,934730.056406124,18.569100757691327,4.829113417472866
326448093,https://spb.cian.ru/sale/flat/326448093/?context=4.WD1zj3tiJXo.38D7vOuFbNR-HVnLQ6d7yb-Ic79tgpKNRW_b-Qu9ni_roKuhiqAHVSxRXX9lC-T7KvmAAUtcIfZq-A&mlSearchSessionGuid=3a1da72405311b80e7a98bc97a560bbb,cian,2026-05-04T21:44:10.932042+00:00,Санкт-Петербург,Санкт-Петербург,sale,flat,homeowner,2rooms,2,66.1,20500000.0,310136.15733736765,21.0,23.0,0.9130434782608696,False,False,Василеостровский,Шкиперский проток,20,Приморская,"Шкиперский проток, 20",310136.15733736765,16.835935492889124,4.206184043977636
323946331,https://spb.cian.ru/sale/flat/323946331/?context=4.SL_fhNRu2E0.x-IHD-Ng1LaquCMtBUVpLHYeTAJsuFDYrZbR-uTvZGvYCprgJmxzA_y8D50Xn2FnDKzUy_gV2I7pOw&mlSearchSessionGuid=3a1da72405311b80e7a98bc97a560bbb,cian,2026-05-04T21:44:10.932042+00:00,Санкт-Петербург,Санкт-Петербург,sale,flat,developer,2rooms,2,139.69,146674500.0,1050000.0,3.0,6.0,0.5,False,False,Петроградский,Эсперова,8,Крестовский остров,АСТРУМ,1050000.0,18.803726410690984,4.946558888389122
320324227,https://spb.cian.ru/sale/flat/320324227/?context=4.r40yY5OnIAE.fmA4QqEBnG5FViNA7cRSysGFXnqUMQHq6oUNN-vxB91BaeulR-L4AcyR31tZ_jdAo7ssasabJLMAKA&mlSearchSessionGuid=3a1da72405311b80e7a98bc97a560bbb,cian,2026-05-04T21:44:10.932042+00:00,Санкт-Петербург,Санкт-Петербург,sale,flat,real_estate_agent,2rooms,2,82.3,36623500.0,445000.0,5.0,9.0,0.5555555555555556,False,False,Петроградский,Чапаева,17к2,Петроградская,Мануфактура,445000.0,17.416200696136272,4.422448549172797
328887642,https://spb.cian.ru/sale/flat/328887642/?context=4.nMF3BDp86co.IRFVY1Dk9Xzxt7dHEMQdhHtItemceHqBsKAjXhyvE89t6dmsi9exWKo6tgMx9JUYCmUU55B-xZzLwQ&mlSearchSessionGuid=3a1da72405311b80e7a98bc97a560bbb,cian,2026-05-04T21:44:10.932042+00:00,Санкт-Петербург,Санкт-Петербург,sale,flat,real_estate_agent,2rooms,2,54.0,12600000.0,233333.33333333337,2.0,14.0,0.1428571428571428,False,False,Василеостровский,Кораблестроителей,37,Приморская,unknown,233333.3333333333,16.349207451286784,4.007333185232471
323387420,https://spb.cian.ru/sale/flat/323387420/?context=4.MvbsB1h22pA.gEkDf89fULXKRaB2ll_Z3pfDeOsS67bao-Bd55TyF0Jk1M_SFlI2ctAo4xHT27t-Xeqb1oYManj5QA&mlSearchSessionGuid=3a1da72405311b80e7a98bc97a560bbb,cian,2026-05-04T21:44:10.932042+00:00,Санкт-Петербург,Санкт-Петербург,sale,flat,developer,2rooms,2,66.47,26030000.0,391605.2354445615,7.0,10.0,0.7,False,False,Василеостровский,17 линия ЖК,,Василеостровская,17 линия ЖК,391605.2354445615,17.07476031538796,4.211683054639334
328724495,https://spb.cian.ru/sale/flat/328724495/?context=4.3QrFz7rrwJs.SWTQmgwG71QzkQm-NfOvZ246OnIlaaN9S-LPUNZ1w1uUn8vX22vtDl2TGl83CnhWuGZgtUmNvlu0mg&mlSearchSessionGuid=3a1da72405311b80e7a98bc97a560bbb,cian,2026-05-04T21:44:10.932042+00:00,Санкт-Петербург,Санкт-Петербург,sale,flat,real_estate_agent,2rooms,2,66.0,15500000.0,234848.4848484849,6.0,25.0,0.24,False,False,Приморский,шоссе Суздальское,20к4,Проспект Просвещения,Окла,234848.4848484849,16.5563506464056,4.204692619390966
324029933,https://spb.cian.ru/sale/flat/324029933/?context=4.9RcE17H5EVI.Confyxhlu3OIcgTUHYPEm0FDYDDupBi5Li8vvBg2f8bpYbqsoDyUwDfDrahnvvMW54uURvQ5C4fFyQ&mlSearchSessionGuid=3a1da72405311b80e7a98bc97a560bbb,cian,2026-05-04T21:44:10.932042+00:00,Санкт-Петербург,Санкт-Петербург,sale,flat,real_estate_agent,2rooms,2,55.7,13700000.0,245960.50269299812,14.0,17.0,0.8235294117647058,False,False,Калининский,проспект Непокоренных,49к2,Площадь Мужества,unknown,245960.50269299815,16.432906463791053,4.037774210733707
327917891,https://spb.cian.ru/sale/flat/327917891/?context=4.r1p-J13NUqk.dVGmeHcIvYX9PdVUGEXErRT_KPjyq-wKgmcBPikpbrdxnt2Zmkfap5IfzqD1bULfXKkVGqyRKeOg3Q&mlSearchSessionGuid=3a1da72405311b80e7a98bc97a560bbb,cian,2026-05-04T21:44:10.932042+00:00,Санкт-Петербург,Санкт-Петербург,sale,flat,developer,2rooms,2,51.97,26794985.0,515585.6263228786,9.0,11.0,0.8181818181818182,False,False,Адмиралтейский,Измайловское,,Балтийская,Ставни Обводный ЖК,515585.6263228786,17.103725338425413,3.9697257155564354
327282859,https://spb.cian.ru/sale/flat/327282859/?context=4.hKzzMeCqfio.9zlyaoPCxL7A5ngsgaoi0DIxDGDkrsGUmnEszCTEX4Ccxg-NqCsy6LsXhdir7RHeXmojA9TDDYAMqA&mlSearchSessionGuid=3a1da72405311b80e7a98bc97a560bbb,cian,2026-05-04T21:44:10.932042+00:00,Санкт-Петербург,Санкт-Петербург,sale,flat,real_estate_agent,2rooms,2,82.0,46000000.0,560975.6097560975,2.0,4.0,0.5,False,False,Центральный,Чайковского,39,Чернышевская,unknown,560975.6097560975,17.6441519761925,4.418840607796598
328683450,https://spb.cian.ru/sale/flat/328683450/?context=4.F3tHBAOZ02M.A2-uiXwMn-U-AsOIitF3dfRZl05zaAjXi3xa1elbazqRvi1srUaZxFCXKq6i8lC8qNDtPezI1nZMWQ&mlSearchSessionGuid=3a1da72405311b80e7a98bc97a560bbb,cian,2026-05-04T21:44:10.932042+00:00,Санкт-Петербург,Санкт-Петербург,sale,flat,real_estate_agent,2rooms,2,44.6,8300000.0,186098.65470852016,1.0,5.0,0.2,True,False,Московский,Варшавская,61,Московская,unknown,186098.65470852016,15.931766193248746,3.819907716520341
322621551,https://spb.cian.ru/sale/flat/322621551/?context=4.1XIOS-ZNWms.sm_5LOhwgJW_WV1-b-CVCjn0bdOSkM3lDSy-k8T3BeSt81S0jUus7bN89QwR4gI6QHQ5ZWkkAzNqNA&mlSearchSessionGuid=3a1da72405311b80e7a98bc97a560bbb,cian,2026-05-04T21:44:10.932042+00:00,Санкт-Петербург,Санкт-Петербург,sale,flat,developer,2rooms,2,88.7,28599610.0,322430.777903044,1.0,12.0,0.0833333333333333,True,False,Московский,Среднерогатская,11к2,Звездная,Аквилон Leaves,322430.777903044,17.16890367429898,4.49647076906475
326554850,https://spb.cian.ru/sale/flat/326554850/?context=4.Mfr4UsibYFE.GyJYnQIn_l-sk6-XNgp_NTorvefi8WpQs6kiayuidAwa0NHxUu5AVvKFkczzlXGvN77PHle2JNqM9g&mlSearchSessionGuid=3a1da72405311b80e7a98bc97a560bbb,cian,2026-05-04T21:44:10.932042+00:00,Санкт-Петербург,Санкт-Петербург,sale,flat,realtor,2rooms,2,75.6,42000000.0,555555.5555555556,8.0,9.0,0.8888888888888888,False,False,Центральный,проспект Бакунина,33,Площадь Александра Невского,Bakunina 33,555555.5555555556,17.553180200057167,4.338597076746545
278407604,https://spb.cian.ru/sale/flat/278407604/?context=4.LwZqWUdvxo0.F24V0ZJFBCh7pwjqJF36nZAZh5W8DiQquQN_7XKr3Ln-EzOS_-6hINHve8ShVKA1NPayf9vj9Gi3hA&mlSearchSessionGuid=3a1da72405311b80e7a98bc97a560bbb,cian,2026-05-04T21:44:10.932042+00:00,Санкт-Петербург,Санкт-Петербург,sale,flat,homeowner,2rooms,2,54.8,10500000.0,191605.8394160584,12.0,16.0,0.75,False,False,Красногвардейский,Передовиков,1/6,Ладожская,unknown,191605.8394160584,16.166885910365842,4.021773869387265
322621331,https://spb.cian.ru/sale/flat/322621331/?context=4.b2xIb9BMeyg.LPoT1Jxc20GI0cubZwGUeqsQkKULzLab1v4ZFpTo6_ICCUADxDKVk3lEoHdyY-ZZYsa9aWSqvzPqwg&mlSearchSessionGuid=3a1da72405311b80e7a98bc97a560bbb,cian,2026-05-04T21:44:10.932042+00:00,Санкт-Петербург,Санкт-Петербург,sale,flat,developer,2rooms,2,78.17,25506781.0,326298.84866317,6.0,12.0,0.5,False,False,Московский,Среднерогатская,11к2,Звездная,Аквилон Leaves,326298.84866317,17.054454935551668,4.371597439183343
328840260,https://spb.cian.ru/sale/flat/328840260/?context=4.Dh2jUqpFVUU.5PMWVWdtJAjgs2xVk5mJmh2AegSY4tSau7l_th0u9wcIHq5Dx5JCcKgk5fRUSGFh2VQONirXMDq3KA&mlSearchSessionGuid=3a1da72405311b80e7a98bc97a560bbb,cian,2026-05-04T21:44:10.932042+00:00,Санкт-Петербург,Санкт-Петербург,sale,flat,real_estate_agent,2rooms,2,53.3,16500000.0,309568.48030018766,4.0,5.0,0.8,False,False,Выборгский,Кантемировская,33,Лесная,unknown,309568.48030018766,16.61887099947687,3.9945242269398897
328998645,https://spb.cian.ru/sale/flat/328998645/?context=4.ibOItV19QyA.7zlTeO6LxhpQDPlO2srZjcRu9qjK6F7imUqT_J0Ys6_LWnXDFbx9fsa_b8ptV3yLaornNdGmJq2zOg&mlSearchSessionGuid=3a1da72405311b80e7a98bc97a560bbb,cian,2026-05-04T21:44:10.932042+00:00,Санкт-Петербург,Санкт-Петербург,sale,flat,real_estate_agent,2rooms,2,44.3,10500000.0,237020.3160270881,5.0,5.0,1.0,False,True,Калининский,Гражданский проспект,107К3,Гражданский проспект,unknown,237020.3160270881,16.166885910365842,3.813307032488989
322620913,https://spb.cian.ru/sale/flat/322620913/?context=4.qE7UiZjQR7s.jLhFdjGccQEiTDLGbE5cdm4aqbRA0Zv27ij4NmTelkhxfbHwOau7pgD4tv2-rYd1zBwVH4QHUPcl3A&mlSearchSessionGuid=3a1da72405311b80e7a98bc97a560bbb,cian,2026-05-04T21:44:10.932042+00:00,Санкт-Петербург,Санкт-Петербург,sale,flat,developer,2rooms,2,71.17,27134067.0,381257.08866095264,16.0,17.0,0.9411764705882352,False,False,Московский,Звёздное,,Звездная,Оро бай Аквилон ЖК,381257.08866095264,17.116300618105182,4.279024447084182
326465453,https://spb.cian.ru/sale/flat/326465453/?context=4.zPJOV7ibbgM.Nw2dFUPRHun0tu1783yb5bXbqXs9Kn9YW0Znf2vaANwu2KrzKJ1RlOEyVd62G3yLZFtp1f1XYy43iA&mlSearchSessionGuid=3a1da72405311b80e7a98bc97a560bbb,cian,2026-05-04T21:44:10.932042+00:00,Санкт-Петербург,Санкт-Петербург,sale,flat,real_estate_agent,2rooms,2,44.5,7300000.0,164044.94382022473,1.0,5.0,0.2,True,False,Московский,проспект Космонавтов,19К2,Парк Победы,unknown,164044.94382022473,15.803385043104912,3.817712325956905
324684642,https://spb.cian.ru/sale/flat/324684642/?context=4.LvhZaUzi--M.bfnGF6VipuHtb4X01WJU9b4UVwITKEsifslbEQGF0eNMZ_Du2GHLP7hDVpHJsPgzMSKPm13j8AaUJw&mlSearchSessionGuid=3a1da72405311b80e7a98bc97a560bbb,cian,2026-05-04T21:44:10.932042+00:00,Санкт-Петербург,Санкт-Петербург,sale,flat,homeowner,2rooms,2,52.0,16200000.0,311538.4615384616,5.0,5.0,1.0,False,True,Красногвардейский,Стахановцев,10К3,Новочеркасская,unknown,311538.4615384616,16.600521861931007,3.970291913552122
319859152,https://spb.cian.ru/sale/flat/319859152/?context=4.d0ML7RK3HEo.2UEz6OBh6Ikx2HWso-OCLnAIDec6hcwDpoADoajbrcZ5y-CpfR0TbXI0TOkfbZGmcGT2rJ65ekajrA&mlSearchSessionGuid=3a1da72405311b80e7a98bc97a560bbb,cian,2026-05-04T21:44:10.932042+00:00,Санкт-Петербург,Санкт-Петербург,sale,flat,developer,2rooms,2,58.64,21057624.0,359100.0,8.0,17.0,0.4705882352941176,False,False,Калининский,Финляндский,,Лесная,Квартал бизнес-класса Б15,359100.0,16.862773285281307,4.088326489896538
328983812,https://spb.cian.ru/sale/flat/328983812/?context=4.PPh_GKClGJo.-QWlvf7SczvTUrNqIR9l__Koa6K4Zz6r1GuQpskrSik3bKoQDHff18Lbr6xZSkL34TTMrzTskdvLXA&mlSearchSessionGuid=3a1da72405311b80e7a98bc97a560bbb,cian,2026-05-04T21:44:10.932042+00:00,Санкт-Петербург,Санкт-Петербург,sale,flat,real_estate_agent,2rooms,2,44.4,9900000.0,222972.972972973,1.0,5.0,0.2,True,False,Колпинский,Понтонная,9к2,Рыбацкое,Юттери,222972.972972973,16.108045416114916,3.8155121050473024
328980256,https://spb.cian.ru/sale/flat/328980256/?context=4.pwvNg4kydos._hwMY84A2r037mz8hGi-EJByRUVpcvi1KpGNzGpN8zJsP7jExfVJHY68ZZV2P1dQXfM2tc9EuEPhTw&mlSearchSessionGuid=3a1da72405311b80e7a98bc97a560bbb,cian,2026-05-04T21:44:10.932042+00:00,Санкт-Петербург,Санкт-Петербург,sale,flat,homeowner,2rooms,2,54.0,18800000.0,348148.14814814815,2.0,3.0,0.6666666666666666,False,False,Василеостровский,18-я Васильевского острова линия,7,Горный институт,unknown,348148.14814814815,16.749367480991666,4.007333185232471
294928457,https://spb.cian.ru/sale/flat/294928457/?context=4.qTre78TV3bs.9lgOdhFrSblK4ffkBErTMTL0hr-afh7eMnIRvxE3bapdqT_dq3SB4UodxCkitl2Vfd2Y7xNJjhteCw&mlSearchSessionGuid=3a1da72405311b80e7a98bc97a560bbb,cian,2026-05-04T21:44:10.932042+00:00,Санкт-Петербург,Санкт-Петербург,sale,flat,developer,2rooms,2,52.39,16450460.0,314000.0,5.0,12.0,0.4166666666666667,False,False,Приморский,Камышовая,25,Комендантский проспект,YE'S Primorsky Комплекс Апартаментов,314000.0,16.615864059099092,3.977623462512095
327480400,https://spb.cian.ru/sale/flat/327480400/?context=4._B0hsWfYQUs.AGZQu7KseEbMHxjuxqXrZQWpIq7_AZjzAxsnf2IJ-MjRoDjzW8UM_CVuSSigfUmq7pXrFfzS3iBD6w&mlSearchSessionGuid=3a1da72405311b80e7a98bc97a560bbb,cian,2026-05-04T21:44:10.932042+00:00,Санкт-Петербург,Санкт-Петербург,sale,flat,real_estate_agent,2rooms,2,52.06,17600000.0,338071.4560122935,7.0,12.0,0.5833333333333334,False,False,Московский,Кубинская,82к3с1,Ленинский проспект,Cube,338071.4560122935,16.68340951682656,3.971423348709594
327288089,https://spb.cian.ru/sale/flat/327288089/?context=4.DkvA2bKJSUg.wQvZc0PZfbz-bbnNh7JOtD-JeXILyWJDzV3ZFPM_Gcd8XnZNFRC28e7Exzn3_epWa1mJeDHqcai8gA&mlSearchSessionGuid=3a1da72405311b80e7a98bc97a560bbb,cian,2026-05-04T21:44:10.932042+00:00,Санкт-Петербург,Санкт-Петербург,sale,flat,real_estate_agent,2rooms,2,44.3,9200000.0,207674.94356659145,6.0,9.0,0.6666666666666666,False,False,Выборгский,проспект Тореза,38К1,Площадь Мужества,unknown,207674.94356659145,16.034714150714915,3.813307032488989
309824037,https://spb.cian.ru/sale/flat/309824037/?context=4.xw5HyYBxZZ8.wBZprx5xWHXqluPMPjjzXYetsEZ9cS-XUJgknlFPUGrCV2Xc10QtqYXajM9YbYBUIzwd8cMYnnj_ZQ&mlSearchSessionGuid=3a1da72405311b80e7a98bc97a560bbb,cian,2026-05-04T21:44:10.932042+00:00,Санкт-Петербург,Санкт-Петербург,sale,flat,developer,2rooms,2,59.6,34958857.0,586558.0033557047,10.0,12.0,0.8333333333333334,False,False,Курортный,Приморское шоссе,570Л,unknown,МФК Морская ривьера,586558.0033557047,17.369682442314176,4.104294893075269
323315126,https://spb.cian.ru/sale/flat/323315126/?context=4.iEDDJF-Ozhg.b23FzEsUodThEwQ0DcoSeMhLivCv3OVEZptTi4hne6rtYu6m5dbMGFHT-hdoB227Te__tkBKMH2vcQ&mlSearchSessionGuid=3a1da72405311b80e7a98bc97a560bbb,cian,2026-05-04T21:44:10.932042+00:00,Санкт-Петербург,Санкт-Петербург,sale,flat,real_estate_agent,2rooms,2,77.0,55000000.0,714285.7142857143,2.0,9.0,0.2222222222222222,False,False,Петроградский,Крестовский проспект,15,Крестовский остров,unknown,714285.7142857143,17.822843761378564,4.356708826689592
329064333,https://spb.cian.ru/sale/flat/329064333/?context=4.5pZ-QmFb0Cw.f150pxn-sVEqmILnmr-ZyeeOeF4zK4btEZUV1bhx6yJ42HMytjbLpHEsBTJadYrItxzVusLlPHezWQ&mlSearchSessionGuid=3a1da72405311b80e7a98bc97a560bbb,cian,2026-05-04T21:44:10.932042+00:00,Санкт-Петербург,Санкт-Петербург,sale,flat,real_estate_agent,2rooms,2,75.0,15500000.0,206666.66666666663,18.0,18.0,1.0,False,True,Приморский,проспект Королева,63к1,Комендантский проспект,Юбилейный квартал,206666.66666666663,16.5563506464056,4.330733340286331
309823923,https://spb.cian.ru/sale/flat/309823923/?context=4.GDTuZTMChkY._SpISqwY86cwQcfglLN6BdO2NuQi8Hlu-xi_8zOB1V-ZqVnIiXQdOyXYxkfD3bHztjJR_TEz6pJbDg&mlSearchSessionGuid=3a1da72405311b80e7a98bc97a560bbb,cian,2026-05-04T21:44:10.932042+00:00,Санкт-Петербург,Санкт-Петербург,sale,flat,developer,2rooms,2,70.7,40652500.0,575000.0,8.0,12.0,0.6666666666666666,False,False,Курортный,Приморское шоссе,570Л,unknown,МФК Морская ривьера,575000.0,17.520570917280747,4.272490747605575
328529175,https://spb.cian.ru/sale/flat/328529175/?context=4.hKm3sdLPnmg.-GpWoe2vpMyJ4snz67uGdCTdybK7KaH0VHji0qKpGlgbmSQV7MSLkMhhrhH9-0eMXv20qa_YR0L3gA&mlSearchSessionGuid=3a1da72405311b80e7a98bc97a560bbb,cian,2026-05-04T21:44:10.932042+00:00,Санкт-Петербург,Санкт-Петербург,sale,flat,real_estate_agent,2rooms,2,57.0,12700000.0,222807.0175438597,4.0,5.0,0.8,False,False,Кировский,Зайцева,36,Путиловская,unknown,222807.0175438597,16.357112630168974,4.060443010546419
323514005,https://spb.cian.ru/sale/flat/323514005/?context=4.QqJXnnxTuJ4.sDGcmUUlRmBg0VHRnOYHvGUg4KSi3pb5ogb16NsS33_BGI5YwwJiftilczSBKRimzP35a0lHQMIX-w&mlSearchSessionGuid=3a1da72405311b80e7a98bc97a560bbb,cian,2026-05-04T21:44:10.932042+00:00,Санкт-Петербург,Санкт-Петербург,sale,flat,developer,2rooms,2,69.88,60944898.0,872136.4911276475,10.0,11.0,0.9090909090909092,False,False,Красногвардейский,Магнитогорская,11К,Новочеркасская,Альпен,872136.4911276475,17.92548071883877,4.2609883062968255
326296404,https://spb.cian.ru/sale/flat/326296404/?context=4.U08sqHZXoRQ.FeMbBbTFlMKULASd0NMnOdDCYiCnUcNOSuHE7Mwz-khxesD5m11bR_hgxbwb6Ow7Z6TydvS0v7f0Ag&mlSearchSessionGuid=3a1da72405311b80e7a98bc97a560bbb,cian,2026-05-04T21:44:10.932042+00:00,Санкт-Петербург,Санкт-Петербург,sale,flat,unknown,2rooms,2,57.0,27500000.0,482456.1403508772,6.0,11.0,0.5454545454545454,False,False,Фрунзенский,Лиговский проспект,271,Обводный канал,Ligovsky city-Первый квартал,482456.1403508772,17.129696599000436,4.060443010546419
326296694,https://spb.cian.ru/sale/flat/326296694/?context=4.BetboM_FH_w.eGmHAfF6P_o9qeJosHhQo72PU1uPq62eFjIkUN-Nr2YB5-efUOlGJT60Lo50c2jYADfddg7Z2VE0ZQ&mlSearchSessionGuid=3a1da72405311b80e7a98bc97a560bbb,cian,2026-05-04T21:44:10.932042+00:00,Санкт-Петербург,Санкт-Петербург,sale,flat,developer,2rooms,2,74.75,25415000.0,340000.0,12.0,12.0,1.0,False,True,Приморский,Камышовая,25,Комендантский проспект,YE'S Primorsky Комплекс Апартаментов,340000.0,17.05085014820998,4.327438444389479
327703902,https://spb.cian.ru/sale/flat/327703902/?context=4.qSg-jIaydc8.Dbzwjn8_tu7rfN8gQ0NPv-ibRKyPw8elZHrShURuI37h0RlAAtPNB1kl84xLUaGb1LYWu9q7RCCXRw&mlSearchSessionGuid=3a1da72405311b80e7a98bc97a560bbb,cian,2026-05-04T21:44:10.932042+00:00,Санкт-Петербург,Санкт-Петербург,sale,flat,real_estate_agent,2rooms,2,55.8,11990000.0,214874.55197132612,8.0,16.0,0.5,False,False,Приморский,Земский переулок,9,Удельная,unknown,214874.55197132615,16.29958361040653,4.039536325727106
326590976,https://spb.cian.ru/sale/flat/326590976/?context=4.e-WSSkIlKks.e2_SAzxd8dLzuO3-vv9PV_MDGv22kJwF50OBYDCAagPtc-ttW1dmcBlKj7v4QK9Cybfg7_7eOnL0MA&mlSearchSessionGuid=3a1da72405311b80e7a98bc97a560bbb,cian,2026-05-04T21:44:10.932042+00:00,Санкт-Петербург,Санкт-Петербург,sale,flat,real_estate_agent,2rooms,2,41.5,9400000.0,226506.02409638555,6.0,7.0,0.8571428571428571,False,False,Красногвардейский,Большая Охта,6,Новочеркасская,unknown,226506.02409638555,16.056220353623207,3.7495040759303713
323514000,https://spb.cian.ru/sale/flat/323514000/?context=4.Y4nNduTpBjw.rL8QiQENi_qNv-H1J6oNiVOmYznSB7zxbE_0Z30lhDJEcF2yUn0kWrfsmK0aTrEGCYg6leAL7Cgjng&mlSearchSessionGuid=3a1da72405311b80e7a98bc97a560bbb,cian,2026-05-04T21:44:10.932042+00:00,Санкт-Петербург,Санкт-Петербург,sale,flat,developer,2rooms,2,52.72,26136599.0,495762.5,7.0,11.0,0.6363636363636364,False,False,Красногвардейский,Магнитогорская,11К,Новочеркасская,Альпен,495762.5,17.078847188840676,3.9837853716550367
327278148,https://spb.cian.ru/sale/flat/327278148/?context=4.LMIUajDkyto.gjTFENYo0Wt8Tsu2bD9LPQMqlJCHFfBdydPihqdC5kbjlOc81gEnkqhc8xTC0LHHIp4q4Du3eisY4w&mlSearchSessionGuid=3a1da72405311b80e7a98bc97a560bbb,cian,2026-05-04T21:44:10.932042+00:00,Санкт-Петербург,Санкт-Петербург,sale,flat,real_estate_agent,2rooms,2,50.1,10500000.0,209580.8383233533,7.0,9.0,0.7777777777777778,False,False,Фрунзенский,Загребский бульвар,31/1,Дунайская,unknown,209580.8383233533,16.166885910365842,3.933784497209659
328635460,https://spb.cian.ru/sale/flat/328635460/?context=4.7kQ80bWSURw.uhgvHn9B-bgf_MdpOGulXTBiYRSuAtr9CvOt7nsm7tnJxR01b5gt2ZDT82DzDu4_T7JyUCG8jeeyXA&mlSearchSessionGuid=3a1da72405311b80e7a98bc97a560bbb,cian,2026-05-04T21:44:10.932042+00:00,Санкт-Петербург,Санкт-Петербург,sale,flat,real_estate_agent,2rooms,2,59.8,11000000.0,183946.4882943144,4.0,4.0,1.0,False,True,Центральный,Днепропетровская,35,Лиговский проспект,unknown,183946.4882943144,16.213405921671733,4.107589788972121
326190016,https://spb.cian.ru/sale/flat/326190016/?context=4.oUAyAJh4fmU.42L0FfY3c1qa_DpQf_WeYTjHo7_P62m9UjKi7GYjWsCMje5jw5VuEGHG_6VDWpQZ4y_wfXV67u2Z_A&mlSearchSessionGuid=3a1da72405311b80e7a98bc97a560bbb,cian,2026-05-04T21:44:10.932042+00:00,Санкт-Петербург,Санкт-Петербург,sale,flat,developer,2rooms,2,82.24,72988000.0,887500.0,3.0,9.0,0.3333333333333333,False,False,Адмиралтейский,Перевозная,,Нарвская,Остров первых,887500.0,18.105805615739445,4.421728001525434
327320041,https://spb.cian.ru/sale/flat/327320041/?context=4.3ZAVo6S8BH0.1vA8EscSSJqjOSKNoBJhfvs-T4no50mc-ui82aXLGgnc17LNG-gs320V3wVmv7jwl6_F2sphl_-UBw&mlSearchSessionGuid=3a1da72405311b80e7a98bc97a560bbb,cian,2026-05-04T21:44:10.932042+00:00,Санкт-Петербург,Санкт-Петербург,sale,flat,real_estate_agent,2rooms,2,56.8,14200000.0,250000.0,10.0,25.0,0.4,False,False,Приморский,шоссе Суздальское,28к2,Проспект Просвещения,Новоорловский,250000.0,16.468752592994022,4.056988775678332
329301246,https://spb.cian.ru/sale/flat/329301246/?context=4.tgY4QefGmJc.pyXXOoOn7tzjPePZ94GbVdc8Nn8jzF4HEY4RBQW2PUdo-hSJs4gpGF9WJiU0TTjSRIORmsWjkY3Ezw&mlSearchSessionGuid=3a1da72405311b80e7a98bc97a560bbb,cian,2026-05-04T21:44:10.932042+00:00,Санкт-Петербург,Санкт-Петербург,sale,flat,real_estate_agent,2rooms,2,52.4,11000000.0,209923.66412213744,6.0,12.0,0.5,False,False,Приморский,Планерная,19К1,Старая Деревня,unknown,209923.66412213744,16.213405921671733,3.977810745966149
323563045,https://spb.cian.ru/sale/flat/323563045/?context=4.l-MziKFmt7Q.45gvlI7eTyrfGsTBgx5H1Ta7YCiCPnVNrWtJ_4VIV-CptGubpuOP21tjDte62FMEpHO9uknQoSctLQ&mlSearchSessionGuid=3a1da72405311b80e7a98bc97a560bbb,cian,2026-05-04T21:44:10.932042+00:00,Санкт-Петербург,Санкт-Петербург,sale,flat,developer,2rooms,2,56.91,22336606.0,392490.00175716047,12.0,17.0,0.7058823529411765,False,False,Василеостровский,Морской,,Приморская,Новая Земля ЖК,392490.00175716047,16.921737460034578,4.058890081237698
328647660,https://spb.cian.ru/sale/flat/328647660/?context=4.5SopS7Mr5ko.aXvv3DCJipzCV9VZhzZ1ui-aLDotByVeFrOTJ_buUlx7ONtJ3uQSD2WEVLZxiIlh6jellUWcLvfNWg&mlSearchSessionGuid=3a1da72405311b80e7a98bc97a560bbb,cian,2026-05-04T21:44:10.932042+00:00,Санкт-Петербург,Санкт-Петербург,sale,flat,real_estate_agent,2rooms,2,51.7,9450000.0,182785.2998065764,11.0,16.0,0.6875,False,False,Калининский,проспект Культуры,19,Проспект Просвещения,unknown,182785.2998065764,16.061525405290027,3.964615455547317
319861474,https://spb.cian.ru/sale/flat/319861474/?context=4.yTJZwWcmXDg.BAXMeSDIUJX8mwCrM93TXCSJQQ-8tkBThR1hB4Yw2IzP_O1ouoji0qXGwPQx5jLKRnRLEqq2qJt-Pg&mlSearchSessionGuid=3a1da72405311b80e7a98bc97a560bbb,cian,2026-05-04T21:44:10.932042+00:00,Санкт-Петербург,Санкт-Петербург,sale,flat,developer,2rooms,2,58.98,23205563.0,393447.999321804,2.0,10.0,0.2,False,False,Фрунзенский,Курская,27,Обводный канал,Дом на Курской,393447.999321804,16.95990263546871,4.094011173320863
329456027,https://spb.cian.ru/sale/flat/329456027/?context=4.NU4lkGkbZwQ.99ePAhmniUZFAorh_4UzP2V2CQ640SLeX7DXRvoXBxnfXCa514DK5U-3B2L0vyH7niERU09AKgNKTQ&mlSearchSessionGuid=3a1da72405311b80e7a98bc97a560bbb,cian,2026-05-04T21:44:10.932042+00:00,Санкт-Петербург,Санкт-Петербург,sale,flat,real_estate_agent,2rooms,2,66.7,18500000.0,277361.31934032985,8.0,20.0,0.4,False,False,Кировский,Морской Пехоты,10к2,Юго-Западная,unknown,277361.31934032985,16.733281344102608,4.215086179918229
328906693,https://spb.cian.ru/sale/flat/328906693/?context=4.J1IK1nFm2OM.PIZcKsbvouY_mYusKh_2dVsdO1QZaGW2XTqeWIcREINs7z34I8r4QZjogwTf5RpibHhmJ5paTHRCtw&mlSearchSessionGuid=3a1da72405311b80e7a98bc97a560bbb,cian,2026-05-04T21:44:10.932042+00:00,Санкт-Петербург,Санкт-Петербург,sale,flat,real_estate_agent,2rooms,2,61.9,12995000.0,209935.37964458804,2.0,16.0,0.125,False,False,Приморский,Богатырский проспект,48к1,Комендантский проспект,unknown,209935.37964458804,16.3800753030104,4.141546163706395
326828728,https://spb.cian.ru/sale/flat/326828728/?context=4.LSmbksxZdaM.cGxHSSgWio0aoBhhrU2a95LWdBDOvx78PE9J1h4fA4gNn0XlhgOhgxap1pbqJRledvGDU7U-sVg8sg&mlSearchSessionGuid=3a1da72405311b80e7a98bc97a560bbb,cian,2026-05-04T21:44:10.932042+00:00,Санкт-Петербург,Санкт-Петербург,sale,flat,developer,2rooms,2,64.73,25360000.0,391781.2451722539,6.0,10.0,0.6,False,False,Василеостровский,Морской,,Приморская,Северный Ветер ЖК,391781.2451722539,17.048683726965475,4.185555442275485
284389815,https://spb.cian.ru/sale/flat/284389815/?context=4.WmiKI8Qwo3I.r0vyW2GGCT-z8wf7kVXjpXjVuq4zKkN0-9D1M7mTwfm3JyDotcBvMWMlxnOOxSP34t-2qFiHW-q4FQ&mlSearchSessionGuid=3a1da72405311b80e7a98bc97a560bbb,cian,2026-05-04T21:44:10.932042+00:00,Санкт-Петербург,Санкт-Петербург,sale,flat,real_estate_agent,2rooms,2,92.8,23450000.0,252693.9655172414,3.0,6.0,0.5,False,False,Центральный,Восстания,43,Чернышевская,unknown,252693.9655172414,16.970381095500485,4.541164856012179
329231825,https://spb.cian.ru/sale/flat/329231825/?context=4.FRP3SddTqk0.p90FGGv30ZNAnCWWwgfIKErZS2UKPi3zS6mRSkt16f6snoWYiX1qhCdnYnvp_ucGZDsaqOwRvvH5CQ&mlSearchSessionGuid=3a1da72405311b80e7a98bc97a560bbb,cian,2026-05-04T21:44:10.932042+00:00,Санкт-Петербург,Санкт-Петербург,sale,flat,developer,2rooms,2,56.2,9051511.0,161058.91459074733,3.0,12.0,0.25,False,False,Пушкинский,unknown,,Купчино,Солар Парк,161058.91459074733,16.01844237354437,4.046553898385752
327104361,https://spb.cian.ru/sale/flat/327104361/?context=4.UEfu7mV1jQk.Kwg-V0TrAxU_BTNwBcV8qp0CFkJktFW44z1sswN3uDaQAgc1qUYY4XMJmI5Z1_kPz27n28Y7iCsyLg&mlSearchSessionGuid=01c45990cad23f8feaad5748c9eace74,cian,2026-05-04T21:45:05.727665+00:00,Санкт-Петербург,Санкт-Петербург,sale,flat,developer,3rooms,3,146.29,173836407.0,1188300.0,24.0,24.0,1.0,False,True,Московский,Алтайская,39,Московская,Шепилевский,1188300.0,18.973625231020648,4.992403432501452
317260334,https://spb.cian.ru/sale/flat/317260334/?context=4.XQUFaRpb-Wk.zYwvc-YJs3boyOa2Ah5ivEsEy37B1ZlMUIEFioJTRzOadLALcDyOHMbfmle_cnUNXmM46_UA66IiFQ&mlSearchSessionGuid=01c45990cad23f8feaad5748c9eace74,cian,2026-05-04T21:45:05.727665+00:00,Санкт-Петербург,Санкт-Петербург,sale,flat,real_estate_agent,3rooms,3,126.4,32000000.0,253164.5569620253,22.0,25.0,0.88,False,False,Приморский,Планерная,63к1,Комендантский проспект,Юнтоловская перспектива,253164.5569620253,17.281246492014,4.847331743138063
329557468,https://spb.cian.ru/sale/flat/329557468/?context=4.ppElaqdzQyM.QfpW2x6N2R8n9tb1E3jV4wKkU-wy553xqPBOczDSC4iC7KJsBauOU4zle7rxC6pkfOLSB9tu3JZDGQ&mlSearchSessionGuid=01c45990cad23f8feaad5748c9eace74,cian,2026-05-04T21:45:05.727665+00:00,Санкт-Петербург,Санкт-Петербург,sale,flat,real_estate_agent,3rooms,3,55.9,9300000.0,166368.5152057245,5.0,5.0,1.0,False,True,Московский,Новоизмайловский проспект,44К4,Московская,unknown,166368.5152057245,16.04552506565036,4.041295341132285
323514189,https://spb.cian.ru/sale/flat/323514189/?context=4.DAZ85UdRNBw.uwlIMCCnlp-tPbt8ChJyRh_YrfnMoM2WhlifNxu9JdldJmHlVts7lzCtEFf5-GugLgMD74NNzCYEiA&mlSearchSessionGuid=01c45990cad23f8feaad5748c9eace74,cian,2026-05-04T21:45:05.727665+00:00,Санкт-Петербург,Санкт-Петербург,sale,flat,developer,3rooms,3,152.1,66252129.0,435582.70216962526,1.0,7.0,0.1428571428571428,True,False,Василеостровский,12-я Васильевского острова линия,41к2,Василеостровская,Амо,435582.70216962526,18.008978173257173,5.031091302663638
327531219,https://spb.cian.ru/sale/flat/327531219/?context=4.B7ohbIvfO5U.apAAtQSg8YOEXIS4DvU6HBIBGHeBAFErEAbCIg5X2E8nz46Na2a0-7JkVMy5OndaAKlJPEcZDuHsVw&mlSearchSessionGuid=01c45990cad23f8feaad5748c9eace74,cian,2026-05-04T21:45:05.727665+00:00,Санкт-Петербург,Санкт-Петербург,sale,flat,real_estate_agent,3rooms,3,135.0,96000000.0,711111.1111111111,3.0,4.0,0.75,False,False,Василеостровский,набережная Лейтенанта Шмидта,21,Горный институт,Гранвиль,711111.1111111111,18.379858759848776,4.912654885736052
329601196,https://spb.cian.ru/sale/flat/329601196/?context=4.bXt-faqF_gw.9HfQMwFSsjBwTqR5bRRMxfaGovWeBU33-ocNUB4mBuTghxJUg3mza61Td-_Hx1ZJiQ4FymJhrnhuOg&mlSearchSessionGuid=01c45990cad23f8feaad5748c9eace74,cian,2026-05-04T21:45:05.727665+00:00,Санкт-Петербург,Санкт-Петербург,sale,flat,realtor,3rooms,3,57.5,8400000.0,146086.95652173914,4.0,9.0,0.4444444444444444,False,False,Колпинский,Тверская,38,Шушары,unknown,146086.95652173914,15.943742382861156,4.069026754237811
325166603,https://spb.cian.ru/sale/flat/325166603/?context=4.IBrhp-11Tws.-xo7eIBd1AX5B76tKKBAIQrtd-cmqPm2PkHIDZ4BB3GRvUnFIdFUkSHXgClEtPE67-3uyy86hAHZQA&mlSearchSessionGuid=01c45990cad23f8feaad5748c9eace74,cian,2026-05-04T21:45:05.727665+00:00,Санкт-Петербург,Санкт-Петербург,sale,flat,developer,3rooms,3,136.6,51367914.0,376046.2225475842,2.0,7.0,0.2857142857142857,False,False,Василеостровский,11-я Васильевского острова линия,56,Василеостровская,Клубный дом Монодом Лайн,376046.2225475842,17.754524313727973,4.924350925499243
323493413,https://spb.cian.ru/sale/flat/323493413/?context=4.IXBHrY3tKLE.DZ2gplPh90BblTnPt3BXZEUuDNAJ1YgPJ_InXQYujJllwEtl10fOVv3qUWbfcxjxZzG_2e3sQ1KP-w&mlSearchSessionGuid=01c45990cad23f8feaad5748c9eace74,cian,2026-05-04T21:45:05.727665+00:00,Санкт-Петербург,Санкт-Петербург,sale,flat,real_estate_agent,3rooms,3,248.2,340000000.0,1369863.0136986305,3.0,9.0,0.3333333333333333,False,False,Центральный,набережная Реки Фонтанки,76к2,Звенигородская,Фонтанка 76,1369863.0136986305,19.644456178515657,5.518255786913298
329587096,https://spb.cian.ru/sale/flat/329587096/?context=4.36n9tOGhlL4.E-y8B0cD-GVeCmhO3B22HbWmmJyFvg6Z-5OzkBcPuMkKUU53R1emyAaVUEnd881vUmqCaGDyBXxS-w&mlSearchSessionGuid=01c45990cad23f8feaad5748c9eace74,cian,2026-05-04T21:45:05.727665+00:00,Санкт-Петербург,Санкт-Петербург,sale,flat,homeowner,3rooms,3,55.0,11700000.0,212727.2727272727,2.0,5.0,0.4,False,False,Приморский,Школьная,64,Старая Деревня,unknown,212727.27272727276,16.275099485238066,4.02535169073515
327096130,https://spb.cian.ru/sale/flat/327096130/?context=4.xRFva59s_9A.vLXusga8SNUVW4yVxj-WAaZoGSbKPXYU2VgOq43eaEMjUEF1r7D37dgR9B9F_qtUDrTzonuQ8LXs0w&mlSearchSessionGuid=01c45990cad23f8feaad5748c9eace74,cian,2026-05-04T21:45:05.727665+00:00,Санкт-Петербург,Санкт-Петербург,sale,flat,developer,3rooms,3,112.71,119275358.0,1058250.0044361637,11.0,11.0,1.0,False,True,Московский,Коли Томчака,3,Московские ворота,Коллекционный Дом 1919,1058250.0044361637,18.5969453192131,4.733651347636632
327447435,https://spb.cian.ru/sale/flat/327447435/?context=4.TbJgYUcdvn8.598C-BE3vCOIt0rr9t1RDNxeCnzwCRnnK1ywYhq9qdIMgcdA_QTYpRPJDz8U_lLAD9bPZX38Wo_VIA&mlSearchSessionGuid=01c45990cad23f8feaad5748c9eace74,cian,2026-05-04T21:45:05.727665+00:00,Санкт-Петербург,Санкт-Петербург,sale,flat,real_estate_agent,3rooms,3,156.6,75000000.0,478927.2030651341,5.0,8.0,0.625,False,False,Петроградский,Петровский проспект,28к2,Крестовский остров,Grand View,478927.2030651341,18.13299868483392,5.060060177423779
305030794,https://spb.cian.ru/sale/flat/305030794/?context=4.gYWMSe9yBSQ.Ewz_9JzP2QTCUdVHOcJYjzpUr41fE1Mf1Tzvyhg43YSiTYz9Rh8zYA1WZtDejF1RfOkJAdbBh4DHIw&mlSearchSessionGuid=01c45990cad23f8feaad5748c9eace74,cian,2026-05-04T21:45:05.727665+00:00,Санкт-Петербург,Санкт-Петербург,sale,flat,homeowner,3rooms,3,58.0,11000000.0,189655.1724137931,3.0,12.0,0.25,False,False,Приморский,Ланское шоссе,26,Пионерская,unknown,189655.1724137931,16.213405921671733,4.07753744390572
323618260,https://spb.cian.ru/sale/flat/323618260/?context=4.d7-rGebCvy4.3-7krCl1EO0GqAakqtd8GjtMIhiOyNvrFdfSpvgTxlu_xXxc8WAQuVE_f3DJj9cqyX99iSKmyEmvBw&mlSearchSessionGuid=01c45990cad23f8feaad5748c9eace74,cian,2026-05-04T21:45:05.727665+00:00,Санкт-Петербург,Санкт-Петербург,sale,flat,developer,3rooms,3,73.99,33983607.0,459300.00000000006,6.0,10.0,0.6,False,False,Адмиралтейский,Перевозная,,Нарвская,Остров первых,459300.00000000006,17.341388848677298,4.317354771313298
326781793,https://spb.cian.ru/sale/flat/326781793/?context=4.u1psv4_NECM.4hTYL33x6dEA22uNzNPYq5CvwwzDtft4le4sBjFSJPhO0DLSqfZu0Nl5OY4El9M0dhOXFZV3tMStMA&mlSearchSessionGuid=01c45990cad23f8feaad5748c9eace74,cian,2026-05-04T21:45:05.727665+00:00,Санкт-Петербург,Санкт-Петербург,sale,flat,real_estate_agent,3rooms,3,111.6,80900000.0,724910.394265233,1.0,3.0,0.3333333333333333,True,False,Центральный,набережная Кутузова,26,Чернышевская,unknown,724910.394265233,18.20872439438966,4.72384171570559
327096252,https://spb.cian.ru/sale/flat/327096252/?context=4.NJ788iI7g0Q.WmZzD9hhIz0POQYBv9LMqeTp3yJujapWUsUfBYqGMOumk3B1PizlSrFvrgHZGjN8XkYp-bJAa4ZbeQ&mlSearchSessionGuid=01c45990cad23f8feaad5748c9eace74,cian,2026-05-04T21:45:05.727665+00:00,Санкт-Петербург,Санкт-Петербург,sale,flat,developer,3rooms,3,109.17,96691869.0,885700.0,3.0,8.0,0.375,False,False,Петроградский,Ремесленная,17литЗ,Спортивная,17/33 Петровский остров,885700.0,18.387039882431985,4.702024627351974
327744522,https://spb.cian.ru/sale/flat/327744522/?context=4.IBkFMlPn-UI.kaPzAovUFA2g7fY37nx6u4hZQOjMP0kUWmtNHZMv8gVf3DOus2dE4AkudSU9zKbvJs97i_MezwfoNw&mlSearchSessionGuid=01c45990cad23f8feaad5748c9eace74,cian,2026-05-04T21:45:05.727665+00:00,Санкт-Петербург,Санкт-Петербург,sale,flat,real_estate_agent,3rooms,3,153.4,177177000.0,1155000.0,2.0,3.0,0.6666666666666666,False,False,Петроградский,Санаторная аллея,3,Черная речка,Del Arte,1155000.0,18.99265979651526,5.039546637590676
328873459,https://spb.cian.ru/sale/flat/328873459/?context=4.0HMRhAlS3UQ.vRjSvLs2uibL9fy-WfcPtmViE5CxPRd49K3kqrTf5wyJVBSY62Kl6t1p75xpB2u5AupvggZLFlGd2g&mlSearchSessionGuid=01c45990cad23f8feaad5748c9eace74,cian,2026-05-04T21:45:05.727665+00:00,Санкт-Петербург,Санкт-Петербург,sale,flat,real_estate_agent,3rooms,3,68.4,16500000.0,241228.07017543857,2.0,6.0,0.3333333333333333,False,False,Петроградский,Колпинская,20б,Чкаловская,unknown,241228.07017543857,16.61887099947687,4.239886867512759
315713731,https://spb.cian.ru/sale/flat/315713731/?context=4.t6tHQpMPvIA.jJodvDiiq8vRpHJx2ChuIfBVRBmz8jpIDKcijcQ1Nc_L2cELAP_Gq99TF624G2pHfi5GjVB5YkMSnQ&mlSearchSessionGuid=01c45990cad23f8feaad5748c9eace74,cian,2026-05-04T21:45:05.727665+00:00,Санкт-Петербург,Санкт-Петербург,sale,flat,developer,3rooms,3,74.3,12003908.0,161560.0,2.0,17.0,0.1176470588235294,False,False,Невский,Архивная,3к1,Улица Дыбенко,Апарт-комплекс Зум на Неве,161560.0,16.300742904707263,4.321480134805848
327427776,https://spb.cian.ru/sale/flat/327427776/?context=4.CX_kiTLoVNQ.0BRcs0iU0-qIOzoL-_bG7N6cK3zzcRSGGETdvq8l1olq08e4Vf7uDG5wTSrOZIARDAxrCrBcKItdMQ&mlSearchSessionGuid=01c45990cad23f8feaad5748c9eace74,cian,2026-05-04T21:45:05.727665+00:00,Санкт-Петербург,Санкт-Петербург,sale,flat,realtor,3rooms,3,94.6,36890000.0,389957.7167019028,9.0,14.0,0.6428571428571429,False,False,Московский,Черниговская,17,Московские ворота,Квартал Che,389957.7167019028,17.423451096680477,4.560172820057356
328628523,https://spb.cian.ru/sale/flat/328628523/?context=4.kb_8dOECvEw.0-xz5Z5qszzwHhQ-wPPApQCYJ9Zq9zHbzbGAkWJG-NPnzYTNeS3G0HyOXr0jZROLN4aAGsF2_XYMww&mlSearchSessionGuid=01c45990cad23f8feaad5748c9eace74,cian,2026-05-04T21:45:05.727665+00:00,Санкт-Петербург,Санкт-Петербург,sale,flat,real_estate_agent,3rooms,3,63.0,10600000.0,168253.96825396825,5.0,9.0,0.5555555555555556,False,False,Выборгский,Кустодиева,20К1,Проспект Просвещения,unknown,168253.96825396825,16.176364653421913,4.158883083359672
315649997,https://spb.cian.ru/sale/flat/315649997/?context=4.jxH9ZvnLqh4.Ar_6MjAkBQjLqgpZ4TzXbuvU_tE3xnyTbMfQRjAsVhg9H1P3W7zDHiOBf2yPnyc3gC3EoViMrrZGuQ&mlSearchSessionGuid=01c45990cad23f8feaad5748c9eace74,cian,2026-05-04T21:45:05.727665+00:00,Санкт-Петербург,Санкт-Петербург,sale,flat,developer,3rooms,3,74.37,19003022.0,255519.99462148716,2.0,4.0,0.5,False,False,Кронштадтский,дорога Цитадельская,,unknown,Кронфорт.Центральный,255519.99462148716,16.76010862973797,4.322409317855379
313542303,https://spb.cian.ru/sale/flat/313542303/?context=4.cq0rqvJvuxA.z_ujnkmeLqGqZA1gOH6FbZ42kIXYLsp_sJpeila-jsA3VbOXI3RVP86xtiNhYbeAKwdfeMcLzpkNhA&mlSearchSessionGuid=01c45990cad23f8feaad5748c9eace74,cian,2026-05-04T21:45:05.727665+00:00,Санкт-Петербург,Санкт-Петербург,sale,flat,real_estate_agent,3rooms,3,121.9,195040000.0,1600000.0,6.0,7.0,0.8571428571428571,False,False,Центральный,набережная Воскресенская,32,Площадь Ленина,Приоритет,1600000.0,19.088715228824388,4.811371016571989
327316931,https://spb.cian.ru/sale/flat/327316931/?context=4.6TOtDQGz7Ig.ueVYPdP0NkgyEeUcPzzsobAEQWAu8hzr8UUSRp8ZWCZShdjAHxNOg_WrYmjTJx_dxc8BO9-Jq5UwwQ&mlSearchSessionGuid=01c45990cad23f8feaad5748c9eace74,cian,2026-05-04T21:45:05.727665+00:00,Санкт-Петербург,Санкт-Петербург,sale,flat,real_estate_agent,3rooms,3,59.3,9800000.0,165261.38279932548,1.0,7.0,0.1428571428571428,True,False,Василеостровский,14-я Васильевского острова линия,35Б,Василеостровская,unknown,165261.38279932548,16.097893045681612,4.09933210373314
318135801,https://spb.cian.ru/sale/flat/318135801/?context=4.cL3Zkv8ddiw.UbRcTrpNGih39YrpZqCv96TQjpFp2JdL1PTxGqBVg6xnqnzRuy1x48jcRD4yc4s3iDm_32LEfRHCog&mlSearchSessionGuid=01c45990cad23f8feaad5748c9eace74,cian,2026-05-04T21:45:05.727665+00:00,Санкт-Петербург,Санкт-Петербург,sale,flat,developer,3rooms,3,84.9,31752600.0,374000.0,13.0,14.0,0.9285714285714286,False,False,Василеостровский,набережная Миклухо-Маклая,3к1,Приморская,Морская набережная.СиВью,374000.0,17.273485201207453,4.45318382899021
313402760,https://spb.cian.ru/sale/flat/313402760/?context=4.sITK4N6gHSU.QKt2AH-oJW63lAgQnfxdUVDqO6vlzoZ0Aj6NSYZlNb1NPc_HEKiP40bDE7TKOUqqRvkQnw78AuTKGw&mlSearchSessionGuid=01c45990cad23f8feaad5748c9eace74,cian,2026-05-04T21:45:05.727665+00:00,Санкт-Петербург,Санкт-Петербург,sale,flat,real_estate_agent,3rooms,3,180.8,271200000.0,1500000.0,7.0,7.0,1.0,False,True,Центральный,набережная Воскресенская,32,Чернышевская,Приоритет,1500000.0,19.418367117717832,5.202907181743378
324946649,https://spb.cian.ru/sale/flat/324946649/?context=4.gheIDyNc1L4.N9lS0RYSZX9AyTREtAK4BEjkdzuoHxZvtW_CxjTo9mCWH9dedZ1NH5Tr0qS1A7GdRtzxRwf1P1aq0w&mlSearchSessionGuid=01c45990cad23f8feaad5748c9eace74,cian,2026-05-04T21:45:05.727665+00:00,Санкт-Петербург,Санкт-Петербург,sale,flat,real_estate_agent,3rooms,3,53.0,15500000.0,292452.8301886792,5.0,5.0,1.0,False,True,Петроградский,Большая Пушкарская,23,Петроградская,unknown,292452.8301886792,16.5563506464056,3.9889840465642745
329186632,https://spb.cian.ru/sale/flat/329186632/?context=4.57QkPBKwqJw.3U6CPGfAw2GuBXVlRQ-N0rC14L2odhKHumvmscuoGPKXMUDihTr8Rh_fqJJnI0sYuJzoxvwUnSD26g&mlSearchSessionGuid=01c45990cad23f8feaad5748c9eace74,cian,2026-05-04T21:45:05.727665+00:00,Санкт-Петербург,Санкт-Петербург,sale,flat,developer,3rooms,3,91.68,54212186.0,591319.6553228621,2.0,11.0,0.1818181818181818,False,False,Красногвардейский,Магнитогорская,11К,Новочеркасская,Альпен,591319.6553228621,17.808416293532886,4.529152699564175
313402766,https://spb.cian.ru/sale/flat/313402766/?context=4.1o2bAMJYOqc.dT-EldtJJNJHCNQ0N3uNBAInUxEFgX5Nt4MheVcRkH_Ia1XfVN4OGQNK3Yu31ret5TNopO0SkxIHBg&mlSearchSessionGuid=01c45990cad23f8feaad5748c9eace74,cian,2026-05-04T21:45:05.727665+00:00,Санкт-Петербург,Санкт-Петербург,sale,flat,real_estate_agent,3rooms,3,139.2,139200000.0,1000000.0,2.0,7.0,0.2857142857142857,False,False,Центральный,набережная Воскресенская,32,Чернышевская,Приоритет,1000000.0,18.7514223130485,4.94306997460049
328563614,https://spb.cian.ru/sale/flat/328563614/?context=4.hgH_aji4Cac.lnAPApqgY_Lll4ND130PEmigdofCJWiKPjtV9ne1WHQtcrOmZ4ZivrwLuBRxwZORdxAQ347qWeMENw&mlSearchSessionGuid=01c45990cad23f8feaad5748c9eace74,cian,2026-05-04T21:45:05.727665+00:00,Санкт-Петербург,Санкт-Петербург,sale,flat,developer,3rooms,3,62.09,23440000.0,377516.5082944113,4.0,12.0,0.3333333333333333,False,False,Василеостровский,Морской,,Приморская,Северный Ветер ЖК,377516.5082944113,16.9699545653352,4.144562278382718
313542867,https://spb.cian.ru/sale/flat/313542867/?context=4.ZTmqsJpdwgE.7wKpoGGrbnibGYopIdAKhGBiiPywS5k9OC1kX9gYtK6v4-5_g9W0Tln6r8x6cUqGD-SxMmqHuof6dg&mlSearchSessionGuid=01c45990cad23f8feaad5748c9eace74,cian,2026-05-04T21:45:05.727665+00:00,Санкт-Петербург,Санкт-Петербург,sale,flat,real_estate_agent,3rooms,3,120.4,180600000.0,1500000.0,5.0,7.0,0.7142857142857143,False,False,Центральный,набережная Воскресенская,32,Чернышевская,Приоритет,1500000.0,19.011795204484255,4.799090878625398
324061596,https://spb.cian.ru/sale/flat/324061596/?context=4.XrqO64fig04.xDONmircx7nZwS7o56PWuf-xVqS2zrG7ygl4dJUHKem2wvTcA1o2OcLbsxAmn9Ij6OxTs57aX5-MKA&mlSearchSessionGuid=01c45990cad23f8feaad5748c9eace74,cian,2026-05-04T21:45:05.727665+00:00,Санкт-Петербург,Санкт-Петербург,sale,flat,real_estate_agent,3rooms,3,55.2,13900000.0,251811.59420289853,5.0,5.0,1.0,False,True,Петроградский,Левашовский проспект,4,Чкаловская,unknown,251811.59420289853,16.447399470043365,4.028916756899646
305677073,https://spb.cian.ru/sale/flat/305677073/?context=4.m45SNL4FqKI.z_tAwLsLGEmY0PvcmaYNJa_K_yYb18rDM51en8aA-4eEmga8llE323B91g1XXu8qQR614obrWf8bxw&mlSearchSessionGuid=01c45990cad23f8feaad5748c9eace74,cian,2026-05-04T21:45:05.727665+00:00,Санкт-Петербург,Санкт-Петербург,sale,flat,developer,3rooms,3,84.55,41250084.0,487877.98935541103,4.0,10.0,0.4,False,False,Центральный,Кирилловская,11,Площадь Александра Невского,Новгородская 8,487877.98935541103,17.535163731348902,4.449101000338202
319269697,https://spb.cian.ru/sale/flat/319269697/?context=4.b0i5g3DUqmY.PsgnUdIpB5bgPz9QBEuA7qnfUbR1HcE7QSPSwYqSDinLeSsvq_DP8-v43oXkBemxrCQuf6IUd2Gqwg&mlSearchSessionGuid=01c45990cad23f8feaad5748c9eace74,cian,2026-05-04T21:45:05.727665+00:00,Санкт-Петербург,Санкт-Петербург,sale,flat,real_estate_agent,3rooms,3,236.1,129000000.0,546378.6531130876,4.0,4.0,1.0,False,True,Адмиралтейский,набережная Адмиралтейского Канала,29,Василеостровская,unknown,546378.6531130876,18.67532297007788,5.46848199307136
329605095,https://spb.cian.ru/sale/flat/329605095/?context=4.0K-Lw0vU_FM.wRuWbxlMxEz8q0PKr22OknjHVtLD4DIvIzYub9byn1xanHsCijSa9Ib45hp2zyl5ABHjomdtzIgI5Q&mlSearchSessionGuid=01c45990cad23f8feaad5748c9eace74,cian,2026-05-04T21:45:05.727665+00:00,Санкт-Петербург,Санкт-Петербург,sale,flat,realtor,3rooms,3,59.9,11500000.0,191986.6444073456,4.0,5.0,0.8,False,False,Московский,Орджоникидзе,41К2,Звездная,unknown,191986.6444073456,16.257857680289998,4.109233174715851
318135041,https://spb.cian.ru/sale/flat/318135041/?context=4.CZFQeepLktU.tCUwmRIt-XiZ5w67IHISd9XRqecFuNt08C1ZVkdlZ5ILNHgVtqMYqQTZOD6474QciFmekq0MgxbAqw&mlSearchSessionGuid=01c45990cad23f8feaad5748c9eace74,cian,2026-05-04T21:45:05.727665+00:00,Санкт-Петербург,Санкт-Петербург,sale,flat,developer,3rooms,3,87.7,49874990.0,568700.0,5.0,8.0,0.625,False,False,Петроградский,Ремесленная,15,Спортивная,NEVA RESIDENCE,568700.0,17.72503025272316,4.485259889315534
327533451,https://spb.cian.ru/sale/flat/327533451/?context=4.PsJoPCvQzKM.k9QOw_-KfIX6wi95ONT7UEI3-YQpRxDrN5Ekug5s6LyxgkWSXPoDR41ncWuRxwD7ZCHd8Awboh3pDg&mlSearchSessionGuid=01c45990cad23f8feaad5748c9eace74,cian,2026-05-04T21:45:05.727665+00:00,Санкт-Петербург,Санкт-Петербург,sale,flat,real_estate_agent,3rooms,3,100.0,75000000.0,750000.0,9.0,9.0,1.0,False,True,Центральный,Миргородская,20,Площадь Александра Невского,Grand House,750000.0,18.13299868483392,4.61512051684126
329300577,https://spb.cian.ru/sale/flat/329300577/?context=4.f_aAlxJaXa8.A1TqGNnD5-R9BSN6Z6_rBCG0K6plFgyvzpRpe3kiH1FV_2D0MZXICWEZVsvWdCwBC1tAfe_JBFMwMw&mlSearchSessionGuid=01c45990cad23f8feaad5748c9eace74,cian,2026-05-04T21:45:05.727665+00:00,Санкт-Петербург,Санкт-Петербург,sale,flat,real_estate_agent,3rooms,3,60.7,9500000.0,156507.41350906095,4.0,9.0,0.4444444444444444,False,False,Калининский,Суздальский проспект,95,Гражданский проспект,unknown,156507.41350906095,16.066802461833923,4.122283930911342
329112092,https://spb.cian.ru/sale/flat/329112092/?context=4.baTFfGth9PQ.dSuS_dqi3NyQ6AqrQeaH-5zpyFCk1BbnWYD3B7nKfZHOtId49Eg5CJ59zDJQ5oKoEVOGASniouHZtg&mlSearchSessionGuid=01c45990cad23f8feaad5748c9eace74,cian,2026-05-04T21:45:05.727665+00:00,Санкт-Петербург,Санкт-Петербург,sale,flat,developer,3rooms,3,85.3,34846671.0,408519.0035169989,3.0,14.0,0.2142857142857142,False,False,Красногвардейский,Большая Охта,,Новочеркасская,Магнифика ЖК,408519.0035169989,17.366468195632393,4.457829598089382
320601016,https://spb.cian.ru/sale/flat/320601016/?context=4.kWGNLZJxfbk.fFNBXBlOMq3Y8hwMFSvqRDlHxblBFu0Y9zO6w9XUueex-1HFiJPqVyRG5SdEh4dg7sJapT6uPEoUOg&mlSearchSessionGuid=01c45990cad23f8feaad5748c9eace74,cian,2026-05-04T21:45:05.727665+00:00,Санкт-Петербург,Санкт-Петербург,sale,flat,real_estate_agent,3rooms,3,108.0,89000000.0,824074.074074074,7.0,10.0,0.7,False,False,Петроградский,Ждановская,,Крестовский остров,Леонтьевский мыс,824074.074074074,18.30414693893237,4.691347882229144
323514059,https://spb.cian.ru/sale/flat/323514059/?context=4.6nK0siaU3TI.4uoepMyucqT5DuL4LIyGD9mulULlPOFFtJVt74oruyeDhufUDZ7-E_7nm_iknYTq6-bbOUg9bPP7iQ&mlSearchSessionGuid=01c45990cad23f8feaad5748c9eace74,cian,2026-05-04T21:45:05.727665+00:00,Санкт-Петербург,Санкт-Петербург,sale,flat,developer,3rooms,3,110.68,117502317.0,1061640.0162631008,6.0,8.0,0.75,False,False,Петроградский,Пионерская,53,Чкаловская,Avant,1061640.0162631008,18.581968619013477,4.715637639014062
322240341,https://spb.cian.ru/sale/flat/322240341/?context=4.PL3x1dJh-tM.Vgvk-nKV9zEqQwo1lroNPBpmdzyMdy_BkAgFGveHoYTXB0PzGMlXForyQfJJRd00Y4qtvgREg2qt0g&mlSearchSessionGuid=01c45990cad23f8feaad5748c9eace74,cian,2026-05-04T21:45:05.727665+00:00,Санкт-Петербург,Санкт-Петербург,sale,flat,real_estate_agent,3rooms,3,114.0,71500000.0,627192.9824561403,8.0,13.0,0.6153846153846154,False,False,Петроградский,Пионерская,50,Чкаловская,Премьер Палас,627192.9824561403,18.08520802165025,4.74493212836325
292149080,https://spb.cian.ru/sale/flat/292149080/?context=4.vapBCGXV3Ko.ZB1pplVf7uY8z_cUP8c3BMGIncenZg0j9yoJK-nwg9pK-Aa5h2gw8PC8ZLggKusDlKNUq88Qdjgg8Q&mlSearchSessionGuid=01c45990cad23f8feaad5748c9eace74,cian,2026-05-04T21:45:05.727665+00:00,Санкт-Петербург,Санкт-Петербург,sale,flat,real_estate_agent,3rooms,3,123.6,95900000.0,775889.9676375405,3.0,10.0,0.3,False,False,Петроградский,Ждановская,45,Крестовский остров,Леонтьевский мыс,775889.9676375405,18.378816550281197,4.825108606353353
325274960,https://spb.cian.ru/sale/flat/325274960/?context=4.hQAP3fvkiF4.tNVuio-u-Ice6FcMJPlKS7np58IMujdrDQfXHGPYwNMoDCr0efPWlZOHcAU_MRcKYGZI9SarI24bJg&mlSearchSessionGuid=01c45990cad23f8feaad5748c9eace74,cian,2026-05-04T21:45:05.727665+00:00,Санкт-Петербург,Санкт-Петербург,sale,flat,real_estate_agent,3rooms,3,57.8,9590000.0,165916.95501730105,8.0,9.0,0.8888888888888888,False,False,Невский,Коллонтай,45К2,Проспект Большевиков,unknown,165916.95501730105,16.076231551134903,4.074141854904581
328767337,https://spb.cian.ru/sale/flat/328767337/?context=4.RCD31a9PMUE.s7tOVOXDkKsY3vOVw9PQRGDAjcZ17gEpTlzQqRuC0rFmwt2iJaDNTbYhF22v-EAEeyh6Ox38WnaX7g&mlSearchSessionGuid=01c45990cad23f8feaad5748c9eace74,cian,2026-05-04T21:45:05.727665+00:00,Санкт-Петербург,Санкт-Петербург,sale,flat,developer,3rooms,3,77.4,22576806.0,291690.0,2.0,18.0,0.1111111111111111,False,False,Невский,unknown,,Улица Дыбенко,Цивилизация на Неве,291690.0,16.93243369836074,4.361823927356363
304437618,https://spb.cian.ru/sale/flat/304437618/?context=4.spq9bjTTjz8.Qk2LZwuCM8Lj4tdvrkLLIDOt6ql-revFc7qzBVIYKePy9ZD6x0iYcPHui6cLxY274KUmQ3uyu_DNeA&mlSearchSessionGuid=01c45990cad23f8feaad5748c9eace74,cian,2026-05-04T21:45:05.727665+00:00,Санкт-Петербург,Санкт-Петербург,sale,flat,real_estate_agent,3rooms,3,210.0,135000000.0,642857.1428571428,6.0,6.0,1.0,False,True,Центральный,Миллионная,12,Гостиный двор,unknown,642857.1428571428,18.72078534381011,5.351858133476067
312232639,https://spb.cian.ru/sale/flat/312232639/?context=4.ec5Duxp16UI.aAekdgUUrvQME4Zehn4akAcNEKZA3p6MzYjb7Ni_h2buQJH-CtpNyGc595qVxtvtySXoxHUvpDN4Uw&mlSearchSessionGuid=01c45990cad23f8feaad5748c9eace74,cian,2026-05-04T21:45:05.727665+00:00,Санкт-Петербург,Санкт-Петербург,sale,flat,real_estate_agent,3rooms,3,82.9,10097000.0,121797.34620024124,9.0,9.0,1.0,False,True,Пушкинский,Московское шоссе,256к3,Шушары,Вариант,121797.34620024124,16.127749007025773,4.429625613473161
326400509,https://spb.cian.ru/sale/flat/326400509/?context=4.8_Hnv3AAAWY.9N1Jc4UiUgV8iVwv6BwrHyub9oFB1YeLNzrZdtzzdIJN4Ne8LpTe0yUtNkupGyIr0amSYUZz1hz_3g&mlSearchSessionGuid=01c45990cad23f8feaad5748c9eace74,cian,2026-05-04T21:45:05.727665+00:00,Санкт-Петербург,Санкт-Петербург,sale,flat,developer,3rooms,3,79.23,31082721.0,392309.99621355545,2.0,10.0,0.2,False,False,Василеостровский,Гавань,к1,Горный институт,Легенда Васильевского ЖК,392309.99621355545,17.252162660066357,4.3848975097655645
303275552,https://spb.cian.ru/sale/flat/303275552/?context=4.FgUx2ZDTie4.vDxKRI_C_LLSZ1w5Zx0cf8jauduT92XYi0YNgonM7UcxOK_A3YT3MXj2bHzx0hXp8QuUxo6Bm1vaaw&mlSearchSessionGuid=01c45990cad23f8feaad5748c9eace74,cian,2026-05-04T21:45:05.727665+00:00,Санкт-Петербург,Санкт-Петербург,sale,flat,real_estate_agent,3rooms,3,133.2,38250000.0,287162.1621621622,23.0,23.0,1.0,False,True,Василеостровский,Беринга,27к4,Приморская,unknown,287162.1621621622,17.45965414438061,4.8993312245375815
328992239,https://spb.cian.ru/sale/flat/328992239/?context=4.MboyvBbhqNg.61QVkROE3TaMhwLUALXT2j6QSlv7X5ckPNiwmC5GM8t_GL2i6dXN42sqdWnc6Hkfm73ui63vgYPWvw&mlSearchSessionGuid=01c45990cad23f8feaad5748c9eace74,cian,2026-05-04T21:45:05.727665+00:00,Санкт-Петербург,Санкт-Петербург,sale,flat,real_estate_agent,3rooms,3,63.3,17000000.0,268562.4012638231,2.0,4.0,0.5,False,False,Петроградский,Большая Пушкарская,43,Петроградская,unknown,268562.4012638231,16.648723960844016,4.163559631243574
322462282,https://spb.cian.ru/sale/flat/322462282/?context=4.3nKreAsthF4.SS5yzO7ynV5GtP_Aerdmvr-uwPLIMZg3dD3y_E1I0S7BZqhQQSj5_qj14OXtdANzx4Pm6iURt_CC6Q&mlSearchSessionGuid=01c45990cad23f8feaad5748c9eace74,cian,2026-05-04T21:45:05.727665+00:00,Санкт-Петербург,Санкт-Петербург,sale,flat,developer,3rooms,3,84.7,23607668.0,278720.9917355372,3.0,12.0,0.25,False,False,Фрунзенский,Волковское,,Обводный канал,Витебский Парк ЖК,278720.9917355372,16.97708217483566,4.450852825603734
322596397,https://spb.cian.ru/sale/flat/322596397/?context=4.O-50DszTsYI.fRm28D4zUQgJ733v0wNLn3UfAtyFWWHv6whjyMlvCTocblyll_lrl5rqWzifwXCzhmFa_ElJ-GsqSQ&mlSearchSessionGuid=01c45990cad23f8feaad5748c9eace74,cian,2026-05-04T21:45:05.727665+00:00,Санкт-Петербург,Санкт-Петербург,sale,flat,real_estate_agent,3rooms,3,241.0,227000000.0,941908.713692946,8.0,9.0,0.8888888888888888,False,False,Петроградский,Ждановская,45,Крестовский остров,Леонтьевский мыс,941908.713692946,19.240460579850964,5.488937726156687
328662093,https://spb.cian.ru/sale/flat/328662093/?context=4.rYFemmYIXyo.v5iIueOhpE_twHyBCM3XUUTkM_rdi28ZSefVqLQoOMqHAehZG83k7rME-Ph6ldh_hF8rcv9fCsXl-A&mlSearchSessionGuid=01c45990cad23f8feaad5748c9eace74,cian,2026-05-04T21:45:05.727665+00:00,Санкт-Петербург,Санкт-Петербург,sale,flat,real_estate_agent,3rooms,3,140.6,77000000.0,547652.9160739688,11.0,12.0,0.9166666666666666,False,False,Петроградский,Ждановская,45,Чкаловская,Леонтьевский мыс,547652.9160739688,18.15931599280497,4.953006181259619
325558670,https://spb.cian.ru/sale/flat/325558670/?context=4.eqmq7oXHX-M.WbnNXsvvIyPEQBsO_W1b1UIEIIc-9pWqKCWjRpvScHK4Z4U4IZ7LkkD_iZZzO7iK0EBmzLh3dFBwZQ&mlSearchSessionGuid=01c45990cad23f8feaad5748c9eace74,cian,2026-05-04T21:45:05.727665+00:00,Санкт-Петербург,Санкт-Петербург,sale,flat,developer,3rooms,3,99.65,42422807.0,425718.0832915203,3.0,9.0,0.3333333333333333,False,False,Василеостровский,Гавань,,Горный институт,МОНОДОМ АРТ,425718.0832915203,17.563196700100953,4.611649152085801
327693962,https://spb.cian.ru/sale/flat/327693962/?context=4.Moc7jSMlxmE.pax6LLM9daZjTpJGOsmYoxJtwOu58O4TrTLb2fJAgqd_P1V29CPbqT5MBGdxbczWy689rQpc8cRcSA&mlSearchSessionGuid=01c45990cad23f8feaad5748c9eace74,cian,2026-05-04T21:45:05.727665+00:00,Санкт-Петербург,Санкт-Петербург,sale,flat,real_estate_agent,3rooms,3,173.0,86500000.0,500000.0,2.0,9.0,0.2222222222222222,False,False,Петроградский,Петровский проспект,9к2,Чкаловская,NEVA HAUS,500000.0,18.2756549834628,5.159055299214529
327741649,https://spb.cian.ru/sale/flat/327741649/?context=4.qXYYkkFvFpw.NVyKv1v1Ph6XuzbbsUc547hgrAMUVG_olYJvHXPl6l6yTUtS3UgFdnFRebo0Me9b_nP_z3U6acYYeQ&mlSearchSessionGuid=01c45990cad23f8feaad5748c9eace74,cian,2026-05-04T21:45:05.727665+00:00,Санкт-Петербург,Санкт-Петербург,sale,flat,real_estate_agent,3rooms,3,63.0,15800000.0,250793.6507936508,1.0,5.0,0.2,True,False,Выборгский,Институтский проспект,3К1,Площадь Мужества,unknown,250793.6507936508,16.575520561288332,4.158883083359672
290200391,https://spb.cian.ru/sale/flat/290200391/?context=4.fZg42awb3J4.uO_1gSDyXfkeZz3dz_E1G7jjh9av0wpusM-JxdxrrRVVmKpUuwrDvxTO2JN-PMQ_ezZMoQkN8BvnOg&mlSearchSessionGuid=01c45990cad23f8feaad5748c9eace74,cian,2026-05-04T21:45:05.727665+00:00,Санкт-Петербург,Санкт-Петербург,sale,flat,developer,3rooms,3,141.1,86962688.0,616319.546420978,5.0,7.0,0.7142857142857143,False,False,Василеостровский,13-я Васильевского острова линия,50,Василеостровская,Клубный дом Манхэттен,616319.546420978,18.280989722562254,4.956531035103055
328021355,https://spb.cian.ru/sale/flat/328021355/?context=4.fHLrnmXzmco.ENGXrLYiFHXxGAsSVqj6Fa5T21f5s1j6MvjrNHwUQK6ZmmH1YSRPBsfnnh2AvWDZA0_Uy8lJIdYfWA&mlSearchSessionGuid=01c45990cad23f8feaad5748c9eace74,cian,2026-05-04T21:45:05.727665+00:00,Санкт-Петербург,Санкт-Петербург,sale,flat,real_estate_agent,3rooms,3,80.0,28990000.0,362375.0,6.0,10.0,0.6,False,False,Центральный,Днепропетровская,37,Лиговский проспект,"Днепропетровская, 37",362375.0,17.18246153539249,4.394449154672439
305409886,https://spb.cian.ru/sale/flat/305409886/?context=4.dk07Tkpnatc.Ky2i4WPrTMQdpS0yAqY9G2M20kQXJUeMrj5iKMmNeJk8K7UMezj7s38WT6TOYZAPVBdOi2lhEui9yA&mlSearchSessionGuid=01c45990cad23f8feaad5748c9eace74,cian,2026-05-04T21:45:05.727665+00:00,Санкт-Петербург,Санкт-Петербург,sale,flat,developer,3rooms,3,106.13,51260790.0,483000.0,3.0,10.0,0.3,False,False,Выборгский,Сампсониевское,,Выборгская,Сампсониевский 32,483000.0,17.75243670991653,4.6740430502744665
329616802,https://spb.cian.ru/sale/flat/329616802/?context=4.l8l4glBUpQg.bqqKDcoFxdBuAaCVjI5peTMBOieJRMlz8pSrulGBwqM56yF2FhL2XTitub7aiklU6SDgd4eDUPrfxg&mlSearchSessionGuid=01c45990cad23f8feaad5748c9eace74,cian,2026-05-04T21:45:05.727665+00:00,Санкт-Петербург,Санкт-Петербург,sale,flat,unknown,3rooms,3,62.6,25200000.0,402555.910543131,4.0,8.0,0.5,False,False,Московский,Фрунзе,16,Московская,unknown,402555.910543131,17.04235459216419,4.152613470346076
329442912,https://spb.cian.ru/sale/flat/329442912/?context=4.zWNj60S3tFQ.MMNk0fE16qqfYyZ09XwLLkXOARdKcoosUYxrL_SvDrJrDQ_bdSkKdZB1ARkInDEeQ_4rYjsTg95k0Q&mlSearchSessionGuid=01c45990cad23f8feaad5748c9eace74,cian,2026-05-04T21:45:05.727665+00:00,Санкт-Петербург,Санкт-Петербург,sale,flat,real_estate_agent,3rooms,3,51.5,8000000.0,155339.8058252427,1.0,9.0,0.1111111111111111,True,False,Кировский,Стойкости,10,Проспект Ветеранов,unknown,155339.8058252427,15.894952224644102,3.960813169597578
327097113,https://spb.cian.ru/sale/flat/327097113/?context=4.i4kyCua0s20.E9NB7PwbBAtLU2v3iSmFFne2jTaNnE5tDa3C_oGG8wrmUEDQD8gwxHc2VpnfMl-SgVm3P1Mo4CYWQQ&mlSearchSessionGuid=01c45990cad23f8feaad5748c9eace74,cian,2026-05-04T21:45:05.727665+00:00,Санкт-Петербург,Санкт-Петербург,sale,flat,developer,3rooms,3,66.98,26795987.0,400059.5252314123,3.0,5.0,0.6,False,False,Курортный,Инструментальщиков,18,Комендантский проспект,BEREG.Курортный,400059.5252314123,17.10376273278216,4.21921354426797
325722220,https://spb.cian.ru/sale/flat/325722220/?context=4.qqGUtoFYauI.ZUg3mRLc4i8pxQboxYrfcIg_j8qXQqSGAsV6pKDv-Nf2N2dTIt-2wGMyOI1q1T3ZLynxjArnPLQZ-g&mlSearchSessionGuid=01c45990cad23f8feaad5748c9eace74,cian,2026-05-04T21:45:05.727665+00:00,Санкт-Петербург,Санкт-Петербург,sale,flat,real_estate_agent,3rooms,3,64.8,9200000.0,141975.3086419753,4.0,14.0,0.2857142857142857,False,False,Красногвардейский,Хасанская,18К2,Проспект Большевиков,unknown,141975.3086419753,16.034714150714915,4.186619838331271
325624207,https://spb.cian.ru/sale/flat/325624207/?context=4.0kkEPdaWVpg.4KyzPvdqy_JiKZx0bYe2QHCRh9hF1gM0AN1o18aasEleK4K_T4jLtzkx568O3wcGtHqC8QoUNg86LA&mlSearchSessionGuid=01c45990cad23f8feaad5748c9eace74,cian,2026-05-04T21:45:05.727665+00:00,Санкт-Петербург,Санкт-Петербург,sale,flat,real_estate_agent,3rooms,3,69.7,13000000.0,186513.6298421808,5.0,5.0,1.0,False,True,Выборгский,Лесной проспект,59к5-6Е,Лесная,unknown,186513.6298421808,16.380459992348886,4.258445572902527
328922542,https://spb.cian.ru/sale/flat/328922542/?context=4.1_pzYZY45TM.ppKn47omGMxSO_YF5Z5S2jGQekExxU8kTpCOwZj2z1r8njRvCl1fHNwVZsgsvOCh8vuvsEAql6t71g&mlSearchSessionGuid=01c45990cad23f8feaad5748c9eace74,cian,2026-05-04T21:45:05.727665+00:00,Санкт-Петербург,Санкт-Петербург,sale,flat,developer,3rooms,3,83.1,38499700.0,463293.6221419976,9.0,10.0,0.9,False,False,Василеостровский,17 линия ЖК,,Василеостровская,17 линия ЖК,463293.6221419976,17.46616103299409,4.432006566978902
328720160,https://spb.cian.ru/sale/flat/328720160/?context=4.OseJ1zafN7g.wmn23uu02PSieKWTPl2uU4hg2ww49yAu04Fwzfq7zu1LhrqRY3Vpulok65Df9xCA7w6dNnsMCoUyKQ&mlSearchSessionGuid=01c45990cad23f8feaad5748c9eace74,cian,2026-05-04T21:45:05.727665+00:00,Санкт-Петербург,Санкт-Петербург,sale,flat,real_estate_agent,3rooms,3,78.5,25990000.0,331082.8025477707,3.0,6.0,0.5,False,False,Центральный,Мытнинская,15,Площадь Восстания,unknown,331082.8025477707,17.07322244509401,4.375757021660286
327533750,https://spb.cian.ru/sale/flat/327533750/?context=4.1dJJaemOV70.gpbISTmmyEkSYXxa4120hw0q2Jty0aXhUbF-WuNFhQubC5D5cZ48r179D9X-6R0PuO2pFh8XaSSf6Q&mlSearchSessionGuid=01c45990cad23f8feaad5748c9eace74,cian,2026-05-04T21:45:05.727665+00:00,Санкт-Петербург,Санкт-Петербург,sale,flat,real_estate_agent,3rooms,3,80.8,19250000.0,238242.57425742576,3.0,4.0,0.75,False,False,Московский,Свеаборгская,15,Электросила,unknown,238242.57425742576,16.773021670646116,4.404277243608702
318141143,https://spb.cian.ru/sale/flat/318141143/?context=4.HRMjwug4v_A.zKTA1lKqr3YbBO2yusWngSwdqQiQebDgajHsFLRDlXis9QjsBKa6swrP_DIYt326SZt01CrA7o--3Q&mlSearchSessionGuid=01c45990cad23f8feaad5748c9eace74,cian,2026-05-04T21:45:05.727665+00:00,Санкт-Петербург,Санкт-Петербург,sale,flat,developer,3rooms,3,72.55,27371664.0,377280.0,23.0,23.0,1.0,False,True,Красносельский,Юго-Запад,,Юго-Западная,Морская миля ЖК,377280.0,17.125018912195472,4.297965447047447
326587223,https://spb.cian.ru/sale/flat/326587223/?context=4.nZS4_MDR_mM.NwSgOT9gd4AJ_DLdAhS9AcKa_9opPAO-DtOH8SAY05orzw3ce18RyJYfF-plfqTf2VUJdKAhw5SaAg&mlSearchSessionGuid=01c45990cad23f8feaad5748c9eace74,cian,2026-05-04T21:45:05.727665+00:00,Санкт-Петербург,Санкт-Петербург,sale,flat,real_estate_agent,3rooms,3,57.2,9950000.0,173951.04895104896,1.0,9.0,0.1111111111111111,True,False,Выборгский,Есенина,11К1,Озерки,unknown,173951.04895104896,16.11308320963728,4.063885354737392
325800597,https://spb.cian.ru/sale/flat/325800597/?context=4.VCSrFzaQAMc.DQEnrUOVUfeKnJJ9CurHE8qTltGlLMHKtZtycYhnI26LC9FK9SP_Ozndkh_TUCY5xpyOkm9vbWf3tQ&mlSearchSessionGuid=01c45990cad23f8feaad5748c9eace74,cian,2026-05-04T21:45:05.727665+00:00,Санкт-Петербург,Санкт-Петербург,sale,flat,developer,3rooms,3,71.1,17168517.0,241470.00000000003,1.0,4.0,0.25,True,False,Пушкинский,unknown,,Купчино,Пулково Лэйк ЖК,241470.00000000003,16.658587915811232,4.278054044290903
320297298,https://spb.cian.ru/sale/flat/320297298/?context=4.2N38BmJoTCQ.mUq8ZjOhwf42F9nO3sB4etjrKDiF8Npezncjg_rRBOslWEY-IBOwCB4nN71cc-swuNzahtrHcp4K8w&mlSearchSessionGuid=01c45990cad23f8feaad5748c9eace74,cian,2026-05-04T21:45:05.727665+00:00,Санкт-Петербург,Санкт-Петербург,sale,flat,real_estate_agent,3rooms,3,175.5,76342500.0,435000.0,9.0,9.0,1.0,False,True,Петроградский,Чапаева,17к2,Петроградская,Мануфактура,435000.0,18.15074036607561,5.173320876373351
326669575,https://spb.cian.ru/sale/flat/326669575/?context=4.MVZRh6qyGHw.LE_Cy4aEEsX9aj7APrLrfRWTgPdZ4zer7MKTseaR5gdoPCrc0Hb4het6rRyP93cpfUvNMBEAJ5aK6w&mlSearchSessionGuid=01c45990cad23f8feaad5748c9eace74,cian,2026-05-04T21:45:05.727665+00:00,Санкт-Петербург,Санкт-Петербург,sale,flat,real_estate_agent,3rooms,3,62.5,10300000.0,164800.0,7.0,9.0,0.7777777777777778,False,False,Кировский,проспект Ветеранов,1К1,Проспект Ветеранов,unknown,164800.0,16.14765455028724,4.151039905898646
318135746,https://spb.cian.ru/sale/flat/318135746/?context=4.Tf5-Wuqv2Po.3Dk3hjPPxJFgPfxJKMidL4mZLsjCzYFRBscaHK7NeFklTuZFLAlMyK2QZwJKaXRQslHzl7Sf03kvjA&mlSearchSessionGuid=01c45990cad23f8feaad5748c9eace74,cian,2026-05-04T21:45:05.727665+00:00,Санкт-Петербург,Санкт-Петербург,sale,flat,developer,3rooms,3,69.8,24493518.0,350910.0,3.0,10.0,0.3,False,False,Красногвардейский,Якорная,8к2,Новочеркасская,Большая Охта,350910.0,17.013919109908315,4.259859000699674
325792096,https://spb.cian.ru/sale/flat/325792096/?context=4.sfieXs2Fe0I.QGaP3o85Dnxi4jxTyxjEf05ex8CoSmXFRlCYXpdK8o9a_z2h05R3B_xGHa2_Tz8-3sf9OBCc6cxN0w&mlSearchSessionGuid=01c45990cad23f8feaad5748c9eace74,cian,2026-05-04T21:45:05.727665+00:00,Санкт-Петербург,Санкт-Петербург,sale,flat,real_estate_agent,3rooms,3,99.2,49000000.0,493951.6129032258,6.0,6.0,1.0,False,True,Московский,Московский проспект,175,Московская,unknown,493951.6129032258,17.707330876483063,4.607168188650764
329339071,https://spb.cian.ru/sale/flat/329339071/?context=4.Hs3Y5wDGsgo.HKHl9ZAkdo3c73P6-1lUzemHJD88npLEFjIhVW2uC4rQLeWDl1kw4iWi7UFuf__w8WDfHF2njwDI4Q&mlSearchSessionGuid=01c45990cad23f8feaad5748c9eace74,cian,2026-05-04T21:45:05.727665+00:00,Санкт-Петербург,Санкт-Петербург,sale,flat,real_estate_agent,3rooms,3,55.8,11490000.0,205913.97849462368,5.0,5.0,1.0,False,True,Калининский,Замшина,19,Лесная,unknown,205913.97849462368,16.256987736857138,4.039536325727106
326661704,https://spb.cian.ru/sale/flat/326661704/?context=4.D47YrorIl80.VVgd32-8ZInp0GtOFLhXUCxVKSsmU5SkkUGfxrf1plzbSIfWyl4DsN05V5hL1oDn1Kc9qiKgnsbU8w&mlSearchSessionGuid=01c45990cad23f8feaad5748c9eace74,cian,2026-05-04T21:45:05.727665+00:00,Санкт-Петербург,Санкт-Петербург,sale,flat,developer,3rooms,3,75.18,32267256.0,429200.0,7.0,17.0,0.4117647058823529,False,False,Василеостровский,Морской,4 уч,Приморская,Бульвар Грина,429200.0,17.289563558865883,4.333098961050458
327445335,https://spb.cian.ru/sale/flat/327445335/?context=4.cgjBPB83UK4.-ATVeoIVlOLMqLtYRaHotmmkVQiOY4YYZXrjSdfpRPwlh8nCZmLBd-LEOddTvO7zVIrTdv-9e0McPw&mlSearchSessionGuid=01c45990cad23f8feaad5748c9eace74,cian,2026-05-04T21:45:05.727665+00:00,Санкт-Петербург,Санкт-Петербург,sale,flat,real_estate_agent,3rooms,3,107.2,28500000.0,265858.20895522385,3.0,17.0,0.1764705882352941,False,False,Василеостровский,проспект Малый Васильевского острова,90,Приморская,Белый парус,265858.20895522385,17.1654146803266,4.6839813664123815
328346398,https://spb.cian.ru/sale/flat/328346398/?context=4.5ujV1G9O8aM.lKu8CvmS7YcBEeDxWyf1-86FBaICQrpikFeUoeex06rvwdhoskt8Ub5MW4HfPY7lyIZE-WpzNHFaGQ&mlSearchSessionGuid=01c45990cad23f8feaad5748c9eace74,cian,2026-05-04T21:45:05.727665+00:00,Санкт-Петербург,Санкт-Петербург,sale,flat,real_estate_agent,3rooms,3,56.9,8999999.0,158172.2144112478,2.0,8.0,0.25,False,False,Красногвардейский,проспект Металлистов,21К1,Новочеркасская,unknown,158172.2144112478,16.012735135300492,4.05871738457895
319859773,https://spb.cian.ru/sale/flat/319859773/?context=4.6R0EeJbpmFY.ewlxufIpxWtnK5SPnARqcL2nERmTA1T4K71HaXXOJj0_m1mNaKYwphZBGcC802qZFqxbCzppsGGPpg&mlSearchSessionGuid=01c45990cad23f8feaad5748c9eace74,cian,2026-05-04T21:45:05.727665+00:00,Санкт-Петербург,Санкт-Петербург,sale,flat,developer,3rooms,3,86.88,27940608.0,321600.0,2.0,10.0,0.2,False,False,Калининский,Финляндский,,Лесная,Квартал бизнес-класса Б15,321600.0,17.145591708262774,4.47597224751641
328168004,https://spb.cian.ru/sale/flat/328168004/?context=4.IatNrvkZz1Q.TgpRMSmng36I6l6h12aA6BHYUM_ljVT7WA9jeMXDUlJvB5MVc7ZKrMtU8j8lfGqEUnEGK5OEt1dKWw&mlSearchSessionGuid=01c45990cad23f8feaad5748c9eace74,cian,2026-05-04T21:45:05.727665+00:00,Санкт-Петербург,Санкт-Петербург,sale,flat,real_estate_agent,3rooms,3,170.0,78000000.0,458823.5294117647,3.0,6.0,0.5,False,False,Петроградский,Каменноостровский проспект,62,Петроградская,Каменноостровская коллекция,458823.5294117647,18.17221939747438,5.14166355650266
329368225,https://spb.cian.ru/sale/flat/329368225/?context=4.aQJ1xBLbnMU.2Jlu22lQ3X1PyPf74d4B9pmmSGhiGNrlqHEaI1Ngs3AAL-HBoQhvsBtzuIO2NqxG4tcQ4UsF5SV8hA&mlSearchSessionGuid=01c45990cad23f8feaad5748c9eace74,cian,2026-05-04T21:45:05.727665+00:00,Санкт-Петербург,Санкт-Петербург,sale,flat,real_estate_agent,3rooms,3,52.0,10000000.0,192307.6923076923,12.0,12.0,1.0,False,True,Калининский,Тимуровская,19,Гражданский проспект,unknown,192307.6923076923,16.118095750958314,3.970291913552122
326074464,https://spb.cian.ru/sale/flat/326074464/?context=4.DLu9uAtuBUs.me1PpXYkpW-2HiZYB5NditlEjN_ukYZWyqc9BUpkYrM47_a5OAjf4bj9RhWgG-pF6L4cPZMNrwWf2A&mlSearchSessionGuid=01c45990cad23f8feaad5748c9eace74,cian,2026-05-04T21:45:05.727665+00:00,Санкт-Петербург,Санкт-Петербург,sale,flat,developer,3rooms,3,111.58,75316500.0,675000.0,7.0,10.0,0.7,False,False,Центральный,Новгородская,14,Площадь Александра Невского,Гильдия,675000.0,18.137209805549357,4.7236640800358805
305627187,https://spb.cian.ru/sale/flat/305627187/?context=4.2mrTB4mF7ok.8SH3jxGYci3fz1y5HWZBP2rWUIvu_qWnSnyOMkuRX4xwU10Nr5SSZ9H_g9rJ4jdZnAPsN5GA_fPi3g&mlSearchSessionGuid=01c45990cad23f8feaad5748c9eace74,cian,2026-05-04T21:45:05.727665+00:00,Санкт-Петербург,Санкт-Петербург,sale,flat,real_estate_agent,3rooms,3,175.5,77570000.0,441994.301994302,8.0,9.0,0.8888888888888888,False,False,Центральный,Тверская,1,Чернышевская,unknown,441994.301994302,18.166691325358634,5.173320876373351
326280839,https://spb.cian.ru/sale/flat/326280839/?context=4.JzmcaHFfPCw.OdqnhK9J0wASnzFY9XABGVa81A1vmkwrnxyfehYzHSZ6Mkq0kmLTaUU_M6QcKbQPuYvVGPOzFg1SAg&mlSearchSessionGuid=01c45990cad23f8feaad5748c9eace74,cian,2026-05-04T21:45:05.727665+00:00,Санкт-Петербург,Санкт-Петербург,sale,flat,real_estate_agent,3rooms,3,99.5,25900000.0,260301.50753768845,3.0,4.0,0.75,False,False,Центральный,Шпалерная,26,Чернышевская,unknown,260301.50753768845,17.069753565279804,4.61015772749913
323954848,https://spb.cian.ru/sale/flat/323954848/?context=4.UirzLVMu_yc.WUjeaR77im9GYguBzVHxtz3SPgQGRAlM9Uh55QI5umiGomEICEpYXDRu4Oj3un_7wcm7je8Ajwahpg&mlSearchSessionGuid=01c45990cad23f8feaad5748c9eace74,cian,2026-05-04T21:45:05.727665+00:00,Санкт-Петербург,Санкт-Петербург,sale,flat,developer,3rooms,3,86.79,26940000.0,310404.42447286553,3.0,5.0,0.6,False,False,Курортный,unknown,,Зенит,Лисино,310404.42447286553,17.109122766066015,4.474947598938117
328306000,https://spb.cian.ru/sale/flat/328306000/?context=4.1Cj11YOaQn8.YqP4Yqn998TzP1KPIOwrjgQrR0hWFD27HCBnPkY3do920WFBW_ysKZz8p27MZTaNaWW6XYsNsNbS6g&mlSearchSessionGuid=01c45990cad23f8feaad5748c9eace74,cian,2026-05-04T21:45:05.727665+00:00,Санкт-Петербург,Санкт-Петербург,sale,flat,real_estate_agent,3rooms,3,119.9,55150000.0,459966.6388657214,3.0,6.0,0.5,False,False,Петроградский,проспект Малый Петроградской стороны,79-81-83,Петроградская,unknown,459966.6388657214,17.82556732179615,4.794963757620747
327136708,https://spb.cian.ru/sale/flat/327136708/?context=4.cUiQskAHQMY.PgoxcUeobakaP_BI20rjqCUQqNLDDfO00-azL3LZsV0A4u0wAuIqoH8CYbS_H3PjJuPzA922r8beXg&mlSearchSessionGuid=01c45990cad23f8feaad5748c9eace74,cian,2026-05-04T21:45:05.727665+00:00,Санкт-Петербург,Санкт-Петербург,sale,flat,homeowner,3rooms,3,77.0,13990000.0,181688.3116883117,4.0,5.0,0.8,False,False,Пушкинский,Ростовская,4к3,Шушары,unknown,181688.3116883117,16.45385341812129,4.356708826689592
318140413,https://spb.cian.ru/sale/flat/318140413/?context=4.Wbrmdchjx0k.JhrOuoljKLYYgu1zcLT56DhgX_F1dnn3K-EjTU7r7fUQ0fxOjR0IVc9ZWa6s8E-Br4nHzIkOkRIQ_w&mlSearchSessionGuid=01c45990cad23f8feaad5748c9eace74,cian,2026-05-04T21:45:05.727665+00:00,Санкт-Петербург,Санкт-Петербург,sale,flat,developer,3rooms,3,118.7,64145480.0,540400.0,8.0,9.0,0.8888888888888888,False,False,Петроградский,Петровский проспект,11к2,Крестовский остров,NEVA HAUS,540400.0,17.976664202273366,4.784988612563928
326070830,https://spb.cian.ru/sale/flat/326070830/?context=4.kwjm3GKbbiI.EuTynvUWHgJ-WL7bb6t7bTpa8A1fYuEVLFV1uyzVGUu9UehXm4Cu2k-VvLUksg63adEj4B0kHyl2xQ&mlSearchSessionGuid=01c45990cad23f8feaad5748c9eace74,cian,2026-05-04T21:45:05.727665+00:00,Санкт-Петербург,Санкт-Петербург,sale,flat,real_estate_agent,3rooms,3,79.7,44900000.0,563362.6097867001,4.0,9.0,0.4444444444444444,False,False,Петроградский,Малая Зеленина,4,Чкаловская,Квадрия,563362.6097867001,17.619948374984197,4.390738575275903
323374665,https://spb.cian.ru/sale/flat/323374665/?context=4.8zVBTbfSbkc.oE4X96apl_pQC-2OWy2f5v_pwqz4eNEBICI6kWaqW22YznNbf5rGsQwERv6SVoVJkrjiClroJoZ_cg&mlSearchSessionGuid=01c45990cad23f8feaad5748c9eace74,cian,2026-05-04T21:45:05.727665+00:00,Санкт-Петербург,Санкт-Петербург,sale,flat,real_estate_agent,3rooms,3,71.0,14000000.0,197183.0985915493,2.0,5.0,0.4,False,False,Центральный,Невский проспект,136,Площадь Восстания,unknown,197183.0985915493,16.454567959008102,4.276666119016055
325496299,https://spb.cian.ru/sale/flat/325496299/?context=4.MMqrdnMsHyo._bGGRCNsbcCmUnXixGK7yvNhQRPd_8vWytk5fDUiE1g1xH8u4iaksvelDNloigMzXlNstn-H3M5cgg&mlSearchSessionGuid=01c45990cad23f8feaad5748c9eace74,cian,2026-05-04T21:45:05.727665+00:00,Санкт-Петербург,Санкт-Петербург,sale,flat,developer,3rooms,3,86.8,41499080.0,478100.0,3.0,7.0,0.4285714285714285,False,False,Адмиралтейский,набережная Обводного Канала,169,Балтийская,Лермонтовский 54,478100.0,17.54118184037742,4.475061500641071
326471085,https://spb.cian.ru/sale/flat/326471085/?context=4.bhl3wfLqjEM.lmvbu8I0PYQjqkkLRVbL-ccI09WBz-uoGm14ztqytHoTQEFnzI5ogUtgQKUR2gz9MHU8jeQ8gS02fw&mlSearchSessionGuid=01c45990cad23f8feaad5748c9eace74,cian,2026-05-04T21:45:05.727665+00:00,Санкт-Петербург,Санкт-Петербург,sale,flat,real_estate_agent,3rooms,3,241.0,227000000.0,941908.713692946,8.0,9.0,0.8888888888888888,False,False,Петроградский,Ждановская,45,Чкаловская,Леонтьевский мыс,941908.713692946,19.240460579850964,5.488937726156687
328986266,https://spb.cian.ru/sale/flat/328986266/?context=4.Al_vG497dqY.s2Dt6y1MrQQPeJlFeoE1nsxhcDX9i6yrhT6ew7ewrdaI4GltMbExscCeZlw7KKJMvVwzr8Vvwnr6QA&mlSearchSessionGuid=01c45990cad23f8feaad5748c9eace74,cian,2026-05-04T21:45:05.727665+00:00,Санкт-Петербург,Санкт-Петербург,sale,flat,realtor,3rooms,3,78.6,17500000.0,222646.31043257,3.0,5.0,0.6,False,False,Приморский,Лисичанская,14,Черная речка,unknown,222646.31043257,16.677711496036597,4.377014092850337
328459035,https://spb.cian.ru/sale/flat/328459035/?context=4.rJoQdf9toPw._h4sCSA-TbTTzQ1lGMLiE1D6bYTtNJl1VjBJdbX7BZ3fJZkGM7Ep_cODjXQwkIZYEBanEU2-5gLH9w&mlSearchSessionGuid=01c45990cad23f8feaad5748c9eace74,cian,2026-05-04T21:45:05.727665+00:00,Санкт-Петербург,Санкт-Петербург,sale,flat,developer,3rooms,3,90.61,35790950.0,395000.0,3.0,4.0,0.75,False,False,Курортный,Кривоносовская,57,unknown,Ранта Резиденс,395000.0,17.39320565405725,4.517540436027117
328306654,https://spb.cian.ru/sale/flat/328306654/?context=4.js0RqcuiJpc.2Lzcubd_7ZXlkTErDjNVxTMkqbliJic11AU4TzN4RiAVlUnqg5iVmsAfYO4YoxIC8VZ1E00XOzBwqA&mlSearchSessionGuid=01c45990cad23f8feaad5748c9eace74,cian,2026-05-04T21:45:05.727665+00:00,Санкт-Петербург,Санкт-Петербург,sale,flat,real_estate_agent,3rooms,3,113.9,53900000.0,473222.1246707638,3.0,6.0,0.5,False,False,Петроградский,проспект Малый Петроградской стороны,79-81-83,Петроградская,unknown,473222.1246707638,17.8026410544321,4.74406218485471
327991375,https://spb.cian.ru/sale/flat/327991375/?context=4.8qdl-9coelg.IEgXLAo2PCAYYxfs2Hd-4i-N2wKCehcQToTfjo-u0kuXMlBwZ826Z--nuGzuk7mmH0D8kqPHqI6icw&mlSearchSessionGuid=01c45990cad23f8feaad5748c9eace74,cian,2026-05-04T21:45:05.727665+00:00,Санкт-Петербург,Санкт-Петербург,sale,flat,real_estate_agent,3rooms,3,147.5,153000000.0,1037288.1355932204,4.0,5.0,0.8,False,False,Петроградский,набережная Мартынова,74Б,Крестовский остров,unknown,1037288.1355932204,18.845948485892656,5.000584958242754
310645774,https://spb.cian.ru/sale/flat/310645774/?context=4.sBBYo3Sz3ho.4pinIAyTWaSoRcHp88OEJOwEtsFL_FWPW4u12tOretJwPahsl47e0Sxa2_vpClhTj70fOOmoVShRbw&mlSearchSessionGuid=01c45990cad23f8feaad5748c9eace74,cian,2026-05-04T21:45:05.727665+00:00,Санкт-Петербург,Санкт-Петербург,sale,flat,developer,3rooms,3,75.5,42975500.0,569211.9205298013,9.0,12.0,0.75,False,False,Курортный,Приморское шоссе,570Л,unknown,МФК Морская ривьера,569211.9205298013,17.576140767105898,4.33729074083249
327017514,https://spb.cian.ru/sale/flat/327017514/?context=4.mr7VjYidirM.nH32bhxKLv0MLTtqdXBUWMWaKwoYfU5pffqrQdKBY9QlWmu4ZADOfNLxIN_t2uvrsR7rEUW_4OZzVw&mlSearchSessionGuid=01c45990cad23f8feaad5748c9eace74,cian,2026-05-04T21:45:05.727665+00:00,Санкт-Петербург,Санкт-Петербург,sale,flat,real_estate_agent,3rooms,3,60.5,12600000.0,208264.46280991737,2.0,9.0,0.2222222222222222,False,False,Василеостровский,Наличная,40К1,Приморская,unknown,208264.4628099173,16.349207451286784,4.119037174812473
328562960,https://spb.cian.ru/sale/flat/328562960/?context=4.g81CTvXgdZs.MR4rRev8na2rWmbGu4cmp98W0GyApb3nWsWNKZR1unh9gg5-e0y9K51SqS4YI0Y2wVmoU7nUWOPCKQ&mlSearchSessionGuid=01c45990cad23f8feaad5748c9eace74,cian,2026-05-04T21:45:05.727665+00:00,Санкт-Петербург,Санкт-Петербург,sale,flat,realtor,3rooms,3,68.7,11900000.0,173216.885007278,1.0,12.0,0.0833333333333333,True,False,Приморский,Шуваловский проспект,59К2,Комендантский проспект,unknown,173216.885007278,16.29204904211537,4.244200317766478
329448327,https://spb.cian.ru/sale/flat/329448327/?context=4.c5mHoFEMfws.XIHLq3VZIqIhhEYDlVVzRguTFVZSkT3G06CG6IWfvoBpY2umcrDhy_w4h_fiAG-3hPBfS3TgwQ-UjA&mlSearchSessionGuid=01c45990cad23f8feaad5748c9eace74,cian,2026-05-04T21:45:05.727665+00:00,Санкт-Петербург,Санкт-Петербург,sale,flat,real_estate_agent,3rooms,3,166.97,37250000.0,223093.96897646284,18.0,20.0,0.9,False,False,Красносельский,Маршала Захарова,10,Юго-Западная,Огни Залива,223093.96897646284,17.43316252963548,5.123785392028911
326675451,https://spb.cian.ru/sale/flat/326675451/?context=4.c09324kjjK8.gWCAUrw1d3dxGT3QVd9NHktMFCR7yibQ9XnG8zXZvk92mfYtM-GXn-UjcUmxB7cPctQNd9LCaJgf9Q&mlSearchSessionGuid=01c45990cad23f8feaad5748c9eace74,cian,2026-05-04T21:45:05.727665+00:00,Санкт-Петербург,Санкт-Петербург,sale,flat,real_estate_agent,3rooms,3,80.1,12900000.0,161048.6891385768,1.0,9.0,0.1111111111111111,True,False,Пушкинский,Ростовская,19/3,Шушары,unknown,161048.6891385768,16.372737946851277,4.395682961121367
328665237,https://spb.cian.ru/sale/flat/328665237/?context=4.wjd6_bwWOEo.LYtZMvvPDD5Xf6i0L6dZp-qPXbAx6keNh079EZ46Aume-M8oGaBuXmvDChbt7qn2pae06raPaFd-TQ&mlSearchSessionGuid=01c45990cad23f8feaad5748c9eace74,cian,2026-05-04T21:45:05.727665+00:00,Санкт-Петербург,Санкт-Петербург,sale,flat,realtor,3rooms,3,55.5,14990000.0,270090.0900900901,5.0,5.0,1.0,False,True,Адмиралтейский,Можайская,9,Пушкинская,unknown,270090.0900900901,16.52289393678992,4.034240638152395
327104311,https://spb.cian.ru/sale/flat/327104311/?context=4.Ki6tTPZhVtM.yG6stHv_N7jR3_VAcmf8TzcnddVVxQFLDngV_Q8QwGcTFzi5BtOIJ1QbGEFtzGZOVbdI2s2mFONJtA&mlSearchSessionGuid=01c45990cad23f8feaad5748c9eace74,cian,2026-05-04T21:45:05.727665+00:00,Санкт-Петербург,Санкт-Петербург,sale,flat,developer,3rooms,3,145.19,135135593.0,930750.0034437634,22.0,24.0,0.9166666666666666,False,False,Московский,Алтайская,39,Московская,Шепилевский,930750.0034437634,18.72178923233052,4.9849071455235245
328662790,https://spb.cian.ru/sale/flat/328662790/?context=4.yuKjs6N1Dss.dQyzb_YS4MFTBD3ANHc8-Rnr5aKPSyzyiOLja7WGSSncWN4zwY_i08WkLl5K9i141qlYCMtDfHX4dw&mlSearchSessionGuid=01c45990cad23f8feaad5748c9eace74,cian,2026-05-04T21:45:05.727665+00:00,Санкт-Петербург,Санкт-Петербург,sale,flat,real_estate_agent,3rooms,3,59.8,13200000.0,220735.78595317728,10.0,10.0,1.0,False,True,Выборгский,Светлановский проспект,37,Политехническая,unknown,220735.78595317728,16.395727463314174,4.107589788972121
329329924,https://spb.cian.ru/sale/flat/329329924/?context=4.eSrqf6NM2-A.vdC-Yi9h4NIfhA0D47CjwhQtE8jWtlhefrYAyombhoPpqJDaWnMopzZOKPAOw19uWwi5Z2zsbl667w&mlSearchSessionGuid=01c45990cad23f8feaad5748c9eace74,cian,2026-05-04T21:45:05.727665+00:00,Санкт-Петербург,Санкт-Петербург,sale,flat,real_estate_agent,3rooms,3,56.1,10200000.0,181818.18181818185,1.0,5.0,0.2,True,False,Московский,Ленсовета,42,Московская,unknown,181818.18181818185,16.13789837629371,4.044804116661965
329533112,https://spb.cian.ru/sale/flat/329533112/?context=4.aEhXVrLHwZ4.PSu30_rRqXijonpvKrHcBC_C_fh86Fe9zDHJiThtcR4-3rl315CnaQ5p6mD0Ab6rTTOWCm-D9b42Pw&mlSearchSessionGuid=01c45990cad23f8feaad5748c9eace74,cian,2026-05-04T21:45:05.727665+00:00,Санкт-Петербург,Санкт-Петербург,sale,flat,developer,3rooms,3,99.74,42847307.0,429590.0040104272,3.0,18.0,0.1666666666666666,False,False,Василеостровский,бульвар Головнина,13,Приморская,Башни Элемент,429590.0040104272,17.573153377230597,4.612542940317504
270930303,https://spb.cian.ru/sale/flat/270930303/?context=4.H7BRNDOOO7o.5LXiX0hsHip2twpqtVshsZ0XKRlXvFqlC3J2LrJcPzYFBBeud5ZLrV0UCHOn_y9H8KOm-I7L28JbdQ&mlSearchSessionGuid=01c45990cad23f8feaad5748c9eace74,cian,2026-05-04T21:45:05.727665+00:00,Санкт-Петербург,Санкт-Петербург,sale,flat,real_estate_agent,3rooms,3,70.0,7900000.0,112857.14285714286,1.0,2.0,0.5,True,False,Красногвардейский,Беломорская,40,Ладожская,unknown,112857.14285714286,15.88237344401952,4.262679877041316
327097365,https://spb.cian.ru/sale/flat/327097365/?context=4.5m13a1d7DZ0.6uWLJ9wCshQWnfzD-X9DkU6NqwJ77laZr7xaIbLysp-PYeKwFNfk3gHheg9GsQFbFEUaaT-M3OCKdg&mlSearchSessionGuid=01c45990cad23f8feaad5748c9eace74,cian,2026-05-04T21:45:05.727665+00:00,Санкт-Петербург,Санкт-Петербург,sale,flat,developer,3rooms,3,98.55,44731845.0,453900.0,4.0,18.0,0.2222222222222222,False,False,Василеостровский,бульвар Головнина,13,Приморская,Башни Элемент,453900.0,17.616196244398726,4.600660030510205
329551341,https://spb.cian.ru/sale/flat/329551341/?context=4.ydltYlba2NY.8ZnbHa1r8gfIbhpKvEikNTocswOaOzq7Wnktu022_14CVrQVFACfKqmrbTRXhbkOdIxxoUikH4aLWA&mlSearchSessionGuid=01c45990cad23f8feaad5748c9eace74,cian,2026-05-04T21:45:05.727665+00:00,Санкт-Петербург,Санкт-Петербург,sale,flat,real_estate_agent,3rooms,3,85.0,37800000.0,444705.8823529412,3.0,4.0,0.75,False,False,Петроградский,Плуталова,22,Петроградская,unknown,444705.8823529412,17.44781968704484,4.454347296253507
328114667,https://spb.cian.ru/sale/flat/328114667/?context=4.tmYsJrAaH0Q.5wFqFiZF6YhIY4_1vpsAKuSd5CvLi7w5ZGxFrfYIVJSrcw-3OREp3Oubs1Aay_dOaPgV3Dd7QHXPUg&mlSearchSessionGuid=01c45990cad23f8feaad5748c9eace74,cian,2026-05-04T21:45:05.727665+00:00,Санкт-Петербург,Санкт-Петербург,sale,flat,real_estate_agent,3rooms,3,58.3,7500000.0,128644.93996569468,2.0,9.0,0.2222222222222222,False,False,Колпинский,Тверская,54,Шушары,unknown,128644.93996569468,15.830413711839864,4.08260930600368
327096240,https://spb.cian.ru/sale/flat/327096240/?context=4.XmpL5TL5o_U.iprlRpKhG7GmPmZhJW30q4w7ab-5dzDCs150fSNyymC-eongTtz6uud94XsUmNvomUHv-KmZc9GArQ&mlSearchSessionGuid=01c45990cad23f8feaad5748c9eace74,cian,2026-05-04T21:45:05.727665+00:00,Санкт-Петербург,Санкт-Петербург,sale,flat,developer,3rooms,3,218.34,190599903.0,872950.0,3.0,8.0,0.375,False,False,Петроградский,Ремесленная,17литЗ,Спортивная,17/33 Петровский остров,872950.0,19.06568704551164,5.390623037332063
324600103,https://spb.cian.ru/sale/flat/324600103/?context=4.CKigI5dxCjw.N5JF7AxgCM4qfLljtnnYuviRwc2A17OS3VCGqp9lqbyTnCwhcFHd9yaUPp1uIHNVGexFFpBx0ryLOg&mlSearchSessionGuid=01c45990cad23f8feaad5748c9eace74,cian,2026-05-04T21:45:05.727665+00:00,Санкт-Петербург,Санкт-Петербург,sale,flat,real_estate_agent,3rooms,3,92.6,53300000.0,575593.9524838013,2.0,3.0,0.6666666666666666,False,False,Центральный,Итальянская,11,Невский проспект,unknown,575593.9524838013,17.7914469078978,4.539030383483547
327942389,https://spb.cian.ru/sale/flat/327942389/?context=4.MzzbjzRRBj8.WGg2vl-UcpEMocZbx7w3XCNHC1oz-BZ5ZO-hM2GYq50QPXYPrKqvJovCaQISMY4gqxIF84rvQz95bA&mlSearchSessionGuid=01c45990cad23f8feaad5748c9eace74,cian,2026-05-04T21:45:05.727665+00:00,Санкт-Петербург,Санкт-Петербург,sale,flat,real_estate_agent,3rooms,3,85.0,37900000.0,445882.3529411765,3.0,5.0,0.6,False,False,Центральный,Малая Морская,6,Адмиралтейская,unknown,445882.3529411765,17.450461696437877,4.454347296253507
327104310,https://spb.cian.ru/sale/flat/327104310/?context=4.CxooCXgcxfA.EJVGZ74_hhvpjRWf-el_tcGLqUc5RrrN8aeev0d2ZBfDp7X9TFIiI2mPWBOX8Oc0IbJ_-PJCnhSp8g&mlSearchSessionGuid=01c45990cad23f8feaad5748c9eace74,cian,2026-05-04T21:45:05.727665+00:00,Санкт-Петербург,Санкт-Петербург,sale,flat,developer,3rooms,3,85.12,79225440.0,930750.0,22.0,24.0,0.9166666666666666,False,False,Московский,Алтайская,39,Московская,Шепилевский,930750.0,18.187808029950503,4.4557416724961625
328978165,https://spb.cian.ru/sale/flat/328978165/?context=4.dEvZbvZKWNA.cgiaW_bPbg2qRj5BCBbnvp7tc8MTBCKzVIpvGPK4fOaPsisQVjqMrVBHhkURS0JaExGYXblpi0nm4A&mlSearchSessionGuid=01c45990cad23f8feaad5748c9eace74,cian,2026-05-04T21:45:05.727665+00:00,Санкт-Петербург,Санкт-Петербург,sale,flat,real_estate_agent,3rooms,3,59.9,12400000.0,207011.68614357265,5.0,5.0,1.0,False,True,Кировский,Трамвайный проспект,21К1,Ленинский проспект,unknown,207011.68614357265,16.333207111220425,4.109233174715851
328608852,https://spb.cian.ru/sale/flat/328608852/?context=4.3cxTK0N3nc0.kv048svMc-KJERYRXHQWQQmt4drxrZwPbsNPYQdwUFXfeQ2cwx3Qul-_0TVAHP9Vk0RvPwuEDeWS0w&mlSearchSessionGuid=01c45990cad23f8feaad5748c9eace74,cian,2026-05-04T21:45:05.727665+00:00,Санкт-Петербург,Санкт-Петербург,sale,flat,homeowner,3rooms,3,62.7,10500000.0,167464.11483253588,2.0,9.0,0.2222222222222222,False,False,Кировский,Зины Портновой,17К1,Ленинский проспект,unknown,167464.11483253588,16.166885910365842,4.154184562578117
327917912,https://spb.cian.ru/sale/flat/327917912/?context=4.g1vewXD6kPI.q4vM-JdtQ-dSNCKeN9Sgkln7PIdwud3JCyy4t86fZ9tv9VW3uQdVW6754oNzIIgEgNPUmLLWVk0pJA&mlSearchSessionGuid=01c45990cad23f8feaad5748c9eace74,cian,2026-05-04T21:45:05.727665+00:00,Санкт-Петербург,Санкт-Петербург,sale,flat,developer,3rooms,3,78.68,37425482.0,475667.0310116929,5.0,11.0,0.4545454545454545,False,False,Адмиралтейский,Измайловское,,Балтийская,Ставни Обводный ЖК,475667.0310116929,17.43786239399831,4.378018613276343
329022834,https://spb.cian.ru/sale/flat/329022834/?context=4.eVEKeVKP_lA.Bii1aqN6qxExrUApZ5g0FMdTS0_suhp1qhtuOw9Kx5Qg5lRpdkKYmZXbjNPFZjMKfiQaS8ZtRZHfHg&mlSearchSessionGuid=01c45990cad23f8feaad5748c9eace74,cian,2026-05-04T21:45:05.727665+00:00,Санкт-Петербург,Санкт-Петербург,sale,flat,real_estate_agent,3rooms,3,82.9,17424000.0,210180.9408926417,1.0,4.0,0.25,True,False,Приморский,Ивановская,10,Беговая,unknown,210180.9408926417,16.67335918154698,4.429625613473161
321424751,https://spb.cian.ru/sale/flat/321424751/?context=4.WI2JS5eFpW0.5n7daWs9GR-hygztQ64GPjlEFmGQn-2YVfHf85RbH-sgzBzfx8Q8W259Eysih496Hm2X57XqRFQDdA&mlSearchSessionGuid=01c45990cad23f8feaad5748c9eace74,cian,2026-05-04T21:45:05.727665+00:00,Санкт-Петербург,Санкт-Петербург,sale,flat,real_estate_agent,3rooms,3,80.0,36900000.0,461250.0,7.0,14.0,0.5,False,False,Приморский,Белоостровская,10к2,Лесная,ЦДС Черная речка,461250.0,17.423722136111028,4.394449154672439
327097357,https://spb.cian.ru/sale/flat/327097357/?context=4.VIcbJ33TcLc.I1AljrjIBytRSv5AEiyCIMv7cDvcHrr8XCUD67fZlMINpWaTtHOxaBvll50ZvYfvX6jcEbS9t0ynUw&mlSearchSessionGuid=01c45990cad23f8feaad5748c9eace74,cian,2026-05-04T21:45:05.727665+00:00,Санкт-Петербург,Санкт-Петербург,sale,flat,developer,3rooms,3,74.74,58764325.0,786250.0,11.0,18.0,0.6111111111111112,False,False,Василеостровский,бульвар Головнина,13,Приморская,Башни Элемент,786250.0,17.889045528071254,4.327306422473649
319560711,https://spb.cian.ru/sale/flat/319560711/?context=4.D63DfghXiQ8.KcE9hoVUtOXHg2pERwMHkmx1k5OrS9R2HG1IbMlcbI04GPBZ5Qt3pLtXBLClNX8Kav2L1djzvRlvsw&mlSearchSessionGuid=01c45990cad23f8feaad5748c9eace74,cian,2026-05-04T21:45:05.727665+00:00,Санкт-Петербург,Санкт-Петербург,sale,flat,real_estate_agent,3rooms,3,86.2,30900000.0,358468.67749419954,3.0,4.0,0.75,False,False,Центральный,Чайковского,6,Чернышевская,unknown,358468.67749419954,17.24626677423043,4.468204330914934
329242480,https://spb.cian.ru/sale/flat/329242480/?context=4.-8etlANOT3E.KUnnxXv3dzEisiigx7auDnb5sFkUQsvabRf-UC3_FeqoX59fvcPGMT_unQV6l6Yli9cBK8hBLHF1ig&mlSearchSessionGuid=01c45990cad23f8feaad5748c9eace74,cian,2026-05-04T21:45:05.727665+00:00,Санкт-Петербург,Санкт-Петербург,sale,flat,real_estate_agent,3rooms,3,67.5,12500000.0,185185.1851851852,4.0,4.0,1.0,False,True,Фрунзенский,Южное шоссе,66,Проспект Славы,unknown,185185.1851851852,16.341239282272525,4.22683374526818
327497178,https://spb.cian.ru/sale/flat/327497178/?context=4.nWFbLVzd1eY.u6fgAgDUX2C6Eb7dpJUQfmXXVEnWdnepXEhmV6Ukm6p2Iwd_O8SZVKLJMu3A1wJZXNueu_F6w_zYRA&mlSearchSessionGuid=01c45990cad23f8feaad5748c9eace74,cian,2026-05-04T21:45:05.727665+00:00,Санкт-Петербург,Санкт-Петербург,sale,flat,developer,3rooms,3,79.25,27745998.0,350107.2302839117,7.0,12.0,0.5833333333333334,False,False,Московский,Среднерогатская,11к2,Звездная,Аквилон Leaves,350107.2302839117,17.138602207581577,4.385146762010125
329450378,https://spb.cian.ru/sale/flat/329450378/?context=4.o5RV9aujFX0.nxM6mkrzC-G1ERbL-XipBvjaYrjaDtpbkcNbVzw4CergUKjiBDz8yukLwc_V6BjBycXu0kdg42cAtQ&mlSearchSessionGuid=01c45990cad23f8feaad5748c9eace74,cian,2026-05-04T21:45:05.727665+00:00,Санкт-Петербург,Санкт-Петербург,sale,flat,real_estate_agent,3rooms,3,59.3,9500000.0,160202.36087689715,3.0,9.0,0.3333333333333333,False,False,Кировский,Дачный проспект,38К1,Проспект Ветеранов,unknown,160202.36087689715,16.066802461833923,4.09933210373314
329023373,https://spb.cian.ru/sale/flat/329023373/?context=4.BfHVHp--UhY.KCFF0JfgTeQFINXKAko2ZjJqcf07Bsn-5S8hZP7U8vRFChogrNy-Nldl69R7bTXiFboWqPkO536_GA&mlSearchSessionGuid=01c45990cad23f8feaad5748c9eace74,cian,2026-05-04T21:45:05.727665+00:00,Санкт-Петербург,Санкт-Петербург,sale,flat,real_estate_agent,3rooms,3,71.6,19450000.0,271648.04469273746,3.0,6.0,0.5,False,False,Центральный,Моховая,10,Чернышевская,unknown,271648.04469273746,16.78335767944261,4.28496492183075
323959933,https://spb.cian.ru/sale/flat/323959933/?context=4.gEVDxDViqe8.6yABDS4Bi6gmy9KLxdhcHnxitekMNMXEZtIRiJJhGMcdidy7T0riECEzSEpI_rN00rRQLkY0s2HSYA&mlSearchSessionGuid=01c45990cad23f8feaad5748c9eace74,cian,2026-05-04T21:45:05.727665+00:00,Санкт-Петербург,Санкт-Петербург,sale,flat,developer,3rooms,3,78.59,29445060.0,374666.75149510114,7.0,17.0,0.4117647058823529,False,False,Московский,Звёздное,,Звездная,Оро бай Аквилон ЖК,374666.75149510114,17.19803674601769,4.376888456817758
329009278,https://spb.cian.ru/sale/flat/329009278/?context=4.-DihdWR7Y5s.EfJmh40piZLXcVtRkC_SF6aGub0fI8w20n-Uqac-DT_HpPUKN0-1to30LLF1nOEuvTRcY8-QJDQsBA&mlSearchSessionGuid=01c45990cad23f8feaad5748c9eace74,cian,2026-05-04T21:45:05.727665+00:00,Санкт-Петербург,Санкт-Петербург,sale,flat,real_estate_agent,3rooms,3,103.5,35000000.0,338164.25120772945,5.0,8.0,0.625,False,False,Василеостровский,17-я Васильевского острова линия,14,Горный институт,unknown,338164.25120772945,17.370858648025116,4.6491870714048655
324659050,https://spb.cian.ru/sale/flat/324659050/?context=4.fnqmRPnykdI.dNxJE_5HnjiecMC_VkRdlv_zmgRFn99JAjofOg5FoELQQExKGBQDOkt_TYSwt5xfZ_WtBGPoTRisOQ&mlSearchSessionGuid=01c45990cad23f8feaad5748c9eace74,cian,2026-05-04T21:45:05.727665+00:00,Санкт-Петербург,Санкт-Петербург,sale,flat,real_estate_agent,3rooms,3,57.8,11000000.0,190311.4186851211,3.0,9.0,0.3333333333333333,False,False,Приморский,проспект Авиаконструкторов,13,Комендантский проспект,unknown,190311.4186851211,16.213405921671733,4.074141854904581
323514055,https://spb.cian.ru/sale/flat/323514055/?context=4.cGV_Mxop8og.KWj4mq9la-pRt5kJFtlIGx-Ub6MDzKeicO-PN-CT8p8bNQVm0mip14IyC81imyz5BluGBWsiWva6wQ&mlSearchSessionGuid=01c45990cad23f8feaad5748c9eace74,cian,2026-05-04T21:45:05.727665+00:00,Санкт-Петербург,Санкт-Петербург,sale,flat,developer,3rooms,3,111.69,85917915.0,769253.4246575342,3.0,8.0,0.375,False,False,Петроградский,Пионерская,53,Чкаловская,Avant,769253.4246575342,18.268902933309622,4.724640685964258
328638745,https://spb.cian.ru/sale/flat/328638745/?context=4.DIRVY-DJ51I.xgc4xBuknzsD0ge1fHJP90fLzrSw-W9Nqcg-YmCgBwBIXKqCgEz0hr43bRlO8OcvALhR2CrdZgz75w&mlSearchSessionGuid=01c45990cad23f8feaad5748c9eace74,cian,2026-05-04T21:45:05.727665+00:00,Санкт-Петербург,Санкт-Петербург,sale,flat,real_estate_agent,3rooms,3,57.4,11500000.0,200348.43205574912,8.0,10.0,0.8,False,False,Приморский,проспект Авиаконструкторов,3К1,Комендантский проспект,unknown,200348.43205574917,16.257857680289998,4.067315889834181
327497133,https://spb.cian.ru/sale/flat/327497133/?context=4.xYWiB_aL3p8.uftmc1uKMrbsXrSDNhlc024oKhRCXt_C4LL8jFnxYayJGK1NWzQxH2Emlw28S2oJ_ewH4JLS8Q5OdQ&mlSearchSessionGuid=01c45990cad23f8feaad5748c9eace74,cian,2026-05-04T21:45:05.727665+00:00,Санкт-Петербург,Санкт-Петербург,sale,flat,developer,3rooms,3,79.89,30762736.0,385063.662535987,8.0,12.0,0.6666666666666666,False,False,Московский,Среднерогатская,11к2,Звездная,Аквилон Leaves,385063.662535987,17.241814677837063,4.393090207029862
322303301,https://spb.cian.ru/sale/flat/322303301/?context=4.D_cGEzeuJuM.Foz2GkV0fcMgof8sEgPefgIv0pvaugPlh4f8nTDNmsmV5fuGrrhaYfQqOcy0hbLrJyYZr5bt3r8sBw&mlSearchSessionGuid=01c45990cad23f8feaad5748c9eace74,cian,2026-05-04T21:45:05.727665+00:00,Санкт-Петербург,Санкт-Петербург,sale,flat,realtor,3rooms,3,104.1,31900000.0,306436.1191162344,15.0,17.0,0.8823529411764706,False,False,Приморский,Приморский проспект,137к1,Беговая,Золотая гавань,306436.1191162344,17.278116599103036,4.6549122778829055
325667528,https://spb.cian.ru/sale/flat/325667528/?context=4.3ePivGuDR5Q.2Qje7UrF_qJ7jFJFybZzlCPC1HEvQ8xPLa6Rd0H3u40SSl6DaWyjOWi7S9G-Rgja4Ot5ngvRjDE_rA&mlSearchSessionGuid=01c45990cad23f8feaad5748c9eace74,cian,2026-05-04T21:45:05.727665+00:00,Санкт-Петербург,Санкт-Петербург,sale,flat,developer,3rooms,3,92.18,41008590.0,444875.1356042525,2.0,11.0,0.1818181818181818,False,False,Адмиралтейский,Измайловское,,Балтийская,Ставни Обводный ЖК,444875.1356042525,17.529292139304225,4.5345331063886505
327478413,https://spb.cian.ru/sale/flat/327478413/?context=4.g-t6Pl7-DRA.wuormfouGOqF8jGK4YBoz8jCQEzhq6lZh1eGV3dUH6JKv21n9oOxSxAD4mR-tcn9tGKgtnT513A-Ag&mlSearchSessionGuid=01c45990cad23f8feaad5748c9eace74,cian,2026-05-04T21:45:05.727665+00:00,Санкт-Петербург,Санкт-Петербург,sale,flat,real_estate_agent,3rooms,3,55.4,17900000.0,323104.69314079423,3.0,7.0,0.4285714285714285,False,False,Центральный,Невский проспект,135,Площадь Александра Невского,unknown,323104.69314079423,16.700311326676903,4.032469158504013
328223395,https://spb.cian.ru/sale/flat/328223395/?context=4.zf-05JjZYHs.rJLpV8CMGPnQsW5sFeYJV0mJm5o8cZ_yl299I3jrDdmPy3mmnuNEsqThyi112PghDWsWcLHNtppBfw&mlSearchSessionGuid=01c45990cad23f8feaad5748c9eace74,cian,2026-05-04T21:45:05.727665+00:00,Санкт-Петербург,Санкт-Петербург,sale,flat,real_estate_agent,3rooms,3,52.8,12000000.0,227272.7272727273,2.0,14.0,0.1428571428571428,False,False,Калининский,Кондратьевский проспект,85К1,Лесная,unknown,227272.7272727273,16.300417291085605,3.9852734671677386
327096200,https://spb.cian.ru/sale/flat/327096200/?context=4.6A4swiWIHJU.uG1gVBSByzd4uJXSWlN2BHidp5-61bxM_AfKRVplljXDsS9zejamAWmOplYCVUogcuonX9ELOY72lQ&mlSearchSessionGuid=01c45990cad23f8feaad5748c9eace74,cian,2026-05-04T21:45:05.727665+00:00,Санкт-Петербург,Санкт-Петербург,sale,flat,developer,3rooms,3,130.24,148786176.0,1142400.0,6.0,8.0,0.75,False,False,Петроградский,Ремесленная,17литЗ,Спортивная,17/33 Петровский остров,1142400.0,18.818020779542746,4.877027708092901
327240427,https://spb.cian.ru/sale/flat/327240427/?context=4.LX4PHZBhZJs.CBIhiQvdsBXJWYoya1N3vlPObCgGh_V5g-ObVwtxlhB9GgM5SuKyzjiKuAMKGKDR3JKvIuLsMbpEWg&mlSearchSessionGuid=01c45990cad23f8feaad5748c9eace74,cian,2026-05-04T21:45:05.727665+00:00,Санкт-Петербург,Санкт-Петербург,sale,flat,real_estate_agent,3rooms,3,78.8,14850000.0,188451.7766497462,11.0,18.0,0.6111111111111112,False,False,Невский,Рыбацкий проспект,7,Рыбацкое,unknown,188451.7766497462,16.51351049055305,4.379523504455763
325558792,https://spb.cian.ru/sale/flat/325558792/?context=4.tSMXvxmXrEA.7NAX36wxpdCofWzsUljIEcaX7cbIMPJ2dvqN1U0EODfcsFIFx8RbjU1dfAtkdPzXDBy3L2hnRExv6Q&mlSearchSessionGuid=01c45990cad23f8feaad5748c9eace74,cian,2026-05-04T21:45:05.727665+00:00,Санкт-Петербург,Санкт-Петербург,sale,flat,developer,3rooms,3,85.78,37785311.0,440490.918629051,2.0,9.0,0.2222222222222222,False,False,Василеостровский,Гавань,,Горный институт,МОНОДОМ АРТ,440490.9186290511,17.447431013647805,4.463376180370204
327279570,https://spb.cian.ru/sale/flat/327279570/?context=4.OyEhdJv9Ykc.9dVUugFbNQhxD3Kyw8O_ElHeDTIyrYrmSbsI91r11X1_cleV8YxxqIaOl3VkDr4xaDYFQGRJn-W-FQ&mlSearchSessionGuid=01c45990cad23f8feaad5748c9eace74,cian,2026-05-04T21:45:05.727665+00:00,Санкт-Петербург,Санкт-Петербург,sale,flat,real_estate_agent,3rooms,3,140.0,96000000.0,685714.2857142857,2.0,4.0,0.5,False,False,Адмиралтейский,набережная Крюкова Канала,11,Садовая,unknown,685714.2857142857,18.379858759848776,4.948759890378168
329222659,https://spb.cian.ru/sale/flat/329222659/?context=4.KYdEmdz6i54.mFOzab_eWiAtUefgLwlNcq8CIA-u5VPJnD6KViBz3BnNwe7cCYTI7nJLZ9ZOJ50UeWRp3NEoLwMU8A&mlSearchSessionGuid=01c45990cad23f8feaad5748c9eace74,cian,2026-05-04T21:45:05.727665+00:00,Санкт-Петербург,Санкт-Петербург,sale,flat,homeowner,3rooms,3,63.3,17700000.0,279620.8530805687,2.0,5.0,0.4,False,False,Выборгский,проспект Энгельса,55,Удельная,unknown,279620.8530805687,16.68907525404123,4.163559631243574
327096244,https://spb.cian.ru/sale/flat/327096244/?context=4.608hwTgVwVU.8f4aHDUvw997_Ts_s8sfAEVc_yLfCo8cZKwbKmVhirKJ3NpdeURMbda2ddH0b1KgI12KkjxPBUwVbg&mlSearchSessionGuid=01c45990cad23f8feaad5748c9eace74,cian,2026-05-04T21:45:05.727665+00:00,Санкт-Петербург,Санкт-Петербург,sale,flat,developer,3rooms,3,231.21,285359382.0,1234200.0,5.0,8.0,0.625,False,False,Петроградский,Ремесленная,17литЗ,Спортивная,17/33 Петровский остров,1234200.0,19.469259936831467,5.4476421346586
329643380,https://spb.cian.ru/sale/flat/329643380/?context=4.N3yu-jOz2PM.1SJYX2lJ4icUPuvBCvtuF3We9ZKgFyCr5OcL8k9gfAhiFc_5JJfXmYyc-k2ulhBtptHQpRzqCYXu8g&mlSearchSessionGuid=01c45990cad23f8feaad5748c9eace74,cian,2026-05-04T21:45:05.727665+00:00,Санкт-Петербург,Санкт-Петербург,sale,flat,realtor,3rooms,3,74.3,12900000.0,173620.45760430687,3.0,10.0,0.3,False,False,Калининский,Гражданский проспект,114К1,Гражданский проспект,unknown,173620.45760430687,16.372737946851277,4.321480134805848
324346816,https://spb.cian.ru/sale/flat/324346816/?context=4.NPTPHXSqILk.JOiG_Idg6tPtode7j3tuAlg712PU1auTJRdJ-yt0hoR3Q25g7EMTqIxswTHzvupJ4-Qjjm2gksf1WQ&mlSearchSessionGuid=01c45990cad23f8feaad5748c9eace74,cian,2026-05-04T21:45:05.727665+00:00,Санкт-Петербург,Санкт-Петербург,sale,flat,developer,3rooms,3,90.9,48199999.0,530253.0143014301,18.0,19.0,0.9473684210526316,False,False,Василеостровский,Челюскина,10,Приморская,GloraX Premium Василеостровский,530253.0143014301,17.690869579020827,4.520701029361642
323388230,https://spb.cian.ru/sale/flat/323388230/?context=4.Seh2YqqOtys.levcFQ1NbFPmL25RXP8vAKIEy6Jkwg8uLnq_QTwg7GNzvLLUUjCTp-YCWJj2JN-4JpxXKMLneyjJtw&mlSearchSessionGuid=01c45990cad23f8feaad5748c9eace74,cian,2026-05-04T21:45:05.727665+00:00,Санкт-Петербург,Санкт-Петербург,sale,flat,developer,3rooms,3,89.68,38819280.0,432864.40677966096,6.0,10.0,0.6,False,False,Василеостровский,17 линия ЖК,6Б,Василеостровская,17 линия ЖК,432864.40677966096,17.474427614152884,4.507336825639328
327239683,https://spb.cian.ru/sale/flat/327239683/?context=4.n7xNnAyGkCA.1Km6fWdzHLkQStnd5dFFCjKM7zrQFWC_2pSkBLIeNPrmx53Q8PDtTNnIgX8n1QR_j4aZQoQ5bOcaQA&mlSearchSessionGuid=01c45990cad23f8feaad5748c9eace74,cian,2026-05-04T21:45:05.727665+00:00,Санкт-Петербург,Санкт-Петербург,sale,flat,real_estate_agent,3rooms,3,138.1,60000000.0,434467.77697320783,5.0,6.0,0.8333333333333334,False,False,Петроградский,Каменноостровский проспект,73-75,Петроградская,unknown,434467.77697320783,17.909855136853043,4.935193098929397
327992391,https://spb.cian.ru/sale/flat/327992391/?context=4.zZZ-MOt6OiU.3JPOkPQKndaJASzegxlDDlFxmlxJMbCmVrd9J8J41sRSYVC6xeYPbZgYCx3xe4kER5AY_ZvTD0mL2w&mlSearchSessionGuid=01c45990cad23f8feaad5748c9eace74,cian,2026-05-04T21:45:05.727665+00:00,Санкт-Петербург,Санкт-Петербург,sale,flat,real_estate_agent,3rooms,3,71.14,14600000.0,205229.1256676975,2.0,15.0,0.1333333333333333,False,False,Московский,Пулковское шоссе,42к6,Звездная,ЦДС Московский,205229.1256676975,16.496532155171714,4.278608675475393
305677095,https://spb.cian.ru/sale/flat/305677095/?context=4.kAYzs-VJRK0.sv3ixPaDKo1YHuq0UYkcZKO5NuemkumbELFIsMliThqw5OP4d7ieHVjA4NpIT6KWB1uI9Mn9Zu5Dog&mlSearchSessionGuid=01c45990cad23f8feaad5748c9eace74,cian,2026-05-04T21:45:05.727665+00:00,Санкт-Петербург,Санкт-Петербург,sale,flat,developer,3rooms,3,84.35,45584680.0,540422.9994072318,9.0,10.0,0.9,False,False,Центральный,Кирилловская,11,Площадь Александра Невского,Новгородская 8,540422.9994072318,17.635082275060675,4.4467604492404496
327519211,https://spb.cian.ru/sale/flat/327519211/?context=4.9W9hqvD12dQ.us2Y80DRw80A7GtIPHyoSzoWOptU0EYdVs7biRB4AUV53XmWs1SIW1op7d6FZyivBKwikzkq8E15xA&mlSearchSessionGuid=01c45990cad23f8feaad5748c9eace74,cian,2026-05-04T21:45:05.727665+00:00,Санкт-Петербург,Санкт-Петербург,sale,flat,real_estate_agent,3rooms,3,75.0,15590000.0,207866.66666666663,18.0,24.0,0.75,False,False,Красносельский,Ленинский проспект,68,Юго-Западная,unknown,207866.66666666663,16.56214030517764,4.330733340286331
323563849,https://spb.cian.ru/sale/flat/323563849/?context=4.WvjL2wCrM8I.7b_nGBKuJqSuYUubo5HidQF4syilexYSBdL7jiEPMxO35-fF9ZKVb3tGyCi0iPhuhh5bkmm9AtKQuA&mlSearchSessionGuid=01c45990cad23f8feaad5748c9eace74,cian,2026-05-04T21:45:05.727665+00:00,Санкт-Петербург,Санкт-Петербург,sale,flat,homeowner,3rooms,3,57.0,12500000.0,219298.24561403508,3.0,9.0,0.3333333333333333,False,False,Выборгский,Сикейроса,15К1,Озерки,unknown,219298.24561403508,16.341239282272525,4.060443010546419
323387991,https://spb.cian.ru/sale/flat/323387991/?context=4.N-wKcmV1Lqc.ZWOQjnb88ZL61ISFdYTp4JXYQYOjfF5douQAOzNgv7wgEBY91KRFG8VURTPtCdfOQ-QfOqQzOZZe_w&mlSearchSessionGuid=01c45990cad23f8feaad5748c9eace74,cian,2026-05-04T21:45:05.727665+00:00,Санкт-Петербург,Санкт-Петербург,sale,flat,developer,3rooms,3,83.79,36052500.0,430272.1088435374,9.0,10.0,0.9,False,False,Василеостровский,17 линия ЖК,,Василеостровская,17 линия ЖК,430272.1088435374,17.40048679515569,4.440177611315912
327748150,https://spb.cian.ru/sale/flat/327748150/?context=4.Nce3d76eBWo.U6Kzh1j0QUDEkrKWBAnu8FIBqQgGKeBPExqHIZ-fsYD5LlDeex75wlfPm1H5orIv2Ohbv1S876WMuA&mlSearchSessionGuid=01c45990cad23f8feaad5748c9eace74,cian,2026-05-04T21:45:05.727665+00:00,Санкт-Петербург,Санкт-Петербург,sale,flat,real_estate_agent,3rooms,3,79.4,14950000.0,188287.15365239297,1.0,16.0,0.0625,True,False,Приморский,проспект Авиаконструкторов,31К1,Комендантский проспект,unknown,188287.1536523929,16.5202219246906,4.387014176184921
311349596,https://spb.cian.ru/sale/flat/311349596/?context=4.0Z3wWK-wnHw.tDj0qcWvNcvcdLMTmLZlG1cjnU8GdIvOGb16ASZdMyut_fL5kq5iRyWSWPT9Rm5sEZYZuRkzWvU6Rw&mlSearchSessionGuid=01c45990cad23f8feaad5748c9eace74,cian,2026-05-04T21:45:05.727665+00:00,Санкт-Петербург,Санкт-Петербург,sale,flat,real_estate_agent,3rooms,3,84.1,15500000.0,184304.39952437577,4.0,16.0,0.25,False,False,Московский,Звездная,5К1,Звездная,unknown,184304.39952437577,16.5563506464056,4.443827035579329
321998064,https://spb.cian.ru/sale/flat/321998064/?context=4.Gl0XrW_taWo.jTLIY3jF1bPayb_V0o5um11Kmp2geamS9Zr6USGtAdnikHgaKL1SbWYMP1x_chqBSW3JWulWvahlYg&mlSearchSessionGuid=01c45990cad23f8feaad5748c9eace74,cian,2026-05-04T21:45:05.727665+00:00,Санкт-Петербург,Санкт-Петербург,sale,flat,developer,3rooms,3,93.85,23852916.0,254160.00000000003,4.0,4.0,1.0,False,True,Кронштадтский,дорога Цитадельская,,unknown,Кронфорт.Центральный,254160.00000000003,16.98741707389951,4.552296696381023
327239682,https://spb.cian.ru/sale/flat/327239682/?context=4.wmh1U7NZOCM.SQpRcZjIf0-6l3xJO6U3DuEHUY75JhTdhK97r7iZRhmHJq3txle5ftxkoLQNYi5QX2NLldg4QeAd7g&mlSearchSessionGuid=01c45990cad23f8feaad5748c9eace74,cian,2026-05-04T21:45:05.727665+00:00,Санкт-Петербург,Санкт-Петербург,sale,flat,real_estate_agent,3rooms,3,111.2,34900000.0,313848.9208633093,3.0,6.0,0.5,False,False,Петроградский,Красного Курсанта,7,Спортивная,unknown,313848.9208633093,17.36799741582595,4.720282993088596
323775578,https://spb.cian.ru/sale/flat/323775578/?context=4.R8aTyB24k_o.nK0Whk3ajFZGxyDblJg857C5mEiyDcGMqfZWgOccdoX7EwJuyv5DTFyWE9gFWAFcrXmLrudyvtZ2_w&mlSearchSessionGuid=01c45990cad23f8feaad5748c9eace74,cian,2026-05-04T21:45:05.727665+00:00,Санкт-Петербург,Санкт-Петербург,sale,flat,real_estate_agent,3rooms,3,60.2,11800000.0,196013.28903654483,3.0,7.0,0.4285714285714285,False,False,Пушкинский,Детскосельский бульвар,3,Купчино,unknown,196013.28903654483,16.283610174181653,4.11414718951828
327097105,https://spb.cian.ru/sale/flat/327097105/?context=4.cO2ZrSZpXt4.VtCDsFYSdGHCtcTl0vexN1bQh0pGyBOKa_ND5L_GDhL4YyXy69tE30vk1QGMJT9dGuiETE3bheaSGA&mlSearchSessionGuid=01c45990cad23f8feaad5748c9eace74,cian,2026-05-04T21:45:05.727665+00:00,Санкт-Петербург,Санкт-Петербург,sale,flat,developer,3rooms,3,79.28,32901180.0,414999.74772956606,1.0,5.0,0.2,True,False,Курортный,Инструментальщиков,18,Комендантский проспект,BEREG.Курортный,414999.74772956606,17.309019111747865,4.385520523928138
322726634,https://spb.cian.ru/sale/flat/322726634/?context=4.st9eR_5foPA.sEFNneddsU9PP3cwua6euCOK8zcqYFFH0PwSlu0aCKZOGpGnYwF25xSF9WxATyzJTyYQJBhDZ5xgdg&mlSearchSessionGuid=01c45990cad23f8feaad5748c9eace74,cian,2026-05-04T21:45:05.727665+00:00,Санкт-Петербург,Санкт-Петербург,sale,flat,real_estate_agent,3rooms,3,83.0,39600000.0,477108.4337349398,11.0,12.0,0.9166666666666666,False,False,Приморский,Белоостровская,12,Черная речка,ЦДС Черная речка,477108.4337349398,17.494339701477234,4.430816798843313
324367077,https://spb.cian.ru/sale/flat/324367077/?context=4.EhPKOxS5ETk.x3cuLA5OwDhiqi4Y1nobN4xazitKY_yc1xdQ2kqHKHVuE6_On1WSMm88be0H30ko1Lu0OPLAUikRYg&mlSearchSessionGuid=01c45990cad23f8feaad5748c9eace74,cian,2026-05-04T21:45:05.727665+00:00,Санкт-Петербург,Санкт-Петербург,sale,flat,real_estate_agent,3rooms,3,75.1,37500000.0,499334.2210386152,2.0,5.0,0.4,False,False,Василеостровский,набережная Лейтенанта Шмидта,21,Горный институт,Гранвиль,499334.2210386152,17.439851517607305,4.33204826486764
327097066,https://spb.cian.ru/sale/flat/327097066/?context=4.jJ3rghBL2XU.H9lWlob7VSs3QV9jPh7XfJEXZP01pMmk5ce582ieobNMKOCel3j601n8e5QPkKtFcYhf2F5ulkrt5g&mlSearchSessionGuid=01c45990cad23f8feaad5748c9eace74,cian,2026-05-04T21:45:05.727665+00:00,Санкт-Петербург,Санкт-Петербург,sale,flat,developer,3rooms,3,84.9,39618585.0,466650.0,1.0,5.0,0.2,True,False,Курортный,Инструментальщиков,18,Комендантский проспект,BEREG.Курортный,466650.0,17.494808909551875,4.45318382899021
327362992,https://spb.cian.ru/sale/flat/327362992/?context=4.0XvqXmjflqw.wglvWlYaKzcTlIeDVXRt4odErRDaFuNBc7HpECLokqoH80dF3vHTsd8oPDB2Ydr6AkCokz_dNhV4IA&mlSearchSessionGuid=01c45990cad23f8feaad5748c9eace74,cian,2026-05-04T21:45:05.727665+00:00,Санкт-Петербург,Санкт-Петербург,sale,flat,real_estate_agent,3rooms,3,108.33,28350000.0,261700.36001107728,3.0,5.0,0.6,False,False,Центральный,Владимирский проспект,13/9,Достоевская,unknown,261700.36001107728,17.160137623411405,4.694370831446394
321376884,https://spb.cian.ru/sale/flat/321376884/?context=4.TThzNTcdUUQ.Fw0YMco64pg8rDPULTkLUjdt8zbc1thNIajgpnWDm_akO37jwcmcG0IHzwTB6hVtXGSGwFbxXL4NPg&mlSearchSessionGuid=01c45990cad23f8feaad5748c9eace74,cian,2026-05-04T21:45:05.727665+00:00,Санкт-Петербург,Санкт-Петербург,sale,flat,developer,3rooms,3,98.78,41487600.0,420000.0,2.0,4.0,0.5,False,False,Курортный,unknown,,unknown,Ранта Резиденс ЖК,420000.0,17.540905169475618,4.602967762432892
329158907,https://spb.cian.ru/sale/flat/329158907/?context=4.PYLxf_CS0Yc.i7ZwFc8KRhTm0SdPEAEtPQ03NesWVTSXpzctqEZXKOTrpG9RNnI7D8heQhxRcHyT_GgegT4y_KIZLg&mlSearchSessionGuid=01c45990cad23f8feaad5748c9eace74,cian,2026-05-04T21:45:05.727665+00:00,Санкт-Петербург,Санкт-Петербург,sale,flat,real_estate_agent,3rooms,3,122.8,49800000.0,405537.4592833877,18.0,24.0,0.75,False,False,Выборгский,Большой Сампсониевский проспект,4-6,Площадь Ленина,unknown,405537.4592833877,17.723525562075203,4.818667360250496
323514122,https://spb.cian.ru/sale/flat/323514122/?context=4.BrghqIE2Xxs.VNcsgYQV06OpRuQr-JMJzZVbZmVVCEhS7HqiV74e04l_SNKO7oaXCyp9t06DKGLe25_MIa-m874MAQ&mlSearchSessionGuid=01c45990cad23f8feaad5748c9eace74,cian,2026-05-04T21:45:05.727665+00:00,Санкт-Петербург,Санкт-Петербург,sale,flat,developer,3rooms,3,106.96,74551226.0,697000.9910246822,5.0,9.0,0.5555555555555556,False,False,Петроградский,Пионерская,53,Чкаловская,Avant,697000.9910246822,18.12699705779209,4.681760788149804
328307300,https://spb.cian.ru/sale/flat/328307300/?context=4.7g3tBTmCUXQ.LPEk-3gXOsM4XM99fwXT9HMLKm0zCHS8CpZvLLd3spbE-dTl9IExh2vjkXUWZ_TcVFp_uYIxUHYfBg&mlSearchSessionGuid=01c45990cad23f8feaad5748c9eace74,cian,2026-05-04T21:45:05.727665+00:00,Санкт-Петербург,Санкт-Петербург,sale,flat,real_estate_agent,3rooms,3,96.1,41500000.0,431841.8314255984,4.0,6.0,0.6666666666666666,False,False,Петроградский,Каменноостровский проспект,73-75,Петроградская,unknown,431841.8314255984,17.541204009297314,4.575741375297279
329212838,https://spb.cian.ru/sale/flat/329212838/?context=4.DoL1JPFwDOE.1BzvPMcoFaEhG_1qgOqxzba96BTENiRKuAnOppLZD64f84D5FupRdujrgk_2rnHA8qoARTkQslrelg&mlSearchSessionGuid=01c45990cad23f8feaad5748c9eace74,cian,2026-05-04T21:45:05.727665+00:00,Санкт-Петербург,Санкт-Петербург,sale,flat,realtor,3rooms,3,72.3,24000000.0,331950.2074688797,4.0,6.0,0.6666666666666666,False,False,Петроградский,Чапаева,11/4,Горьковская,unknown,331950.2074688797,16.993564429978885,4.294560608892605
323514164,https://spb.cian.ru/sale/flat/323514164/?context=4.LFOCEDXS1Hk.tgAlDpbNuMHuaa8Uy1H2ctEe7f-104lv3vM4IkN7P_MKkUOtdzmxaYoJua821ZHH5cE6jm2v81z96w&mlSearchSessionGuid=01c45990cad23f8feaad5748c9eace74,cian,2026-05-04T21:45:05.727665+00:00,Санкт-Петербург,Санкт-Петербург,sale,flat,developer,3rooms,3,112.91,80272350.0,710941.0149676733,4.0,9.0,0.4444444444444444,False,False,Петроградский,Пионерская,53,Чкаловская,Avant,710941.0149676733,18.20093579832966,4.735408662911821
329365542,https://spb.cian.ru/sale/flat/329365542/?context=4.R-NGhbVYbjc.muTnOyAakKIKg8eYC0HHqAt8ZZyzy-VvHv7eOl4h8xewoZ6O4yp5Tuu5ZizX4vJXzZ6u6QhEPt_Z1g&mlSearchSessionGuid=01c45990cad23f8feaad5748c9eace74,cian,2026-05-04T21:45:05.727665+00:00,Санкт-Петербург,Санкт-Петербург,sale,flat,real_estate_agent,3rooms,3,109.6,58500000.0,533759.1240875913,4.0,10.0,0.4,False,False,Петроградский,Ждановская,45,Спортивная,Леонтьевский мыс,533759.1240875913,17.8845373292961,4.705920089088234
326733837,https://spb.cian.ru/sale/flat/326733837/?context=4.MK6UpFIU9uM.v-kLF2iI3O7yw1WQ8IuS2LDKmS4lneLAfFSXnoBnSfUwX1XvDZYCsw8z2oAERp0ldSqujZXJQbfH6Q&mlSearchSessionGuid=01c45990cad23f8feaad5748c9eace74,cian,2026-05-04T21:45:05.727665+00:00,Санкт-Петербург,Санкт-Петербург,sale,flat,real_estate_agent,3rooms,3,73.3,12800000.0,174624.82946793997,2.0,9.0,0.2222222222222222,False,False,Невский,Антонова-Овсеенко,21,Улица Дыбенко,unknown,174624.82946793997,16.36495580701484,4.308110951723713
323266897,https://spb.cian.ru/sale/flat/323266897/?context=4.Pdu75s6DhvA.2yRZ7fUOIy22aPi5HDb5Pq4vP0OX1-QPccf4sse2o1vR6yYtjzvz6Xfr1JMGSpI9ZTEwyDxXLwKy7Q&mlSearchSessionGuid=01c45990cad23f8feaad5748c9eace74,cian,2026-05-04T21:45:05.727665+00:00,Санкт-Петербург,Санкт-Петербург,sale,flat,real_estate_agent,3rooms,3,55.4,9300000.0,167870.03610108304,1.0,5.0,0.2,True,False,Московский,Орджоникидзе,20,Московская,unknown,167870.03610108304,16.04552506565036,4.032469158504013
328856845,https://spb.cian.ru/sale/flat/328856845/?context=4.P6b7Ws_APlk.h6XX5l63HDWsPB7aZyLAys2Mbo_fARqC7yJ9Gei7F0trvL6O096O23wGmyXO_fhFu-XrfHQzEgHLpg&mlSearchSessionGuid=01c45990cad23f8feaad5748c9eace74,cian,2026-05-04T21:45:05.727665+00:00,Санкт-Петербург,Санкт-Петербург,sale,flat,real_estate_agent,3rooms,3,82.9,26500000.0,319662.2436670687,3.0,3.0,1.0,False,True,Приморский,Новая,51к6,Беговая,unknown,319662.2436670687,17.0926553286923,4.429625613473161
322621451,https://spb.cian.ru/sale/flat/322621451/?context=4.tMx0p7AQmn4.zyUpAZErjD0P5ZTbc7E_vIh8zH4Vj_s47q6E1gH4AqgtOz7AY0G6aO75y5YDLk5cgGQQf30_P2YavA&mlSearchSessionGuid=01c45990cad23f8feaad5748c9eace74,cian,2026-05-04T21:45:05.727665+00:00,Санкт-Петербург,Санкт-Петербург,sale,flat,developer,3rooms,3,76.93,28407103.0,369259.1056804888,1.0,12.0,0.0833333333333333,True,False,Московский,Среднерогатская,11к2,Звездная,Аквилон Leaves,369259.1056804888,17.1621498126965,4.355810987855469
327049926,https://spb.cian.ru/sale/flat/327049926/?context=4.uWsYgFLArWQ.6WIgFY1n-ElaF_kfLGVOfdleafJM82uTMmo3WfF66sTtrYZKFHjPtONHfH3V6ONvp3v-ypl8J1Q4Tw&mlSearchSessionGuid=01c45990cad23f8feaad5748c9eace74,cian,2026-05-04T21:45:05.727665+00:00,Санкт-Петербург,Санкт-Петербург,sale,flat,real_estate_agent,3rooms,3,82.2,33000000.0,401459.8540145985,3.0,5.0,0.6,False,False,Центральный,6-я Советская,14,Площадь Восстания,unknown,401459.8540145985,17.312018149733785,4.421247347827163
318392468,https://spb.cian.ru/sale/flat/318392468/?context=4._Zr7cywUVtk.jaLJ4XDIDAQzei7Tn3hKWewGM7QYBR7Kq7U4BD4uMjT2wiMBcZLYsjlOABaBDIAMJesU3mLStLH96w&mlSearchSessionGuid=01c45990cad23f8feaad5748c9eace74,cian,2026-05-04T21:45:05.727665+00:00,Санкт-Петербург,Санкт-Петербург,sale,flat,real_estate_agent,3rooms,3,126.6,92700000.0,732227.4881516588,3.0,7.0,0.4285714285714285,False,False,Курортный,Приморское шоссе,424,unknown,Crystal,732227.4881516588,18.34487904132357,4.848900370910689
323196496,https://spb.cian.ru/sale/flat/323196496/?context=4.PfYp2lT7AOY.HG-aR0BL2Ubl1Qdd_VaiLmM5sLD7gockVnZRpXN-vquNgHCX4qbcDZbPnavqCkYekqIMFq6jzi4iSw&mlSearchSessionGuid=01c45990cad23f8feaad5748c9eace74,cian,2026-05-04T21:45:05.727665+00:00,Санкт-Петербург,Санкт-Петербург,sale,flat,developer,3rooms,3,93.91,36624900.0,390000.0,1.0,4.0,0.25,True,False,Курортный,unknown,,unknown,Ранта Резиденс ЖК,390000.0,17.41623892222618,4.5529290741424
326444622,https://spb.cian.ru/sale/flat/326444622/?context=4.026ZE-0Zxq0.1CF8FT53W82nsAB5mq2uOtNrHCjSaM3bw9iqjCUY0unsf0M7PAzdxFza273qmvUj-BwsUOZPkKYm-w&mlSearchSessionGuid=01c45990cad23f8feaad5748c9eace74,cian,2026-05-04T21:45:05.727665+00:00,Санкт-Петербург,Санкт-Петербург,sale,flat,real_estate_agent,3rooms,3,75.9,21400000.0,281949.9341238472,2.0,4.0,0.5,False,False,Центральный,Маяковского,11,Маяковская,unknown,281949.9341238472,16.87890152672105,4.342505876511599
326147805,https://spb.cian.ru/sale/flat/326147805/?context=4.Ki9FFTQ4wII.u6Ul2xMTT4MYy2OSq8mZyFIepMXDpRsLHFPDb5kAbK8cA9toj7ZhNHzCxJCA_iGDtrfVLF6rsRpfGw&mlSearchSessionGuid=01c45990cad23f8feaad5748c9eace74,cian,2026-05-04T21:45:05.727665+00:00,Санкт-Петербург,Санкт-Петербург,sale,flat,real_estate_agent,3rooms,3,68.0,19200000.0,282352.9411764706,13.0,16.0,0.8125,False,False,Невский,проспект Солидарности,14к1,Улица Дыбенко,unknown,282352.9411764706,16.770420889081343,4.23410650459726
323946364,https://spb.cian.ru/sale/flat/323946364/?context=4.-DkBXJHkYgs.slcechzwOBmIjH6vbd5r17ZSifOksceAJagGYG1Wllqa11XwMdzyAwLInkUOQLKagzoLL0ZnrUOr9w&mlSearchSessionGuid=01c45990cad23f8feaad5748c9eace74,cian,2026-05-04T21:45:05.727665+00:00,Санкт-Петербург,Санкт-Петербург,sale,flat,developer,3rooms,3,135.5,135500000.0,1000000.0,1.0,6.0,0.1666666666666666,True,False,Петроградский,Эсперова,8,Крестовский остров,АСТРУМ,1000000.0,18.724482205664103,4.916324614625014
328705414,https://spb.cian.ru/sale/flat/328705414/?context=4.C5xcOBQ-lW8.tVO-gKh2YDGgVQtXkeJuky6R8vsLBHLO5QzU7_XLc3skAw-0Mj0x7ZhlPWAU_UqvQFNv8E6a-ufMJg&mlSearchSessionGuid=01c45990cad23f8feaad5748c9eace74,cian,2026-05-04T21:45:05.727665+00:00,Санкт-Петербург,Санкт-Петербург,sale,flat,real_estate_agent,3rooms,3,96.0,13500000.0,140625.0,4.0,5.0,0.8,False,False,Невский,Новоселов,2,Ломоносовская,unknown,140625.0,16.41820031748273,4.574710978503383
328243506,https://spb.cian.ru/sale/flat/328243506/?context=4.8TDrCBXHG8s.5jxAvs_K_L9E8gdrNnAUwrdf8gs4N2KRnsnEWS96nY6sNODN9-tndzAcBui8mIIUZhv4agYoml1vyw&mlSearchSessionGuid=01c45990cad23f8feaad5748c9eace74,cian,2026-05-04T21:45:05.727665+00:00,Санкт-Петербург,Санкт-Петербург,sale,flat,real_estate_agent,3rooms,3,81.2,23000000.0,283251.2315270936,2.0,5.0,0.4,False,False,Василеостровский,проспект Средний Васильевского острова,33,Василеостровская,unknown,283251.2315270936,16.951004817371683,4.409155302062135
309206937,https://spb.cian.ru/sale/flat/309206937/?context=4.yKUilyJD2t4.qnwcI8AkJxwq_AeWqSQ0hL3DJWg7eYeaaLlXHY58vOZvOmlkgOLQkByltjYZJKb0hpPoxA_gGDCKaA&mlSearchSessionGuid=01c45990cad23f8feaad5748c9eace74,cian,2026-05-04T21:45:05.727665+00:00,Санкт-Петербург,Санкт-Петербург,sale,flat,developer,3rooms,3,92.7,36153000.0,390000.0,2.0,4.0,0.5,False,False,Курортный,unknown,,unknown,Ранта Резиденс ЖК,390000.0,17.40327051833786,4.540098189244376
299153381,https://spb.cian.ru/sale/flat/299153381/?context=4.1V-0G5gxHDU.YCwyHU7dV3q-VIbQpWzGXg2tX3bjCWBWoRDPOFqPktdNGfRrNAeyb9pRqXhobLBYliKvVbOjdQc1_g&mlSearchSessionGuid=01c45990cad23f8feaad5748c9eace74,cian,2026-05-04T21:45:05.727665+00:00,Санкт-Петербург,Санкт-Петербург,sale,flat,real_estate_agent,3rooms,3,230.0,115000000.0,500000.0,4.0,4.0,1.0,False,True,Адмиралтейский,набережная Реки Мойки,100,Садовая,unknown,500000.0,18.560442695023177,5.442417710521793
325552424,https://spb.cian.ru/sale/flat/325552424/?context=4.D9yFpIHTTUs.D6eiVdF62PGYtO-GghRI_ywXd-TQKPFa7Yl9W7JkjuW1beRONWifry9OxJlZARmbmr6LZKO4gNbqRw&mlSearchSessionGuid=01c45990cad23f8feaad5748c9eace74,cian,2026-05-04T21:45:05.727665+00:00,Санкт-Петербург,Санкт-Петербург,sale,flat,real_estate_agent,3rooms,3,146.5,65000000.0,443686.0068259386,11.0,11.0,1.0,False,True,Петроградский,Пионерская,50,Чкаловская,Премьер Палас,443686.0068259386,17.989897843244528,4.993828175779875
327200335,https://spb.cian.ru/sale/flat/327200335/?context=4.plvryj9Y34Q.s2eITzsDRsDqkdyDBbA_UHlnD4_TGoMUO29fAglrsvMHsYf1RtZ7HLAGeCMZq0_a3nD62ohTOzNl6g&mlSearchSessionGuid=01c45990cad23f8feaad5748c9eace74,cian,2026-05-04T21:45:05.727665+00:00,Санкт-Петербург,Санкт-Петербург,sale,flat,developer,3rooms,3,85.5,41368320.0,483840.0,6.0,14.0,0.4285714285714285,False,False,Красногвардейский,Большая Охта,,Новочеркасская,Магнифика ЖК,483840.0,17.53802595264905,4.460144413937834
329622517,https://spb.cian.ru/sale/flat/329622517/?context=4.fH1lmvG64w4.tWZliZHspG137U9UuMAgBMhywdEC86tlxfHJB4ObyM0QXljBEHFMkF5dV6sa0dASYb3KTouFTf2izg&mlSearchSessionGuid=01c45990cad23f8feaad5748c9eace74,cian,2026-05-04T21:45:05.727665+00:00,Санкт-Петербург,Санкт-Петербург,sale,flat,real_estate_agent,3rooms,3,80.0,54800000.0,685000.0,4.0,4.0,1.0,False,True,Василеостровский,проспект Средний Васильевского острова,83с2,Горный институт,LOFT NA SREDNEM,685000.0,17.819200770166418,4.394449154672439
327355369,https://spb.cian.ru/sale/flat/327355369/?context=4.nKa7Nvmq8fI.Dh_1R7S_8FrT6ndzUEgrAkeSqzr9ZwuEm8heqfB6Z8UXBlZ1e8vF7t_YLyKN18_XMGFqggy9D14SOg&mlSearchSessionGuid=01c45990cad23f8feaad5748c9eace74,cian,2026-05-04T21:45:05.727665+00:00,Санкт-Петербург,Санкт-Петербург,sale,flat,unknown,3rooms,3,70.2,15500000.0,220797.7207977208,2.0,5.0,0.4,False,False,Центральный,6-я Советская,4,Площадь Восстания,unknown,220797.7207977208,16.5563506464056,4.26549281841793
323946090,https://spb.cian.ru/sale/flat/323946090/?context=4.caYErX65P0A.Vq6M0nB0TLc0eZQT9lLH4kTDBr7hPJnQHy_k_4C4xe3S7sXZP0CWZMeHOpobDW0qo3VCnB-yyBQ5cA&mlSearchSessionGuid=01c45990cad23f8feaad5748c9eace74,cian,2026-05-04T21:45:05.727665+00:00,Санкт-Петербург,Санкт-Петербург,sale,flat,developer,3rooms,3,192.08,230496000.0,1200000.0,2.0,6.0,0.3333333333333333,False,False,Петроградский,Эсперова,8,Крестовский остров,АСТРУМ,1200000.0,19.255744071009698,5.2631046107922925
326555639,https://spb.cian.ru/sale/flat/326555639/?context=4.H64NZ9sa1L4.lSR_r6PozX2bJhY8mqQPU-0h6KIT7yK2Ep0VzXlMkK-ermMqJdzbInA0sl8RK6VApI3zWigm-DTnuQ&mlSearchSessionGuid=01c45990cad23f8feaad5748c9eace74,cian,2026-05-04T21:45:05.727665+00:00,Санкт-Петербург,Санкт-Петербург,sale,flat,real_estate_agent,3rooms,3,95.2,46500000.0,488445.3781512605,2.0,4.0,0.5,False,False,Адмиралтейский,12-я Красноармейская,26,Балтийская,Созидатели,488445.3781512605,17.65496289206296,4.566429357671661
322347804,https://spb.cian.ru/sale/flat/322347804/?context=4.zGfcgIHCKdM.wDU_3DoKU0dSniFmrpFUiJKVjYtIUt9R2nFpmAF6AW55CWXrAEi4-MPBjxPQwmES-Hy6wOPKNz4LgQ&mlSearchSessionGuid=01c45990cad23f8feaad5748c9eace74,cian,2026-05-04T21:45:05.727665+00:00,Санкт-Петербург,Санкт-Петербург,sale,flat,real_estate_agent,3rooms,3,59.9,9900000.0,165275.4590984975,5.0,9.0,0.5555555555555556,False,False,Выборгский,Композиторов,29К1,Проспект Просвещения,unknown,165275.4590984975,16.108045416114916,4.109233174715851
326400544,https://spb.cian.ru/sale/flat/326400544/?context=4.oZIhr9Ad0dQ.FUvHe_3mxi7tPCWPLbNpzlCeYXrXDToKjlmJ4w2IZ9N_X_DHTefcEUTTI4noeXQljn0KsvWgQun8vg&mlSearchSessionGuid=01c45990cad23f8feaad5748c9eace74,cian,2026-05-04T21:45:05.727665+00:00,Санкт-Петербург,Санкт-Петербург,sale,flat,developer,3rooms,3,88.7,46309383.0,522090.0,10.0,10.0,1.0,False,True,Василеостровский,Гавань,к1,Горный институт,Легенда Васильевского ЖК,522090.0,17.650855176705758,4.49647076906475
327534963,https://spb.cian.ru/sale/flat/327534963/?context=4.34ckJDkRhRU.MobHRcrVz4VCQr348RsIczCkLnQj0FDcgnHTsTElZ3e4qV_JlnK-6NTfZ5hMgzXhKh0JkwLmci75Iw&mlSearchSessionGuid=01c45990cad23f8feaad5748c9eace74,cian,2026-05-04T21:45:05.727665+00:00,Санкт-Петербург,Санкт-Петербург,sale,flat,real_estate_agent,3rooms,3,94.5,21500000.0,227513.22751322752,12.0,25.0,0.48,False,False,Приморский,Оптиков,34к2,Старая Деревня,unknown,227513.22751322752,16.88356353960952,4.5591262474866845
321997996,https://spb.cian.ru/sale/flat/321997996/?context=4.JYqqQlCunao.fVQbvO5lNDKrXvIZOMUwTFrI1FDi_BmlP_g1p3Dw9KmAOBvqZz13kMb0RvefvArMuVHtMIOLvEmVnA&mlSearchSessionGuid=01c45990cad23f8feaad5748c9eace74,cian,2026-05-04T21:45:05.727665+00:00,Санкт-Петербург,Санкт-Петербург,sale,flat,developer,3rooms,3,83.4,21924192.0,262880.0,1.0,4.0,0.25,True,False,Кронштадтский,дорога Цитадельская,,unknown,Кронфорт.Центральный,262880.0,16.90310128824751,4.435567401601912
327976543,https://spb.cian.ru/sale/flat/327976543/?context=4.-Hph1c2XJYQ.R5WmaJHZ_Q3iDnrVLtyW5UBj3tKB5PFBNQK9v4ZrluPY1EZelSdHYSCjuj7bHuftBOOW6u1YfUwepA&mlSearchSessionGuid=01c45990cad23f8feaad5748c9eace74,cian,2026-05-04T21:45:05.727665+00:00,Санкт-Петербург,Санкт-Петербург,sale,flat,real_estate_agent,3rooms,3,73.0,22600000.0,309589.0410958904,5.0,5.0,1.0,False,True,Петроградский,Каменноостровский проспект,34,Петроградская,unknown,309589.0410958904,16.933460508490302,4.30406509320417
326827442,https://spb.cian.ru/sale/flat/326827442/?context=4.jzLhyZN9Ges.rNmJUMmEm_pohiYW_EivW4B1zZcmN2Oe_lw_CDswuyMcDqTzyjaqngsO4Vz-_V2E6DfdoHLTSNuZDA&mlSearchSessionGuid=01c45990cad23f8feaad5748c9eace74,cian,2026-05-04T21:45:05.727665+00:00,Санкт-Петербург,Санкт-Петербург,sale,flat,real_estate_agent,3rooms,3,57.5,11500000.0,200000.0,5.0,9.0,0.5555555555555556,False,False,Выборгский,Асафьева,10,Проспект Просвещения,unknown,200000.0,16.257857680289998,4.069026754237811
328021933,https://spb.cian.ru/sale/flat/328021933/?context=4.VBe5fSUvONs.gt7qe1HknVTOad_GxAf69AJzIXyAt84n8on47UvoqYaShg_1WQj6Z-7fyTY1cE00K9kf0hp5YcAA9A&mlSearchSessionGuid=01c45990cad23f8feaad5748c9eace74,cian,2026-05-04T21:45:05.727665+00:00,Санкт-Петербург,Санкт-Петербург,sale,flat,developer,3rooms,3,83.54,41931232.0,501929.9976059373,8.0,10.0,0.8,False,False,Василеостровский,Гавань,к1,Горный институт,Легенда Васильевского ЖК,501929.9976059373,17.551541524867705,4.437224795138644
328519488,https://spb.cian.ru/sale/flat/328519488/?context=4.WZ1bBHsGRts.z451vWcbCGSG-rUFhDCTXbNjjn7lp7q9YmW-KKqjNVDXNP9dP7WYZdPu19DMcGsORk0WXPeKMxqDDA&mlSearchSessionGuid=01c45990cad23f8feaad5748c9eace74,cian,2026-05-04T21:45:05.727665+00:00,Санкт-Петербург,Санкт-Петербург,sale,flat,real_estate_agent,3rooms,3,153.0,149990000.0,980326.7973856208,7.0,11.0,0.6363636363636364,False,False,Петроградский,Песочная набережная,18,Петроградская,Песочная наб. 18,980326.7973856208,18.82607918983865,5.0369526024136295
327200322,https://spb.cian.ru/sale/flat/327200322/?context=4.s5NpW7XNrrs.LScC7tCbX18PsQ6iXGgSz0rdkNi67phbyy8oJarMze9oXB9FeFw1OJq1AQDxnLEfMHT0DdI18KBvzQ&mlSearchSessionGuid=01c45990cad23f8feaad5748c9eace74,cian,2026-05-04T21:45:05.727665+00:00,Санкт-Петербург,Санкт-Петербург,sale,flat,developer,3rooms,3,88.6,45199293.0,510150.0338600452,10.0,14.0,0.7142857142857143,False,False,Красногвардейский,Большая Охта,,Новочеркасская,Магнифика ЖК,510150.0338600452,17.626592025211448,4.4953553199808844
327519224,https://spb.cian.ru/sale/flat/327519224/?context=4.U0k5GpHVUNc.WxlV9JKjNpegUNHMMCt6ybmllgEriIs9c3HAjnvluFM6SLiOEFBDoNNYmup_2fNnVJswY_QRt7uw6Q&mlSearchSessionGuid=01c45990cad23f8feaad5748c9eace74,cian,2026-05-04T21:45:05.727665+00:00,Санкт-Петербург,Санкт-Петербург,sale,flat,real_estate_agent,3rooms,3,130.0,68000000.0,523076.9230769231,11.0,12.0,0.9166666666666666,False,False,Петроградский,Корпусная,9,Чкаловская,Lumiere,523076.9230769231,18.035018277846262,4.875197323201151
301127642,https://spb.cian.ru/sale/flat/301127642/?context=4.REN5Eo5Oxy4.I8Bpukog8xRGgkX0xpWxUj0TMZKn8sF7fu9YUsQV2Zl0-4hRx1BUGEG6q3aWBut8cATtAlRttlVWmw&mlSearchSessionGuid=01c45990cad23f8feaad5748c9eace74,cian,2026-05-04T21:45:05.727665+00:00,Санкт-Петербург,Санкт-Петербург,sale,flat,developer,3rooms,3,105.0,29749999.0,283333.32380952383,14.0,14.0,1.0,False,True,Красногвардейский,проспект Энергетиков,2к1,Ладожская,GloraX Заневский,283333.32380952383,17.208339689955913,4.663439094112067
318351039,https://spb.cian.ru/sale/flat/318351039/?context=4.FxwshXg7a8Y.g2LfQbXQe-23jLnE0NEucAlJG5r-VpbzE9og0HZTx-NgVSKvuX82VpHn8j0WtUGqhEqd0Jxle0YLrQ&mlSearchSessionGuid=01c45990cad23f8feaad5748c9eace74,cian,2026-05-04T21:45:05.727665+00:00,Санкт-Петербург,Санкт-Петербург,sale,flat,real_estate_agent,3rooms,3,122.6,44500000.0,362969.00489396416,22.0,22.0,1.0,False,True,Московский,5-й Предпортовый проезд,2,Московская,Москва,362969.00489396416,17.61099976960838,4.817050545023591
328942772,https://spb.cian.ru/sale/flat/328942772/?context=4.RwdLMSd0H-o.T-nOpmi2xfFv_PK7pD62ceXDOcLZvgPf-Ap8cBZQebcdpW1deYvwbUo8HKJLq7L61exfy-qb9O4gDQ&mlSearchSessionGuid=01c45990cad23f8feaad5748c9eace74,cian,2026-05-04T21:45:05.727665+00:00,Санкт-Петербург,Санкт-Петербург,sale,flat,realtor,3rooms,3,59.4,9700000.0,163299.6632996633,5.0,5.0,1.0,False,True,Калининский,Софьи Ковалевской,9К2,Академическая,unknown,163299.6632996633,16.08763654656639,4.100989104940769
319861490,https://spb.cian.ru/sale/flat/319861490/?context=4.3YKrw1K25Jc.b4KrK-6x1-aZn3OVJ1AOeA2vhM-Ye35RA_0NrnhbWabWtGd52IIeQzYM3qfKdGq0NEIac4jDA4ik4g&mlSearchSessionGuid=01c45990cad23f8feaad5748c9eace74,cian,2026-05-04T21:45:05.727665+00:00,Санкт-Петербург,Санкт-Петербург,sale,flat,developer,3rooms,3,79.19,29986402.0,378663.9979795429,6.0,10.0,0.6,False,False,Фрунзенский,Курская,27,Обводный канал,Дом на Курской,378663.9979795429,17.216254603551825,4.384398818818937
327489303,https://spb.cian.ru/sale/flat/327489303/?context=4.8Td1rnRs0w8.Y4en31P00tOdC34PM33o2hi8CaA8A-2VrMxTccVWKljpUkS48dDaMu2xEfdCcZhBotlvOgplp6aCDg&mlSearchSessionGuid=01c45990cad23f8feaad5748c9eace74,cian,2026-05-04T21:45:05.727665+00:00,Санкт-Петербург,Санкт-Петербург,sale,flat,real_estate_agent,3rooms,3,85.3,28000000.0,328253.223915592,6.0,12.0,0.5,False,False,Калининский,проспект Маршала Блюхера,7к3,Выборгская,Ландыши,328253.223915592,17.147715103853763,4.457829598089382
324034497,https://spb.cian.ru/sale/flat/324034497/?context=4.MPL3MyGW9pA.Y2iFycB_5cRI_NhAo1AVHHgcSuAZ4dGAqWnFdHtaq4Wf_6AOmE88990QKcU1rRK0FAA1VU4cdbFC-g&mlSearchSessionGuid=01c45990cad23f8feaad5748c9eace74,cian,2026-05-04T21:45:05.727665+00:00,Санкт-Петербург,Санкт-Петербург,sale,flat,real_estate_agent,3rooms,3,130.0,89990000.0,692230.7692307692,4.0,6.0,0.6666666666666666,False,False,Петроградский,Чкаловское,,Чкаловская,ЛДМ ЖК,692230.7692307692,18.31520912212248,4.875197323201151
324853805,https://spb.cian.ru/sale/flat/324853805/?context=4.jtr0cLp0Tpw.TgQPeUD7ds7TFWKzIrWGCHj1H2ocqlpOJ_ZgxkS1lgRPL8Y2dNNxeCo-xsqkoDOjMCdkdBwPnBZW6w&mlSearchSessionGuid=01c45990cad23f8feaad5748c9eace74,cian,2026-05-04T21:45:05.727665+00:00,Санкт-Петербург,Санкт-Петербург,sale,flat,real_estate_agent,3rooms,3,108.0,27500000.0,254629.62962962964,6.0,14.0,0.4285714285714285,False,False,Московский,Ленинский проспект,147к2,Ленинский проспект,unknown,254629.62962962964,17.129696599000436,4.691347882229144
319672667,https://spb.cian.ru/sale/flat/319672667/?context=4.1KyhcL9bC2Q.Wq83GCbuo_jYRRAu2dvXTy6bkP93_crseNyadyl13PxLAEWyxuk5II_p0mzDUdRzlvW0uNqHXDlQpw&mlSearchSessionGuid=01c45990cad23f8feaad5748c9eace74,cian,2026-05-04T21:45:05.727665+00:00,Санкт-Петербург,Санкт-Петербург,sale,flat,developer,3rooms,3,82.8,39073320.0,471900.0,5.0,10.0,0.5,False,False,Адмиралтейский,Перевозная,,Нарвская,Остров первых,471900.0,17.480950464698605,4.428433007488037
327282870,https://spb.cian.ru/sale/flat/327282870/?context=4.wn-JBGsTeeY.7B_sQeamjsBbEmS6axC087TtH56_WD4nCGfEFjyj-uq_9aL58Ynn109iQHz1pzjue0U6bw8332VxJw&mlSearchSessionGuid=01c45990cad23f8feaad5748c9eace74,cian,2026-05-04T21:45:05.727665+00:00,Санкт-Петербург,Санкт-Петербург,sale,flat,real_estate_agent,3rooms,3,103.0,61800000.0,600000.0,7.0,7.0,1.0,False,True,Центральный,Смольный проспект,17,Новочеркасская,Смольный проспект,600000.0,17.93941393860915,4.6443908991413725
327769733,https://spb.cian.ru/sale/flat/327769733/?context=4.fX1RNAf6jOU.Ha9ESP57rIWgWdm0UIOLrqvB3t55zdhSwoBN4ms9sTzFdHvhGrHRcnaFMGLW0ClXbx3y3FH8cRHupA&mlSearchSessionGuid=01c45990cad23f8feaad5748c9eace74,cian,2026-05-04T21:45:05.727665+00:00,Санкт-Петербург,Санкт-Петербург,sale,flat,real_estate_agent,3rooms,3,60.0,10500000.0,175000.0,3.0,5.0,0.6,False,False,Калининский,Бестужевская,22,Лесная,unknown,175000.0,16.166885910365842,4.110873864173311
328221345,https://spb.cian.ru/sale/flat/328221345/?context=4.vU1zrOfurS4.TgID7qs809rxFjoVDqa6uUMGoFI9MjRNA1CeKPyaq-bBwBbwNKBSfeVDSm5QOuNSq2DbZXIhfT6W4A&mlSearchSessionGuid=01c45990cad23f8feaad5748c9eace74,cian,2026-05-04T21:45:05.727665+00:00,Санкт-Петербург,Санкт-Петербург,sale,flat,developer,3rooms,3,70.65,8876250.0,125636.94267515924,11.0,11.0,1.0,False,True,Пушкинский,Московское шоссе,262к1,Шушары,Полет,125636.94267515924,15.998889841138622,4.271793154274181
328723367,https://spb.cian.ru/sale/flat/328723367/?context=4.9FQZY79fWRY.bLT45GAThRi7HBl214fzBoKMP2lQdrDb5jzeI0rlZFosnBdGhhkWGn68bRBJkSiylUx89OBMBrLEBA&mlSearchSessionGuid=01c45990cad23f8feaad5748c9eace74,cian,2026-05-04T21:45:05.727665+00:00,Санкт-Петербург,Санкт-Петербург,sale,flat,real_estate_agent,3rooms,3,138.4,56500000.0,408236.99421965313,4.0,5.0,0.8,False,False,Центральный,Невский проспект,6,Адмиралтейская,unknown,408236.99421965313,17.849751213815786,4.937347498326424
326758666,https://spb.cian.ru/sale/flat/326758666/?context=4.L6HgKpnUqVI.6l_kkHTlzeZslyU5r1jgVPmkt_3GQGhihNKfPvVjFiQdJ4Cy1Zht4HuBYT-E90t0TujTmWE9qpNESw&mlSearchSessionGuid=01c45990cad23f8feaad5748c9eace74,cian,2026-05-04T21:45:05.727665+00:00,Санкт-Петербург,Санкт-Петербург,sale,flat,realtor,3rooms,3,73.1,18500000.0,253077.97537619705,4.0,6.0,0.6666666666666666,False,False,Выборгский,Болотная,2К1,Площадь Мужества,unknown,253077.97537619705,16.733281344102608,4.3054155323020415
326190033,https://spb.cian.ru/sale/flat/326190033/?context=4.n48C_-V5twU.o-EL2rfNGQYoIawPrlBJ3109qJ8vBbZaYhYwT2UHnfhQFZZ-DKxKsLnSTQXVCZ8H6FR8mTx-qDMA-Q&mlSearchSessionGuid=01c45990cad23f8feaad5748c9eace74,cian,2026-05-04T21:45:05.727665+00:00,Санкт-Петербург,Санкт-Петербург,sale,flat,developer,3rooms,3,81.62,37014670.0,453500.0,5.0,10.0,0.5,False,False,Адмиралтейский,Перевозная,,Садовая,Остров первых,453500.0,17.4268249055313,4.414251781968619
325272736,https://spb.cian.ru/sale/flat/325272736/?context=4.vB4O7HS4dZY.aVwUL6MXEA3mlEpXufEBv40tq_Ex47YaznwHAp6OxeFS50OW-4ygLNaQcbEJLImpRbkdPv3QH740Pw&mlSearchSessionGuid=01c45990cad23f8feaad5748c9eace74,cian,2026-05-04T21:45:05.727665+00:00,Санкт-Петербург,Санкт-Петербург,sale,flat,real_estate_agent,3rooms,3,109.7,108000000.0,984503.1905195988,2.0,8.0,0.25,False,False,Центральный,переулок Басков,2,Чернышевская,Русский дом,984503.1905195988,18.497641794347757,4.706823839714591
324993137,https://spb.cian.ru/sale/flat/324993137/?context=4.AL--wCRvPM4._PAgg6NIi48EyXGKIMKYUodHMtejB7DdVgdtqN4nx553uZsdlp3SdJS9GeWUK8qoARq85UN9bbrIRg&mlSearchSessionGuid=01c45990cad23f8feaad5748c9eace74,cian,2026-05-04T21:45:05.727665+00:00,Санкт-Петербург,Санкт-Петербург,sale,flat,developer,3rooms,3,64.0,14215680.0,222120.0,10.0,20.0,0.5,False,False,Красногвардейский,Полюстрово,,Девяткино,Ручьи ЖК,222120.0,16.469856209060072,4.174387269895637
327115704,https://spb.cian.ru/sale/flat/327115704/?context=4.E7T7UF2zfF0.V8XBVWEcphSOFO9anVszrBz2B1Pul6K5OUhzgzXp3cP__whcvf1gkPx9A7G78VHLoLzqEhZJHHvSpA&mlSearchSessionGuid=01c45990cad23f8feaad5748c9eace74,cian,2026-05-04T21:45:05.727665+00:00,Санкт-Петербург,Санкт-Петербург,sale,flat,developer,3rooms,3,110.48,37210000.0,336803.0412744388,4.0,10.0,0.4,False,False,Василеостровский,Морской,,Приморская,Северный Ветер ЖК,336803.0412744388,17.4320881271973,4.713845202613747
327469521,https://spb.cian.ru/sale/flat/327469521/?context=4.Gslpk_Ai7Fo.0bmFEGyImYnnFf6187BAKMNKQ-R4xn4-r7JHDGDKKZ8mIuJWLHC2E4xy6Y0t8-9FhSNt1s4a-8j-7g&mlSearchSessionGuid=01c45990cad23f8feaad5748c9eace74,cian,2026-05-04T21:45:05.727665+00:00,Санкт-Петербург,Санкт-Петербург,sale,flat,real_estate_agent,3rooms,3,140.0,105000000.0,750000.0,1.0,5.0,0.2,True,False,Петроградский,Чкаловское,5,Крестовский остров,unknown,750000.0,18.46947091764561,4.948759890378168
327574441,https://spb.cian.ru/sale/flat/327574441/?context=4.HRGxWPOeE74.MR0dmC4DpuL74qoTNi_kHnXFmliH7zpFC2au8NnQV8qQexqcirL_NQElDK-K84KjJf_uv5_sRigl0w&mlSearchSessionGuid=01c45990cad23f8feaad5748c9eace74,cian,2026-05-04T21:45:05.727665+00:00,Санкт-Петербург,Санкт-Петербург,sale,flat,realtor,3rooms,3,57.5,12400000.0,215652.1739130435,3.0,10.0,0.3,False,False,Невский,Чудновского,8К1,Проспект Большевиков,unknown,215652.1739130435,16.333207111220425,4.069026754237811
326074450,https://spb.cian.ru/sale/flat/326074450/?context=4.KUHtk8OdJRk.HY97cOgd25wy_GPSZ9JrTRhFA7BfssZilioQtIbVbxp99MSIHR4u6a37yJ0ffPTMxZaFPSg_83IXhQ&mlSearchSessionGuid=01c45990cad23f8feaad5748c9eace74,cian,2026-05-04T21:45:05.727665+00:00,Санкт-Петербург,Санкт-Петербург,sale,flat,developer,3rooms,3,91.41,59873550.0,655000.0,5.0,10.0,0.5,False,False,Центральный,Новгородская,14,Площадь Александра Невского,Гильдия,655000.0,17.907745412984983,4.526235197899949
328466673,https://spb.cian.ru/sale/flat/328466673/?context=4.Iy_YmfZikO4.Kxkck1GOxFGVQPTzHrkzBddtpsAPsCFq2XPhf9F4eOsZbCRYCNU138wrAoScZ2xQmKq5d40YO3E_rQ&mlSearchSessionGuid=01c45990cad23f8feaad5748c9eace74,cian,2026-05-04T21:45:05.727665+00:00,Санкт-Петербург,Санкт-Петербург,sale,flat,real_estate_agent,3rooms,3,127.0,139700000.0,1100000.0,2.0,8.0,0.25,False,False,Петроградский,проезд Петровская коса,1к2,Крестовский остров,"Петровская коса, 1",1100000.0,18.755007831385388,4.852030263919617
326074343,https://spb.cian.ru/sale/flat/326074343/?context=4.624dD36tGGA.Dey3jXUP7_8BdPGK-RLL5_NlDU0D4qaW5Btzjn8ZyEXb2UgQVcPi7GMh7CVB6QKjVj_c-bYuDW5kaw&mlSearchSessionGuid=01c45990cad23f8feaad5748c9eace74,cian,2026-05-04T21:45:05.727665+00:00,Санкт-Петербург,Санкт-Петербург,sale,flat,developer,3rooms,3,95.17,59481250.0,625000.0,2.0,10.0,0.2,False,False,Центральный,Новгородская,14,Площадь Александра Невского,Гильдия,625000.0,17.90117171161481,4.56611745872439
323119087,https://spb.cian.ru/sale/flat/323119087/?context=4.fqHzpj0PMKg.UN2pC_W_W8YjN_z9T9QEyzFysuSn-A6ChLkK0mkYH4KnhlYMI7Bp0_fRIFEE-9lVOId6ffc-I_Fh4Q&mlSearchSessionGuid=01c45990cad23f8feaad5748c9eace74,cian,2026-05-04T21:45:05.727665+00:00,Санкт-Петербург,Санкт-Петербург,sale,flat,real_estate_agent,3rooms,3,88.8,17200000.0,193693.6936936937,1.0,23.0,0.0434782608695652,True,False,Невский,Латышских Стрелков,17к1,Проспект Большевиков,Ладожский парк,193693.6936936937,16.660419999923214,4.497584975308154
325672831,https://spb.cian.ru/sale/flat/325672831/?context=4.OI39KlT2O3U.KVdtgTrx4Nr31en_V15gpbQz-xvnMsAhziX-rzg7cFu5mdrEzORopB_IpDjs_L-e7FyfqLHKQiVS8g&mlSearchSessionGuid=01c45990cad23f8feaad5748c9eace74,cian,2026-05-04T21:45:05.727665+00:00,Санкт-Петербург,Санкт-Петербург,sale,flat,developer,3rooms,3,117.9,10656000.0,90381.67938931298,2.0,6.0,0.3333333333333333,False,False,Пушкинский,Московское шоссе,262к3,Шушары,Полет,90381.67938931298,16.181633765606147,4.778282803696737
328540914,https://spb.cian.ru/sale/flat/328540914/?context=4.7W-ZRledEXw.0n1r6JxiUtb1bAE_IB_H6flJeoi14uS7xoTwcFW7iq_YaWQSjWAyL_rz-4pe2qtI0t3qP48NUPOZ6Q&mlSearchSessionGuid=01c45990cad23f8feaad5748c9eace74,cian,2026-05-04T21:45:05.727665+00:00,Санкт-Петербург,Санкт-Петербург,sale,flat,real_estate_agent,3rooms,3,154.0,105000000.0,681818.1818181818,7.0,8.0,0.875,False,False,Центральный,Орловская,1к2,Чернышевская,Смольный парк,681818.1818181818,18.46947091764561,5.043425116919247
326113182,https://spb.cian.ru/sale/flat/326113182/?context=4.Bfi7bp1hmd4.xgX8UmIrbzCDiXCj7guRg5yvxWgyNhN6Ysk2p-pGr74kz32w6hU-JJVjOZHU20knd61zAh8JsoSFLg&mlSearchSessionGuid=01c45990cad23f8feaad5748c9eace74,cian,2026-05-04T21:45:05.727665+00:00,Санкт-Петербург,Санкт-Петербург,sale,flat,real_estate_agent,3rooms,3,99.3,34900000.0,351460.221550856,5.0,5.0,1.0,False,True,Центральный,Марата,10,Маяковская,unknown,351460.221550856,17.36799741582595,4.60816569496789
329249975,https://spb.cian.ru/sale/flat/329249975/?context=4.qCUk8r_mzzo.JscQ_KgEOPBekLSXvey5itTiYK0Hg9Cud7dzeKFmkWNQF3_eu5se7j9HesoTeqik_WuoezzoO67q7A&mlSearchSessionGuid=01c45990cad23f8feaad5748c9eace74,cian,2026-05-04T21:45:05.727665+00:00,Санкт-Петербург,Санкт-Петербург,sale,flat,developer,3rooms,3,96.11,37050000.0,385495.7860784518,7.0,8.0,0.875,False,False,Василеостровский,Морской,,Приморская,Северный Ветер ЖК,385495.7860784518,17.427778936696924,4.575844356606263
325436181,https://spb.cian.ru/sale/flat/325436181/?context=4.kb6v_6-yEko.R9VB1fO4qJROQnCh0CFA8qtCkUxdjRlaxMpmVflDNG_Gm20HXKSdQVgNPscBI_nWKZvND5bvCgfn9g&mlSearchSessionGuid=01c45990cad23f8feaad5748c9eace74,cian,2026-05-04T21:45:05.727665+00:00,Санкт-Петербург,Санкт-Петербург,sale,flat,real_estate_agent,3rooms,3,122.6,44900000.0,366231.6476345841,6.0,15.0,0.4,False,False,Петроградский,Дивенская,5,Горьковская,Серебряные зеркала,366231.6476345841,17.619948374984197,4.817050545023591
327978804,https://spb.cian.ru/sale/flat/327978804/?context=4.eoyJlKpWpnc.mNg1lAdPeyEsSoVhLH7cZqzeKUqWb33QKR_16Bq4Y3t16w_1G3ybYDHzWBC9IhOt-Lt4EMUritZ6ng&mlSearchSessionGuid=01c45990cad23f8feaad5748c9eace74,cian,2026-05-04T21:45:05.727665+00:00,Санкт-Петербург,Санкт-Петербург,sale,flat,real_estate_agent,3rooms,3,72.0,10450000.0,145138.88888888888,6.0,9.0,0.6666666666666666,False,False,Колпинский,Заводской проспект,44,Шушары,unknown,145138.88888888888,16.16211263206887,4.290459441148391
328616176,https://spb.cian.ru/sale/flat/328616176/?context=4.WO9I3PpxQXE.JLOYpTF0sFmyhKLTIB8Vc0t2vwAmYiIKXkGFTzxukLEK3bla4TJlUwUjDiU0xutm0_AQyWBIYaocvQ&mlSearchSessionGuid=01c45990cad23f8feaad5748c9eace74,cian,2026-05-04T21:45:05.727665+00:00,Санкт-Петербург,Санкт-Петербург,sale,flat,real_estate_agent,3rooms,3,140.0,130000000.0,928571.4285714284,2.0,8.0,0.25,False,False,Петроградский,Петровский проспект,28к2,Крестовский остров,Grand View,928571.4285714284,18.683045016112164,4.948759890378168
329024493,https://spb.cian.ru/sale/flat/329024493/?context=4.qU-TZnfdqrY.mWRkN34EoFvoyTR5vcu_FABJswp3-dV2wwsLmeDVlLDVVUNYEO29vgGmlWTplt0LGpyu2qSwCeUQKw&mlSearchSessionGuid=01c45990cad23f8feaad5748c9eace74,cian,2026-05-04T21:45:05.727665+00:00,Санкт-Петербург,Санкт-Петербург,sale,flat,homeowner,3rooms,3,65.6,12500000.0,190548.7804878049,4.0,9.0,0.4444444444444444,False,False,Невский,Подвойского,34к1,Улица Дыбенко,unknown,190548.7804878049,16.341239282272525,4.198704577546343
325431557,https://spb.cian.ru/sale/flat/325431557/?context=4.kiNXFdUX7oM._7CadDa8lGDSHDpKRm5QnlGcavszT2ANwDHoCSbsC4HTB2pgC2-AnsqWeW30qmB1TOoHSs9w9rDBrg&mlSearchSessionGuid=01c45990cad23f8feaad5748c9eace74,cian,2026-05-04T21:45:05.727665+00:00,Санкт-Петербург,Санкт-Петербург,sale,flat,real_estate_agent,3rooms,3,120.0,122800000.0,1023333.3333333334,2.0,7.0,0.2857142857142857,False,False,Центральный,набережная Воскресенская,32,Чернышевская,Приоритет,1023333.3333333334,18.62606758182064,4.795790545596741
326255601,https://spb.cian.ru/sale/flat/326255601/?context=4.sM98CQBQmKk.r9HCxqz3ZKi3HksHZdUvDP6C3YzwsuqT-aIiO_EVEygLsElDtfQnJA9eoY1hWz6uJdRgHw70ueijHA&mlSearchSessionGuid=01c45990cad23f8feaad5748c9eace74,cian,2026-05-04T21:45:05.727665+00:00,Санкт-Петербург,Санкт-Петербург,sale,flat,real_estate_agent,3rooms,3,71.2,16000000.0,224719.1011235955,4.0,5.0,0.8,False,False,Выборгский,Большой Сампсониевский проспект,92,Лесная,unknown,224719.1011235955,16.588099342704055,4.279440045898781
320458374,https://spb.cian.ru/sale/flat/320458374/?context=4.ACmeuk25X14.qQ2pA32XSM6ul_Qn5Uhp73nw4ofqlKJlpmgGM_jA8mzMQtt2yGYIKzbvN9djqJIrS4A-eG13CbAe8Q&mlSearchSessionGuid=01c45990cad23f8feaad5748c9eace74,cian,2026-05-04T21:45:05.727665+00:00,Санкт-Петербург,Санкт-Петербург,sale,flat,developer,3rooms,3,74.92,32073315.0,428100.8408969568,13.0,17.0,0.7647058823529411,False,False,Калининский,Финляндский,,Лесная,Аурум ЖК,428100.8408969568,17.28353496513914,4.3296801543016725
325668741,https://spb.cian.ru/sale/flat/325668741/?context=4.L04872bn_bg.qaDQnpxihstCpPMo4dRKdi4YoD3GwvedJV65PRVxEuNnR2YgYw4H-_A46Vy-qyH8Ajpk5-dafFwT8w&mlSearchSessionGuid=01c45990cad23f8feaad5748c9eace74,cian,2026-05-04T21:45:05.727665+00:00,Санкт-Петербург,Санкт-Петербург,sale,flat,real_estate_agent,3rooms,3,90.8,19450000.0,214207.04845814977,1.0,9.0,0.1111111111111111,True,False,Приморский,проспект Сизова,12к1,Комендантский проспект,Приморский бастион,214207.04845814977,16.78335767944261,4.519612297626445
319045142,https://spb.cian.ru/sale/flat/319045142/?context=4.f5O8fJRWFVo.MeZjTX-wmqqY6OIZXN4xUg3cwF36WAu3xCAq5c1Q7Q5aslJ5iM97Ih1tjy443oKFtLdAdFwfMpg54Q&mlSearchSessionGuid=01c45990cad23f8feaad5748c9eace74,cian,2026-05-04T21:45:05.727665+00:00,Санкт-Петербург,Санкт-Петербург,sale,flat,developer,3rooms,3,72.74,15575816.0,214129.9972504812,9.0,14.0,0.6428571428571429,False,False,Невский,Архивная,3к1,Улица Дыбенко,Апарт-комплекс Зум на Неве,214129.9972504812,16.56123007712078,4.300545392805998
317214147,https://spb.cian.ru/sale/flat/317214147/?context=4.QbrJRTr9V3k.66cjQOyEuPS_GgxbA-qu4llOFzETSrpobtm0FgPk0X_XQ8DD3FpK6k-MReYDOEOYWcC2lM10g_sW5w&mlSearchSessionGuid=01c45990cad23f8feaad5748c9eace74,cian,2026-05-04T21:45:05.727665+00:00,Санкт-Петербург,Санкт-Петербург,sale,flat,real_estate_agent,3rooms,3,66.0,42000000.0,636363.6363636364,3.0,8.0,0.375,False,False,Петроградский,Ремесленная,17литЗ,Спортивная,17/33 Петровский остров,636363.6363636364,17.553180200057167,4.204692619390966
329626957,https://spb.cian.ru/sale/flat/329626957/?context=4.3dXu6LQ6N-E.zovTm0AzVNpp8MZ6D4p4vMs7xBgV5TRmFWk0lCYzgcUN6CqmL27KX9jH0mMeYc3IhiAszQKZfkGvZg&mlSearchSessionGuid=01c45990cad23f8feaad5748c9eace74,cian,2026-05-04T21:45:05.727665+00:00,Санкт-Петербург,Санкт-Петербург,sale,flat,homeowner,3rooms,3,78.5,15999999.0,203821.64331210192,12.0,12.0,1.0,False,True,Приморский,проспект Испытателей,28К4,Комендантский проспект,unknown,203821.64331210192,16.588099280204055,4.375757021660286
329581670,https://spb.cian.ru/sale/flat/329581670/?context=4.vrTbHPC7fig.HfC_65XMPcw1gnDvM33ayCHQLXn1mJHp_Zq4_ccz-P9WXh6CKgH1OG5OhmmiOu7hIhmQPaWHzZM9yQ&mlSearchSessionGuid=01c45990cad23f8feaad5748c9eace74,cian,2026-05-04T21:45:05.727665+00:00,Санкт-Петербург,Санкт-Петербург,sale,flat,developer,3rooms,3,88.97,27213347.0,305871.04642014165,15.0,25.0,0.6,False,False,Приморский,Богатырский проспект,2А,Пионерская,Приморский квартал,305871.04642014165,17.11921814618916,4.499476281429027
326482813,https://spb.cian.ru/sale/flat/326482813/?context=4.zPJy0IZGxoM.f4tPUyXb52rWtILaPzTpM9v1uZAvGh7A9ZhNETiEDvHJEVW9Ex0jbbQNET_twFsF-n_a0rBddOiWsg&mlSearchSessionGuid=01c45990cad23f8feaad5748c9eace74,cian,2026-05-04T21:45:05.727665+00:00,Санкт-Петербург,Санкт-Петербург,sale,flat,real_estate_agent,3rooms,3,76.65,24700000.0,322243.9660795825,4.0,4.0,1.0,False,True,Курортный,Авиационная,5к1,Беговая,Лисино,322243.9660795825,17.022313842084035,4.3522115495946965
323398911,https://spb.cian.ru/sale/flat/323398911/?context=4.c1zrvGrPrEc.KwNBMPNCxtq0YOKFKq3cmOs-0vW_4q91JG4t8mYZkG_v1eKHxyeXBTDgKhFIezLjktmd7GHZyZ9LNQ&mlSearchSessionGuid=01c45990cad23f8feaad5748c9eace74,cian,2026-05-04T21:45:05.727665+00:00,Санкт-Петербург,Санкт-Петербург,sale,flat,realtor,3rooms,3,86.0,17820000.0,207209.3023255814,1.0,6.0,0.1666666666666666,True,False,Василеостровский,проспект Большой Васильевского острова,74,Горный институт,unknown,207209.3023255814,16.695832036123658,4.465908118654584
325507196,https://spb.cian.ru/sale/flat/325507196/?context=4.Kscpx13CXCA.WxyqfjQEBHqIY1Lknvl1Jc7PSo4gx6AN2qKOKkKYQbX_rzAFGOVB6Zh40Ab5zTjTDTguexhABc1V-w&mlSearchSessionGuid=01c45990cad23f8feaad5748c9eace74,cian,2026-05-04T21:45:05.727665+00:00,Санкт-Петербург,Санкт-Петербург,sale,flat,developer,3rooms,3,77.7,17783178.0,228869.72972972973,25.0,25.0,1.0,False,True,Приморский,набережная Реки Каменки,13к3,Проспект Просвещения,Friends,228869.72972972973,16.69376356846831,4.365643155423357
328540919,https://spb.cian.ru/sale/flat/328540919/?context=4.3rQPHKoSBTw.5eu2KQTWJJg3nRsBiJW18_GozBtVbYYZcetN3tlP1Uq12_3vdX9o8-pafXvGKudDQCuzFfzq6ceYkA&mlSearchSessionGuid=01c45990cad23f8feaad5748c9eace74,cian,2026-05-04T21:45:05.727665+00:00,Санкт-Петербург,Санкт-Петербург,sale,flat,real_estate_agent,3rooms,3,140.2,137500000.0,980741.7974322396,2.0,5.0,0.4,False,False,Петроградский,Эсперова,1,Крестовский остров,unknown,980741.7974322396,18.739134482343623,4.950177325059141
326627534,https://spb.cian.ru/sale/flat/326627534/?context=4.RJ82qjr0dzA.hkk7M4H2O5VYCTvc_R8SOwDgbnIdenOhdc8FMptLkykfsWysFSE51Y5kMKc-xkqbHo-llF6kUZszuw&mlSearchSessionGuid=01c45990cad23f8feaad5748c9eace74,cian,2026-05-04T21:45:05.727665+00:00,Санкт-Петербург,Санкт-Петербург,sale,flat,real_estate_agent,3rooms,3,65.2,15200000.0,233128.8343558282,6.0,6.0,1.0,False,True,Василеостровский,6-я Васильевского острова линия,47,Василеостровская,unknown,233128.8343558282,16.536806051605975,4.192680462942962
305409849,https://spb.cian.ru/sale/flat/305409849/?context=4.otcjEyIa2XY.-YUAVh2n84-WEofG1-X5nwKtBR2Sk-x6nOjnNhAHIuq1vDixXLcffydN31DFoClNeVZ5ld1-GZlpfw&mlSearchSessionGuid=01c45990cad23f8feaad5748c9eace74,cian,2026-05-04T21:45:05.727665+00:00,Санкт-Петербург,Санкт-Петербург,sale,flat,developer,3rooms,3,98.85,47250300.0,478000.0,2.0,7.0,0.2857142857142857,False,False,Выборгский,Сампсониевское,,Выборгская,Сампсониевский 32,478000.0,17.670969582254106,4.603669059861824
328540918,https://spb.cian.ru/sale/flat/328540918/?context=4.8Jd2tnPvVMM.6iDPBFGTed_oyToZnzas0ZwqaLdExzWeCrhkBvXLKrXptIz_yCyZ-cQ_3xWO9Je979pnRY7aFkmDlQ&mlSearchSessionGuid=01c45990cad23f8feaad5748c9eace74,cian,2026-05-04T21:45:05.727665+00:00,Санкт-Петербург,Санкт-Петербург,sale,flat,real_estate_agent,3rooms,3,100.0,75000000.0,750000.0,9.0,9.0,1.0,False,True,Центральный,Миргородская,20,Площадь Александра Невского,Grand House,750000.0,18.13299868483392,4.61512051684126
324564067,https://spb.cian.ru/sale/flat/324564067/?context=4.e8141bDQdbo.i9zQwGPGJj1-4cRhIlpfUyTO3dqEAidAdLHw2KNwt09XNpxdB5opp4MIiXj32t9hBt_rr6agyDQ1xQ&mlSearchSessionGuid=01c45990cad23f8feaad5748c9eace74,cian,2026-05-04T21:45:05.727665+00:00,Санкт-Петербург,Санкт-Петербург,sale,flat,developer,3rooms,3,105.8,25900000.0,244801.5122873346,4.0,13.0,0.3076923076923077,False,False,Выборгский,Актерский проезд,2к2,Проспект Просвещения,Руднева 15,244801.5122873346,17.069753565279804,4.670957926526095
327389792,https://spb.cian.ru/sale/flat/327389792/?context=4.Ywi7xtbc9Vo.Gb_nli5np_PkHXiKywpCwvy4g-3o3RhBNcb-xv5SA8lOr8zkCADnuiIEWXL-l4BJgngc8dA6vAc9Pw&mlSearchSessionGuid=01c45990cad23f8feaad5748c9eace74,cian,2026-05-04T21:45:05.727665+00:00,Санкт-Петербург,Санкт-Петербург,sale,flat,real_estate_agent,3rooms,3,96.0,55850000.0,581770.8333333334,2.0,10.0,0.2,False,False,Петроградский,Петровский проспект,5,Чкаловская,ОСТРОВ,581770.8333333334,17.838180101384587,4.574710978503383
329278372,https://spb.cian.ru/sale/flat/329278372/?context=4.LP-9UAJaFvc.Z5tGf-JQWAS-VT1UzG7O1-P_kDw0l6ojsG7Ri8KEhgLAZ2wdTALL0A5y3_LnIcRuyYUxeqQ0LKv9-g&mlSearchSessionGuid=01c45990cad23f8feaad5748c9eace74,cian,2026-05-04T21:45:05.727665+00:00,Санкт-Петербург,Санкт-Петербург,sale,flat,real_estate_agent,3rooms,3,41.6,6800000.0,163461.53846153847,1.0,5.0,0.2,True,False,Красносельский,Пограничника Гарькавого,48К1,Проспект Ветеранов,unknown,163461.53846153847,15.732433317205148,3.751854253275325
328771392,https://spb.cian.ru/sale/flat/328771392/?context=4.kyTZEJp3Z8g.h_rIISLJuRzqguvzfa9332S4DSR3YrQfONdq9wx-kJtNsTuNlIJCz-tmQwBAk235K9bQcLDmC1NNbA&mlSearchSessionGuid=01c45990cad23f8feaad5748c9eace74,cian,2026-05-04T21:45:05.727665+00:00,Санкт-Петербург,Санкт-Петербург,sale,flat,developer,3rooms,3,75.4,22284308.0,295547.85145888594,8.0,12.0,0.6666666666666666,False,False,Пушкинский,проспект Старорусский,1,Звездная,Ол ин 3.0,295547.85145888594,16.919393356477972,4.335982696172475
328616173,https://spb.cian.ru/sale/flat/328616173/?context=4.EnjAQPMEoko.Pmn5OxPoMdw4OdNLNeFAgVg8OEvKvoretYBy2mTcfSlsO4hx9NJIjmPnKXUL2SyZwxsVu6mgAzetMg&mlSearchSessionGuid=01c45990cad23f8feaad5748c9eace74,cian,2026-05-04T21:45:05.727665+00:00,Санкт-Петербург,Санкт-Петербург,sale,flat,real_estate_agent,3rooms,3,128.5,119300000.0,928404.6692607003,4.0,7.0,0.5714285714285714,False,False,Василеостровский,unknown,,Горный институт,Империал Клаб ЖК,928404.6692607003,18.597151895450374,4.863680881139593
326562806,https://spb.cian.ru/sale/flat/326562806/?context=4.dNkzcte_Axg.RhqlQ0HxokpkouXE9djskDYv382_xKpA3XjYklerLyg81aI0-H-CZ9pr9q3le6i-GbQc7Duai1zu5Q&mlSearchSessionGuid=01c45990cad23f8feaad5748c9eace74,cian,2026-05-04T21:45:05.727665+00:00,Санкт-Петербург,Санкт-Петербург,sale,flat,real_estate_agent,3rooms,3,100.4,25000000.0,249003.984063745,8.0,15.0,0.5333333333333333,False,False,Калининский,проспект Науки,19К2,Академическая,unknown,249003.984063745,17.034386422832473,4.619073091157083
329231942,https://spb.cian.ru/sale/flat/329231942/?context=4.eOCPaF5w0TM.MNCr5utvU8-wyOtLvRTeVwdRzfLIfogFVg2zSQY254LT756dEzMLwS2GQCu3XxlI2zDACZT1MhFhpg&mlSearchSessionGuid=01c45990cad23f8feaad5748c9eace74,cian,2026-05-04T21:45:05.727665+00:00,Санкт-Петербург,Санкт-Петербург,sale,flat,developer,3rooms,3,74.48,14526850.0,195043.6358754028,11.0,12.0,0.9166666666666666,False,False,Пушкинский,unknown,,Купчино,Солар Парк,195043.6358754028,16.49150928803915,4.32386772050035
325995620,https://spb.cian.ru/sale/flat/325995620/?context=4.cP8PmG10muU.8StKyB3SiPO346pCzr41aj5K8jhDibch01g8M2kQfLgZVsHAIN-X9XNuYzTasd04GKvMVqs7X7moFg&mlSearchSessionGuid=01c45990cad23f8feaad5748c9eace74,cian,2026-05-04T21:45:05.727665+00:00,Санкт-Петербург,Санкт-Петербург,sale,flat,real_estate_agent,3rooms,3,153.0,83900000.0,548366.0130718955,9.0,9.0,1.0,False,True,Петроградский,Петровский проспект,11к2,Крестовский остров,NEVA HAUS,548366.0130718955,18.245136183356387,5.0369526024136295
329427950,https://spb.cian.ru/sale/flat/329427950/?context=4.gpXK42XMN2Y.w1TfFC6ipL623fllecpzA5fKOv4kGI0QWXKrGkfYg5tG2h7uEwn3LJz5o_tEVvEbOqxXRFdhTjFdLA&mlSearchSessionGuid=01c45990cad23f8feaad5748c9eace74,cian,2026-05-04T21:45:05.727665+00:00,Санкт-Петербург,Санкт-Петербург,sale,flat,real_estate_agent,3rooms,3,71.0,11000000.0,154929.57746478874,9.0,12.0,0.75,False,False,Колпинский,Полевая,1/25,Рыбацкое,unknown,154929.57746478874,16.213405921671733,4.276666119016055
318876649,https://spb.cian.ru/sale/flat/318876649/?context=4.zNS_HPlhMu4.NQ9gbjN-v2yTRKNx5l8Codb1Lvh4FQC_LmvwQrdTp7x6jInPxCea2-doZj4c9keGrGVnycfSv1zD4A&mlSearchSessionGuid=01c45990cad23f8feaad5748c9eace74,cian,2026-05-04T21:45:05.727665+00:00,Санкт-Петербург,Санкт-Петербург,sale,flat,developer,3rooms,3,75.9,26606745.0,350550.0,4.0,12.0,0.3333333333333333,False,False,Красногвардейский,Якорная,8к2,Ладожская,Большая Охта,350550.0,17.09667535062115,4.342505876511599
328720693,https://spb.cian.ru/sale/flat/328720693/?context=4._MsX026iO_8.ZBbUOvzd95d8M89M_YFychKkjTwv1vbMEZpRqfGTHs__YX4WKu9y-BoIfq5DTv6zgA7NkxGZOkHj9Q&mlSearchSessionGuid=01c45990cad23f8feaad5748c9eace74,cian,2026-05-04T21:45:05.727665+00:00,Санкт-Петербург,Санкт-Петербург,sale,flat,real_estate_agent,3rooms,3,144.0,91900000.0,638194.4444444445,5.0,8.0,0.625,False,False,Петроградский,Петровский проспект,24к2,Крестовский остров,Петровский квартал на воде,638194.4444444445,18.33621159820731,4.976733742420574
327375253,https://spb.cian.ru/sale/flat/327375253/?context=4.88kEk37uEM0.TThxaOv6c6a8iPGHO_LkL2HiBDh1zG2jL4XrNPgvPpRAmzsKP65bW8sWG5nXYy1IygVHwyjDO8jqXg&mlSearchSessionGuid=01c45990cad23f8feaad5748c9eace74,cian,2026-05-04T21:45:05.727665+00:00,Санкт-Петербург,Санкт-Петербург,sale,flat,real_estate_agent,3rooms,3,89.71,35435450.0,395000.0,2.0,6.0,0.3333333333333333,False,False,Петроградский,Профессора Попова,38,Петроградская,ID Petrogradskaya,395000.0,17.383223317674776,4.507667604626853
325507623,https://spb.cian.ru/sale/flat/325507623/?context=4.vzHWYUC8nFk.hUJ8oz3TtHJH42TWMx5ILJR_7L81svmbqLYhw5ERwRApapH3bkorIGBMq30L8OFVlAbENe3wqf_nCw&mlSearchSessionGuid=01c45990cad23f8feaad5748c9eace74,cian,2026-05-04T21:45:05.727665+00:00,Санкт-Петербург,Санкт-Петербург,sale,flat,developer,3rooms,3,97.44,34512437.0,354191.67692939244,4.0,13.0,0.3076923076923077,False,False,Калининский,Полюстровский проспект,18к2,Лесная,Respect,354191.67692939244,17.356830338768372,4.589447225522855
323513958,https://spb.cian.ru/sale/flat/323513958/?context=4.lvPZapleiIk.qF1KXX1NDB19zEOAJJJ8Vt5iCr3jNPBeyTKUM8KBkLPZzZ8s3O6e869XbSg5EHfAfBTrTgIBAPVdZQ&mlSearchSessionGuid=88fdc86629ef6a3b748d2aba551ce107,cian,2026-05-04T21:45:59.274940+00:00,Санкт-Петербург,Санкт-Петербург,sale,flat,developer,4rooms,4,128.88,122090279.0,947317.4968963376,7.0,9.0,0.7777777777777778,False,False,Петроградский,Пионерская,53,Чкаловская,Avant,947317.4968963376,18.62027132903253,4.866610947234645
325983166,https://spb.cian.ru/sale/flat/325983166/?context=4.m6qFx8rSPkU.Hf57itSGlJ3irkANNXr9atHTFQ-L9EyfG0-Q8LwFi1JKutaLSfPEXxLL6vtAM7qMB7FA_d39W75Vqg&mlSearchSessionGuid=88fdc86629ef6a3b748d2aba551ce107,cian,2026-05-04T21:45:59.274940+00:00,Санкт-Петербург,Санкт-Петербург,sale,flat,real_estate_agent,4rooms,4,84.0,20000000.0,238095.2380952381,7.0,7.0,1.0,False,True,Курортный,Привокзальная,3,unknown,unknown,238095.2380952381,16.811242881518265,4.442651256490317
322717851,https://spb.cian.ru/sale/flat/322717851/?context=4.GP3uKLbOVvE.ktAET5s7q7BX0CJILZfUj3HGoCLS-MwVjVCtYaPpfs0vdQD4dIbX07LahLqniqOK-tgwVTv5cwfcDg&mlSearchSessionGuid=88fdc86629ef6a3b748d2aba551ce107,cian,2026-05-04T21:45:59.274940+00:00,Санкт-Петербург,Санкт-Петербург,sale,flat,realtor,4rooms,4,102.8,17700000.0,172178.98832684825,4.0,5.0,0.8,False,False,Выборгский,Большой Сампсониевский проспект,79,Лесная,unknown,172178.98832684825,16.68907525404123,4.642465970731788
328717353,https://spb.cian.ru/sale/flat/328717353/?context=4.dh9BqXjS_p8.HEe-bBL8OoOYD5O1U62WE2WIdiUL_dWmV66bBSMc1WmT7AEh9ew6ra7j1cf-qK34mozGLUb4g0Ic3w&mlSearchSessionGuid=88fdc86629ef6a3b748d2aba551ce107,cian,2026-05-04T21:45:59.274940+00:00,Санкт-Петербург,Санкт-Петербург,sale,flat,developer,4rooms,4,142.17,107506537.0,756182.9992262785,9.0,10.0,0.9,False,False,Центральный,Кирилловская,11,Площадь Александра Невского,Новгородская 8,756182.9992262785,18.493062222287268,4.964032735372236
327386234,https://spb.cian.ru/sale/flat/327386234/?context=4.itUUY9C871I.f7xCwrMoWCCIT3ld5PwUPsUnyvNc2YjC3NqaiadMae7R8eR0iwJtA7M_BCja8OGROwxkn7Ux2lbmvQ&mlSearchSessionGuid=88fdc86629ef6a3b748d2aba551ce107,cian,2026-05-04T21:45:59.274940+00:00,Санкт-Петербург,Санкт-Петербург,sale,flat,real_estate_agent,4rooms,4,98.0,31900000.0,325510.20408163266,2.0,4.0,0.5,False,False,Адмиралтейский,набережная Реки Фонтанки,94,Спасская,unknown,325510.20408163266,17.278116599103036,4.59511985013459
326239753,https://spb.cian.ru/sale/flat/326239753/?context=4.chO8JUTKMV4.oWZMwwqgc3V_yxgvLYdVvSRGhlivA_o7AhZaCZWAZlW2NMSbu1Ow4SfSi4BLeM6qgdsJ76KXZ4DkcQ&mlSearchSessionGuid=88fdc86629ef6a3b748d2aba551ce107,cian,2026-05-04T21:45:59.274940+00:00,Санкт-Петербург,Санкт-Петербург,sale,flat,real_estate_agent,4rooms,4,81.5,14980000.0,183803.6809815951,5.0,5.0,1.0,False,True,Адмиралтейский,Большой Казачий переулок,9,Пушкинская,unknown,183803.6809815951,16.52222660280902,4.412798293340635
326074457,https://spb.cian.ru/sale/flat/326074457/?context=4.CUrBNDm_8qI.JngdwgDhQGJ98BTQiWRsGCotjeyaMSsoaLbNUY-EY6Y27HhqMprBkXtGvRM8K40vtoGWw8pMIFRg2w&mlSearchSessionGuid=88fdc86629ef6a3b748d2aba551ce107,cian,2026-05-04T21:45:59.274940+00:00,Санкт-Петербург,Санкт-Петербург,sale,flat,developer,4rooms,4,144.73,96245450.0,665000.0,6.0,10.0,0.6,False,False,Центральный,Новгородская,14,Площадь Александра Невского,Гильдия,665000.0,18.382412267677605,4.981755594545605
324592690,https://spb.cian.ru/sale/flat/324592690/?context=4.YRQoQVxAYoM.8QgiLRXOhTva0V0HhuAliNdtLrT3iRO8oGOyDPcoXLZabBegaTJXDrbV8bsgr7EsezmcglevUAyU0g&mlSearchSessionGuid=88fdc86629ef6a3b748d2aba551ce107,cian,2026-05-04T21:45:59.274940+00:00,Санкт-Петербург,Санкт-Петербург,sale,flat,real_estate_agent,4rooms,4,146.0,79000000.0,541095.8904109589,2.0,9.0,0.2222222222222222,False,False,Петроградский,проезд Петровская коса,6к1,Крестовский остров,Петровская Доминанта,541095.8904109589,18.18495842308952,4.990432586778736
319299237,https://spb.cian.ru/sale/flat/319299237/?context=4.feYj9zzBNFY.Fj4Tq0IbHHu7xaZZcgp4a3qeibeixD0_BA5DVBFZfD9QfIzFge1GyscGBHq2ryjccOvvpSczt6IK3g&mlSearchSessionGuid=88fdc86629ef6a3b748d2aba551ce107,cian,2026-05-04T21:45:59.274940+00:00,Санкт-Петербург,Санкт-Петербург,sale,flat,real_estate_agent,4rooms,4,105.0,19900000.0,189523.80952380956,9.0,9.0,1.0,False,True,Кировский,проспект Стачек,21,Нарвская,unknown,189523.80952380956,16.806230339945976,4.663439094112067
327097312,https://spb.cian.ru/sale/flat/327097312/?context=4.AAede1lvmos.qMPJ6jc4neaS-A13JlM-XxUA_D_YR9oWzu6Hkyo0QG9VK8qgsCMM9QYWbuWyFKaRPLkMNFhqKFFsrw&mlSearchSessionGuid=88fdc86629ef6a3b748d2aba551ce107,cian,2026-05-04T21:45:59.274940+00:00,Санкт-Петербург,Санкт-Петербург,sale,flat,developer,4rooms,4,111.28,83710380.0,752250.0,10.0,18.0,0.5555555555555556,False,False,Василеостровский,бульвар Головнина,13,Приморская,Башни Элемент,752250.0,18.24287355405343,4.720995751493682
320518172,https://spb.cian.ru/sale/flat/320518172/?context=4.HLdJ1c9Wjgg.zSlh8bWy2x32dOH32J8F3sn_N9-S4JsTJtRljjOoHe2Tke40bYN3cnbpg4ROE7PkDZ8cxTegc902sg&mlSearchSessionGuid=88fdc86629ef6a3b748d2aba551ce107,cian,2026-05-04T21:45:59.274940+00:00,Санкт-Петербург,Санкт-Петербург,sale,flat,real_estate_agent,4rooms,4,225.3,212908500.0,945000.0,3.0,3.0,1.0,False,True,Петроградский,Санаторная аллея,3,Черная речка,Del Arte,945000.0,19.17637305861093,5.421861552639491
328968966,https://spb.cian.ru/sale/flat/328968966/?context=4.zBhIQChckwk.izHEa9Q790oeQW5byoyYgQvV4NEEY3BLW3B864xnlgmxNGSx6upKIwfprl_OP6ff2N_Sns2kMmeU-w&mlSearchSessionGuid=88fdc86629ef6a3b748d2aba551ce107,cian,2026-05-04T21:45:59.274940+00:00,Санкт-Петербург,Санкт-Петербург,sale,flat,real_estate_agent,4rooms,4,48.8,9800000.0,200819.6721311476,4.0,5.0,0.8,False,False,Фрунзенский,Белы Куна,7К5,Международная,unknown,200819.6721311476,16.097893045681612,3.9080149840306073
327096250,https://spb.cian.ru/sale/flat/327096250/?context=4.yngLVmOph2Y.xry3Y80hHe4yNxLD5CWxxYi7P7kliMkRvpG4ooewddMeGsUKh-IuklJzX6BXOwzBaUfIsyom5CtJvQ&mlSearchSessionGuid=88fdc86629ef6a3b748d2aba551ce107,cian,2026-05-04T21:45:59.274940+00:00,Санкт-Петербург,Санкт-Петербург,sale,flat,developer,4rooms,4,413.1,496153755.0,1201050.0,5.0,8.0,0.625,False,False,Петроградский,Ремесленная,17литЗ,Спортивная,17/33 Петровский остров,1201050.0,20.02239642858711,6.026107490551522
327744531,https://spb.cian.ru/sale/flat/327744531/?context=4.qKNR4XCrARw.03SV8yuikYT8A8CGfVMoQS2TeBT7YdUbx44zIIrT2UtRE8zAr_25p2jGxfFgrvOoHhSIb3hNWFmGLg&mlSearchSessionGuid=88fdc86629ef6a3b748d2aba551ce107,cian,2026-05-04T21:45:59.274940+00:00,Санкт-Петербург,Санкт-Петербург,sale,flat,real_estate_agent,4rooms,4,230.0,236670000.0,1029000.0,3.0,3.0,1.0,False,True,Петроградский,Санаторная аллея,3,Черная речка,Del Arte,1029000.0,19.282177327964675,5.442417710521793
323092627,https://spb.cian.ru/sale/flat/323092627/?context=4.17WAWwzUG7I.GK3Q_tScj9jOxPKO4vzcrc1z5doU6_ZDBW44FZUOKwMfbx_Od8FRpz0eE6xTdaicf5x0X9wURy32kQ&mlSearchSessionGuid=88fdc86629ef6a3b748d2aba551ce107,cian,2026-05-04T21:45:59.274940+00:00,Санкт-Петербург,Санкт-Петербург,sale,flat,realtor,4rooms,4,73.0,16550000.0,226712.32876712328,3.0,4.0,0.75,False,False,Адмиралтейский,набережная Реки Фонтанки,104,Пушкинская,unknown,226712.32876712328,16.621896720210305,4.30406509320417
329246973,https://spb.cian.ru/sale/flat/329246973/?context=4.99NVxEABWOI.Ejjs0UDvw9_J6y9iJpfbx3qK-KdrjSwKnxs5aOQLs__AU2rZLoZGTDMjp2M3t7xiD6DamhRFToYcuw&mlSearchSessionGuid=88fdc86629ef6a3b748d2aba551ce107,cian,2026-05-04T21:45:59.274940+00:00,Санкт-Петербург,Санкт-Петербург,sale,flat,developer,4rooms,4,136.2,77637882.0,570028.5022026432,14.0,14.0,1.0,False,True,Красногвардейский,Большая Охта,,Новочеркасская,Магнифика ЖК,570028.5022026432,18.16756604902059,4.921439715291784
329429003,https://spb.cian.ru/sale/flat/329429003/?context=4.24NrDGcPrz4.-ARP8SzOlMY_IqwBptdb-t1IxpLfBFCfnjMtzmax_ICKVSJ342RVe0MQNaO8nYFsQc4MgSdv3d2tsw&mlSearchSessionGuid=88fdc86629ef6a3b748d2aba551ce107,cian,2026-05-04T21:45:59.274940+00:00,Санкт-Петербург,Санкт-Петербург,sale,flat,real_estate_agent,4rooms,4,303.2,363840000.0,1200000.0,1.0,7.0,0.1428571428571428,True,False,Петроградский,Константиновский проспект,23,Крестовский остров,Diadema Club House,1200000.0,19.712224771274908,5.717685379825192
324396646,https://spb.cian.ru/sale/flat/324396646/?context=4.a8JgrqEA-z4.j1_FaqpesYW93KFk_QxncLTz4vyFrUO9cUsZ2B89xAL41ZazpKnf_mKHf_xWOGCPtCvfBUwjoZMcag&mlSearchSessionGuid=88fdc86629ef6a3b748d2aba551ce107,cian,2026-05-04T21:45:59.274940+00:00,Санкт-Петербург,Санкт-Петербург,sale,flat,real_estate_agent,4rooms,4,99.9,14500000.0,145145.14514514513,3.0,20.0,0.15,False,False,Красносельский,Маршала Казакова,68к1,Автово,unknown,145145.14514514513,16.489659276356317,4.614129927359564
326433772,https://spb.cian.ru/sale/flat/326433772/?context=4.nkYE08k-wPA.rlpTYhhzvrDlenQEBctLLz6fkWrSawylyC6tGQmawlTGfAdI1wktEHYcQ2g0-Kj2HacFC0rGbjGhBA&mlSearchSessionGuid=88fdc86629ef6a3b748d2aba551ce107,cian,2026-05-04T21:45:59.274940+00:00,Санкт-Петербург,Санкт-Петербург,sale,flat,developer,4rooms,4,116.8,49336320.0,422400.0,2.0,8.0,0.25,False,False,Петроградский,Ремесленная,15,Спортивная,NEVA RESIDENCE,422400.0,17.71417110203736,4.768988271217486
319660970,https://spb.cian.ru/sale/flat/319660970/?context=4.ZYgi29ojTMQ.9i1KV3q7P4L4-qHOpgqcNdgAIqT3P7m5dUjrAJ_3i_TK7BGflKE2nMevUOX39BSFzbShcWO2XeIQWw&mlSearchSessionGuid=88fdc86629ef6a3b748d2aba551ce107,cian,2026-05-04T21:45:59.274940+00:00,Санкт-Петербург,Санкт-Петербург,sale,flat,real_estate_agent,4rooms,4,255.6,300000000.0,1173708.9201877934,7.0,7.0,1.0,False,True,Центральный,набережная Воскресенская,32,Площадь Ленина,Приоритет,1173708.9201877934,19.519293035953808,5.547518452181536
321938434,https://spb.cian.ru/sale/flat/321938434/?context=4.KFmBsC-iivw.hyF_DDPz_sSio2s5DYOouJK2JZ9hTebYLw7KlodyW3uLiS97VFB4E2c4kLqwbxNxxPEkAJeFwcQeUg&mlSearchSessionGuid=88fdc86629ef6a3b748d2aba551ce107,cian,2026-05-04T21:45:59.274940+00:00,Санкт-Петербург,Санкт-Петербург,sale,flat,real_estate_agent,4rooms,4,117.9,18650420.0,158188.46480067854,2.0,7.0,0.2857142857142857,False,False,Центральный,Боровая,18/1,Лиговский проспект,unknown,158188.46480067854,16.74137927752586,4.778282803696737
326934701,https://spb.cian.ru/sale/flat/326934701/?context=4.Hss0tU5VK2k.75XD0HO-Kt_jzGaJAvx_bQv6vy67vul90Od2LssUViHxZb0X_szafn8TagXVM3KUnfjzRTPOhF3Gyw&mlSearchSessionGuid=88fdc86629ef6a3b748d2aba551ce107,cian,2026-05-04T21:45:59.274940+00:00,Санкт-Петербург,Санкт-Петербург,sale,flat,developer,4rooms,4,213.2,131118000.0,615000.0,6.0,7.0,0.8571428571428571,False,False,Василеостровский,12-я Васильевского острова линия,41к2,Василеостровская,Амо,615000.0,18.691608246707062,5.366910158013648
307484511,https://spb.cian.ru/sale/flat/307484511/?context=4.6Xt3j_Jh-_8.P4P0MOzdaeLpuqWxYJYBzyD9b411WLC4TQw-xujnpo-HpT7kCDR4jamNx2iQGV3O83ok6-M4AlxwUQ&mlSearchSessionGuid=88fdc86629ef6a3b748d2aba551ce107,cian,2026-05-04T21:45:59.274940+00:00,Санкт-Петербург,Санкт-Петербург,sale,flat,real_estate_agent,4rooms,4,163.0,130000000.0,797546.0122699386,1.0,5.0,0.2,True,False,Петроградский,набережная Мартынова,74Г,Крестовский остров,unknown,797546.0122699386,18.683045016112164,5.099866427824199
327642769,https://spb.cian.ru/sale/flat/327642769/?context=4.fQmvoVcUjyA.Zx9xe1veM9VUCqFIT20fkfJuHzLqH-tl8MttkMCLHj3Ukti1V96kQDikx53A9LcboXj7w68BiRBDaA&mlSearchSessionGuid=88fdc86629ef6a3b748d2aba551ce107,cian,2026-05-04T21:45:59.274940+00:00,Санкт-Петербург,Санкт-Петербург,sale,flat,real_estate_agent,4rooms,4,73.6,16500000.0,224184.78260869568,2.0,5.0,0.4,False,False,Адмиралтейский,Большой Казачий переулок,9,Пушкинская,unknown,224184.78260869568,16.61887099947687,4.312140507209715
327097080,https://spb.cian.ru/sale/flat/327097080/?context=4.Kh7-6OLJ3WM.55txnceYsX7HucM8SKFmFyrNoxZivO61ezXzlxCdcir6L3nXYQE3TVnCYShpkLzdSmE16A2TEmI9kw&mlSearchSessionGuid=88fdc86629ef6a3b748d2aba551ce107,cian,2026-05-04T21:45:59.274940+00:00,Санкт-Петербург,Санкт-Петербург,sale,flat,developer,4rooms,4,95.75,48425563.0,505750.00522193214,1.0,5.0,0.2,True,False,Курортный,Инструментальщиков,18,Комендантский проспект,BEREG.Курортный,505750.00522193214,17.69553841406612,4.572130331909891
323392605,https://spb.cian.ru/sale/flat/323392605/?context=4.Rf0M2lh82GM.TlVvUc8B1TqFLeNp-sIZAXjMPWwo5hgdnHnZCh5fJ7LefP_pLO-tt3POPEe4DE3m5v1KekwUqu9frg&mlSearchSessionGuid=88fdc86629ef6a3b748d2aba551ce107,cian,2026-05-04T21:45:59.274940+00:00,Санкт-Петербург,Санкт-Петербург,sale,flat,real_estate_agent,4rooms,4,175.0,255000000.0,1457142.857142857,5.0,6.0,0.8333333333333334,False,False,Петроградский,Спортивная,2,Крестовский остров,Крестовский de luxe,1457142.857142857,19.35677410704427,5.170483995038151
327000459,https://spb.cian.ru/sale/flat/327000459/?context=4.n0EOJnql5no.Tu2LEMbELcBCa4T33Wq-Svpi9ayFBa4Rg3YFTXdswggcE9prDLtPpHS16IMtdCqf_Q8GEVQ0jTPRTQ&mlSearchSessionGuid=88fdc86629ef6a3b748d2aba551ce107,cian,2026-05-04T21:45:59.274940+00:00,Санкт-Петербург,Санкт-Петербург,sale,flat,real_estate_agent,4rooms,4,68.2,12300000.0,180351.90615835777,5.0,6.0,0.8333333333333334,False,False,Центральный,Лиговский проспект,75-77Ж,Владимирская,unknown,180351.90615835777,16.325109901643454,4.237000862623624
328976382,https://spb.cian.ru/sale/flat/328976382/?context=4.FYKP7agr33o.QNRS71eR1W6_AePlu_c356T51sALm2qL6T0Jw-9T2tgBP-cspEQZhglVOKTxG1Sstvpx5UvWXRmmOA&mlSearchSessionGuid=88fdc86629ef6a3b748d2aba551ce107,cian,2026-05-04T21:45:59.274940+00:00,Санкт-Петербург,Санкт-Петербург,sale,flat,developer,4rooms,4,127.55,47620000.0,373343.7867502941,9.0,10.0,0.9,False,False,Василеостровский,Морской,,Приморская,Северный Ветер ЖК,373343.7867502941,17.67876342002257,4.856317933711899
313820161,https://spb.cian.ru/sale/flat/313820161/?context=4.SXDffj3zjiY.7f0XMhuPXzER120FW6UzoHiSuz7fmUgCM3lcQG-quVfw8l18aAfleWGIrpKmUo6l95LADwWbTrV3Jw&mlSearchSessionGuid=88fdc86629ef6a3b748d2aba551ce107,cian,2026-05-04T21:45:59.274940+00:00,Санкт-Петербург,Санкт-Петербург,sale,flat,real_estate_agent,4rooms,4,157.8,79000000.0,500633.71356147015,4.0,9.0,0.4444444444444444,False,False,Петроградский,Корпусная,9,Чкаловская,Lumiere,500633.71356147015,18.18495842308952,5.067645548813036
328722539,https://spb.cian.ru/sale/flat/328722539/?context=4.jWuGAi5n6E4.jiaC7OcyMzSyvo9tdyXcka8tzy8Iyp8p4uoI5ETHleIxUh2Xe-mVqOnAUm8oLGDIyEj69ruD_CeMFA&mlSearchSessionGuid=88fdc86629ef6a3b748d2aba551ce107,cian,2026-05-04T21:45:59.274940+00:00,Санкт-Петербург,Санкт-Петербург,sale,flat,real_estate_agent,4rooms,4,48.3,7300000.0,151138.71635610767,1.0,5.0,0.2,True,False,Московский,Краснопутиловская,93,Московская,unknown,151138.71635610767,15.803385043104912,3.897924081048645
328605150,https://spb.cian.ru/sale/flat/328605150/?context=4.8EE1V2-Qjhw.OVx-dMALrI_mlJra4qBji3VgHP56Un18xelaR710gh-CKKJdNCD7gVNGUEQ5okH_NhzS1_lXRoc3Hw&mlSearchSessionGuid=88fdc86629ef6a3b748d2aba551ce107,cian,2026-05-04T21:45:59.274940+00:00,Санкт-Петербург,Санкт-Петербург,sale,flat,developer,4rooms,4,123.9,51728250.0,417500.0,16.0,16.0,1.0,False,True,Василеостровский,набережная Миклухо-Маклая,3к1,Приморская,Морская набережная.СиВью,417500.0,17.76151463123994,4.827513417131532
321666202,https://spb.cian.ru/sale/flat/321666202/?context=4.AGaK_udW62w.4XuFD1l_DIDPhvbxvYxROrbCboScFuNJZDNfe9Cef3NjCog2F4eOKlqtyiqQ6TRd0-Tp4OfXnkrgng&mlSearchSessionGuid=88fdc86629ef6a3b748d2aba551ce107,cian,2026-05-04T21:45:59.274940+00:00,Санкт-Петербург,Санкт-Петербург,sale,flat,real_estate_agent,4rooms,4,136.9,77000000.0,562454.34623813,9.0,9.0,1.0,False,True,Петроградский,Петровский проспект,11к2,Крестовский остров,NEVA HAUS,562454.34623813,18.15931599280497,4.926528784799256
325142033,https://spb.cian.ru/sale/flat/325142033/?context=4.bjgPFP0hdF0.fX9C-Go5gu2QlQWzwfco1lNK-ib7GN8fov2pTl8BrIrtwJSRW435NKD-vV5hhJutJTbqfQrRoMXdrg&mlSearchSessionGuid=88fdc86629ef6a3b748d2aba551ce107,cian,2026-05-04T21:45:59.274940+00:00,Санкт-Петербург,Санкт-Петербург,sale,flat,real_estate_agent,4rooms,4,101.0,15000000.0,148514.8514851485,4.0,6.0,0.6666666666666666,False,False,Адмиралтейский,Подольская,39,Технологический институт,unknown,148514.8514851485,16.52356082573315,4.624972813284271
290200438,https://spb.cian.ru/sale/flat/290200438/?context=4.GuMSaSE9fkQ.m-kYhcitlgTblRkxomuC_gs6fFsxvlDopC-E2wYmHev7QKsjocRlNSUkR4BCXvMKUCLuaIquq34h9w&mlSearchSessionGuid=88fdc86629ef6a3b748d2aba551ce107,cian,2026-05-04T21:45:59.274940+00:00,Санкт-Петербург,Санкт-Петербург,sale,flat,developer,4rooms,4,159.3,89282169.0,560465.5932203389,2.0,7.0,0.2857142857142857,False,False,Василеостровский,13-я Васильевского острова линия,50,Василеостровская,Клубный дом Манхэттен,560465.5932203389,18.307312361857456,5.077047059615508
322974286,https://spb.cian.ru/sale/flat/322974286/?context=4.goy66Ph3UvM.8wE6BZpeABdSpvRg2WUwQKUNXPJbICJmXhv2kxwy57O9qdgDHEwzBscvXg4JXlGyGjAJQk_7L3HKuA&mlSearchSessionGuid=88fdc86629ef6a3b748d2aba551ce107,cian,2026-05-04T21:45:59.274940+00:00,Санкт-Петербург,Санкт-Петербург,sale,flat,real_estate_agent,4rooms,4,157.2,150000000.0,954198.4732824428,9.0,9.0,1.0,False,True,Петроградский,Петровский проспект,11к2,Крестовский остров,NEVA HAUS,954198.4732824428,18.8261458587272,5.063860055333554
282242656,https://spb.cian.ru/sale/flat/282242656/?context=4.OpYXJsFwj4k.WvqBHeJaDHzuDWn5ROLyqAuJ3E2u3p1gqArm3sjxHGEhbe1zq2pEfRvHxTuAbhRL92XEhWvHUiM17A&mlSearchSessionGuid=88fdc86629ef6a3b748d2aba551ce107,cian,2026-05-04T21:45:59.274940+00:00,Санкт-Петербург,Санкт-Петербург,sale,flat,real_estate_agent,4rooms,4,120.8,25300000.0,209437.08609271524,3.0,7.0,0.4285714285714285,False,False,Кировский,проспект Стачек,57,Кировский завод,unknown,209437.08609271524,17.04631499322344,4.802380355275797
318140423,https://spb.cian.ru/sale/flat/318140423/?context=4.OSPgv4-lSpg.DHBmVodJP2MfmfbsWxK30z4VHzqkMJZEvCLN7H7JigpAweDVt6RD6m7rKv7zm-Zbcz6myA3GCziz4A&mlSearchSessionGuid=88fdc86629ef6a3b748d2aba551ce107,cian,2026-05-04T21:45:59.274940+00:00,Санкт-Петербург,Санкт-Петербург,sale,flat,developer,4rooms,4,204.0,106386000.0,521500.0,1.0,8.0,0.125,True,False,Петроградский,Петровский проспект,11к2,Крестовский остров,NEVA HAUS,521500.0,18.482584556666914,5.3230099791384085
324362935,https://spb.cian.ru/sale/flat/324362935/?context=4.ogLHEFkuP18.fLMVrxFgtZ-aD9vI_f-QDTCl6GnNp_OYLFtnxmmzFKMVgJNW3fhBsDI6jjBnXaJmM2_x9pAS_zZKPw&mlSearchSessionGuid=88fdc86629ef6a3b748d2aba551ce107,cian,2026-05-04T21:45:59.274940+00:00,Санкт-Петербург,Санкт-Петербург,sale,flat,real_estate_agent,4rooms,4,260.0,270000000.0,1038461.5384615384,7.0,13.0,0.5384615384615384,False,False,Петроградский,Ждановская,45,Крестовский остров,Леонтьевский мыс,1038461.5384615384,19.413932520666357,5.564520407322694
329016197,https://spb.cian.ru/sale/flat/329016197/?context=4.5roXoO1b9R8.ihf-VJvo-OV2-WhgXKc0RDWFaqOLey863JIC1nVMPloDufmTXrQbOE6Px95mnPF1chXcMzYw8jmbgA&mlSearchSessionGuid=88fdc86629ef6a3b748d2aba551ce107,cian,2026-05-04T21:45:59.274940+00:00,Санкт-Петербург,Санкт-Петербург,sale,flat,realtor,4rooms,4,73.4,14700000.0,200272.4795640327,5.0,6.0,0.8333333333333334,False,False,Центральный,Социалистическая,3,Звенигородская,unknown,200272.4795640327,16.503358119776173,4.309455941839047
315713740,https://spb.cian.ru/sale/flat/315713740/?context=4.5orX04xRrvw.PnDm-SPNi1pSN6UdeZFCOG_t9AgWXIRrRE6zhJBy1w5kVryIRCDi-mNkCRyFDCF1xyn_NbtKLHythQ&mlSearchSessionGuid=88fdc86629ef6a3b748d2aba551ce107,cian,2026-05-04T21:45:59.274940+00:00,Санкт-Петербург,Санкт-Петербург,sale,flat,developer,4rooms,4,108.9,16358958.0,150220.0,2.0,17.0,0.1176470588235294,False,False,Невский,Архивная,3к1,Улица Дыбенко,Апарт-комплекс Зум на Неве,150220.0,16.610286256307504,4.699570861409576
324359031,https://spb.cian.ru/sale/flat/324359031/?context=4.j4S4t5RS4io.LtAJFvmE_e7b2_DgRNQ3H1lfbMtdbSRIotKwM8mzPMImOQzOw3GjGEoEZbTVGPpG75dHdqNNW5iQnQ&mlSearchSessionGuid=88fdc86629ef6a3b748d2aba551ce107,cian,2026-05-04T21:45:59.274940+00:00,Санкт-Петербург,Санкт-Петербург,sale,flat,real_estate_agent,4rooms,4,280.0,239000000.0,853571.4285714285,3.0,4.0,0.75,False,False,Петроградский,Чкаловское,5,Крестовский остров,unknown,853571.4285714285,19.291974114079885,5.638354669333745
329603560,https://spb.cian.ru/sale/flat/329603560/?context=4.9DMt5O8KRug.aArBwKuZ-e8JNXkMCb56SyBB1o60v38gemi_yRvhURhOf_aAPC_JJV8kditMcG3h-NlxmbRmS--WLQ&mlSearchSessionGuid=88fdc86629ef6a3b748d2aba551ce107,cian,2026-05-04T21:45:59.274940+00:00,Санкт-Петербург,Санкт-Петербург,sale,flat,realtor,4rooms,4,81.1,27100000.0,334155.36374845874,3.0,7.0,0.4285714285714285,False,False,Московский,Кузнецовская,34,Электросила,unknown,334155.36374845874,17.115044322750297,4.407938016458383
319520416,https://spb.cian.ru/sale/flat/319520416/?context=4.RORlCzVOQAU.NJa1uXVbgNGTHQSIKkj_mg4MZZIiY-sZEq86pJYdapmWrX26VXLgwF9fRdMapgvYDsoUo_B_jrN1Bw&mlSearchSessionGuid=88fdc86629ef6a3b748d2aba551ce107,cian,2026-05-04T21:45:59.274940+00:00,Санкт-Петербург,Санкт-Петербург,sale,flat,real_estate_agent,4rooms,4,161.0,120000000.0,745341.6149068323,2.0,7.0,0.2857142857142857,False,False,Петроградский,Петровский проспект,11к3,Крестовский остров,NEVA HAUS,745341.6149068323,18.603002309079653,5.087596335232384
324906010,https://spb.cian.ru/sale/flat/324906010/?context=4.QAGoxwqchsg.HBoA3TgXUi15fAIBh5umW-rPFV6xKfs88BlEYsFreAD9Bv2ddsaQTfwv59qiq9MSLD5L3-wMMisqNA&mlSearchSessionGuid=88fdc86629ef6a3b748d2aba551ce107,cian,2026-05-04T21:45:59.274940+00:00,Санкт-Петербург,Санкт-Петербург,sale,flat,realtor,4rooms,4,100.0,19500000.0,195000.0,4.0,4.0,1.0,False,True,Центральный,Моховая,27-29,Чернышевская,unknown,195000.0,16.785925074816024,4.61512051684126
318998095,https://spb.cian.ru/sale/flat/318998095/?context=4.Icxdh86DDc8.GUSciS9b3yS6cENnAocHh_PN3wUgTkzW6JFoGntq6ZJLPxVQVn36YSG-7fQPZ-n2EB7mkAZgFiLaaw&mlSearchSessionGuid=88fdc86629ef6a3b748d2aba551ce107,cian,2026-05-04T21:45:59.274940+00:00,Санкт-Петербург,Санкт-Петербург,sale,flat,developer,4rooms,4,119.1,69161370.0,580700.0,9.0,9.0,1.0,False,True,Адмиралтейский,набережная Обводного Канала,169,Балтийская,Лермонтовский 54,580700.0,18.051953042180333,4.788324729085938
320518164,https://spb.cian.ru/sale/flat/320518164/?context=4.yMOqvykpwyU.qfirSpw5nvys4k7UZC9lj6zduh5OEH2VAX60z0qPlTemUzrU13-bU9MtG017Ed8W0BQJLjhumvB3Qg&mlSearchSessionGuid=88fdc86629ef6a3b748d2aba551ce107,cian,2026-05-04T21:45:59.274940+00:00,Санкт-Петербург,Санкт-Петербург,sale,flat,real_estate_agent,4rooms,4,244.9,231430500.0,945000.0,2.0,3.0,0.6666666666666666,False,False,Петроградский,Санаторная аллея,3,Черная речка,Del Arte,945000.0,19.259790174754954,5.504924949222147
320554730,https://spb.cian.ru/sale/flat/320554730/?context=4.wqwc0D7xabo.V_c0ypQEB0MsAB25UjCd0far1dwKFxUxzw_LNV9D79BXZfYmgkXtr8eq8X3cj8nxErVu9nmHBYwpow&mlSearchSessionGuid=88fdc86629ef6a3b748d2aba551ce107,cian,2026-05-04T21:45:59.274940+00:00,Санкт-Петербург,Санкт-Петербург,sale,flat,real_estate_agent,4rooms,4,87.2,16300000.0,186926.60550458715,6.0,6.0,1.0,False,True,Василеостровский,3-я Васильевского острова линия,46,Спортивная,unknown,186926.60550458715,16.60667572712668,4.4796069630127455
323137343,https://spb.cian.ru/sale/flat/323137343/?context=4.7NRR5iLl5Vk.guLdd9dyg9lWk4tDL-w0RP9L2dr6zLdWwL0WvkGarwm7tIJUMcDeVDmbT6YVJGHQGWrAzZBSuB6-Og&mlSearchSessionGuid=88fdc86629ef6a3b748d2aba551ce107,cian,2026-05-04T21:45:59.274940+00:00,Санкт-Петербург,Санкт-Петербург,sale,flat,real_estate_agent,4rooms,4,114.07,28841000.0,252835.97790830192,12.0,24.0,0.5,False,False,Красносельский,Ленинский проспект,39с2,Юго-Западная,Огни Залива,252835.97790830192,17.177308578516552,4.745540638835367
326555243,https://spb.cian.ru/sale/flat/326555243/?context=4.B6F-RvxuqL8.FW0KheWBl9TRNF0WqiVAJq0eAWxjgJf0B0jt35Ia6SgjSLS1rP7-rGwIUY2EF0hXCr5kExuqBtsSDQ&mlSearchSessionGuid=88fdc86629ef6a3b748d2aba551ce107,cian,2026-05-04T21:45:59.274940+00:00,Санкт-Петербург,Санкт-Петербург,sale,flat,real_estate_agent,4rooms,4,195.0,250000000.0,1282051.282051282,5.0,5.0,1.0,False,True,Петроградский,набережная Мартынова,62,Крестовский остров,unknown,1282051.282051282,19.33697147982652,5.278114659230517
328804096,https://spb.cian.ru/sale/flat/328804096/?context=4.xKlbAFhdWkE.zekI5Bt6B5tc7oQWBDGDS0D6pvosD7uZi5uFQ3PirwSKOIkzkHsylub9ENQ7H7D94Ai5QohZ0mE9Ww&mlSearchSessionGuid=88fdc86629ef6a3b748d2aba551ce107,cian,2026-05-04T21:45:59.274940+00:00,Санкт-Петербург,Санкт-Петербург,sale,flat,real_estate_agent,4rooms,4,186.0,96000000.0,516129.0322580645,6.0,6.0,1.0,False,True,Петроградский,Бармалеева,2,Петроградская,unknown,516129.0322580645,18.379858759848776,5.231108616854587
327490181,https://spb.cian.ru/sale/flat/327490181/?context=4.KYEXPjJjB0A.A9ESWnZ6lqUfOZQC2ZAjrpaau2fvkogC3tWL1JBKTunn0eR9_3tpjdH7PzW5kytpmuc8acxjD-4k4w&mlSearchSessionGuid=88fdc86629ef6a3b748d2aba551ce107,cian,2026-05-04T21:45:59.274940+00:00,Санкт-Петербург,Санкт-Петербург,sale,flat,developer,4rooms,4,178.98,179060541.0,1000450.0,3.0,8.0,0.375,False,False,Петроградский,Ремесленная,17литЗ,Спортивная,17/33 Петровский остров,1000450.0,19.00323453008405,5.192845733605802
321258298,https://spb.cian.ru/sale/flat/321258298/?context=4.kQ_FmTe6ilI.4VPK47Qg467fBcuSndvW8hEjXErgenFDTQEi-ISQVb2pGX6F9Rz_rYbMU3uqISY5j24CjEg0YKJh2w&mlSearchSessionGuid=88fdc86629ef6a3b748d2aba551ce107,cian,2026-05-04T21:45:59.274940+00:00,Санкт-Петербург,Санкт-Петербург,sale,flat,real_estate_agent,4rooms,4,153.7,68900000.0,448275.8620689656,4.0,11.0,0.3636363636363636,False,False,Петроградский,Пионерская,50,Чкаловская,Премьер Палас,448275.8620689656,18.048166750497675,5.04148775757902
315876632,https://spb.cian.ru/sale/flat/315876632/?context=4.6zTBI622ips.bwEkCn4JBJsg97OOfvopEjYOTPxQw1RdU7dF7p2ynSboLkV7vhV5PknDSJQWTVMyQSxGMrIGUzbumA&mlSearchSessionGuid=88fdc86629ef6a3b748d2aba551ce107,cian,2026-05-04T21:45:59.274940+00:00,Санкт-Петербург,Санкт-Петербург,sale,flat,real_estate_agent,4rooms,4,82.4,11990000.0,145509.70873786407,1.0,5.0,0.2,True,False,Красногвардейский,Большеохтинский проспект,5/10к1,Новочеркасская,unknown,145509.70873786407,16.29958361040653,4.423648309364701
327096249,https://spb.cian.ru/sale/flat/327096249/?context=4.lj4sDbUozEw.pCIPeZ2ij8oyRXxv_daaKiNlgOwDGYQh-QadjyuDNexpdsUcqqBik5uDgJcpllPoPxhmh6MzCW4JPw&mlSearchSessionGuid=88fdc86629ef6a3b748d2aba551ce107,cian,2026-05-04T21:45:59.274940+00:00,Санкт-Петербург,Санкт-Петербург,sale,flat,developer,4rooms,4,271.34,343315608.0,1265259.8511093094,3.0,8.0,0.375,False,False,Петроградский,Ремесленная,17литЗ,Спортивная,17/33 Петровский остров,1265259.8511093094,19.65416072491542,5.607051285696429
256066239,https://spb.cian.ru/sale/flat/256066239/?context=4.aSpPssb78PI.OjYyTq2REGD6FmYb1E3aldT4sPB4jyJAlY2lVvs-49rS1FsV3yffA0ahM0QIdcrbbG7YwE7Fk6nD1Q&mlSearchSessionGuid=88fdc86629ef6a3b748d2aba551ce107,cian,2026-05-04T21:45:59.274940+00:00,Санкт-Петербург,Санкт-Петербург,sale,flat,real_estate_agent,4rooms,4,107.0,27000000.0,252336.44859813084,16.0,18.0,0.8888888888888888,False,False,Приморский,Парашютная,61к4,Комендантский проспект,Шуваловский,252336.44859813084,17.11134746100564,4.68213122712422
323305020,https://spb.cian.ru/sale/flat/323305020/?context=4.VSSWcUfA65s.VwBTot_PSZQbRhZKlZFbumu5r_ecUOZWPi1onSmLy04V0i4EJ05zXRyHHoJ7dRW2tv5AJa3TrRpChw&mlSearchSessionGuid=88fdc86629ef6a3b748d2aba551ce107,cian,2026-05-04T21:45:59.274940+00:00,Санкт-Петербург,Санкт-Петербург,sale,flat,real_estate_agent,4rooms,4,95.8,28650000.0,299060.5427974948,4.0,4.0,1.0,False,True,Петроградский,Офицерский переулок,6,Спортивная,unknown,299060.5427974948,17.170664036029034,4.572646994282532
328204293,https://spb.cian.ru/sale/flat/328204293/?context=4.-YrcAo3A86I.Yzi_4DbHYysJACpGJIViE3V4vWSwtoZxgDoYaMpyC6U-jw6sVuJNpFd8Yw_6OlG7hVdLory2BqrkrA&mlSearchSessionGuid=88fdc86629ef6a3b748d2aba551ce107,cian,2026-05-04T21:45:59.274940+00:00,Санкт-Петербург,Санкт-Петербург,sale,flat,developer,4rooms,4,161.24,156515668.0,970700.0,3.0,8.0,0.375,False,False,Петроградский,Ремесленная,17литЗ,Спортивная,17/33 Петровский остров,970700.0,18.868666684338415,5.089076720402819
327992865,https://spb.cian.ru/sale/flat/327992865/?context=4.oRPUpHFdEoY.lEZYduVBYmajUAtqRX8Ok87J5eZ_W-ITWDLHDESBTgYupUZ8w93PKfBsVpDGfEo2fqQ0RF5RRc7Y6A&mlSearchSessionGuid=88fdc86629ef6a3b748d2aba551ce107,cian,2026-05-04T21:45:59.274940+00:00,Санкт-Петербург,Санкт-Петербург,sale,flat,real_estate_agent,4rooms,4,110.0,87000000.0,790909.0909090909,2.0,6.0,0.3333333333333333,False,False,Центральный,Смольная набережная,12,Чернышевская,Смольный парк,790909.0909090909,18.28141868811311,4.709530201312334
326672131,https://spb.cian.ru/sale/flat/326672131/?context=4.DZQOqz80odA.0ls8Uk_fLech8jW5tF7ZIIefcZrS49UrpXvvz911a7xBLjPPnBPBfECk-FgHX2VSaFLpGeh_HahejA&mlSearchSessionGuid=88fdc86629ef6a3b748d2aba551ce107,cian,2026-05-04T21:45:59.274940+00:00,Санкт-Петербург,Санкт-Петербург,sale,flat,real_estate_agent,4rooms,4,89.6,21500000.0,239955.3571428572,5.0,6.0,0.8333333333333334,False,False,Центральный,Солдатский переулок,6,Площадь Восстания,unknown,239955.3571428572,16.88356353960952,4.506454213048934
305677071,https://spb.cian.ru/sale/flat/305677071/?context=4.Bti9vmv-rsM.PeOBdwcrlSDhkcv1FBg8vAvahmO7UkSwXznWEvasRIZjEjSEoA9KPz6-eHL2Q_DLazila4FrD4aceg&mlSearchSessionGuid=88fdc86629ef6a3b748d2aba551ce107,cian,2026-05-04T21:45:59.274940+00:00,Санкт-Петербург,Санкт-Петербург,sale,flat,developer,4rooms,4,94.34,52360964.0,555023.9983040068,3.0,10.0,0.3,False,False,Центральный,Кирилловская,11,Площадь Александра Невского,Новгородская 8,555023.9983040068,17.773671928935453,4.55744944977668
326529894,https://spb.cian.ru/sale/flat/326529894/?context=4.Zp0MaIv4984.qQXe3nRQ1gC6pZ6olvaNLXk-r32clrVnBjwlo8iFmUUNLC0LKK_LfoKaM0TtcK_0Hjbzzp2bVoWOBQ&mlSearchSessionGuid=88fdc86629ef6a3b748d2aba551ce107,cian,2026-05-04T21:45:59.274940+00:00,Санкт-Петербург,Санкт-Петербург,sale,flat,real_estate_agent,4rooms,4,160.0,160000000.0,1000000.0,5.0,6.0,0.8333333333333334,False,False,Петроградский,Спортивная,2,Крестовский остров,Крестовский de luxe,1000000.0,18.8906843794481,5.081404364984463
328676260,https://spb.cian.ru/sale/flat/328676260/?context=4.CBu0GjsuxGE.C_ZAuDvomoJDREly2xo_-nMFNesOv5aEbVHytjZm2qGoP_Qj34uw17MN4v7ynNGQwCEfsSizoR9Y0w&mlSearchSessionGuid=88fdc86629ef6a3b748d2aba551ce107,cian,2026-05-04T21:45:59.274940+00:00,Санкт-Петербург,Санкт-Петербург,sale,flat,realtor,4rooms,4,107.0,19900000.0,185981.30841121497,3.0,3.0,1.0,False,True,Центральный,набережная Реки Фонтанки,56,unknown,unknown,185981.30841121497,16.806230339945976,4.68213122712422
321371040,https://spb.cian.ru/sale/flat/321371040/?context=4.ibEbUBtV-wY.xu12hBsmWaLuHZ8r4A1P7PBqq7NAAcx4XoSmLpx7HJ-ymj9FNo2NaMZ6vvhW_qdDmBb93L7rkWdpVQ&mlSearchSessionGuid=88fdc86629ef6a3b748d2aba551ce107,cian,2026-05-04T21:45:59.274940+00:00,Санкт-Петербург,Санкт-Петербург,sale,flat,developer,4rooms,4,148.1,91119999.0,615259.9527346388,19.0,19.0,1.0,False,True,Василеостровский,Челюскина,10,Приморская,GloraX Premium Василеостровский,615259.9527346388,18.3276878771032,5.004617221770693
328580217,https://spb.cian.ru/sale/flat/328580217/?context=4.9Y--cM2CwT8.mC2ZDHpuEM3GFq-bY7C8r_G7UgGClC0ctip_SkOusE5X1f7H-zrOM3nO1HkgyIVym-INnfD6bf_Ipg&mlSearchSessionGuid=88fdc86629ef6a3b748d2aba551ce107,cian,2026-05-04T21:45:59.274940+00:00,Санкт-Петербург,Санкт-Петербург,sale,flat,real_estate_agent,4rooms,4,121.7,80000000.0,657354.149548069,8.0,9.0,0.8888888888888888,False,False,Петроградский,Мира,37,Горьковская,Мироздание,657354.149548069,18.197537205138158,4.809742351716865
305062796,https://spb.cian.ru/sale/flat/305062796/?context=4.OOvP18a2FlI.oaaUpyD2VpKuhlmlQvuPtMWujyVLTZAN9pgjxSu7SmuyNBoikcCLoIYU2LgsXQNzqTtM4CWuz3ip-A&mlSearchSessionGuid=88fdc86629ef6a3b748d2aba551ce107,cian,2026-05-04T21:45:59.274940+00:00,Санкт-Петербург,Санкт-Петербург,sale,flat,real_estate_agent,4rooms,4,109.0,15990000.0,146697.24770642203,5.0,6.0,0.8333333333333334,False,False,Василеостровский,6-я Васильевского острова линия,43,Василеостровская,unknown,146697.24770642203,16.587474147349223,4.700480365792417
320361587,https://spb.cian.ru/sale/flat/320361587/?context=4.ZjrpbbPv32g.LfivMZj7dg9b_khqLznXOLlf3VUOt9McDowBveNqns1ETGHgkocpb2EVwlXd2a22Csh8z9r-zAi11w&mlSearchSessionGuid=88fdc86629ef6a3b748d2aba551ce107,cian,2026-05-04T21:45:59.274940+00:00,Санкт-Петербург,Санкт-Петербург,sale,flat,developer,4rooms,4,114.0,75089999.0,658684.201754386,3.0,19.0,0.1578947368421052,False,False,Василеостровский,Челюскина,10,Приморская,GloraX Premium Василеостровский,658684.201754386,18.134197952076068,4.74493212836325
326364932,https://spb.cian.ru/sale/flat/326364932/?context=4.vNTWlktyUZ8.VduP4axW4FJaO5vXYgxIaHEoYyvgJwyl0qxQQFZs66VNwklgj8ay3c2EMK2RR1yUo3IS7LkaaryL4g&mlSearchSessionGuid=88fdc86629ef6a3b748d2aba551ce107,cian,2026-05-04T21:45:59.274940+00:00,Санкт-Петербург,Санкт-Петербург,sale,flat,real_estate_agent,4rooms,4,110.7,18600000.0,168021.68021680217,1.0,7.0,0.1428571428571428,True,False,Василеостровский,3-я Васильевского острова линия,24,Василеостровская,unknown,168021.68021680217,16.73867219244687,4.715816706075155
329272353,https://spb.cian.ru/sale/flat/329272353/?context=4.D0X9Ve6Ej8s.QRuvH8Y9tvMU1LGCgoGJhVQWMRW0hyDrg3I0gKsRSRobrycL6sXu-zCY7vqPBIOreMXkCYCjryb_DA&mlSearchSessionGuid=88fdc86629ef6a3b748d2aba551ce107,cian,2026-05-04T21:45:59.274940+00:00,Санкт-Петербург,Санкт-Петербург,sale,flat,real_estate_agent,4rooms,4,74.0,10250000.0,138513.51351351352,1.0,10.0,0.1,True,False,Выборгский,проспект Художников,5К1,Озерки,unknown,138513.51351351352,16.142788361109663,4.31748811353631
324679567,https://spb.cian.ru/sale/flat/324679567/?context=4.XR0ER9Hs8DM.5CJvI6_My05x-UIKcbDXgZ_uFidH3_sVeQMYokZ01J7rZlkOARaU9N9BGz_HU0x-9pUjWls3SN0Maw&mlSearchSessionGuid=88fdc86629ef6a3b748d2aba551ce107,cian,2026-05-04T21:45:59.274940+00:00,Санкт-Петербург,Санкт-Петербург,sale,flat,developer,4rooms,4,172.33,58910000.0,341844.1362502176,7.0,7.0,1.0,False,True,Василеостровский,Морской,,Приморская,Северный Ветер ЖК,341844.1362502176,17.891521430472917,5.155197291953219
327282874,https://spb.cian.ru/sale/flat/327282874/?context=4.r_SSqO-dYWw.uURBG6ig7mztNS9oSis_L5faG_TdUpwGmIYAgdqg01QWskpnu7sg567lwtwjJAKHZDZS-3AeoGvcVg&mlSearchSessionGuid=88fdc86629ef6a3b748d2aba551ce107,cian,2026-05-04T21:45:59.274940+00:00,Санкт-Петербург,Санкт-Петербург,sale,flat,real_estate_agent,4rooms,4,110.9,30950000.0,279080.25247971143,3.0,5.0,0.6,False,False,Петроградский,Большая Монетная,31-33,Петроградская,unknown,279080.25247971143,17.247883589405056,4.71760561531788
311158760,https://spb.cian.ru/sale/flat/311158760/?context=4.c81kvyxxHcI.dBqBTdhwGM4R70PCiy9I03CLXDKSUsJuDr2jBCPPEoGoFuDNdCr4gfOJ1W_EV9nQ_Rk8eKg0V9RSBg&mlSearchSessionGuid=88fdc86629ef6a3b748d2aba551ce107,cian,2026-05-04T21:45:59.274940+00:00,Санкт-Петербург,Санкт-Петербург,sale,flat,real_estate_agent,4rooms,4,96.3,19300000.0,200415.3686396677,2.0,5.0,0.4,False,False,Адмиралтейский,Галерная,77,Василеостровская,unknown,200415.3686396677,16.775615705688583,4.577798989191959
319861608,https://spb.cian.ru/sale/flat/319861608/?context=4.eyAdlT9FsqM.YxMvY9MBmF2Y7cBHgwCczfglYipPWxWD5t43IWgWEAEXICwMzOFxpRcY4dKoX3PgXsQ6ZbINWI2fyQ&mlSearchSessionGuid=88fdc86629ef6a3b748d2aba551ce107,cian,2026-05-04T21:45:59.274940+00:00,Санкт-Петербург,Санкт-Петербург,sale,flat,developer,4rooms,4,119.85,49243009.0,410871.9983312474,9.0,10.0,0.9,False,False,Фрунзенский,Курская,27,Обводный канал,Дом на Курской,410871.9983312474,17.712277986575497,4.794550107149492
328755008,https://spb.cian.ru/sale/flat/328755008/?context=4.vJxczIaVJLs.PRYXqgMcmws49y_57F6GNZEqTnzI_yd208SXD-qfihX199SWfUCqZzWy84KqQQoG9mT7vy73i1fHNw&mlSearchSessionGuid=88fdc86629ef6a3b748d2aba551ce107,cian,2026-05-04T21:45:59.274940+00:00,Санкт-Петербург,Санкт-Петербург,sale,flat,real_estate_agent,4rooms,4,125.7,65000000.0,517104.2163882259,7.0,8.0,0.875,False,False,Петроградский,Петровский проспект,22к2,Чкаловская,Familia,517104.2163882259,17.989897843244528,4.841822087327094
328139551,https://spb.cian.ru/sale/flat/328139551/?context=4.Kv0z_3-D-a0.2vvy_EgHReZUfy0j8dDP0FRwrhyggd9o2solHRxe5x3vAovGOaDvKj2UTTG-vWaXNsCYm2btsO8xlQ&mlSearchSessionGuid=88fdc86629ef6a3b748d2aba551ce107,cian,2026-05-04T21:45:59.274940+00:00,Санкт-Петербург,Санкт-Петербург,sale,flat,real_estate_agent,4rooms,4,83.9,14000000.0,166865.315852205,2.0,5.0,0.4,False,False,Кировский,проспект Стачек,27,Кировский завод,unknown,166865.315852205,16.454567959008102,4.441474093317302
326510989,https://spb.cian.ru/sale/flat/326510989/?context=4.pUR7hEoW6Go.DldZDkMRtiJ_OOrwPeRg0H492e-xs_hOlVl--TzElxb7Ql7JAuGqxDT_z6kTkaq0mPlb9ChcPt4eaw&mlSearchSessionGuid=88fdc86629ef6a3b748d2aba551ce107,cian,2026-05-04T21:45:59.274940+00:00,Санкт-Петербург,Санкт-Петербург,sale,flat,real_estate_agent,4rooms,4,109.0,21500000.0,197247.70642201835,13.0,14.0,0.9285714285714286,False,False,Приморский,Богатырский проспект,28,Комендантский проспект,unknown,197247.70642201835,16.88356353960952,4.700480365792417
329589899,https://spb.cian.ru/sale/flat/329589899/?context=4.QgYAx0uc62Y.aSe374svZYBYALr-A1I5wpvsRpKtdUKwvTzAlV0xSS-URrvAv54PieZ5tRQLQZdXkKxiEqszxNamVQ&mlSearchSessionGuid=88fdc86629ef6a3b748d2aba551ce107,cian,2026-05-04T21:45:59.274940+00:00,Санкт-Петербург,Санкт-Петербург,sale,flat,realtor,4rooms,4,62.3,22700000.0,364365.97110754414,1.0,8.0,0.125,True,False,Петроградский,Кронверкский проспект,47,Горьковская,unknown,364365.97110754414,16.937875526504495,4.147885329150131
290200473,https://spb.cian.ru/sale/flat/290200473/?context=4.5RcYVcgVlwY.Q_IZ2SM2Ei5pERM70lWWNv75dLxvDrjYwlE9nRHhhSdd8pWT7MF1XBSNeHewhVfu9uwrskpm1fMjYA&mlSearchSessionGuid=88fdc86629ef6a3b748d2aba551ce107,cian,2026-05-04T21:45:59.274940+00:00,Санкт-Петербург,Санкт-Петербург,sale,flat,developer,4rooms,4,152.8,101941965.0,667159.4568062826,5.0,7.0,0.7142857142857143,False,False,Василеостровский,13-я Васильевского острова линия,50,Василеостровская,Клубный дом Манхэттен,667159.4568062826,18.439914248544625,5.035653057071544
328853278,https://spb.cian.ru/sale/flat/328853278/?context=4.eBnWzciI5jk.7WAyMioDLsrpnuErTrjh-fWarJ5VCGfWJjeIYkPxhkkuwR4g3jgpkN4DSl4zUkI_sl8RyT86pPsxLg&mlSearchSessionGuid=88fdc86629ef6a3b748d2aba551ce107,cian,2026-05-04T21:45:59.274940+00:00,Санкт-Петербург,Санкт-Петербург,sale,flat,real_estate_agent,4rooms,4,119.5,46550000.0,389539.7489539749,3.0,11.0,0.2727272727272727,False,False,Красногвардейский,проспект Шаумяна,14,Новочеркасская,Alter,389539.7489539749,17.656037583169628,4.791649752930709
329376040,https://spb.cian.ru/sale/flat/329376040/?context=4.0MtrTiMM5kE.Mba6Aj0jVUFuIttIJTTUpuqZkJehKfyQaKed8hxL11ZZTXHb6Ks2h1qm5mTedj-Lh8vJ9aPMAelABA&mlSearchSessionGuid=88fdc86629ef6a3b748d2aba551ce107,cian,2026-05-04T21:45:59.274940+00:00,Санкт-Петербург,Санкт-Петербург,sale,flat,real_estate_agent,4rooms,4,81.5,17890000.0,219509.20245398773,4.0,4.0,1.0,False,True,Петроградский,Подковырова,15-17,Петроградская,unknown,219509.20245398773,16.699752511382048,4.412798293340635
326074406,https://spb.cian.ru/sale/flat/326074406/?context=4.jyTTxI_6sp0.icwK7OHjjDvKZHlkKktJ-3leBMX0tehct97ps9P5u76RaTvznw4YuXMZzsQUAC0ru-uzhVHRpKtqvw&mlSearchSessionGuid=88fdc86629ef6a3b748d2aba551ce107,cian,2026-05-04T21:45:59.274940+00:00,Санкт-Петербург,Санкт-Петербург,sale,flat,developer,4rooms,4,155.91,103680150.0,665000.0,9.0,10.0,0.9,False,False,Центральный,Новгородская,14,Площадь Александра Невского,Гильдия,665000.0,18.4568212469715,5.055672392570977
329230182,https://spb.cian.ru/sale/flat/329230182/?context=4.dZoRNMIM33M.--Y1NgudLPJPZgz7UOLZdAvoDfHMvlraE94YxX1FHdPeRrm8Oe3d33jymzI-3JYzeixwWvfqzbmX_g&mlSearchSessionGuid=88fdc86629ef6a3b748d2aba551ce107,cian,2026-05-04T21:45:59.274940+00:00,Санкт-Петербург,Санкт-Петербург,sale,flat,real_estate_agent,4rooms,4,310.0,290000000.0,935483.870967742,7.0,7.0,1.0,False,True,Центральный,Миргородская,20,Площадь Александра Невского,Grand House,935483.870967742,19.48539148439307,5.739792912179234
324313548,https://spb.cian.ru/sale/flat/324313548/?context=4.t_ZXUjH9sjs.isEzF3knLY00SfEGRBzJcnLlddWmR2CPUFGimQJWBLbs_laXROkAnSOm1NF-FnQ_4vip4OP8u5SMYA&mlSearchSessionGuid=88fdc86629ef6a3b748d2aba551ce107,cian,2026-05-04T21:45:59.274940+00:00,Санкт-Петербург,Санкт-Петербург,sale,flat,real_estate_agent,4rooms,4,84.1,13500000.0,160523.1866825208,1.0,5.0,0.2,True,False,Адмиралтейский,11-я Красноармейская,12,Балтийская,unknown,160523.1866825208,16.41820031748273,4.443827035579329
323357661,https://spb.cian.ru/sale/flat/323357661/?context=4.KF0EXa6vyUM.KPmzSIpGHU-tVSVZMeSW-4yVSOoronw97ZfLcgvASyrPIsZe9tiXXP0-MqeORD6Br7hBHttHssCVwA&mlSearchSessionGuid=88fdc86629ef6a3b748d2aba551ce107,cian,2026-05-04T21:45:59.274940+00:00,Санкт-Петербург,Санкт-Петербург,sale,flat,real_estate_agent,4rooms,4,267.0,99000000.0,370786.5168539326,4.0,5.0,0.8,False,False,Центральный,набережная Реки Мойки,6,Гостиный двор,unknown,370786.5168539326,18.410630418199872,5.5909869805108565
306230987,https://spb.cian.ru/sale/flat/306230987/?context=4.UrlUovXakqk.WMiaUDg8auyhhsjJVL3BGgw1MX5_kavh3jDldLEHfLdz0AZh30G8EtKkhfW4TOM7yyuzOehZRW2tig&mlSearchSessionGuid=88fdc86629ef6a3b748d2aba551ce107,cian,2026-05-04T21:45:59.274940+00:00,Санкт-Петербург,Санкт-Петербург,sale,flat,real_estate_agent,4rooms,4,121.4,16000000.0,131795.71663920922,7.0,7.0,1.0,False,True,Адмиралтейский,Сенной,13,Садовая,unknown,131795.71663920922,16.588099342704055,4.807294370078226
327079493,https://spb.cian.ru/sale/flat/327079493/?context=4.ljhC3ANuD4g.BAQSee4ukewkGRggIVaLjoefvsI7Wb7rrP_8uFN3GY3d3cLAou3hFwX19hOeRVodpJmYAU0Zcplqng&mlSearchSessionGuid=88fdc86629ef6a3b748d2aba551ce107,cian,2026-05-04T21:45:59.274940+00:00,Санкт-Петербург,Санкт-Петербург,sale,flat,real_estate_agent,4rooms,4,153.0,79800000.0,521568.6274509804,13.0,17.0,0.7647058823529411,False,False,Приморский,Ушаковская набережная,3к2,Черная речка,Riverside,521568.6274509804,18.19503407495137,5.0369526024136295
329508522,https://spb.cian.ru/sale/flat/329508522/?context=4.v5zlmNoncHE.hcPq6BjNWaXyk8J-2UlLSzXqOIDcXQ8iGQX5sCYtZhyuSCH_FVBQ95zSReH3CTzTrE12hjrYyZoDuQ&mlSearchSessionGuid=88fdc86629ef6a3b748d2aba551ce107,cian,2026-05-04T21:45:59.274940+00:00,Санкт-Петербург,Санкт-Петербург,sale,flat,realtor,4rooms,4,100.0,19700000.0,197000.0,3.0,7.0,0.4285714285714285,False,False,Василеостровский,11-я Васильевского острова линия,58,Василеостровская,unknown,197000.0,16.796129244469636,4.61512051684126
322558900,https://spb.cian.ru/sale/flat/322558900/?context=4.HlRnvSL5f8o.a9SoQdf9jCAuAeWFWu-cyhJcRJ58fHbns1WhELhBUNKVOXQYAf2HSAxnLClKiFI0W-GhomL1o11DLA&mlSearchSessionGuid=88fdc86629ef6a3b748d2aba551ce107,cian,2026-05-04T21:45:59.274940+00:00,Санкт-Петербург,Санкт-Петербург,sale,flat,developer,4rooms,4,108.5,52069150.0,479900.0,14.0,14.0,1.0,False,True,Василеостровский,набережная Миклухо-Маклая,3к1,Приморская,Морская набережная.СиВью,479900.0,17.768083220032082,4.695924549256556
324312874,https://spb.cian.ru/sale/flat/324312874/?context=4.k2qTmqdItq4.W30e9Q4eyqsRz7trnptrbULXQkTyWc10V20p29ScLBabBVpQSEcaRQYjSotpLkcLZVXfm7W4tRNq_A&mlSearchSessionGuid=88fdc86629ef6a3b748d2aba551ce107,cian,2026-05-04T21:45:59.274940+00:00,Санкт-Петербург,Санкт-Петербург,sale,flat,real_estate_agent,4rooms,4,94.3,44200000.0,468716.8610816543,3.0,8.0,0.375,False,False,Приморский,набережная Черной речки,35,Черная речка,"Черная речка, 41",468716.8610816543,17.60423536967236,4.557029810660157
328204969,https://spb.cian.ru/sale/flat/328204969/?context=4.cUjidIq_VOg.dXcl4mK-vwdwZZJoxGVxacbEOY2WgGaPniHbpJ6tGmSASaof9kVaco7VczDEPnhZbIScbHeK-cwYig&mlSearchSessionGuid=88fdc86629ef6a3b748d2aba551ce107,cian,2026-05-04T21:45:59.274940+00:00,Санкт-Петербург,Санкт-Петербург,sale,flat,realtor,4rooms,4,118.0,23000000.0,194915.25423728817,3.0,4.0,0.75,False,False,Василеостровский,набережная Макарова,22,Спортивная,unknown,194915.2542372881,16.951004817371683,4.77912349311153
327282873,https://spb.cian.ru/sale/flat/327282873/?context=4.JGcfo7Emc6Y.pyzk2DyBPPJO2WNoJQgjTKJdA4k2S34dwcuZEuSx_1gPB0ILv94wA0rzhv8EIR8woFc7YSphOQ4Hhw&mlSearchSessionGuid=88fdc86629ef6a3b748d2aba551ce107,cian,2026-05-04T21:45:59.274940+00:00,Санкт-Петербург,Санкт-Петербург,sale,flat,real_estate_agent,4rooms,4,145.2,56700000.0,390495.8677685951,3.0,5.0,0.6,False,False,Центральный,8-я Советская,14,Площадь Восстания,unknown,390495.8677685951,17.853284786334665,4.984975547315679
327784366,https://spb.cian.ru/sale/flat/327784366/?context=4.GG_651eRuOY.EBK4Fkie0HCLNsVs0uqgv9xJy7VFZg6T2DsQkm2WN3GCAVxUG-ZwNy3a6iIe2eBNFRJP1Wb9YcZrdA&mlSearchSessionGuid=88fdc86629ef6a3b748d2aba551ce107,cian,2026-05-04T21:45:59.274940+00:00,Санкт-Петербург,Санкт-Петербург,sale,flat,real_estate_agent,4rooms,4,100.0,21900000.0,219000.0,3.0,6.0,0.5,False,False,Василеостровский,Гаванская,2,Горный институт,unknown,219000.0,16.90199724044883,4.61512051684126
324245385,https://spb.cian.ru/sale/flat/324245385/?context=4.3JqMd0-cutY.OWGVQGOMlhUTAP-gECezBA41tjGQFgslJyb_FOTalJju0g5hzxeKTJMlOMKE2YcglF6o-L5eO0Ca-w&mlSearchSessionGuid=88fdc86629ef6a3b748d2aba551ce107,cian,2026-05-04T21:45:59.274940+00:00,Санкт-Петербург,Санкт-Петербург,sale,flat,real_estate_agent,4rooms,4,136.0,67900000.0,499264.70588235295,8.0,8.0,1.0,False,True,Центральный,4-я Советская,9,Площадь Восстания,4-я Советская 9,499264.70588235295,18.033546607256465,4.919980925828125
325796464,https://spb.cian.ru/sale/flat/325796464/?context=4.vHZtVzj0MBs.BdK7LrVGrPAXRBRUwRQtTksgCpsfO1Bume_XKYA4Fe83cmVx_pPcqrWcfFhDdM91x90Ob8GmAjTa7w&mlSearchSessionGuid=88fdc86629ef6a3b748d2aba551ce107,cian,2026-05-04T21:45:59.274940+00:00,Санкт-Петербург,Санкт-Петербург,sale,flat,realtor,4rooms,4,60.3,10499000.0,174112.76948590382,1.0,10.0,0.1,True,False,Приморский,Аэродромная,7к1,Пионерская,unknown,174112.76948590382,16.16679066774424,4.115779842942166
314890160,https://spb.cian.ru/sale/flat/314890160/?context=4.pZT1XQflYtw.cBJRojiCDZq3JDDC4LKOxf7C1tlPxXaIwj6NvO6K8_zXLr7EBacHw2yos-oyS9sud6JBZ1g-HV5MCA&mlSearchSessionGuid=88fdc86629ef6a3b748d2aba551ce107,cian,2026-05-04T21:45:59.274940+00:00,Санкт-Петербург,Санкт-Петербург,sale,flat,developer,4rooms,4,100.14,65091000.0,650000.0,3.0,6.0,0.5,False,False,Петроградский,Профессора Попова,38,Петроградская,ID Petrogradskaya,650000.0,17.991296864136725,4.616505695651837
327239695,https://spb.cian.ru/sale/flat/327239695/?context=4.M39uPsnEsx4.FXH5SELkvNhM3O5mTDXELug4C8nxdaXjCuIeii2uI2bDl5kLZnMJSrdMWcfQvmi0eT2brCv-dUj1xA&mlSearchSessionGuid=88fdc86629ef6a3b748d2aba551ce107,cian,2026-05-04T21:45:59.274940+00:00,Санкт-Петербург,Санкт-Петербург,sale,flat,real_estate_agent,4rooms,4,123.8,31900000.0,257673.6672051696,3.0,6.0,0.5,False,False,Центральный,Суворовский проспект,38Б,Чернышевская,unknown,257673.6672051696,17.278116599103036,4.826712455935327
319963167,https://spb.cian.ru/sale/flat/319963167/?context=4.rMdsNJmBFnM.tqydCJOzsU66V49USIalm2hzFPIj_cF5gUUYwGdMR82VJ9U0Ke_Oa0vAeNL7PBZKpZ53LKbTJhNgqw&mlSearchSessionGuid=88fdc86629ef6a3b748d2aba551ce107,cian,2026-05-04T21:45:59.274940+00:00,Санкт-Петербург,Санкт-Петербург,sale,flat,real_estate_agent,4rooms,4,306.3,85000000.0,277505.71335292194,6.0,6.0,1.0,False,True,Центральный,Чайковского,61,Чернышевская,unknown,277505.71335292194,18.258161826219297,5.727824469136439
302588479,https://spb.cian.ru/sale/flat/302588479/?context=4.Yan-U-SiPOs.DSBewayqqlKP4Pw8HJ_RjewRaZQx423mqTWvwolF6vXV4Xx53LQzTgqPqZtfYa2Z2JW8_JpyVTbumg&mlSearchSessionGuid=88fdc86629ef6a3b748d2aba551ce107,cian,2026-05-04T21:45:59.274940+00:00,Санкт-Петербург,Санкт-Петербург,sale,flat,real_estate_agent,4rooms,4,98.52,24983000.0,253583.0288266342,7.0,24.0,0.2916666666666667,False,False,Красносельский,Ленинский проспект,39с2,Юго-Западная,Огни Залива,253583.0288266342,17.033706191554828,4.600358628990869
317292616,https://spb.cian.ru/sale/flat/317292616/?context=4.-iloFGRTm2Y.ARl6ipg0mCi94cEj4b0EhqWxWHfPYZL01wUemgXXeKrxIrHadJjg-5zZ6xv5TrwAi_GrsInX3Kg-gA&mlSearchSessionGuid=88fdc86629ef6a3b748d2aba551ce107,cian,2026-05-04T21:45:59.274940+00:00,Санкт-Петербург,Санкт-Петербург,sale,flat,real_estate_agent,4rooms,4,178.0,133000000.0,747191.011235955,5.0,7.0,0.7142857142857143,False,False,Петроградский,Динамовская,2,Крестовский остров,unknown,747191.011235955,18.705859693704824,5.187385805840755
329445687,https://spb.cian.ru/sale/flat/329445687/?context=4.Md0DcruJi90.8qjxIhmLMR9Oc09TZIUxab-OPZLDUlMLYgqZtzF55zws0A0pMbidMnhNZ0NCi2zkdqhSeG1Nx0j_yg&mlSearchSessionGuid=88fdc86629ef6a3b748d2aba551ce107,cian,2026-05-04T21:45:59.274940+00:00,Санкт-Петербург,Санкт-Петербург,sale,flat,real_estate_agent,4rooms,4,74.6,13800000.0,184986.5951742627,13.0,14.0,0.9285714285714286,False,False,Невский,Латышских Стрелков,5К2,Проспект Большевиков,unknown,184986.59517426277,16.440179222591198,4.325456283185488
329477098,https://spb.cian.ru/sale/flat/329477098/?context=4.EV6w6qz5U0o.dPOdoBf2a4U9SktzKXZvlUsu1fn5Pu_CaES_EBK1EE2BzuUcid8LOL5xMfIFyHUHyibu5a-tNBHUlA&mlSearchSessionGuid=88fdc86629ef6a3b748d2aba551ce107,cian,2026-05-04T21:45:59.274940+00:00,Санкт-Петербург,Санкт-Петербург,sale,flat,developer,4rooms,4,159.26,66391731.0,416876.37197036296,2.0,3.0,0.6666666666666666,False,False,Пушкинский,Гражданская,9,Купчино,VI Квартал,416876.37197036296,18.011083088621355,5.076797496349925
329571923,https://spb.cian.ru/sale/flat/329571923/?context=4.w3a4Thpv354.EjEC7G4AN1OfTdeq1uiRXjmFopu6xfZkv-wQfjk-yvt2ND--Spv0KfOI_KV6pkMgKz2wmQFxfcEvUQ&mlSearchSessionGuid=88fdc86629ef6a3b748d2aba551ce107,cian,2026-05-04T21:45:59.274940+00:00,Санкт-Петербург,Санкт-Петербург,sale,flat,real_estate_agent,4rooms,4,111.0,29790000.0,268378.3783783784,3.0,5.0,0.6,False,False,Петроградский,набережная Реки Карповки,16,Петроградская,unknown,268378.3783783784,17.209683358257777,4.718498871295094
329330304,https://spb.cian.ru/sale/flat/329330304/?context=4.L2-z2WQ-RMg.HzuC9I85vHb5cHZBfxTe0lzkubbPfxoh14L2yWkVvRUg_v_um-yoNeYtoXhFbrZ0_hhz99aUJFi3XQ&mlSearchSessionGuid=88fdc86629ef6a3b748d2aba551ce107,cian,2026-05-04T21:45:59.274940+00:00,Санкт-Петербург,Санкт-Петербург,sale,flat,real_estate_agent,4rooms,4,49.1,8100000.0,164969.45010183298,1.0,5.0,0.2,True,False,Кировский,Лени Голикова,68,Проспект Ветеранов,unknown,164969.45010183298,15.90737474309945,3.914021008090819
324319100,https://spb.cian.ru/sale/flat/324319100/?context=4.zU8iWsFs-vc.BIfuCdueKGWaSnocwNqJgq50rosm9vUWJUh1KLc5JXkqim-7HJrFKT4vH7ZwqRHKV1cvU-fCM8DGcA&mlSearchSessionGuid=88fdc86629ef6a3b748d2aba551ce107,cian,2026-05-04T21:45:59.274940+00:00,Санкт-Петербург,Санкт-Петербург,sale,flat,developer,4rooms,4,104.3,47039999.0,451006.70182166825,18.0,19.0,0.9473684210526316,False,False,Василеостровский,Челюскина,10,Приморская,GloraX Premium Василеостровский,451006.70182166825,17.666508861554647,4.6568134191399295
327239677,https://spb.cian.ru/sale/flat/327239677/?context=4.ahO2RADSe1U.vA_KltN_OVW0x2bENizMu9wqaH9KwUMe1ZZVQQUKPTL-BCG6fLP9cU_KRAogiw_6ETEAdqlWg8VOsA&mlSearchSessionGuid=88fdc86629ef6a3b748d2aba551ce107,cian,2026-05-04T21:45:59.274940+00:00,Санкт-Петербург,Санкт-Петербург,sale,flat,real_estate_agent,4rooms,4,132.0,29990000.0,227196.9696969697,3.0,5.0,0.6,False,False,Петроградский,Воскова,15-17,Горьковская,unknown,227196.9696969697,17.21637458406964,4.890349128221754
328037699,https://spb.cian.ru/sale/flat/328037699/?context=4.1z28YvBVbHM.WoubsWDhRCypEeScaQXuMcifhF9YUXNthgjlVo45XlYI_WwkfHy22kUCe2s9MiNnh4iiP4SMgklfpg&mlSearchSessionGuid=88fdc86629ef6a3b748d2aba551ce107,cian,2026-05-04T21:45:59.274940+00:00,Санкт-Петербург,Санкт-Петербург,sale,flat,real_estate_agent,4rooms,4,118.9,28350000.0,238435.6602186711,4.0,6.0,0.6666666666666666,False,False,Московский,Московский проспект,204,Московская,unknown,238435.66021867117,17.160137623411405,4.786658062033468
328380452,https://spb.cian.ru/sale/flat/328380452/?context=4.CjVXFX6T8Ao.-6q5GlyhggvYEueO1WWPuYR1FuGXRvMz_OMW_quUtZWVLishD2FqU6VALpOsM1BQSFlaGI2wwF8mPw&mlSearchSessionGuid=88fdc86629ef6a3b748d2aba551ce107,cian,2026-05-04T21:45:59.274940+00:00,Санкт-Петербург,Санкт-Петербург,sale,flat,real_estate_agent,4rooms,4,176.0,180000000.0,1022727.2727272728,3.0,7.0,0.4285714285714285,False,False,Петроградский,набережная Мартынова,4,Крестовский остров,unknown,1022727.2727272728,19.00846741441004,5.176149732573829
328999056,https://spb.cian.ru/sale/flat/328999056/?context=4.u4FWREUR1TA.-gBjhb2kPlDGQ9LSAwt2hZaZXdzr-WfSLM7iqBRhI8wRNaeKDRpDOfVNevk8EUqEG3I4kJ4bTLsjvg&mlSearchSessionGuid=88fdc86629ef6a3b748d2aba551ce107,cian,2026-05-04T21:45:59.274940+00:00,Санкт-Петербург,Санкт-Петербург,sale,flat,real_estate_agent,4rooms,4,72.5,9970000.0,137517.24137931035,3.0,10.0,0.3,False,False,Красногвардейский,Белорусская,14/22,Проспект Большевиков,unknown,137517.24137931035,16.11509124223892,4.297285406218791
321286374,https://spb.cian.ru/sale/flat/321286374/?context=4.LNLtudVwNc4.eEnNf4fNPGm75PddZaPf4qFLRt8RGKo8K96XWFVmRW9rvI8t1dEzPQjmK5ZNOOaVTNKZK7oGa2zHbA&mlSearchSessionGuid=88fdc86629ef6a3b748d2aba551ce107,cian,2026-05-04T21:45:59.274940+00:00,Санкт-Петербург,Санкт-Петербург,sale,flat,real_estate_agent,4rooms,4,113.0,55950086.0,495133.50442477874,6.0,6.0,1.0,False,True,Василеостровский,Уральская,23,Приморская,Amber Club,495133.50442477874,17.839970547680785,4.736198448394496
324853293,https://spb.cian.ru/sale/flat/324853293/?context=4.ta1REy_nQfQ.y08uZ2b0MbfgxUU2b72iRVP86mFsS1QDaiRm7Y6108SgynqmzdGVenSPDV8Fc79BD6VYVJZpicShew&mlSearchSessionGuid=88fdc86629ef6a3b748d2aba551ce107,cian,2026-05-04T21:45:59.274940+00:00,Санкт-Петербург,Санкт-Петербург,sale,flat,real_estate_agent,4rooms,4,187.7,64900000.0,345764.5178476292,3.0,3.0,1.0,False,True,Адмиралтейский,Почтамтская,8,Адмиралтейская,unknown,345764.5178476292,17.98835819708264,5.240158452374504
329533382,https://spb.cian.ru/sale/flat/329533382/?context=4.OqSeX5KBNX0.K-TERDqcFrfM0z_R51oNCsXSp6bASbVbqjd2JoPWWe5kbMaJxVIr3--xmjr0Z5rozTT0G1LjOuk7VQ&mlSearchSessionGuid=88fdc86629ef6a3b748d2aba551ce107,cian,2026-05-04T21:45:59.274940+00:00,Санкт-Петербург,Санкт-Петербург,sale,flat,real_estate_agent,4rooms,4,48.3,8500000.0,175983.4368530021,1.0,5.0,0.2,True,False,Кировский,Ленинский проспект,129К4,Ленинский проспект,unknown,175983.4368530021,15.955576839107596,3.897924081048645
327079977,https://spb.cian.ru/sale/flat/327079977/?context=4.6nOaG1iKFe8.fdr5I-_E2oklUQJCaExZQrQWQ32A6D2D7qLq2cA1JQoMPgvlaPztJ4aqXzUBv1YVTuSP5PNYff9FyA&mlSearchSessionGuid=88fdc86629ef6a3b748d2aba551ce107,cian,2026-05-04T21:45:59.274940+00:00,Санкт-Петербург,Санкт-Петербург,sale,flat,developer,4rooms,4,122.8,46436857.0,378150.3013029316,22.0,23.0,0.9565217391304348,False,False,Выборгский,Шувалово-Озерки,4,Проспект Просвещения,Струны ЖК,378150.3013029316,17.65360405531304,4.818667360250496
328253868,https://spb.cian.ru/sale/flat/328253868/?context=4.mrSa6ppSh6Q.VDV3OILCt_4omhHDMeVXGmv_TAioF4cN6lamnMJ1hNnYpcIFXkMfqurF5ZiBlgvhQ5e6FXPnbU6lJw&mlSearchSessionGuid=88fdc86629ef6a3b748d2aba551ce107,cian,2026-05-04T21:45:59.274940+00:00,Санкт-Петербург,Санкт-Петербург,sale,flat,real_estate_agent,4rooms,4,120.0,95000000.0,791666.6666666666,9.0,10.0,0.9,False,False,Петроградский,Малая Зеленина,1/22,Чкаловская,Аристократ,791666.6666666666,18.36938746009113,4.795790545596741
322536943,https://spb.cian.ru/sale/flat/322536943/?context=4.xd23bG85gTw.U4pQ_Ux1l2XzHOwJ6HRx_NDI-8pTKcP3ncNVA-zcP6YSetNIlMz-WuETDuygM0JUOCESTSJygVpOIg&mlSearchSessionGuid=88fdc86629ef6a3b748d2aba551ce107,cian,2026-05-04T21:45:59.274940+00:00,Санкт-Петербург,Санкт-Петербург,sale,flat,real_estate_agent,4rooms,4,73.4,11300000.0,153950.9536784741,4.0,10.0,0.4,False,False,Приморский,Планерная,23К2,Комендантский проспект,unknown,153950.9536784741,16.24031337217814,4.309455941839047
322651950,https://spb.cian.ru/sale/flat/322651950/?context=4.KAQQrRO00Kc.eFvSL8WCGBhJ50439Z2PbLZnNgcSnLKmesgWZ6eWw8mO3_b8LJ6SaJY3GhNAJ_7AX4jGiEE82eTeAQ&mlSearchSessionGuid=88fdc86629ef6a3b748d2aba551ce107,cian,2026-05-04T21:45:59.274940+00:00,Санкт-Петербург,Санкт-Петербург,sale,flat,real_estate_agent,4rooms,4,167.77,166092300.0,990000.0,2.0,6.0,0.3333333333333333,False,False,Василеостровский,unknown,,Горный институт,Империал Клаб ЖК,990000.0,18.92805422191383,5.128536841248393
316597606,https://spb.cian.ru/sale/flat/316597606/?context=4.bt2ihng4Cv4.hOM31IV_Q46eC6hidljY-qdx6Dhj2Mc0ijst7bv2E8bZA-51dZE8RetwZT-925PkHBCCsmTpX35gYg&mlSearchSessionGuid=88fdc86629ef6a3b748d2aba551ce107,cian,2026-05-04T21:45:59.274940+00:00,Санкт-Петербург,Санкт-Петербург,sale,flat,real_estate_agent,4rooms,4,129.0,59500000.0,461240.3100775194,3.0,6.0,0.5,False,False,Петроградский,проспект Малый Петроградской стороны,79-81-83,Петроградская,unknown,461240.3100775194,17.90148688732258,4.867534450455582
327252132,https://spb.cian.ru/sale/flat/327252132/?context=4.hA0ev0kJNBY.tm-ndU7P3I_2ZoYdU07h7qsAZ5XNI_Bfhm_geAX_FQvFrDKnrOIMsFOaR4aIaSBfjKxwxYkNrOM6oA&mlSearchSessionGuid=88fdc86629ef6a3b748d2aba551ce107,cian,2026-05-04T21:45:59.274940+00:00,Санкт-Петербург,Санкт-Петербург,sale,flat,real_estate_agent,4rooms,4,82.7,22300000.0,269649.33494558645,2.0,6.0,0.3333333333333333,False,False,Центральный,Тверская,16,Чернышевская,unknown,269649.33494558645,16.920097281273396,4.4272389774954295
318140407,https://spb.cian.ru/sale/flat/318140407/?context=4.YiVH3pG0sdU.nyvt1AxGZEQyu12_d9J7OWUGW27Sx_fn0wYfRM2Euy0NSi6rXqX-tB3JeQP1CdADrxPHVBLVSrGqSg&mlSearchSessionGuid=88fdc86629ef6a3b748d2aba551ce107,cian,2026-05-04T21:45:59.274940+00:00,Санкт-Петербург,Санкт-Петербург,sale,flat,developer,4rooms,4,155.5,91387350.0,587700.0,1.0,7.0,0.1428571428571428,True,False,Петроградский,Петровский проспект,11к3,Крестовский остров,NEVA HAUS,587700.0,18.330617635162465,5.053056009980208
326997087,https://spb.cian.ru/sale/flat/326997087/?context=4.jzeSNxonF8c.Q8sgPIhqlCbV5nQYRbaFqX8xlFEpJG3ulj0ooBNbiEA8lBv4ED2ZPnkNUdSPd3Bx4_z5HW3hcmEqXg&mlSearchSessionGuid=88fdc86629ef6a3b748d2aba551ce107,cian,2026-05-04T21:45:59.274940+00:00,Санкт-Петербург,Санкт-Петербург,sale,flat,real_estate_agent,4rooms,4,126.4,74900000.0,592563.2911392405,4.0,8.0,0.5,False,False,Петроградский,Петровский проспект,26к2,Крестовский остров,The One,592563.2911392405,18.131664461838582,4.847331743138063
318006277,https://spb.cian.ru/sale/flat/318006277/?context=4.uOsjj8KbSrk.hq7fmWlYhh0mF8rYlgmxfx7mUGrco7_Go-JqIOKTGZIvoITsaTba58vls_W0isIBmhtE6ZRwzfBwsA&mlSearchSessionGuid=88fdc86629ef6a3b748d2aba551ce107,cian,2026-05-04T21:45:59.274940+00:00,Санкт-Петербург,Санкт-Петербург,sale,flat,real_estate_agent,4rooms,4,89.6,21000000.0,234375.00000000003,2.0,5.0,0.4,False,False,Приморский,Савушкина,1/2,Черная речка,unknown,234375.00000000003,16.860033043306743,4.506454213048934
314890254,https://spb.cian.ru/sale/flat/314890254/?context=4.NA0O3d7JfBc.ZF1XzTFSM40YgPKWjmA22UX1kgzARgXKbNcHBPRU4bS9Z3eOy6RvJXANZu5yrTgZl6Xj3SpeKUy4ww&mlSearchSessionGuid=88fdc86629ef6a3b748d2aba551ce107,cian,2026-05-04T21:45:59.274940+00:00,Санкт-Петербург,Санкт-Петербург,sale,flat,developer,4rooms,4,124.28,78296400.0,630000.0,5.0,6.0,0.8333333333333334,False,False,Петроградский,Профессора Попова,38,Петроградская,ID Petrogradskaya,630000.0,18.17601219566454,4.830551232242493
326582581,https://spb.cian.ru/sale/flat/326582581/?context=4.XnJlVdjnJ4w.wSyrB60Bg_SCyhqjrRQ9g098MJjjgqOKfiEVz_638YbfOoQhOeFsHcW-hs06CbNq4ZpcTCkB1CcDGw&mlSearchSessionGuid=88fdc86629ef6a3b748d2aba551ce107,cian,2026-05-04T21:45:59.274940+00:00,Санкт-Петербург,Санкт-Петербург,sale,flat,real_estate_agent,4rooms,4,146.0,79000000.0,541095.8904109589,2.0,9.0,0.2222222222222222,False,False,Петроградский,проезд Петровская коса,6к1,Крестовский остров,Петровская Доминанта,541095.8904109589,18.18495842308952,4.990432586778736
328911555,https://spb.cian.ru/sale/flat/328911555/?context=4.DlcFVVDmp8Q.z1E9qNcqVtG5DhiJvsSssyFVE2LBtJbML9JKdHnyPXRJY5lpBwWdWLMvArRKxDxcAe3G8sEkcR-OxQ&mlSearchSessionGuid=88fdc86629ef6a3b748d2aba551ce107,cian,2026-05-04T21:45:59.274940+00:00,Санкт-Петербург,Санкт-Петербург,sale,flat,real_estate_agent,4rooms,4,97.0,20900000.0,215463.9175257732,3.0,5.0,0.6,False,False,Калининский,Михайлова,1,Площадь Ленина,unknown,215463.9175257732,16.855259764781927,4.584967478670572
322032799,https://spb.cian.ru/sale/flat/322032799/?context=4.67pzMP5nQUg.akVa_CYmPo-d3qUOtQZ0ryjrt0-FthcObQasFoxJ0anbkVmaHkzyQB1VcbPvL-NJl171EgFGBKTpHg&mlSearchSessionGuid=88fdc86629ef6a3b748d2aba551ce107,cian,2026-05-04T21:45:59.274940+00:00,Санкт-Петербург,Санкт-Петербург,sale,flat,developer,4rooms,4,110.1,146363064.0,1329364.795640327,9.0,9.0,1.0,False,True,Петроградский,Средняя Колтовская,,Чкаловская,Клубный дом,1329364.795640327,18.801600839410085,4.710430696645584
328662352,https://spb.cian.ru/sale/flat/328662352/?context=4.S2kE5pxz7b8.D3V3wnWWpNx8zduRW-eNrmMdF3mKKk_uAwyWRtACXfcCiGcyCyJm4yZ9GJsTp4my5tAzlfwhy6hLEQ&mlSearchSessionGuid=88fdc86629ef6a3b748d2aba551ce107,cian,2026-05-04T21:45:59.274940+00:00,Санкт-Петербург,Санкт-Петербург,sale,flat,real_estate_agent,4rooms,4,108.5,79000000.0,728110.599078341,1.0,8.0,0.125,True,False,Петроградский,Петровский проспект,26к2,Крестовский остров,The One,728110.599078341,18.18495842308952,4.695924549256556
327236032,https://spb.cian.ru/sale/flat/327236032/?context=4._U-S5e7oSks.-PYcSfcxozUXIPwzxihCGRwK9J32pctwNmsrYUSqfJZ2rkTyS4zKCC5vmyWM5jBt9ZlSQfVczhiMGA&mlSearchSessionGuid=88fdc86629ef6a3b748d2aba551ce107,cian,2026-05-04T21:45:59.274940+00:00,Санкт-Петербург,Санкт-Петербург,sale,flat,real_estate_agent,4rooms,4,166.2,69885555.0,420490.7039711192,3.0,4.0,0.75,False,False,Адмиралтейский,набережная Канала Грибоедова,42,Сенная площадь,unknown,420490.7039711192,18.06236954779709,5.119190700650601
318140415,https://spb.cian.ru/sale/flat/318140415/?context=4.dgPkUKDxA_4.r2_uGFNonheYh1J31OqcikkuF-MUloBFWf36vmYs8pK5jtiLocvPU8QOmwBl22phvFpXB_nrHB-Rng&mlSearchSessionGuid=88fdc86629ef6a3b748d2aba551ce107,cian,2026-05-04T21:45:59.274940+00:00,Санкт-Петербург,Санкт-Петербург,sale,flat,developer,4rooms,4,188.5,126785100.0,672600.0,9.0,9.0,1.0,False,True,Петроградский,Петровский проспект,11к2,Крестовский остров,NEVA HAUS,672600.0,18.65800409306373,5.244389024522481
325180687,https://spb.cian.ru/sale/flat/325180687/?context=4.zBCTW57oBbM.GLp-bAC90iq1XpiOqd2vCqJcp185TlY8Zq_2bOTvEZO7dXEbnQc2TAV3qnPFYPyPXmex8d26k4CRYQ&mlSearchSessionGuid=88fdc86629ef6a3b748d2aba551ce107,cian,2026-05-04T21:45:59.274940+00:00,Санкт-Петербург,Санкт-Петербург,sale,flat,real_estate_agent,4rooms,4,221.0,309400000.0,1400000.0,13.0,14.0,0.9285714285714286,False,False,Петроградский,Ждановская,45,Крестовский остров,Леонтьевский мыс,1400000.0,19.5501454993353,5.402677381872279
321746218,https://spb.cian.ru/sale/flat/321746218/?context=4.7nhMtOsBh7o.IdEk50W6bIuRMwUyDRGKd3Gfok9IIkQi-kgCosKQOuMEOp8Kxb9FH3BArdXMMzezK-q9oi6emFiscQ&mlSearchSessionGuid=88fdc86629ef6a3b748d2aba551ce107,cian,2026-05-04T21:45:59.274940+00:00,Санкт-Петербург,Санкт-Петербург,sale,flat,real_estate_agent,4rooms,4,89.2,16500000.0,184977.5784753363,1.0,10.0,0.1,True,False,Красносельский,Маршала Казакова,40К1,Юго-Западная,unknown,184977.5784753363,16.61887099947687,4.502029427068578
329477085,https://spb.cian.ru/sale/flat/329477085/?context=4.APn-UPm7lKw.Khr47szlh_jJHaFq31U0xcstyz7SoBOoRXxy1OaedSxKeeHOCCQBC324wPr3kOjbwXtL0V6n9JqVUg&mlSearchSessionGuid=88fdc86629ef6a3b748d2aba551ce107,cian,2026-05-04T21:45:59.274940+00:00,Санкт-Петербург,Санкт-Петербург,sale,flat,developer,4rooms,4,159.26,68369506.0,429294.9014190632,2.0,3.0,0.6666666666666666,False,False,Пушкинский,Ляминский переулок,14,Купчино,VI Квартал,429294.9014190632,18.040437479099023,5.076797496349925
329368518,https://spb.cian.ru/sale/flat/329368518/?context=4.eq9lWhWs6DQ.qC0Q7B2Kq9LcZWYjpouELCImO_nD8ZmrG_imKzUYbNtahxY2hxjnqTEy4uZmQV-hwizYylM4pV100w&mlSearchSessionGuid=88fdc86629ef6a3b748d2aba551ce107,cian,2026-05-04T21:45:59.274940+00:00,Санкт-Петербург,Санкт-Петербург,sale,flat,real_estate_agent,4rooms,4,111.0,37900000.0,341441.4414414414,4.0,5.0,0.8,False,False,Центральный,переулок Басков,25,Чернышевская,unknown,341441.4414414414,17.450461696437877,4.718498871295094
320690540,https://spb.cian.ru/sale/flat/320690540/?context=4.G-iRvp0eat8.7OAnpFpzFgmHfDOK1vXbqRJ_i70SZ48U3edKAwQwewEK5h5vHB8dYgD3NgxyyHUjX3tEZTRiN3hehg&mlSearchSessionGuid=88fdc86629ef6a3b748d2aba551ce107,cian,2026-05-04T21:45:59.274940+00:00,Санкт-Петербург,Санкт-Петербург,sale,flat,real_estate_agent,4rooms,4,100.2,16200000.0,161676.64670658682,2.0,5.0,0.4,False,False,Василеостровский,проспект Малый Васильевского острова,35Б,Василеостровская,unknown,161676.64670658682,16.600521861931007,4.617098756853365
327637930,https://spb.cian.ru/sale/flat/327637930/?context=4.J2UrFBnJnBc.VaauiFet1_BxYV_aZEsyYFAGc5xZtUvyEvAYTWb_YfrjE7JEmZzV24tG0lj3CWxfNi6EEMQ__EmydA&mlSearchSessionGuid=88fdc86629ef6a3b748d2aba551ce107,cian,2026-05-04T21:45:59.274940+00:00,Санкт-Петербург,Санкт-Петербург,sale,flat,real_estate_agent,4rooms,4,74.0,15000000.0,202702.7027027027,6.0,6.0,1.0,False,True,Московский,набережная Обводного Канала,96,Фрунзенская,unknown,202702.7027027027,16.52356082573315,4.31748811353631
327490138,https://spb.cian.ru/sale/flat/327490138/?context=4.UCI6DP-9D-4.bnMUwehe2ChOTzakFbZhV9GOFBFjzFWATRBlSGp1mXq8MmUo7f6Uk9g3l80Ih8BH61XBK5SEVKNKBA&mlSearchSessionGuid=88fdc86629ef6a3b748d2aba551ce107,cian,2026-05-04T21:45:59.274940+00:00,Санкт-Петербург,Санкт-Петербург,sale,flat,homeowner,4rooms,4,90.7,22800000.0,251378.16979051812,2.0,5.0,0.4,False,False,Адмиралтейский,Псковская,6,Балтийская,unknown,251378.16979051815,16.942271137784317,4.51852237926242
327375248,https://spb.cian.ru/sale/flat/327375248/?context=4.pAS09VMSnq8.y7RDqvbaj9AV0HUqeS4Vxhl2Es1rZ6tgr1WpNW0XQN1g3KDEV47ri9lXL5OWkCWENvyfxID7qw0zMQ&mlSearchSessionGuid=88fdc86629ef6a3b748d2aba551ce107,cian,2026-05-04T21:45:59.274940+00:00,Санкт-Петербург,Санкт-Петербург,sale,flat,real_estate_agent,4rooms,4,101.3,99274000.0,980000.0,6.0,6.0,1.0,False,True,Петроградский,Профессора Попова,38,Петроградская,ID Petrogradskaya,980000.0,18.413394271974525,4.627909672957581
312929415,https://spb.cian.ru/sale/flat/312929415/?context=4.3ZGfabnwP3M.MVElbZy4W360JV0hJJ4XD80QLYHOfY4BZzWVHwy6nDVTT0W5VBeOx3FggNIxeDlnS11xM_FoTnOoJg&mlSearchSessionGuid=88fdc86629ef6a3b748d2aba551ce107,cian,2026-05-04T21:45:59.274940+00:00,Санкт-Петербург,Санкт-Петербург,sale,flat,real_estate_agent,4rooms,4,193.0,67000000.0,347150.2590673575,3.0,6.0,0.5,False,False,Петроградский,Каменноостровский проспект,9,Горьковская,unknown,347150.2590673575,18.02020319228061,5.267858159063328
326556803,https://spb.cian.ru/sale/flat/326556803/?context=4.zZ_dO-9fdH4.gHGnQg3dbiIAXkdJMrj3NSHEChqoD6vNxSNlLM2-x6vafizOldp-tSunElY8s5LQBPhkTn15_6S-zQ&mlSearchSessionGuid=88fdc86629ef6a3b748d2aba551ce107,cian,2026-05-04T21:45:59.274940+00:00,Санкт-Петербург,Санкт-Петербург,sale,flat,real_estate_agent,4rooms,4,48.9,8500000.0,173824.1308793456,5.0,5.0,1.0,False,True,Кировский,Краснопутиловская,61,Автово,unknown,173824.1308793456,15.955576839107596,3.910021002757473
326937129,https://spb.cian.ru/sale/flat/326937129/?context=4.A5cUwK0gfZ4.OhplaBXqxFA33PvN2i2s21dUI0vEhnyva0RA8XhG-6Zz75l-OS9wPyUuB-pKRBx66N3rM-f43FFdCQ&mlSearchSessionGuid=88fdc86629ef6a3b748d2aba551ce107,cian,2026-05-04T21:45:59.274940+00:00,Санкт-Петербург,Санкт-Петербург,sale,flat,realtor,4rooms,4,183.0,160000000.0,874316.9398907104,2.0,4.0,0.5,False,False,Петроградский,2-я Березовая аллея,13-15Д,Черная речка,unknown,874316.9398907104,18.8906843794481,5.214935757608986
318135106,https://spb.cian.ru/sale/flat/318135106/?context=4.tRRBiB9A4H0.3mveLkDtAawOe6qDWmxzqL_oGjBD7YKlYFAPecA08unPW3IWe-zc5mAAYHWtyZsQsabos4uXJ7Malg&mlSearchSessionGuid=88fdc86629ef6a3b748d2aba551ce107,cian,2026-05-04T21:45:59.274940+00:00,Санкт-Петербург,Санкт-Петербург,sale,flat,developer,4rooms,4,113.0,55788100.0,493700.0,6.0,8.0,0.75,False,False,Петроградский,Ремесленная,15,Спортивная,NEVA RESIDENCE,493700.0,17.837071160884264,4.736198448394496
307225371,https://spb.cian.ru/sale/flat/307225371/?context=4.k0WXEg9wiAY.Ma3dCnGA5SpzEPFQ1diMcoHhSE12qDK6AsADFC0yOks__bIDBHrcIGmBO4AC_JGIce-3-FNwjjNpYg&mlSearchSessionGuid=88fdc86629ef6a3b748d2aba551ce107,cian,2026-05-04T21:45:59.274940+00:00,Санкт-Петербург,Санкт-Петербург,sale,flat,real_estate_agent,4rooms,4,139.5,23500000.0,168458.78136200717,5.0,5.0,1.0,False,True,Центральный,Восстания,20/16,Площадь Восстания,unknown,168458.78136200717,16.97251102166758,4.945207488773801
329536888,https://spb.cian.ru/sale/flat/329536888/?context=4.jISUT6oN-ec.oZ0A-DOKI2nlG2Qtu-Y4IthCkyMbhu_CzBrZnDkSMhrO2zNgf5vPApw-ZU3GW1wQS79PHEXa5bKegw&mlSearchSessionGuid=88fdc86629ef6a3b748d2aba551ce107,cian,2026-05-04T21:45:59.274940+00:00,Санкт-Петербург,Санкт-Петербург,sale,flat,real_estate_agent,4rooms,4,108.5,18300000.0,168663.59447004608,10.0,11.0,0.9090909090909092,False,False,Приморский,Оптиков,47к3,Старая Деревня,unknown,168663.59447004608,16.722411672456456,4.695924549256556
328467342,https://spb.cian.ru/sale/flat/328467342/?context=4.WzVvyLSL_n0.eM6ybWU4DAj48lZTOPlwaWfsM71gOXDo-9RSYS0vbneqan8Sxz23RWnSg8EYsnooUss83kn4EYYLjw&mlSearchSessionGuid=88fdc86629ef6a3b748d2aba551ce107,cian,2026-05-04T21:45:59.274940+00:00,Санкт-Петербург,Санкт-Петербург,sale,flat,real_estate_agent,4rooms,4,126.2,70000000.0,554675.118858954,3.0,5.0,0.6,False,False,Адмиралтейский,Большая Морская,65,Адмиралтейская,unknown,554675.118858954,18.064005814299342,4.845760650906022
307663842,https://spb.cian.ru/sale/flat/307663842/?context=4.SPFKF-u4pCk.XS_B0Eb19414YOsc8nC4zQcz45_t1dYcGzTdXCsv_Cpg8wl_DwYkympjCrEjoP1llGnXeIQd8u1Ijg&mlSearchSessionGuid=88fdc86629ef6a3b748d2aba551ce107,cian,2026-05-04T21:45:59.274940+00:00,Санкт-Петербург,Санкт-Петербург,sale,flat,real_estate_agent,4rooms,4,163.2,80000000.0,490196.0784313726,9.0,10.0,0.9,False,False,Красногвардейский,Пискаревский проспект,1,Площадь Ленина,Дом на излучине Невы,490196.0784313726,18.197537205138158,5.101085197018328
325668760,https://spb.cian.ru/sale/flat/325668760/?context=4.gAwykJ2YRRo.JycgyGr15-XLnpi8Q7rKEAi0u2E8XfnWa1-v4bRKUYL7TchJ7c5sGk0pZaMwAzoujQrP_MGSfA4lPw&mlSearchSessionGuid=88fdc86629ef6a3b748d2aba551ce107,cian,2026-05-04T21:45:59.274940+00:00,Санкт-Петербург,Санкт-Петербург,sale,flat,real_estate_agent,4rooms,4,97.2,59875200.0,616000.0,5.0,6.0,0.8333333333333334,False,False,Петроградский,Профессора Попова,38,Петроградская,ID Petrogradskaya,616000.0,17.907772970683457,4.58700621536042
329147965,https://spb.cian.ru/sale/flat/329147965/?context=4.KEZakdvz2F4.0uHQi_rdMk9Bp6n3owhAeToTKpy_MSs3WvLJ2yyLYUhOxqJ29MRcXK338rOm19R--CetK67a91SrVA&mlSearchSessionGuid=88fdc86629ef6a3b748d2aba551ce107,cian,2026-05-04T21:45:59.274940+00:00,Санкт-Петербург,Санкт-Петербург,sale,flat,real_estate_agent,4rooms,4,260.0,125000000.0,480769.2307692307,5.0,5.0,1.0,False,True,Центральный,Большая Конюшенная,13,Гостиный двор,unknown,480769.2307692308,18.643824303266577,5.564520407322694
325243541,https://spb.cian.ru/sale/flat/325243541/?context=4.mja2KUZa7ls.ghE2H3WqrNb2jb7krG_JFeJM8Dmy2SNuX2aGQabvCWPY3Hb1gnfZoAka1zCcSzki9AJ9aI84CX0k8g&mlSearchSessionGuid=88fdc86629ef6a3b748d2aba551ce107,cian,2026-05-04T21:45:59.274940+00:00,Санкт-Петербург,Санкт-Петербург,sale,flat,realtor,4rooms,4,103.4,16999000.0,164400.38684719536,4.0,4.0,1.0,False,True,Адмиралтейский,Ефимова,6,Спасская,unknown,164400.38684719536,16.648665135587894,4.648229675448539
303270565,https://spb.cian.ru/sale/flat/303270565/?context=4.r4TZmwE5zNw.o2ERUDPKA-Ey67pfhv1j7lykSgG_QTNxWwxPhukmOpXJmEPKnabtB6RbMiOre49Kai0l-7LsUwclCQ&mlSearchSessionGuid=88fdc86629ef6a3b748d2aba551ce107,cian,2026-05-04T21:45:59.274940+00:00,Санкт-Петербург,Санкт-Петербург,sale,flat,developer,4rooms,4,104.4,21128559.0,202380.8333333333,6.0,23.0,0.2608695652173913,False,False,Выборгский,Парнас,3/20,Парнас,Прагма city,202380.8333333333,16.86613623771955,4.657762636107262
305144691,https://spb.cian.ru/sale/flat/305144691/?context=4.hdI6B_UprA8.gxliK9bI1TS4gw6FqO-HcTRMXsjQllIUd2HorKdCiE7HhCuC6BYa_pc4mRQFM9NNLQuuOiGd42JNag&mlSearchSessionGuid=88fdc86629ef6a3b748d2aba551ce107,cian,2026-05-04T21:45:59.274940+00:00,Санкт-Петербург,Санкт-Петербург,sale,flat,real_estate_agent,4rooms,4,136.5,168000000.0,1230769.2307692308,1.0,7.0,0.1428571428571428,True,False,Петроградский,Депутатская,26,Крестовский остров,Венеция,1230769.2307692308,18.939474543319918,4.923623917106626
326367466,https://spb.cian.ru/sale/flat/326367466/?context=4.dURElk__CsQ.UETwVfZ8otoJf6J0cSwYi-vCq6IpSYl_w7zzVvfmuIN1omJYDMhEyu9J565kfLLvyDEKeYk1SdFEUw&mlSearchSessionGuid=88fdc86629ef6a3b748d2aba551ce107,cian,2026-05-04T21:45:59.274940+00:00,Санкт-Петербург,Санкт-Петербург,sale,flat,real_estate_agent,4rooms,4,93.6,21700000.0,231837.60683760684,3.0,5.0,0.6,False,False,Адмиралтейский,Декабристов,30,Садовая,unknown,231837.60683760684,16.892822864593636,4.549657476057832
303270566,https://spb.cian.ru/sale/flat/303270566/?context=4.TocUkVPQI-M.Ll2r0NLDL_siBibCLI_EbuCePL9vyIRsC3JX9TI4rlTCWyQ0Jt9R3ILi8WBpD5qj6QC2S27hA-3sFw&mlSearchSessionGuid=88fdc86629ef6a3b748d2aba551ce107,cian,2026-05-04T21:45:59.274940+00:00,Санкт-Петербург,Санкт-Петербург,sale,flat,developer,4rooms,4,130.3,26975248.0,207024.1596316193,20.0,23.0,0.8695652173913043,False,False,Выборгский,Парнас,3/20,Парнас,Прагма city,207024.1596316193,17.1104302998351,4.877484781308751
323770629,https://spb.cian.ru/sale/flat/323770629/?context=4.PHyWeI5bwiw.iTjI4t9A6BDKIv30cRIk4---Tu4X4VBZHEjFtFUJNjgCOVFs8Rby4nRE98-ANptFEjfta-2yoGk__A&mlSearchSessionGuid=88fdc86629ef6a3b748d2aba551ce107,cian,2026-05-04T21:45:59.274940+00:00,Санкт-Петербург,Санкт-Петербург,sale,flat,real_estate_agent,4rooms,4,194.5,250000000.0,1285347.0437017996,5.0,5.0,1.0,False,True,Петроградский,набережная Мартынова,62Е,Крестовский остров,unknown,1285347.0437017996,19.33697147982652,5.27556037942542
307136420,https://spb.cian.ru/sale/flat/307136420/?context=4.WK9dveAT5-0.Xp8V_URfpEq8_-GbnQtk5ZJ-y5-ilijp620Ft78XvmaF7LGxww-rAnGXeDX3m8jE7pBj8A1ynetwMg&mlSearchSessionGuid=88fdc86629ef6a3b748d2aba551ce107,cian,2026-05-04T21:45:59.274940+00:00,Санкт-Петербург,Санкт-Петербург,sale,flat,developer,4rooms,4,107.4,46542000.0,433351.95530726254,13.0,13.0,1.0,False,True,Василеостровский,Гавань,,Приморская,Шкиперский 19 ЖК,433351.95530726254,17.655865710187033,4.685828089005546
313344760,https://spb.cian.ru/sale/flat/313344760/?context=4.YKRKNwbMAbs.EaKyRPWg792yucDhHCm6oCOzgpZpfd-vicUVQURHr15Yh1_OTG9Ec0TPKH2IQfeB-HV4HWUfAVvInA&mlSearchSessionGuid=88fdc86629ef6a3b748d2aba551ce107,cian,2026-05-04T21:45:59.274940+00:00,Санкт-Петербург,Санкт-Петербург,sale,flat,real_estate_agent,4rooms,4,163.6,108000000.0,660146.6992665037,4.0,7.0,0.5714285714285714,False,False,Курортный,Приморское шоссе,424,unknown,Crystal,660146.6992665037,18.497641794347757,5.103518288242969
328640878,https://spb.cian.ru/sale/flat/328640878/?context=4.OWuU6aIb-d4.vd_lvkZ1uXAsvE6pOIdYPkGUToT-VlkEwR1771u2qH_Jy1gdafZpg1f-TqAlqoYJZ8TVvrqk6BVAbw&mlSearchSessionGuid=88fdc86629ef6a3b748d2aba551ce107,cian,2026-05-04T21:45:59.274940+00:00,Санкт-Петербург,Санкт-Петербург,sale,flat,real_estate_agent,4rooms,4,87.4,25000000.0,286041.1899313501,5.0,7.0,0.7142857142857143,False,False,Центральный,8-я Советская,6-8,Площадь Восстания,unknown,286041.1899313501,17.034386422832473,4.481871969643598
327390233,https://spb.cian.ru/sale/flat/327390233/?context=4.5dTcZ8iqap8.gcqNCMSaouXTAyohc60p9C4eH29JcMJ_aLASFanVQNM1MkE2XgrPrqK4zxX_M4YqAivPmg1BjKF-Vg&mlSearchSessionGuid=88fdc86629ef6a3b748d2aba551ce107,cian,2026-05-04T21:45:59.274940+00:00,Санкт-Петербург,Санкт-Петербург,sale,flat,real_estate_agent,4rooms,4,126.72,88070400.0,695000.0,6.0,6.0,1.0,False,True,Петроградский,Профессора Попова,38,Петроградская,ID Petrogradskaya,695000.0,18.2936470639676,4.849840367846581
329101861,https://spb.cian.ru/sale/flat/329101861/?context=4.3CtEF-ZRV1I.Ov38KBL0q9E3tA4XvtQJ-I0sgPpiDfhVtpLwBySA7k_MwsOx-981Wk6bgIXbJpWjU31KIej-4OYFzw&mlSearchSessionGuid=88fdc86629ef6a3b748d2aba551ce107,cian,2026-05-04T21:45:59.274940+00:00,Санкт-Петербург,Санкт-Петербург,sale,flat,real_estate_agent,4rooms,4,113.3,19490000.0,172021.18270079436,3.0,17.0,0.1764705882352941,False,False,Красносельский,Ленинский проспект,53к1,Юго-Западная,unknown,172021.18270079436,16.785412122792106,4.738826570800765
329387905,https://spb.cian.ru/sale/flat/329387905/?context=4.MVU3rpJAPXs.f3ZxypXZkWzB6MX0J9MSB0kNhQYCpB1dvUs9QwKw-hXtwkE4nKiU3dt2nLiieN7r_YxdNZjvSAaNWA&mlSearchSessionGuid=88fdc86629ef6a3b748d2aba551ce107,cian,2026-05-04T21:45:59.274940+00:00,Санкт-Петербург,Санкт-Петербург,sale,flat,homeowner,4rooms,4,153.2,45000000.0,293733.681462141,9.0,18.0,0.5,False,False,Калининский,Вавиловых,19,Академическая,unknown,293733.681462141,17.622173069956816,5.038250461129229
318055970,https://spb.cian.ru/sale/flat/318055970/?context=4.KP3SN3x6_A4.lafqEXvDllVbgLOAtAPVJvEJzMb76DkNSxXojISmLLOFs5Ri1jeGC41dC9hdrEY17OXxu9rS2FdsOw&mlSearchSessionGuid=88fdc86629ef6a3b748d2aba551ce107,cian,2026-05-04T21:45:59.274940+00:00,Санкт-Петербург,Санкт-Петербург,sale,flat,developer,4rooms,4,97.81,68467000.0,700000.0,4.0,6.0,0.6666666666666666,False,False,Петроградский,Профессора Попова,38,Петроградская,ID Petrogradskaya,700000.0,18.04186244993352,4.593198814206872
323515930,https://spb.cian.ru/sale/flat/323515930/?context=4.hqZo59nGyS0.8Akiz4P2b6_C7hRN-BsQVa_54EOU-xxC7U0oc57WeomJ7LKG7xYMQWk419PQW3_EJhE6ivsxvHzQAw&mlSearchSessionGuid=88fdc86629ef6a3b748d2aba551ce107,cian,2026-05-04T21:45:59.274940+00:00,Санкт-Петербург,Санкт-Петербург,sale,flat,real_estate_agent,4rooms,4,175.0,255000000.0,1457142.857142857,5.0,6.0,0.8333333333333334,False,False,Петроградский,Спортивная,2,Крестовский остров,Крестовский de luxe,1457142.857142857,19.35677410704427,5.170483995038151
328627368,https://spb.cian.ru/sale/flat/328627368/?context=4.Nn85hu1F-sU.Q4-oNsEx0VULYPRZdayiLtn_S2Ojgjrqnf2Ysx85N6qU4ETovbB6f-DM3yxC1xEc5w984GXWHL39Yw&mlSearchSessionGuid=88fdc86629ef6a3b748d2aba551ce107,cian,2026-05-04T21:45:59.274940+00:00,Санкт-Петербург,Санкт-Петербург,sale,flat,real_estate_agent,4rooms,4,99.2,16200000.0,163306.4516129032,2.0,4.0,0.5,False,False,Фрунзенский,Боровая,42,Обводный канал,unknown,163306.4516129032,16.600521861931007,4.607168188650764
318140497,https://spb.cian.ru/sale/flat/318140497/?context=4.nM7LUOkTqMs.IhV4AOQimgQOtChDGPO8s_WO02tMiXxvNyx8eFwJVQQ4Qy4Ea6G-bWdGZwY9arI_jRNPEgZHeUgleQ&mlSearchSessionGuid=88fdc86629ef6a3b748d2aba551ce107,cian,2026-05-04T21:45:59.274940+00:00,Санкт-Петербург,Санкт-Петербург,sale,flat,developer,4rooms,4,183.7,89498640.0,487200.00000000006,1.0,8.0,0.125,True,False,Петроградский,Петровский проспект,11к3,Крестовский остров,NEVA HAUS,487200.00000000006,18.30973399877226,5.218732887205194
323773588,https://spb.cian.ru/sale/flat/323773588/?context=4.pgWboXel1DI.v2IrpBwmGWPVfuZ4ju45rOEF9wMUezWVJYYu6hG4OBLwUOXIL3g2BJe6W6GKNikzsLS-3dT7jIOAuA&mlSearchSessionGuid=88fdc86629ef6a3b748d2aba551ce107,cian,2026-05-04T21:45:59.274940+00:00,Санкт-Петербург,Санкт-Петербург,sale,flat,real_estate_agent,4rooms,4,190.0,240000000.0,1263157.894736842,2.0,5.0,0.4,False,False,Петроградский,набережная Мартынова,62Е,Крестовский остров,unknown,1263157.894736842,19.29614948547293,5.25227342804663
328994310,https://spb.cian.ru/sale/flat/328994310/?context=4.YZrTbgBsUrE.97XQE0REFmJD6NxZhYZZi-Vpb284qgn_rfHuGjOP8MdNK3HYiU30lyzwaAemRByNDh2_XXsqNbqXvg&mlSearchSessionGuid=88fdc86629ef6a3b748d2aba551ce107,cian,2026-05-04T21:45:59.274940+00:00,Санкт-Петербург,Санкт-Петербург,sale,flat,realtor,4rooms,4,94.0,25500000.0,271276.59574468085,10.0,10.0,1.0,False,True,Василеостровский,Новосмоленская набережная,1Б,Приморская,unknown,271276.59574468085,17.05418904934434,4.553876891600541
318140392,https://spb.cian.ru/sale/flat/318140392/?context=4.Pcz0YOJs1Bw.a_KMTJcmgFuracvk7kphyFHbh9F40YUZrLiNPm-fe7-e3jgHPQ5l1Ag4dhsZHZlTZ7zxTdKxQuNExA&mlSearchSessionGuid=88fdc86629ef6a3b748d2aba551ce107,cian,2026-05-04T21:45:59.274940+00:00,Санкт-Петербург,Санкт-Петербург,sale,flat,developer,4rooms,4,146.3,88877250.0,607500.0,9.0,9.0,1.0,False,True,Петроградский,Петровский проспект,9к2,Крестовский остров,NEVA HAUS,607500.0,18.302766773474392,4.9924713234685845
328396143,https://spb.cian.ru/sale/flat/328396143/?context=4.YSBfe4Xi1ZA.XQ4Mk23PChSq_fWGEKTMHfUHtuCEuxRTSLHEnZNIzd3O_ZV53hNmkZoIPVTIs2d7CRO4yc9fu82Oyw&mlSearchSessionGuid=88fdc86629ef6a3b748d2aba551ce107,cian,2026-05-04T21:45:59.274940+00:00,Санкт-Петербург,Санкт-Петербург,sale,flat,real_estate_agent,4rooms,4,107.9,39000000.0,361445.7831325301,16.0,17.0,0.9411764705882352,False,False,Приморский,Торжковская,1,Черная речка,unknown,361445.7831325301,17.479072229734946,4.690430029938915
322651948,https://spb.cian.ru/sale/flat/322651948/?context=4.3hFGnJySxFU.HV7ZLR9Pr_N870wGGjnN_Fj1PC_LEIiZyX1ZEOAv6Lgi8nhwKUUCc8sqy2nyz6gX3tuwhTm5oc_e0g&mlSearchSessionGuid=88fdc86629ef6a3b748d2aba551ce107,cian,2026-05-04T21:45:59.274940+00:00,Санкт-Петербург,Санкт-Петербург,sale,flat,real_estate_agent,4rooms,4,144.73,117231300.0,810000.0,3.0,6.0,0.5,False,False,Василеостровский,unknown,,Горный институт,Империал Клаб ЖК,810000.0,18.57965947282828,4.981755594545605
328952178,https://spb.cian.ru/sale/flat/328952178/?context=4.XRisktTKIbE.jht5JYy8W1pitvRg3HuNGxYudyJ7jUzB2R3YIACNgT-OUYaZ9Fm70GF5_ff0j87zKatlE4Cu_Hd0xw&mlSearchSessionGuid=88fdc86629ef6a3b748d2aba551ce107,cian,2026-05-04T21:45:59.274940+00:00,Санкт-Петербург,Санкт-Петербург,sale,flat,realtor,4rooms,4,144.1,68000000.0,471894.5176960444,8.0,8.0,1.0,False,True,Красногвардейский,Новочеркасский проспект,33к2,Новочеркасская,Новый город,471894.5176960444,18.035018277846262,4.977423159890142
303270575,https://spb.cian.ru/sale/flat/303270575/?context=4.UQ14PugX1UA.saLNMjkiCSAPVkcHzRC5UB27n_iWgCFBl0u2zeqBIUGBAmVkSGO8UJIA_y_LFMRz4F0lHZfzzKRlzg&mlSearchSessionGuid=88fdc86629ef6a3b748d2aba551ce107,cian,2026-05-04T21:45:59.274940+00:00,Санкт-Петербург,Санкт-Петербург,sale,flat,developer,4rooms,4,110.4,22342844.0,202380.8333333333,10.0,23.0,0.4347826086956521,False,False,Выборгский,Парнас,3/20,Парнас,Прагма city,202380.8333333333,16.922016693541764,4.713127327493184
327616280,https://spb.cian.ru/sale/flat/327616280/?context=4.YJozoc9DuDc.7_pPpbPj1S2oU3ryjNVg4KWbJm_uS9QOWI9zP4JtQQ0hYQRpfa6zYJ3mk1YoOWT56PI8oGw2gEnryA&mlSearchSessionGuid=88fdc86629ef6a3b748d2aba551ce107,cian,2026-05-04T21:45:59.274940+00:00,Санкт-Петербург,Санкт-Петербург,sale,flat,real_estate_agent,4rooms,4,77.5,12900000.0,166451.61290322582,1.0,9.0,0.1111111111111111,True,False,Фрунзенский,проспект Славы,60,Ломоносовская,unknown,166451.61290322582,16.372737946851277,4.363098624788363
327765353,https://spb.cian.ru/sale/flat/327765353/?context=4._8hf0XDU_1M.LZajuYdAjbaHc1ISfzldL6aGYedSHpKO0mntJhF5Mhtfj3TMkK3KhkUCgRZezZOjPDQQZ_x5ueOSGA&mlSearchSessionGuid=88fdc86629ef6a3b748d2aba551ce107,cian,2026-05-04T21:45:59.274940+00:00,Санкт-Петербург,Санкт-Петербург,sale,flat,homeowner,4rooms,4,144.0,41900000.0,290972.22222222225,11.0,11.0,1.0,False,True,Выборгский,Нейшлотский переулок,11к1,Выборгская,Нейшлотская крепость,290972.22222222225,17.550796408758714,4.976733742420574
318140441,https://spb.cian.ru/sale/flat/318140441/?context=4.P_TFkV916-k.qQ3kn-0szxsWzS6L1j_Z2q93Kg-NItbcrFKH000RX_z_ufV5dsFI5j6Q9aEZk7E8xFkru-O7gSzw6Q&mlSearchSessionGuid=88fdc86629ef6a3b748d2aba551ce107,cian,2026-05-04T21:45:59.274940+00:00,Санкт-Петербург,Санкт-Петербург,sale,flat,developer,4rooms,4,159.6,83135640.0,520900.0,1.0,9.0,0.1111111111111111,True,False,Петроградский,Петровский проспект,11к3,Крестовский остров,NEVA HAUS,520900.0,18.235984060777525,5.078916801512661
322181836,https://spb.cian.ru/sale/flat/322181836/?context=4.dxFY8D7m8CQ.Te5n9YxNTfjn2Eoo0-KijYdaQ6xTfgG5KQVbJT3826ZYqJmYyuvH3hY8E4lSrHYShbs2F7hqUdhnIA&mlSearchSessionGuid=88fdc86629ef6a3b748d2aba551ce107,cian,2026-05-04T21:45:59.274940+00:00,Санкт-Петербург,Санкт-Петербург,sale,flat,realtor,4rooms,4,91.6,19400000.0,211790.3930131005,4.0,4.0,1.0,False,True,Приморский,Савушкина,13,Черная речка,unknown,211790.3930131005,16.780783675579947,4.528289141652134
328455023,https://spb.cian.ru/sale/flat/328455023/?context=4.Ab4fwk9geCI.Gv-C-PrERbon5lijpJkJD0HxyPb5gz8-Ofdgt9WPCUYBvH7pFsYUfD2RUcBbMFybnuGhfx9HhHFwJw&mlSearchSessionGuid=88fdc86629ef6a3b748d2aba551ce107,cian,2026-05-04T21:45:59.274940+00:00,Санкт-Петербург,Санкт-Петербург,sale,flat,developer,4rooms,4,97.86,27293154.0,278900.0,6.0,7.0,0.8571428571428571,False,False,Приморский,Коломяги,,Проспект Просвещения,Окла ЖК,278900.0,17.122146496115782,4.593704707878813
326600263,https://spb.cian.ru/sale/flat/326600263/?context=4.LBYHegobRqc.bZx76I_nya0qq35bDZdW5obf2ve-rZOnyFn7aO8Rx78qXqinRhu2jwT0dMbJIkNZ4u6Us5LNIq1H7w&mlSearchSessionGuid=88fdc86629ef6a3b748d2aba551ce107,cian,2026-05-04T21:45:59.274940+00:00,Санкт-Петербург,Санкт-Петербург,sale,flat,real_estate_agent,4rooms,4,195.2,165000000.0,845286.8852459016,8.0,9.0,0.8888888888888888,False,False,Петроградский,Ждановская,29,Чкаловская,Идеальный мир,845286.8852459016,18.92145603792546,5.279134547131263
321953367,https://spb.cian.ru/sale/flat/321953367/?context=4.OMlM46vlltc.6vd7BOXGN3B7e8B_DX7UF07oPm8G4pc9hAYF4Q5LwT9wG6ZJVAeLYkRp3hBa_cm4ghaPqOJkCft1RA&mlSearchSessionGuid=88fdc86629ef6a3b748d2aba551ce107,cian,2026-05-04T21:45:59.274940+00:00,Санкт-Петербург,Санкт-Петербург,sale,flat,real_estate_agent,4rooms,4,103.4,24990000.0,241682.78529980656,3.0,3.0,1.0,False,True,Приморский,1-й Озерковский переулок,5к5,Озерки,unknown,241682.78529980656,17.03398634282714,4.648229675448539
329327333,https://spb.cian.ru/sale/flat/329327333/?context=4.ImIjzvQobmQ.ZMmDKHF77rrfIAafTFFiVRL_zZoxj9XSq0sXmhNFlSP9McIFx68iy6d8LFSZ20m3MznyUtV-DyFX3Q&mlSearchSessionGuid=88fdc86629ef6a3b748d2aba551ce107,cian,2026-05-04T21:45:59.274940+00:00,Санкт-Петербург,Санкт-Петербург,sale,flat,real_estate_agent,4rooms,4,428.5,436073704.0,1017674.9218203034,3.0,3.0,1.0,False,True,Петроградский,Чкаловское,,Чкаловская,ЛДМ ЖК,1017674.9218203034,19.89332183519141,6.06262174142431
325862235,https://spb.cian.ru/sale/flat/325862235/?context=4.xRgHlUcjRzo.g8GdmpLXQXjJ_Zzr-2mB1gN8bJPewj_B-TwmNMXQ3FBCX0FLmW4D4TUCxaq_MVbYZmllD7RCS2XPAQ&mlSearchSessionGuid=88fdc86629ef6a3b748d2aba551ce107,cian,2026-05-04T21:45:59.274940+00:00,Санкт-Петербург,Санкт-Петербург,sale,flat,real_estate_agent,4rooms,4,187.7,64900044.0,345764.75226425147,3.0,3.0,1.0,False,True,Адмиралтейский,Почтамтская,8,Адмиралтейская,unknown,345764.75226425147,17.9883588750485,5.240158452374504
324889926,https://spb.cian.ru/sale/flat/324889926/?context=4.1N6ysgcAr4g.59hhALuiFVeckhjtzn9HktdLzGN0ZbhLoKwXeh7fO_3L2BuZ2umhvWhhqETfV6Kd3UWqXQgMGRan1w&mlSearchSessionGuid=88fdc86629ef6a3b748d2aba551ce107,cian,2026-05-04T21:45:59.274940+00:00,Санкт-Петербург,Санкт-Петербург,sale,flat,realtor,4rooms,4,144.0,49990000.0,347152.7777777777,3.0,3.0,1.0,False,True,Адмиралтейский,Писарева,6-8,Василеостровская,unknown,347152.7777777777,17.727333563393753,4.976733742420574
314890377,https://spb.cian.ru/sale/flat/314890377/?context=4.6TSUy0OT1tE.ny-rZLORJHleu0K8DIePrRn9P5AKLwnn2i4p9JpGfgNW1o9lMNHPnoVk54YwBhfECmNafCKJGTCjhw&mlSearchSessionGuid=88fdc86629ef6a3b748d2aba551ce107,cian,2026-05-04T21:45:59.274940+00:00,Санкт-Петербург,Санкт-Петербург,sale,flat,developer,4rooms,4,104.23,104230000.0,1000000.0,6.0,6.0,1.0,False,True,Петроградский,Профессора Попова,38,Петроградская,ID Petrogradskaya,1000000.0,18.462110563309672,4.656148430752721
328800571,https://spb.cian.ru/sale/flat/328800571/?context=4.i3uDiLfeeTc.qhDUggz3IQ38bCLyb9UMfHQSJ3Miad78FIal6zZ8YM1iN5qcRiygR9jVUBoNtxFlLJ3JyIN8moDyjg&mlSearchSessionGuid=88fdc86629ef6a3b748d2aba551ce107,cian,2026-05-04T21:45:59.274940+00:00,Санкт-Петербург,Санкт-Петербург,sale,flat,real_estate_agent,4rooms,4,70.7,14900000.0,210749.6463932107,1.0,4.0,0.25,True,False,Московский,Пилотов,24,Звездная,unknown,210749.64639321077,16.51687183802978,4.272490747605575
293745730,https://spb.cian.ru/sale/flat/293745730/?context=4.FFJK6qPSTd8.g3-8SKl7IQkRBDc6NTnzYPkeatY0BMtw51GyKT5MVSuzvNC3B6TrhR1bf-KU6_S6QyGCxV0YzWhJTA&mlSearchSessionGuid=88fdc86629ef6a3b748d2aba551ce107,cian,2026-05-04T21:45:59.274940+00:00,Санкт-Петербург,Санкт-Петербург,sale,flat,real_estate_agent,4rooms,4,150.0,115000000.0,766666.6666666666,24.0,24.0,1.0,False,True,Московский,Московский проспект,,Московская,Граф Орлов,766666.6666666666,18.560442695023177,5.017279836814924
329327539,https://spb.cian.ru/sale/flat/329327539/?context=4.8RNmVbTQm4U.xWRJ5BcwnWYfXMyOMjpgpi1gmhyd9cWRc7PIEjUI_NB8eeWBfs4Pu1rzVpvHv1rYJU5xMWqrG1fTaA&mlSearchSessionGuid=88fdc86629ef6a3b748d2aba551ce107,cian,2026-05-04T21:45:59.274940+00:00,Санкт-Петербург,Санкт-Петербург,sale,flat,real_estate_agent,4rooms,4,138.2,255937920.0,1851938.639652677,8.0,8.0,1.0,False,True,Петроградский,Чкаловское,,Чкаловская,ЛДМ ЖК,1851938.639652677,19.36044547694316,4.935911747900319
325940751,https://spb.cian.ru/sale/flat/325940751/?context=4.Ntd8oNEk5ao.z1t1tPdcW_nvRcl4ZMDDqw0SQDfivOz2emuU_iRRdlBkvnLKwnYO-flMYvuYGPGRe8n8nn-LMTAFBg&mlSearchSessionGuid=88fdc86629ef6a3b748d2aba551ce107,cian,2026-05-04T21:45:59.274940+00:00,Санкт-Петербург,Санкт-Петербург,sale,flat,real_estate_agent,4rooms,4,131.4,25700000.0,195585.99695586,1.0,4.0,0.25,True,False,Курортный,Рыбацкая,11,Беговая,Петербургское Садовое кольцо,195585.99695586,17.062001588775953,4.885827643502908
329517970,https://spb.cian.ru/sale/flat/329517970/?context=4.RyKU5fd8yS0.4oDEjES4XK0li9OkZvapI9nh5WOfrqsNNPka2CM73Zu5uNzKmmTfVWr7WDlzHmiYxsy7y_IyXu1f3g&mlSearchSessionGuid=88fdc86629ef6a3b748d2aba551ce107,cian,2026-05-04T21:45:59.274940+00:00,Санкт-Петербург,Санкт-Петербург,sale,flat,real_estate_agent,4rooms,4,166.0,58480000.0,352289.156626506,2.0,10.0,0.2,False,False,Невский,проспект Обуховской обороны,70к4,Елизаровская,Эталон на Неве,352289.156626506,17.88419539050566,5.117993812416755
329327471,https://spb.cian.ru/sale/flat/329327471/?context=4.3lkw9NVOkLc.EQX1AyOp_jPzdSJX6SMje8uSCnDEgjT3E-myYq3hV1b134WoTxgsSxrnn66_ciMkVR70c7gDQw-niQ&mlSearchSessionGuid=88fdc86629ef6a3b748d2aba551ce107,cian,2026-05-04T21:45:59.274940+00:00,Санкт-Петербург,Санкт-Петербург,sale,flat,real_estate_agent,4rooms,4,141.2,198438967.0,1405375.1203966006,3.0,9.0,0.3333333333333333,False,False,Петроградский,Чкаловское,,Чкаловская,ЛДМ ЖК,1405375.1203966006,19.1059921448192,4.95723451736914
329165885,https://spb.cian.ru/sale/flat/329165885/?context=4.XP4qqhwmFxY.05Wo_xmXB_GTJV0a5XzXQz1-1wkyYL8F8ASm29_u1LS7Uqx_nEpKRYbj92cX5wcADQpG7F3ehvbXGg&mlSearchSessionGuid=88fdc86629ef6a3b748d2aba551ce107,cian,2026-05-04T21:45:59.274940+00:00,Санкт-Петербург,Санкт-Петербург,sale,flat,real_estate_agent,4rooms,4,124.0,31000000.0,250000.0,17.0,17.0,1.0,False,True,Калининский,Гжатская,22к3,Академическая,Орбита,250000.0,17.249497794707484,4.8283137373023015
323095897,https://spb.cian.ru/sale/flat/323095897/?context=4.bcPSjCM06E8.-r_XTJ_H7g4O5MC1aPOYpxVoXCTIfWPUPBa3N4kThEMFTvMHBfBf40mGQVVpkEBCUF0d3kQ9UanQEw&mlSearchSessionGuid=88fdc86629ef6a3b748d2aba551ce107,cian,2026-05-04T21:45:59.274940+00:00,Санкт-Петербург,Санкт-Петербург,sale,flat,real_estate_agent,4rooms,4,136.47,165811050.0,1215000.0,5.0,6.0,0.8333333333333334,False,False,Василеостровский,unknown,,Горный институт,Империал Клаб ЖК,1215000.0,18.92635945103777,4.923405711483329
323116809,https://spb.cian.ru/sale/flat/323116809/?context=4.yllfnqeOQtU.xlSfj749xreLRT100taMAMLyejiLqlzHb5PIlNmBAUfxZ3Rxe4Outmn2IOT-6fuqunpp3u0rSBTqEg&mlSearchSessionGuid=88fdc86629ef6a3b748d2aba551ce107,cian,2026-05-04T21:45:59.274940+00:00,Санкт-Петербург,Санкт-Петербург,sale,flat,real_estate_agent,4rooms,4,122.0,54900000.0,450000.0,10.0,11.0,0.9090909090909092,False,False,Василеостровский,набережная Макарова,58,Приморская,Docklands 2,450000.0,17.821023924694696,4.812184355372417
326474991,https://spb.cian.ru/sale/flat/326474991/?context=4.XCv7TrODAOI.Mi0ZfATryHqy90kcm-WtLRRTnGh9vqy58uTWuEhaq-T9HoNkhX4pmdO_s4FHB_oZXmeNZBqR1A1vKQ&mlSearchSessionGuid=88fdc86629ef6a3b748d2aba551ce107,cian,2026-05-04T21:45:59.274940+00:00,Санкт-Петербург,Санкт-Петербург,sale,flat,real_estate_agent,4rooms,4,191.1,285000000.0,1491365.7770800628,6.0,7.0,0.8571428571428571,False,False,Петроградский,Константиновский проспект,23,Крестовский остров,Diadema Club House,1491365.7770800628,19.467999741741696,5.258016069774511
329573739,https://spb.cian.ru/sale/flat/329573739/?context=4.P8ZSlJQQORQ.JWC2wGnyia9tKgITi_h6yZ8xlXxmM2Q9tEXgeGGfZ4e8RJWCy4ee84cg0QoCmiprNRp4MctgrCMF0w&mlSearchSessionGuid=88fdc86629ef6a3b748d2aba551ce107,cian,2026-05-04T21:45:59.274940+00:00,Санкт-Петербург,Санкт-Петербург,sale,flat,developer,4rooms,4,122.5,75287618.0,614592.8,7.0,9.0,0.7777777777777778,False,False,Петроградский,Средняя Колтовская,,Чкаловская,Клубный дом,614592.8,18.13682625694053,4.816241156068032
329085186,https://spb.cian.ru/sale/flat/329085186/?context=4.LM4_qZWmeDw.758D8awAEgh8KbnSmcC235kYcsoD4yCaa_FBb03T3xfROxbI6p1QY5_0ukNKoJH4yLE1bGGlGeaxWQ&mlSearchSessionGuid=88fdc86629ef6a3b748d2aba551ce107,cian,2026-05-04T21:45:59.274940+00:00,Санкт-Петербург,Санкт-Петербург,sale,flat,real_estate_agent,4rooms,4,121.3,55400000.0,456718.8788128607,2.0,8.0,0.25,False,False,Центральный,Миргородская,1,Площадь Восстания,МИРЪ,456718.8788128607,17.830090169768052,4.806477042693127
312506827,https://spb.cian.ru/sale/flat/312506827/?context=4.der5DS7QQjE.N09QmPRJ0o_cWrIhByHMFqp9AJv1ZQvRT-aUYbErOhfvLUfgvXwbSw-8i4ZuvXcZKFsXRw-5iHXMZw&mlSearchSessionGuid=88fdc86629ef6a3b748d2aba551ce107,cian,2026-05-04T21:45:59.274940+00:00,Санкт-Петербург,Санкт-Петербург,sale,flat,real_estate_agent,4rooms,4,101.5,19000000.0,187192.118226601,3.0,4.0,0.75,False,False,Центральный,9-я Советская,10-12,Площадь Восстания,unknown,187192.118226601,16.759949589762293,4.629862798578463
322272745,https://spb.cian.ru/sale/flat/322272745/?context=4.RltvGWCCIM0.d7DcWi2vTmNnUvPgRpAUfPiebbHhh3hHdqHwaCpT4ql1Yk6_BkIuM8m2w46-Gl1jEzOGhAdisw7GoQ&mlSearchSessionGuid=88fdc86629ef6a3b748d2aba551ce107,cian,2026-05-04T21:45:59.274940+00:00,Санкт-Петербург,Санкт-Петербург,sale,flat,developer,4rooms,4,124.6,78498000.0,630000.0,4.0,6.0,0.6666666666666666,False,False,Петроградский,Профессора Попова,38,Петроградская,ID Petrogradskaya,630000.0,18.17858371746025,4.833102254034098
328332879,https://spb.cian.ru/sale/flat/328332879/?context=4.ZsMQQBosIlY.6qOI-B_uM4WaFkSdpUkV3pUzQjWusnj32GfRmlJdD3NVVLwCWpgZaSs9Ia9gdix-AfjgLdm87rpa3A&mlSearchSessionGuid=88fdc86629ef6a3b748d2aba551ce107,cian,2026-05-04T21:45:59.274940+00:00,Санкт-Петербург,Санкт-Петербург,sale,flat,real_estate_agent,4rooms,4,74.1,12700000.0,171390.01349527665,7.0,12.0,0.5833333333333334,False,False,Кронштадтский,Цитадельское шоссе,43,unknown,unknown,171390.01349527665,16.357112630168974,4.318820558770089
329571922,https://spb.cian.ru/sale/flat/329571922/?context=4.Ia94qbatcPI.51EdyOB6JMXEi1WigE_naxNRJg0xHFv57dK_jz4Ccv4SLOAtHrKoqJp7BNNeuMyy84_vS2RsNlv87g&mlSearchSessionGuid=88fdc86629ef6a3b748d2aba551ce107,cian,2026-05-04T21:45:59.274940+00:00,Санкт-Петербург,Санкт-Петербург,sale,flat,real_estate_agent,4rooms,4,184.4,36800000.0,199566.16052060737,4.0,4.0,1.0,False,True,Московский,Фрунзе,19к2,Парк Победы,unknown,199566.16052060737,17.421008430313073,5.2225156531317545
318140412,https://spb.cian.ru/sale/flat/318140412/?context=4.dUlhWYo6clY.r2mFnfei9DVDIfzqaSXJNsQFQ8OacL9GY_ONO0G3BIRRbVYPzuBWoriSymn7ETjmGQKIgNqgzFVzDw&mlSearchSessionGuid=88fdc86629ef6a3b748d2aba551ce107,cian,2026-05-04T21:45:59.274940+00:00,Санкт-Петербург,Санкт-Петербург,sale,flat,developer,4rooms,4,154.6,85200060.0,551100.0,7.0,9.0,0.7777777777777778,False,False,Петроградский,Петровский проспект,11к2,Крестовский остров,NEVA HAUS,551100.0,18.26051270776173,5.047288611744291
299897940,https://spb.cian.ru/sale/flat/299897940/?context=4.fJ61MB1Wq98.qu1Y9yqeBTWFlZ2cI0tfYNru5bAcnCVO3OLnHLK_qOWNA_itMX9k3oAGLULjlQOpWQybgBMv0w2K8w&mlSearchSessionGuid=88fdc86629ef6a3b748d2aba551ce107,cian,2026-05-04T21:45:59.274940+00:00,Санкт-Петербург,Санкт-Петербург,sale,flat,realtor,4rooms,4,159.5,39990000.0,250721.00313479625,4.0,25.0,0.16,False,False,Приморский,Дибуновская,50,Старая Деревня,unknown,250721.00313479625,17.504140005829253,5.07829394257007
327921670,https://spb.cian.ru/sale/flat/327921670/?context=4.KScsPhdX-Sk.yeJRAx_VoF-RIZ-EPhA8Lf8CwNGJKH3luK_tT16CuXavCtLKjMN0CKjZFq3Y-pVith_yUttZJh1m3Q&mlSearchSessionGuid=88fdc86629ef6a3b748d2aba551ce107,cian,2026-05-04T21:45:59.274940+00:00,Санкт-Петербург,Санкт-Петербург,sale,flat,real_estate_agent,4rooms,4,59.2,10350000.0,174831.0810810811,2.0,5.0,0.4,False,False,Кировский,проспект Ветеранов,30,Проспект Ветеранов,unknown,174831.0810810811,16.152497174294005,4.097672352314776
303270584,https://spb.cian.ru/sale/flat/303270584/?context=4.TolUoMW0fqU.CAZwftggH-LJQddFPjoS7lOGNd5Pe9wVRglbjo0bMPKFJHM9LbuVH3dwYi1dEiMfM62Kn9q3QtZv0Q&mlSearchSessionGuid=88fdc86629ef6a3b748d2aba551ce107,cian,2026-05-04T21:45:59.274940+00:00,Санкт-Петербург,Санкт-Петербург,sale,flat,developer,4rooms,4,129.4,25513263.0,197165.86553323027,9.0,23.0,0.391304347826087,False,False,Выборгский,Парнас,3/20,Парнас,Прагма city,197165.86553323027,17.054709031756712,4.870606649492553
319524774,https://spb.cian.ru/sale/flat/319524774/?context=4.-m_L3hdyiNk.fvcLKWENkdi42AZ3U-qJnSMkGvZhVSiTNVLXRbF36JNeJe1OC2yHdKqypyLqL_SsBoWUDoyzy3obhw&mlSearchSessionGuid=88fdc86629ef6a3b748d2aba551ce107,cian,2026-05-04T21:45:59.274940+00:00,Санкт-Петербург,Санкт-Петербург,sale,flat,real_estate_agent,4rooms,4,102.2,42000000.0,410958.90410958906,8.0,10.0,0.8,False,False,Центральный,Кирочная,70,Чернышевская,Монополист,410958.90410958906,17.553180200057167,4.636668853047462
320675707,https://spb.cian.ru/sale/flat/320675707/?context=4.9d0mpPhxhp0.GTmLQUfENgCaWYNN1TkAv5dz5HVI5uPNbijXiEA8h6xYO5L1aykT1ON7av4impbfKEX8am7CbqU-mQ&mlSearchSessionGuid=88fdc86629ef6a3b748d2aba551ce107,cian,2026-05-04T21:45:59.274940+00:00,Санкт-Петербург,Санкт-Петербург,sale,flat,real_estate_agent,4rooms,4,161.3,31500000.0,195288.2827030378,4.0,4.0,1.0,False,True,Центральный,Невский проспект,130,Площадь Восстания,unknown,195288.2827030378,17.265498135541893,5.089446474520545
329649858,https://spb.cian.ru/sale/flat/329649858/?context=4.9qWtUOYni-M.aYMoxT8QvUJD5JZUYqPvEFUrxPTlc1gX5a67EPJzg7-92HipH72AtxKOBPct4IY73ZlLG9GgRYl-Bg&mlSearchSessionGuid=88fdc86629ef6a3b748d2aba551ce107,cian,2026-05-04T21:45:59.274940+00:00,Санкт-Петербург,Санкт-Петербург,sale,flat,real_estate_agent,4rooms,4,126.15,30865000.0,244669.04478795084,6.0,20.0,0.3,False,False,Красносельский,Маршала Захарова,8,Юго-Западная,Огни Залива,244669.04478795084,17.24513344620929,4.845367491868129
321681119,https://spb.cian.ru/sale/flat/321681119/?context=4.yD7cIePrwdY.ndVDHh39T1YT8mcIsUsSWB5WamCOYFT9uQRA4VGCl4HksV1lZUj1QkQiuAgwPyFXceF3Ek54WPmHEg&mlSearchSessionGuid=88fdc86629ef6a3b748d2aba551ce107,cian,2026-05-04T21:45:59.274940+00:00,Санкт-Петербург,Санкт-Петербург,sale,flat,real_estate_agent,4rooms,4,161.4,47900000.0,296778.1908302354,3.0,3.0,1.0,False,True,Приморский,Горная,1к3,Удельная,unknown,296778.1908302354,17.68462608325797,5.090062427727577
300649455,https://spb.cian.ru/sale/flat/300649455/?context=4.HsPa9WDb794.qd16NFd-ANYbEghMBGBjgup_3flgSaF3dhS4tmrm31T3EcN3iwuniRan6bET8qh7_6NB6I10A26Ekw&mlSearchSessionGuid=88fdc86629ef6a3b748d2aba551ce107,cian,2026-05-04T21:45:59.274940+00:00,Санкт-Петербург,Санкт-Петербург,sale,flat,real_estate_agent,4rooms,4,106.0,22500000.0,212264.15094339623,5.0,5.0,1.0,False,True,Петроградский,Красного Курсанта,9а,Спортивная,unknown,212264.15094339623,16.929025911619092,4.672828834461906
326512984,https://spb.cian.ru/sale/flat/326512984/?context=4.Np5M8DRcQso.e8h1JztvUfjUfAW7vd68KsLnd_quj0aklWCxeK1iTqSEhhTu_cVzFV7dvDCUKW25A8NmxrDa-hRpHQ&mlSearchSessionGuid=88fdc86629ef6a3b748d2aba551ce107,cian,2026-05-04T21:45:59.274940+00:00,Санкт-Петербург,Санкт-Петербург,sale,flat,real_estate_agent,4rooms,4,139.15,175329000.0,1260000.0,4.0,6.0,0.6666666666666666,False,False,Василеостровский,unknown,,Горный институт,Империал Клаб ЖК,1260000.0,18.982174772603123,4.942713277610797
325408872,https://spb.cian.ru/sale/flat/325408872/?context=4.tlGnbG02ypY.BmEfYGeWlT41LSay5YagNLi-ZpUoR_EsSqYwaPHP6fd0ocKdRIoG8v172B3B6oIhS4qP-j6Ac9Sobg&mlSearchSessionGuid=88fdc86629ef6a3b748d2aba551ce107,cian,2026-05-04T21:45:59.274940+00:00,Санкт-Петербург,Санкт-Петербург,sale,flat,realtor,4rooms,4,167.1,125000000.0,748055.0568521844,11.0,12.0,0.9166666666666666,False,False,Петроградский,Дивенская,5,Горьковская,Серебряные зеркала,748055.0568521844,18.643824303266577,5.12455904041457
329495462,https://spb.cian.ru/sale/flat/329495462/?context=4.LFhniWla7nQ.YZFM_bYblkpIJDWIuWOe-X2kCsK3n6LO83oP8D5OH-4g0L7yGigXu3p8LKAMbv2esWVd51z1UzncRA&mlSearchSessionGuid=88fdc86629ef6a3b748d2aba551ce107,cian,2026-05-04T21:45:59.274940+00:00,Санкт-Петербург,Санкт-Петербург,sale,flat,realtor,4rooms,4,143.2,45000000.0,314245.810055866,12.0,12.0,1.0,False,True,Калининский,Гражданский проспект,24,Академическая,unknown,314245.810055866,17.622173069956816,4.971201224850849
329649829,https://spb.cian.ru/sale/flat/329649829/?context=4.Bm7KRAc9-cg.n2aOTZRLVipOUMC2m8SFztAfy950kZSaRBPberuIg45J7xyxHAGucHUVK_mH8dy8E1bgasY80UxFUg&mlSearchSessionGuid=88fdc86629ef6a3b748d2aba551ce107,cian,2026-05-04T21:45:59.274940+00:00,Санкт-Петербург,Санкт-Петербург,sale,flat,real_estate_agent,4rooms,4,126.44,28950000.0,228962.35368554256,3.0,20.0,0.15,False,False,Красносельский,Маршала Захарова,10,Юго-Западная,Огни Залива,228962.35368554256,17.181080796525592,4.847645665601793
328477627,https://spb.cian.ru/sale/flat/328477627/?context=4.OFUfcnPVgLk.-NmQf_db9WqkBgw8FW1Ges1EkuFP4ry5forRXbZdO0gXLRRVn7pwIfqLkvz68Iiy3kapvenskNj2WQ&mlSearchSessionGuid=88fdc86629ef6a3b748d2aba551ce107,cian,2026-05-04T21:45:59.274940+00:00,Санкт-Петербург,Санкт-Петербург,sale,flat,real_estate_agent,4rooms,4,222.6,49500000.0,222371.96765498657,5.0,5.0,1.0,False,True,Центральный,Рубинштейна,2/45,Маяковская,unknown,222371.9676549865,17.71748324774094,5.409858741280944
327134526,https://spb.cian.ru/sale/flat/327134526/?context=4.HCmophCnAbw.tVyvZA3T1vYgL2MjCkfmiQuYIMOP5gQURPxp9i5RY3I2kHJW4Tni1WjJ_Ql2etvBscln-z867SC6kw&mlSearchSessionGuid=88fdc86629ef6a3b748d2aba551ce107,cian,2026-05-04T21:45:59.274940+00:00,Санкт-Петербург,Санкт-Петербург,sale,flat,real_estate_agent,4rooms,4,73.4,12700000.0,173024.52316076294,3.0,10.0,0.3,False,False,Приморский,проспект Авиаконструкторов,14К3,Комендантский проспект,unknown,173024.52316076294,16.357112630168974,4.309455941839047
329649828,https://spb.cian.ru/sale/flat/329649828/?context=4.ChdY9MdWBjY.1nXheriary7FkPq2Z4Q4k9TQbujgox7XIyDk8k6rjyDMncf483CZYF9AD89zPk7nWey75HITycDgjA&mlSearchSessionGuid=88fdc86629ef6a3b748d2aba551ce107,cian,2026-05-04T21:45:59.274940+00:00,Санкт-Петербург,Санкт-Петербург,sale,flat,real_estate_agent,4rooms,4,121.25,28700000.0,236701.03092783503,2.0,20.0,0.1,False,False,Красносельский,Маршала Захарова,10,Юго-Западная,Огни Залива,236701.03092783503,17.172407715573055,4.8060681283549815
315766775,https://spb.cian.ru/sale/flat/315766775/?context=4.XNuOV2VC85c.YG1jY8QM-Ae9ryXeNWiA5iywlgqz9XaLYaMYetT5fsmnpduMZohAAog9afuX5fXlOQ13Vjv7POqMhA&mlSearchSessionGuid=88fdc86629ef6a3b748d2aba551ce107,cian,2026-05-04T21:45:59.274940+00:00,Санкт-Петербург,Санкт-Петербург,sale,flat,real_estate_agent,4rooms,4,85.3,14000000.0,164126.611957796,2.0,3.0,0.6666666666666666,False,False,Кировский,Дачный проспект,23К4,Проспект Ветеранов,unknown,164126.611957796,16.454567959008102,4.457829598089382
329165748,https://spb.cian.ru/sale/flat/329165748/?context=4.1GBXlFhE-8g.qoZnegz1vkl9h9gfX8ueALIv6pUDx7nv1NCJxbntnNpgy0nqtEQZp2A5y1L87mCBAZXipqrWKA3szg&mlSearchSessionGuid=88fdc86629ef6a3b748d2aba551ce107,cian,2026-05-04T21:45:59.274940+00:00,Санкт-Петербург,Санкт-Петербург,sale,flat,realtor,4rooms,4,149.0,59500000.0,399328.85906040267,13.0,14.0,0.9285714285714286,False,False,Приморский,Савушкина,36,Черная речка,unknown,399328.85906040267,17.90148688732258,5.010635294096256
322651947,https://spb.cian.ru/sale/flat/322651947/?context=4.vg-kVDf9r9c.U0aLAwNdoQmhCW_UajSmZFK9ULRMbAiaieUSt_x8QQjKyyW0oHnLUcGEqzRxaJ-rXMxh7PjJYeASWQ&mlSearchSessionGuid=88fdc86629ef6a3b748d2aba551ce107,cian,2026-05-04T21:45:59.274940+00:00,Санкт-Петербург,Санкт-Петербург,sale,flat,real_estate_agent,4rooms,4,144.46,130014000.0,900000.0,4.0,6.0,0.6666666666666666,False,False,Василеостровский,unknown,,Горный институт,Империал Клаб ЖК,900000.0,18.683152702620628,4.979901134726394
320547415,https://spb.cian.ru/sale/flat/320547415/?context=4.WPQJp59ziXE.F1aFAVElcxYRtQZTY1R649iAa247-FRT0dMKa8F90X16foxMquVtXC-h2OuiWlneNdflGriorMC9Tw&mlSearchSessionGuid=88fdc86629ef6a3b748d2aba551ce107,cian,2026-05-04T21:45:59.274940+00:00,Санкт-Петербург,Санкт-Петербург,sale,flat,real_estate_agent,4rooms,4,73.4,13500000.0,183923.7057220708,10.0,10.0,1.0,False,True,Приморский,проспект Авиаконструкторов,33,Комендантский проспект,unknown,183923.7057220708,16.41820031748273,4.309455941839047
316374620,https://spb.cian.ru/sale/flat/316374620/?context=4.FJTbX1FLQKw.mONCTMBtxfak4Kju04BX5yGTJe30IimqLTBKVHRU3-ImFIbjfLo_VookyLYXFT0obimfK1-IRDDrYg&mlSearchSessionGuid=88fdc86629ef6a3b748d2aba551ce107,cian,2026-05-04T21:45:59.274940+00:00,Санкт-Петербург,Санкт-Петербург,sale,flat,realtor,4rooms,4,92.0,23000000.0,250000.0,3.0,5.0,0.6,False,False,Выборгский,Большой Сампсониевский проспект,70,Лесная,unknown,250000.0,16.951004817371683,4.532599493153256
318140442,https://spb.cian.ru/sale/flat/318140442/?context=4.qsP_oKcMewY.o8UfDEVn9pRnlhi8vpZv63m4l5nR5ITxtSqfuzdXHzVxC3HHxmzE4KkA4ffq3Bs799xs3mJ_4T9uCw&mlSearchSessionGuid=88fdc86629ef6a3b748d2aba551ce107,cian,2026-05-04T21:45:59.274940+00:00,Санкт-Петербург,Санкт-Петербург,sale,flat,developer,4rooms,4,159.0,112397100.0,706900.0,4.0,9.0,0.4444444444444444,False,False,Петроградский,Петровский проспект,11к3,Крестовский остров,NEVA HAUS,706900.0,18.537548703276304,5.075173815233827
322150149,https://spb.cian.ru/sale/flat/322150149/?context=4.axJml6ZdJxI.y17QF_sLJBsspJ9mDqt8tEBrR0rDsoODugIrZCUV4Cr4QtCugKpe_AwzIbPgtCCF8VIGuiYEAwM_mQ&mlSearchSessionGuid=88fdc86629ef6a3b748d2aba551ce107,cian,2026-05-04T21:45:59.274940+00:00,Санкт-Петербург,Санкт-Петербург,sale,flat,real_estate_agent,4rooms,4,145.9,56000000.0,383824.5373543523,4.0,5.0,0.8,False,False,Петроградский,Лизы Чайкиной,17,Спортивная,unknown,383824.5373543523,17.840862266556567,4.989752083179832
321085682,https://spb.cian.ru/sale/flat/321085682/?context=4.Q4eYzU18R-Q.S7lRBkB2QjH4l5X2wnpMasTbf4Dd8wIdnFRbwAJAt_U2OsrOy7loMJ1-y_iwXhnEJAsmcmgHRFQsFA&mlSearchSessionGuid=88fdc86629ef6a3b748d2aba551ce107,cian,2026-05-04T21:45:59.274940+00:00,Санкт-Петербург,Санкт-Петербург,sale,flat,real_estate_agent,4rooms,4,158.1,19990000.0,126438.96268184694,3.0,5.0,0.6,False,False,Центральный,Пушкинская,20,Площадь Восстания,unknown,126438.96268184694,16.810742756501593,5.069532935343741
329663202,https://spb.cian.ru/sale/flat/329663202/?context=4.cKJ9KASTqGg.IuXJrzFjiJxjDk1rNQrLfar6ieBpjPj0JPAlsYOYquC6DqtE1Pn4kDDh7vdjNiHl3r5dE1mFnwedlw&mlSearchSessionGuid=88fdc86629ef6a3b748d2aba551ce107,cian,2026-05-04T21:45:59.274940+00:00,Санкт-Петербург,Санкт-Петербург,sale,flat,developer,4rooms,4,130.56,57446400.0,440000.0,11.0,12.0,0.9166666666666666,False,False,Московский,Коли Томчака,21У,Московские ворота,Знатный,440000.0,17.866362914517772,4.8794630213208565
310933870,https://spb.cian.ru/sale/flat/310933870/?context=4.SOOqIzdt-lg.nSG0mXXx4sPlDLz-cOfUmU9LhKwmdtI2hOn5nnNTHwt3Y4DqaG4Q7SHPhtln_KHz9OPD3qk9G3ildg&mlSearchSessionGuid=88fdc86629ef6a3b748d2aba551ce107,cian,2026-05-04T21:45:59.274940+00:00,Санкт-Петербург,Санкт-Петербург,sale,flat,real_estate_agent,4rooms,4,107.0,39500000.0,369158.8785046729,9.0,11.0,0.8181818181818182,False,False,Красногвардейский,Малоохтинский проспект,16к1,Новочеркасская,unknown,369158.8785046729,17.491811255187805,4.68213122712422
314735614,https://spb.cian.ru/sale/flat/314735614/?context=4.HSbSHUpGzns.9wYcM0m_37JIV-oKYtFX7bsP76XJuMuAVMcbeUbIpOaRF39fWiZvt6qTQYOE2q05ElS0hEs8jv4Kaw&mlSearchSessionGuid=88fdc86629ef6a3b748d2aba551ce107,cian,2026-05-04T21:45:59.274940+00:00,Санкт-Петербург,Санкт-Петербург,sale,flat,realtor,4rooms,4,194.0,109999000.0,567005.1546391753,12.0,14.0,0.8571428571428571,False,False,Московский,Варшавская,6к2,Электросила,Московский квартал,567005.1546391753,18.51598184189727,5.272999558563747
329663201,https://spb.cian.ru/sale/flat/329663201/?context=4.3d20lRle3KQ.TgxILJipif15Q_czXNzt7KiZnxzqwCJnwIvAhgYu29AzAhLSBd4DHxlOSLS40rtWyHHihE1gb2fs2A&mlSearchSessionGuid=88fdc86629ef6a3b748d2aba551ce107,cian,2026-05-04T21:45:59.274940+00:00,Санкт-Петербург,Санкт-Петербург,sale,flat,developer,4rooms,4,121.86,54349560.0,446000.0,9.0,12.0,0.75,False,False,Московский,Коли Томчака,21У,Московские ворота,Знатный,446000.0,17.810947094221962,4.811045495735781
285614584,https://spb.cian.ru/sale/flat/285614584/?context=4.971xaaUibA0.C8o7gtc9nijSXkQfXs_86m1pLCVXCF9yBdbsgDOGcFTk6iGRiDyAmVevzwH1w3rTz0DxhBqpwQVeqg&mlSearchSessionGuid=88fdc86629ef6a3b748d2aba551ce107,cian,2026-05-04T21:45:59.274940+00:00,Санкт-Петербург,Санкт-Петербург,sale,flat,real_estate_agent,4rooms,4,163.7,135000000.0,824679.291386683,7.0,7.0,1.0,False,True,Центральный,Невский проспект,137,Площадь Александра Невского,unknown,824679.291386683,18.72078534381011,5.104125637183595
325821921,https://spb.cian.ru/sale/flat/325821921/?context=4.7pURSot4Em8.YU_DdKvbHTRfInuDhb0SyqBtlOPVtME7OaS5UJrjwVz07bvG3WFTgJ9Zo4YDj1iW41Lgm9CeZ4Kfww&mlSearchSessionGuid=88fdc86629ef6a3b748d2aba551ce107,cian,2026-05-04T21:45:59.274940+00:00,Санкт-Петербург,Санкт-Петербург,sale,flat,real_estate_agent,4rooms,4,82.7,17200000.0,207980.6529625151,2.0,5.0,0.4,False,False,Василеостровский,14-я Васильевского острова линия,47,Василеостровская,unknown,207980.6529625151,16.660419999923214,4.4272389774954295
329327478,https://spb.cian.ru/sale/flat/329327478/?context=4._axbOOcBwf0.bUd-Rx5ANbFw8hwaJ3siZCFqHbIf3FEaloQSjE8WLFMijg6Co9TbM7Wu3lAYz5c0C6UbzUSesNgKnA&mlSearchSessionGuid=88fdc86629ef6a3b748d2aba551ce107,cian,2026-05-04T21:45:59.274940+00:00,Санкт-Петербург,Санкт-Петербург,sale,flat,real_estate_agent,4rooms,4,143.3,250313390.0,1746778.7159804604,6.0,8.0,0.75,False,False,Петроградский,Чкаловское,,Чкаловская,ЛДМ ЖК,1746778.7159804604,19.33822425477118,4.971894465779825
325512710,https://spb.cian.ru/sale/flat/325512710/?context=4.Rz7IPb9zx4c.k8Bn32XrfPqRjAda-1pLeMYl5faBy0kA0QgdFIAmziUCPeLjkYAeZvqz8O8JRkALZgyxlp3F6zTCig&mlSearchSessionGuid=88fdc86629ef6a3b748d2aba551ce107,cian,2026-05-04T21:45:59.274940+00:00,Санкт-Петербург,Санкт-Петербург,sale,flat,official_representative,4rooms,4,132.0,99000000.0,750000.0,1.0,8.0,0.125,True,False,Петроградский,Петровский проспект,11к2,Крестовский остров,NEVA HAUS,750000.0,18.410630418199872,4.890349128221754
321139359,https://spb.cian.ru/sale/flat/321139359/?context=4.pCYRZXSgjcE._z3Bq4zY61RJy0yOYJztWPIKmf2DyIEmyAZHXqFiLfX3TGVPHQ2OCHTkvAZZV6Za5tb8rOszU8hWqQ&mlSearchSessionGuid=88fdc86629ef6a3b748d2aba551ce107,cian,2026-05-04T21:45:59.274940+00:00,Санкт-Петербург,Санкт-Петербург,sale,flat,real_estate_agent,4rooms,4,156.0,40000000.0,256410.2564102564,5.0,5.0,1.0,False,True,Василеостровский,9-я Васильевского острова линия,56,Василеостровская,unknown,256410.2564102564,17.50439003707821,5.056245805348308
318140443,https://spb.cian.ru/sale/flat/318140443/?context=4.-9zdyv3bE5o.a-H_Kj3Vcm0HPX3L2HS7FtsGZJkq69QMQRuzlXJqaARWgDSTnDZ8sgEgyCtGSUlz525IyEAs3gpx4g&mlSearchSessionGuid=88fdc86629ef6a3b748d2aba551ce107,cian,2026-05-04T21:45:59.274940+00:00,Санкт-Петербург,Санкт-Петербург,sale,flat,developer,4rooms,4,165.7,86296560.0,520800.00000000006,1.0,9.0,0.1111111111111111,True,False,Петроградский,Петровский проспект,11к3,Крестовский остров,NEVA HAUS,520800.00000000006,18.27330030589696,5.116195789756748
327022695,https://spb.cian.ru/sale/flat/327022695/?context=4.lhAVmlRce-A.DVPzED0389zZwBnv9GmEn7vgzFWQGSN9iWj9OfwK1cTBs8OEmVWH7-G7VFZUQydhfpdPFwW1_dzsMg&mlSearchSessionGuid=88fdc86629ef6a3b748d2aba551ce107,cian,2026-05-04T21:45:59.274940+00:00,Санкт-Петербург,Санкт-Петербург,sale,flat,official_representative,4rooms,4,121.6,91200000.0,750000.0,2.0,8.0,0.25,False,False,Петроградский,Петровский проспект,11к2,Крестовский остров,NEVA HAUS,750000.0,18.328565466009472,4.808927023502111
323398683,https://spb.cian.ru/sale/flat/323398683/?context=4.EC6EJKr51aQ.OIOU_OQC_qc7vmk4UYyKXzJN_fB29MUN2iGYoZBUZfMIVdy3QPthGGq6t04P36DZ6dbFH0JhXnJV3w&mlSearchSessionGuid=88fdc86629ef6a3b748d2aba551ce107,cian,2026-05-04T21:45:59.274940+00:00,Санкт-Петербург,Санкт-Петербург,sale,flat,realtor,4rooms,4,105.0,26500000.0,252380.9523809524,15.0,25.0,0.6,False,False,Фрунзенский,Южное шоссе,45к3,Проспект Славы,София,252380.9523809524,17.0926553286923,4.663439094112067
318140434,https://spb.cian.ru/sale/flat/318140434/?context=4.pnBKtVno7dw.Ks8E3S7rrxd24QQh-bM6mL13Ph-WYtTtpDzS8xwvPNMTZHsYYHJaQkX7ahotjcmdWsYmi2rooo4cFA&mlSearchSessionGuid=88fdc86629ef6a3b748d2aba551ce107,cian,2026-05-04T21:45:59.274940+00:00,Санкт-Петербург,Санкт-Петербург,sale,flat,developer,4rooms,4,178.8,91170120.0,509900.0,1.0,9.0,0.1111111111111111,True,False,Петроградский,Петровский проспект,11к3,Крестовский остров,NEVA HAUS,509900.0,18.328237780751166,5.19184512203752
328229036,https://spb.cian.ru/sale/flat/328229036/?context=4.mw1GWraRM3Y.4hxkmaeC4RLgUc1sPzHPxkGvUWcS3AHWdnANTYFak-F5e97YN1smnpl7V1rwqnziQBfX2pjbbRFRpA&mlSearchSessionGuid=88fdc86629ef6a3b748d2aba551ce107,cian,2026-05-04T21:45:59.274940+00:00,Санкт-Петербург,Санкт-Петербург,sale,flat,real_estate_agent,4rooms,4,260.0,69000000.0,265384.6153846154,2.0,3.0,0.6666666666666666,False,False,Выборгский,Береговая,18к1,Проспект Просвещения,Новая Скандинавия,265384.6153846154,18.04961707705429,5.564520407322694
326634285,https://spb.cian.ru/sale/flat/326634285/?context=4.cK_32S7fDRk.uuyQxcRFdgKT17KMNzLaYjCEX7EY3ZF-FAlLrpqcJz92Bxk6j0abCQIoWcjeTokNKVyLRvkWhQub6Q&mlSearchSessionGuid=88fdc86629ef6a3b748d2aba551ce107,cian,2026-05-04T21:45:59.274940+00:00,Санкт-Петербург,Санкт-Петербург,sale,flat,realtor,4rooms,4,85.7,15200000.0,177362.89381563594,6.0,6.0,1.0,False,True,Центральный,Лиговский проспект,143,Обводный канал,unknown,177362.89381563594,16.536806051605975,4.462453883786496
329327329,https://spb.cian.ru/sale/flat/329327329/?context=4.eWI0aKBGwaM.KNME0LiZHUJ5c5X3sX74nw2IkogdloBHOBAKqd7RBDfocxocRiNNm_WTwsYVhD-_UL6V6rg8y4nNCw&mlSearchSessionGuid=88fdc86629ef6a3b748d2aba551ce107,cian,2026-05-04T21:45:59.274940+00:00,Санкт-Петербург,Санкт-Петербург,sale,flat,real_estate_agent,4rooms,4,145.9,275631508.0,1889181.0006854008,8.0,8.0,1.0,False,True,Петроградский,Чкаловское,,Чкаловская,ЛДМ ЖК,1889181.0006854008,19.434575419306046,4.989752083179832
328904743,https://spb.cian.ru/sale/flat/328904743/?context=4.b6P50Orrfo8.rkNJMTKj7oYHbN2pKov8kms9DtYNqnPgRl3p0r1WioMhGLFTEf6DIIg4VOgl_j9bjXluIDwLSyGQ6g&mlSearchSessionGuid=88fdc86629ef6a3b748d2aba551ce107,cian,2026-05-04T21:45:59.274940+00:00,Санкт-Петербург,Санкт-Петербург,sale,flat,homeowner,4rooms,4,83.4,16500000.0,197841.72661870503,1.0,8.0,0.125,True,False,Василеостровский,12-я Васильевского острова линия,13,Василеостровская,unknown,197841.72661870503,16.61887099947687,4.435567401601912
323817071,https://spb.cian.ru/sale/flat/323817071/?context=4.u65u8YGu0CU.ewYdx8LhsmxNbEGo6OXvNQXnkHDkFPPobKCINw48zIaV5RB3dRnNO_8ZmaG8JVI8ncn4LSnrireeWQ&mlSearchSessionGuid=88fdc86629ef6a3b748d2aba551ce107,cian,2026-05-04T21:45:59.274940+00:00,Санкт-Петербург,Санкт-Петербург,sale,flat,real_estate_agent,4rooms,4,100.6,20000000.0,198807.15705765408,5.0,6.0,0.8333333333333334,False,False,Адмиралтейский,набережная Реки Фонтанки,126,Технологический институт,unknown,198807.15705765408,16.811242881518265,4.6210435351443815
329645106,https://spb.cian.ru/sale/flat/329645106/?context=4.ZmFjmxb44N4.AHxuoukwrTzWtx29QvgdBDUeKVZadIMKTgb2aQZTv3FamH3QLE6HQ56AkcfAAUnNKcyIqMXtcQpaJw&mlSearchSessionGuid=88fdc86629ef6a3b748d2aba551ce107,cian,2026-05-04T21:45:59.274940+00:00,Санкт-Петербург,Санкт-Петербург,sale,flat,real_estate_agent,4rooms,4,116.46,57470000.0,493474.1542160399,9.0,9.0,1.0,False,True,Фрунзенский,Воронежская,,Обводный канал,Клубный дом,493474.1542160399,17.866773647884308,4.766097850094374
326751510,https://spb.cian.ru/sale/flat/326751510/?context=4.JtZ436E2SK8.Ibp6xQWcokJ01504YTiYs3Ukaeu2uJfC79odX7dmIfZ-krgp8c_3DeH_BeMOIgd4l1s3N_xAXTh8Zg&mlSearchSessionGuid=88fdc86629ef6a3b748d2aba551ce107,cian,2026-05-04T21:45:59.274940+00:00,Санкт-Петербург,Санкт-Петербург,sale,flat,real_estate_agent,4rooms,4,88.5,20800000.0,235028.24858757065,4.0,5.0,0.8,False,False,Центральный,Шпалерная,6,Чернышевская,unknown,235028.24858757065,16.85046359274847,4.4942386252808095
318140436,https://spb.cian.ru/sale/flat/318140436/?context=4.2gsxLSUgkWU.os2An2Vi1akkX_7t_kq7pKBucNeKgdku53tdJ1ylhwacqMxl1nQm5uDTNugeiMlvdgmGWAcEa8Xu8g&mlSearchSessionGuid=88fdc86629ef6a3b748d2aba551ce107,cian,2026-05-04T21:45:59.274940+00:00,Санкт-Петербург,Санкт-Петербург,sale,flat,developer,4rooms,4,171.5,109382700.0,637800.0,2.0,9.0,0.2222222222222222,False,False,Петроградский,Петровский проспект,11к3,Крестовский остров,NEVA HAUS,637800.0,18.510363309306303,5.150397236471415
323224510,https://spb.cian.ru/sale/flat/323224510/?context=4.c7UgcJIQf-Y.Mn2gwtJZZuamvPh5ZNf_9p2RBQttcSBPBLwA_ATX3C-RJeCyhmkqA154W7FH367pdhBULQnOrDNIOA&mlSearchSessionGuid=88fdc86629ef6a3b748d2aba551ce107,cian,2026-05-04T21:45:59.274940+00:00,Санкт-Петербург,Санкт-Петербург,sale,flat,real_estate_agent,4rooms,4,196.0,250000000.0,1275510.204081633,5.0,5.0,1.0,False,True,Петроградский,набережная Мартынова,62Е,Крестовский остров,unknown,1275510.204081633,19.33697147982652,5.2832037287379885
329327448,https://spb.cian.ru/sale/flat/329327448/?context=4.B3p9ZNBWl8c.FJMoHciyyyQc1pXmGuBWo2KStWpBZpaw818onSuShNaj06CyYmXEpQ7LUFc_VlpWOnOGUhcXTWyxdw&mlSearchSessionGuid=88fdc86629ef6a3b748d2aba551ce107,cian,2026-05-04T21:45:59.274940+00:00,Санкт-Петербург,Санкт-Петербург,sale,flat,real_estate_agent,4rooms,4,141.9,107252425.0,755831.0429880196,2.0,9.0,0.2222222222222222,False,False,Петроградский,Чкаловское,,Чкаловская,ЛДМ ЖК,755831.0429880196,18.49069573556319,4.9621450849358215
320230774,https://spb.cian.ru/sale/flat/320230774/?context=4.1K-qiI202DU.hXvf-WwzdsDHassusTyrkXCahGEl4Vo2mmX19hgE26v2qoFaaEeKYGju31TIlixeACH-7zPbL9DPJQ&mlSearchSessionGuid=88fdc86629ef6a3b748d2aba551ce107,cian,2026-05-04T21:45:59.274940+00:00,Санкт-Петербург,Санкт-Петербург,sale,flat,realtor,4rooms,4,240.7,349015000.0,1450000.0,7.0,7.0,1.0,False,True,Центральный,набережная Воскресенская,32,Чернышевская,Приоритет,1450000.0,19.67062546205099,5.487697287709437
328558761,https://spb.cian.ru/sale/flat/328558761/?context=4.t3gHhnjoufE.agut-bURWzF6-FpiEQgl3_vF3yJzUPD3LchYb5hXZYw03sw1OGoTTI4xTlaTM7vL50yuyc4xKXBgTA&mlSearchSessionGuid=88fdc86629ef6a3b748d2aba551ce107,cian,2026-05-04T21:45:59.274940+00:00,Санкт-Петербург,Санкт-Петербург,sale,flat,real_estate_agent,4rooms,4,125.0,17500000.0,140000.0,8.0,12.0,0.6666666666666666,False,False,Выборгский,Выборгское шоссе,31,Проспект Просвещения,unknown,140000.0,16.677711496036597,4.836281906951478
302588034,https://spb.cian.ru/sale/flat/302588034/?context=4.ypwjqAttks4.peuPedghX4LKCl6zwqCw1d84grys8rHqUgHGYT52CWoCRAlSJ2cJhmngbWek9-jy8ytI1cnk5UbvVg&mlSearchSessionGuid=88fdc86629ef6a3b748d2aba551ce107,cian,2026-05-04T21:45:59.274940+00:00,Санкт-Петербург,Санкт-Петербург,sale,flat,real_estate_agent,4rooms,4,114.8,29981000.0,261158.53658536583,16.0,24.0,0.6666666666666666,False,False,Красносельский,Ленинский проспект,39с1,Юго-Западная,Огни Залива,261158.53658536583,17.21607443900728,4.751864565138895
328322828,https://spb.cian.ru/sale/flat/328322828/?context=4.Z4Pu7p3ul2U.wa75HjwPr-Ov7N3E1bYRiixfw2Tft-M7aHL2Kjy-CCcF7mmDJNPtSBWs5BHeQLpx-Y57lDElvMtg3g&mlSearchSessionGuid=88fdc86629ef6a3b748d2aba551ce107,cian,2026-05-04T21:45:59.274940+00:00,Санкт-Петербург,Санкт-Петербург,sale,flat,real_estate_agent,4rooms,4,235.4,105000000.0,446049.2778249787,5.0,5.0,1.0,False,True,Центральный,Большая Конюшенная,13,Гостиный двор,unknown,446049.2778249788,18.46947091764561,5.465525285531943
322559040,https://spb.cian.ru/sale/flat/322559040/?context=4.Ty-yS7uENq4.97nbGVkfkKi0x-y8reOOwhvCy0DeX-NHKxVd3xznL-ooUuDGU14vhG_25SicN0sdzrMAttJ-6kzcGg&mlSearchSessionGuid=88fdc86629ef6a3b748d2aba551ce107,cian,2026-05-04T21:45:59.274940+00:00,Санкт-Петербург,Санкт-Петербург,sale,flat,real_estate_agent,4rooms,4,132.3,31000000.0,234315.94860166288,2.0,7.0,0.2857142857142857,False,False,Петроградский,Большая Зеленина,28,Чкаловская,unknown,234315.94860166288,17.249497794707484,4.892602227184663
322651938,https://spb.cian.ru/sale/flat/322651938/?context=4.leXtqtwzUAA.Q2pgnLfYwLKofAE4XcYa8bDYW-qDuLKmPWAEz1N0XBc-JAaHaEWOD6ZLxr-eRLPnIiWIBIj7rtd45Q&mlSearchSessionGuid=88fdc86629ef6a3b748d2aba551ce107,cian,2026-05-04T21:45:59.274940+00:00,Санкт-Петербург,Санкт-Петербург,sale,flat,real_estate_agent,4rooms,4,137.08,148046400.0,1080000.0,3.0,6.0,0.5,False,False,Василеостровский,unknown,,Горный институт,Империал Клаб ЖК,1080000.0,18.81303630286145,4.9278332273351175
326776723,https://spb.cian.ru/sale/flat/326776723/?context=4.LnYo1TyKEx4.lT7llTuL4T0Hpv49ld0pERA0T4i_Si1kTbZ4Gs5SfHJQ-CfJtj5oHOGWsUCVJDY_Cf8RGtjn5EPvRw&mlSearchSessionGuid=88fdc86629ef6a3b748d2aba551ce107,cian,2026-05-04T21:45:59.274940+00:00,Санкт-Петербург,Санкт-Петербург,sale,flat,real_estate_agent,4rooms,4,97.3,23000000.0,236382.322713258,1.0,5.0,0.2,True,False,Центральный,Маяковского,34/4,Чернышевская,unknown,236382.322713258,16.951004817371683,4.5880240271531205
325111509,https://spb.cian.ru/sale/flat/325111509/?context=4.QgP-Ji7n4UA.AzwW-EFCpQXAdKBDijXVu9USqFVVw-6S4NdFBHIylhghv8WjlNpjHW59fYKGkQrFAmsFaI-Dn0XYkA&mlSearchSessionGuid=88fdc86629ef6a3b748d2aba551ce107,cian,2026-05-04T21:45:59.274940+00:00,Санкт-Петербург,Санкт-Петербург,sale,flat,realtor,4rooms,4,73.1,11700000.0,160054.71956224352,1.0,9.0,0.1111111111111111,True,False,Приморский,проспект Сизова,20К2,Комендантский проспект,unknown,160054.71956224352,16.275099485238066,4.3054155323020415
329467162,https://spb.cian.ru/sale/flat/329467162/?context=4.0NXeH0DTzEU.beA0emuCdFIWEZbJ7fEsPlG6M9fDS0Ark31ZI2bZRhP6gaaBl5YX_U0D3nICFDLX9Jg91coRDqBjug&mlSearchSessionGuid=88fdc86629ef6a3b748d2aba551ce107,cian,2026-05-04T21:45:59.274940+00:00,Санкт-Петербург,Санкт-Петербург,sale,flat,developer,4rooms,4,110.25,51917243.0,470904.6984126984,8.0,9.0,0.8888888888888888,False,False,Василеостровский,7-я Васильевского острова линия,84,Василеостровская,Регенбоген,470904.6984126984,17.76516154728713,4.711779921046349
327807910,https://spb.cian.ru/sale/flat/327807910/?context=4.xrtl7iQ2fC0.78XtilFH4iCOgxyHs3hPRaAu8I9JJw_idiKie3b1w0fsFNL1p-j0DD_hmNBqAP7A1Sh9gzzVIPcVrw&mlSearchSessionGuid=88fdc86629ef6a3b748d2aba551ce107,cian,2026-05-04T21:45:59.274940+00:00,Санкт-Петербург,Санкт-Петербург,sale,flat,real_estate_agent,4rooms,4,129.3,23000000.0,177880.89713843772,2.0,5.0,0.4,False,False,Адмиралтейский,набережная Обводного Канала,121,Технологический институт,unknown,177880.89713843772,16.951004817371683,4.869839484130799
325757065,https://spb.cian.ru/sale/flat/325757065/?context=4.nLI6lfgIQHs.ToQTxWfU9KCCNdHUoL6KhzCBKROjv329TAEe3HUTsu4vFq4DaUzUMJ5pTiXz0DzM7c2H8N5AN8XUvw&mlSearchSessionGuid=88fdc86629ef6a3b748d2aba551ce107,cian,2026-05-04T21:45:59.274940+00:00,Санкт-Петербург,Санкт-Петербург,sale,flat,real_estate_agent,4rooms,4,102.6,24000000.0,233918.1286549708,5.0,5.0,1.0,False,True,Невский,бульвар Красных Зорь,3,Ломоносовская,unknown,233918.1286549708,16.993564429978885,4.640537329825382
328226584,https://spb.cian.ru/sale/flat/328226584/?context=4.2gvqWtrSVAE.5YlAx-HJbRHpfv0S2pCf11BAK9j7r9nzoV6L7kETXPCq8V_gLhUIlL5H5g46uKMn3e9L3T-iaGGGmg&mlSearchSessionGuid=88fdc86629ef6a3b748d2aba551ce107,cian,2026-05-04T21:45:59.274940+00:00,Санкт-Петербург,Санкт-Петербург,sale,flat,developer,4rooms,4,147.2,76926720.0,522600.00000000006,5.0,9.0,0.5555555555555556,False,False,Петроградский,Петровский проспект,9к2,Крестовский остров,NEVA HAUS,522600.00000000006,18.15836385136281,4.998562712861986
317515560,https://spb.cian.ru/sale/flat/317515560/?context=4.JwwysAD-u9s.U98qgCbbHIg9EgWkNw9xmajgOKwBd42EEHJti4MhMJa202Oe93i4IEbyuzC_t2r4U4q2WYV5etm1LQ&mlSearchSessionGuid=88fdc86629ef6a3b748d2aba551ce107,cian,2026-05-04T21:45:59.274940+00:00,Санкт-Петербург,Санкт-Петербург,sale,flat,real_estate_agent,4rooms,4,86.4,11500000.0,133101.85185185185,6.0,9.0,0.6666666666666666,False,False,Колпинский,Тверская,33,Шушары,unknown,133101.85185185185,16.257857680289998,4.470495282661489
299067734,https://spb.cian.ru/sale/flat/299067734/?context=4.qZ8NHyrh5Sc.vtG-5Jpft80xjUZdz2zt8vDxiszwGgy2RpQhRWMtAtvM9oTJr_aR5hNsV0Tg64ONttl_-tQUdbj52A&mlSearchSessionGuid=88fdc86629ef6a3b748d2aba551ce107,cian,2026-05-04T21:45:59.274940+00:00,Санкт-Петербург,Санкт-Петербург,sale,flat,realtor,4rooms,4,81.6,8670000.0,106250.0,2.0,2.0,1.0,False,True,Петродворцовый,Суворовская,5к4,unknown,unknown,106250.0,15.97537946409697,4.414009680526933
329467148,https://spb.cian.ru/sale/flat/329467148/?context=4.pwczgCSpWCc.-trfJp4RSaQLZFLzZeRqW2H9tk4qvJ8WeOZ_NlIU_REDaGMdboujtsxRFntvOCSuiXR_q4AKnQ0DZA&mlSearchSessionGuid=88fdc86629ef6a3b748d2aba551ce107,cian,2026-05-04T21:45:59.274940+00:00,Санкт-Петербург,Санкт-Петербург,sale,flat,developer,4rooms,4,112.77,51291900.0,454836.3926576217,7.0,9.0,0.7777777777777778,False,False,Василеостровский,7-я Васильевского острова линия,84,Василеостровская,Регенбоген,454836.3926576217,17.753043422433723,4.734178866551625
328817243,https://spb.cian.ru/sale/flat/328817243/?context=4.jQxCDzOjVgo.jbd2RWKFW0FnEr7XTdqv-XJNeG_sv4PMdLinwKqKnhszYaUFWhj9RvbRiifrZGdpf3cpukRUNaT9EQ&mlSearchSessionGuid=88fdc86629ef6a3b748d2aba551ce107,cian,2026-05-04T21:45:59.274940+00:00,Санкт-Петербург,Санкт-Петербург,sale,flat,real_estate_agent,4rooms,4,187.0,89000000.0,475935.8288770053,3.0,9.0,0.3333333333333333,False,False,Петроградский,Мичуринская,4,Горьковская,unknown,475935.8288770053,18.30414693893237,5.236441962829949
328749743,https://spb.cian.ru/sale/flat/328749743/?context=4.MybbRsgzUUs.8esW_0OzSJo4uuiOCggEzfRciiqsp1OVIJ8NL8-MF62-UqcV2BqfFfsX4BzZSNqiSHnYKPFA8LbdbQ&mlSearchSessionGuid=88fdc86629ef6a3b748d2aba551ce107,cian,2026-05-04T21:45:59.274940+00:00,Санкт-Петербург,Санкт-Петербург,sale,flat,homeowner,4rooms,4,186.8,50900000.0,272483.9400428265,2.0,6.0,0.3333333333333333,False,False,Петроградский,Кронверкская,12,Петроградская,unknown,272483.9400428265,17.745373501167116,5.235377566774162
328534359,https://spb.cian.ru/sale/flat/328534359/?context=4.6cK_XEwQ_w4.7BUw_TvvcM0gifunfWLZ3iWg3zk0I_uA4S_K5n8526-4c3i-HDmQawmVZRSNcuiBTytye5kvixeGtg&mlSearchSessionGuid=88fdc86629ef6a3b748d2aba551ce107,cian,2026-05-04T21:45:59.274940+00:00,Санкт-Петербург,Санкт-Петербург,sale,flat,real_estate_agent,4rooms,4,128.11,26339464.0,205600.37467801105,5.0,17.0,0.2941176470588235,False,False,Приморский,Плесецкая,24,Комендантский проспект,ЦДС Dreamline,205600.37467801105,17.08657894275954,4.860664754186628
326900543,https://spb.cian.ru/sale/flat/326900543/?context=4.4wtA3eBiBA4.30N2nDN4bzq0FSy1k1v1cvP3VdMLJqG1wot-kQ-cMmJBT5a8uM6LwCfNie3d5QucacsgrhzLK4lwCg&mlSearchSessionGuid=88fdc86629ef6a3b748d2aba551ce107,cian,2026-05-04T21:45:59.274940+00:00,Санкт-Петербург,Санкт-Петербург,sale,flat,real_estate_agent,4rooms,4,135.0,49900000.0,369629.6296296296,5.0,5.0,1.0,False,True,Центральный,Смольный проспект,7,Чернышевская,unknown,369629.6296296296,17.725531580761828,4.912654885736052
328813484,https://spb.cian.ru/sale/flat/328813484/?context=4.LkcXvnOn6xo.FnCtnSujkvq87MKHWRw83fLByfU4a0Z0ZN8H8tAw7hlOMOx6MX31riEdxiXL-FbhsdYDxQg8AciY3Q&mlSearchSessionGuid=88fdc86629ef6a3b748d2aba551ce107,cian,2026-05-04T21:45:59.274940+00:00,Санкт-Петербург,Санкт-Петербург,sale,flat,realtor,4rooms,4,138.1,37777777.0,273553.7798696597,3.0,4.0,0.75,False,False,Приморский,3-я 1-й половины линия,53,Удельная,unknown,273553.7798696597,17.447231604120613,4.935193098929397
329327498,https://spb.cian.ru/sale/flat/329327498/?context=4.n60z1SSIeRU.MGhZEnDqlIlZmSpTaSQDamBk6k_xx4fRwDEdxr4MF_4he2K00nuBGq_W9IsyeAxqO7E5b28A-h-cqQ&mlSearchSessionGuid=88fdc86629ef6a3b748d2aba551ce107,cian,2026-05-04T21:45:59.274940+00:00,Санкт-Петербург,Санкт-Петербург,sale,flat,real_estate_agent,4rooms,4,132.5,157807202.0,1190997.7509433962,6.0,9.0,0.6666666666666666,False,False,Петроградский,Чкаловское,,Чкаловская,ЛДМ ЖК,1190997.7509433962,18.876884611722115,4.894101477840304
329096624,https://spb.cian.ru/sale/flat/329096624/?context=4.sHVxDQD5g3s.cYkMPJG-5m2X2BtdEcnrQBfk8GxLCPLyN8HHFPJTO2WTRd9SVJHXEtnxximECLAGrw4n3At2iZdI_g&mlSearchSessionGuid=88fdc86629ef6a3b748d2aba551ce107,cian,2026-05-04T21:45:59.274940+00:00,Санкт-Петербург,Санкт-Петербург,sale,flat,unknown,4rooms,4,92.8,28000000.0,301724.1379310345,2.0,11.0,0.1818181818181818,False,False,Фрунзенский,Лиговский проспект,271,Обводный канал,Ligovsky city-Первый квартал,301724.1379310345,17.147715103853763,4.541164856012179
