listing_id,source,collected_at,location_query,author_type,room_segment,rooms_count,total_meters,log_total_meters,floor,floors_count,floor_ratio,is_first_floor,is_last_floor,district,underground,residential_complex,lat,lon,geo_precision,distance_to_center_km,distance_to_metro_km,metro_known,price,log_price,target_price_per_sqm,log_target_price_per_sqm,district_ads_count,district_median_price,district_median_price_per_sqm,district_p25_price_per_sqm,district_p75_price_per_sqm,district_rooms_ads_count,district_rooms_median_price,district_rooms_median_price_per_sqm,district_rooms_p25_price_per_sqm,district_rooms_p75_price_per_sqm,underground_ads_count,underground_median_price,underground_median_price_per_sqm,underground_p25_price_per_sqm,underground_p75_price_per_sqm,rooms_ads_count,rooms_median_price,rooms_median_price_per_sqm,rooms_p25_price_per_sqm,rooms_p75_price_per_sqm
327097126,cian,2026-05-04T21:42:16.586850+00:00,Санкт-Петербург,developer,studio,0,23.62,3.2035591207563074,4.0,5.0,0.8,False,False,Курортный,Беговая,BEREG.Курортный,60.0863026,29.9425321,house,26.385229379440663,18.13865490431125,True,9802294.0,16.098127099897553,414999.74597798474,12.936035596748532,49,24506160.0,428400.0,344027.3037542662,554200.0,8,11752025.0,421699.87298899237,381216.3028315047,592198.5132382892,29,9802294.0,240710.82390953152,210180.94089264172,306436.1191162344,263,7500000.0,313311.6883116883,243362.9203482637,431942.4283135882
328916581,cian,2026-05-04T21:42:16.586850+00:00,Санкт-Петербург,real_estate_agent,studio,0,26.32,3.307619034702589,4.0,5.0,0.8,False,False,Московский,Проспект Ветеранов,Парадный ансамбль,59.756091,30.3043861,house,20.301354156451843,10.006522146264508,True,6280000.0,15.652880697680038,238601.82370820668,12.382555623061284,115,14600000.0,338071.4560122935,232688.51778861112,440766.12903225806,29,7500000.0,309911.3043478261,238601.82370820668,376194.8768864178,14,8300000.0,177077.9877979245,164294.958968347,214527.33390949378,263,7500000.0,313311.6883116883,243362.9203482637,431942.4283135882
328049264,cian,2026-05-04T21:42:16.586850+00:00,Санкт-Петербург,realtor,studio,0,10.4,2.4336133554004498,1.0,5.0,0.2,True,False,Адмиралтейский,Нарвская,unknown,59.9053093,30.2725355,house,4.366742882436077,0.4371046786353466,True,1750000.0,14.375126917328105,168269.23076923075,12.033326482591853,73,19300000.0,451851.85185185185,325510.20408163266,515585.6263228786,21,11745270.0,451851.85185185185,409542.7509293681,610000.0,7,20544750.0,459300.00000000006,250702.4988213107,494700.0,263,7500000.0,313311.6883116883,243362.9203482637,431942.4283135882
323514186,cian,2026-05-04T21:42:16.586850+00:00,Санкт-Петербург,developer,studio,0,71.6,4.28496492183075,1.0,7.0,0.1428571428571428,True,False,Василеостровский,Василеостровская,Амо,59.9392754,30.2438761,district,3.9122015596226105,2.100112668540487,True,27900960.0,17.144171690642843,389678.21229050285,12.873079147051833,165,23000000.0,425718.0832915203,357142.85714285716,499334.2210386152,33,12078600.0,434000.0,364928.9099526066,501691.8205804749,43,27900960.0,403090.15256588074,244769.5453830423,459065.00739980966,263,7500000.0,313311.6883116883,243362.9203482637,431942.4283135882
323464864,cian,2026-05-04T21:42:16.586850+00:00,Санкт-Петербург,real_estate_agent,studio,0,25.8,3.288401887516811,4.0,5.0,0.8,False,False,Московский,Московская,Парадный ансамбль,59.8278025,30.3165199,district,12.320876687507392,2.3083806071816104,True,5380000.0,15.498199118011556,208527.13178294574,12.24782923573793,115,14600000.0,338071.4560122935,232688.51778861112,440766.12903225806,29,7500000.0,309911.3043478261,238601.82370820668,376194.8768864178,34,19750000.0,368624.6176101299,230362.88470372072,720562.5,263,7500000.0,313311.6883116883,243362.9203482637,431942.4283135882
315698032,cian,2026-05-04T21:42:16.586850+00:00,Санкт-Петербург,real_estate_agent,studio,0,28.7,3.391147045808654,5.0,5.0,1.0,False,True,Московский,Звездная,Зеленый квартал на Пулковских высотах,59.8117049,30.3235523,house,14.119967768837036,2.811375922672171,True,5300000.0,15.483217567201578,184668.98954703833,12.126325670836453,115,14600000.0,338071.4560122935,232688.51778861112,440766.12903225806,29,7500000.0,309911.3043478261,238601.82370820668,376194.8768864178,43,9590757.0,294827.5862068966,224474.7194575878,354639.3791256695,263,7500000.0,313311.6883116883,243362.9203482637,431942.4283135882
325558652,cian,2026-05-04T21:42:16.586850+00:00,Санкт-Петербург,developer,studio,0,21.79,3.126321843257593,6.0,9.0,0.6666666666666666,False,False,Василеостровский,Горный институт,МОНОДОМ АРТ,59.9044682,29.7789704,street,30.06287842797851,27.052745316729546,True,12690215.0,16.356341860822305,582387.1041762277,13.274892350134422,165,23000000.0,425718.0832915203,357142.85714285716,499334.2210386152,33,12078600.0,434000.0,364928.9099526066,501691.8205804749,49,24258479.0,491000.0,424440.0,576720.0,263,7500000.0,313311.6883116883,243362.9203482637,431942.4283135882
326837309,cian,2026-05-04T21:42:16.586850+00:00,Санкт-Петербург,real_estate_agent,studio,0,26.3,3.3068867021909143,4.0,5.0,0.8,False,False,Московский,Проспект Ветеранов,Парадный ансамбль,59.756091,30.3043861,house,20.301354156451843,10.006522146264508,True,6280000.0,15.652880697680038,238783.26996197717,12.383315787149982,115,14600000.0,338071.4560122935,232688.51778861112,440766.12903225806,29,7500000.0,309911.3043478261,238601.82370820668,376194.8768864178,14,8300000.0,177077.9877979245,164294.958968347,214527.33390949378,263,7500000.0,313311.6883116883,243362.9203482637,431942.4283135882
329571779,cian,2026-05-04T21:42:16.586850+00:00,Санкт-Петербург,real_estate_agent,studio,0,24.3,3.2308043957334744,4.0,5.0,0.8,False,False,Московский,Звездная,Зеленый квартал на Пулковских высотах,59.7629651,30.31939,house,19.531971265741653,8.049779096131111,True,5450000.0,15.511126350125648,224279.8353909465,12.32065427499858,115,14600000.0,338071.4560122935,232688.51778861112,440766.12903225806,29,7500000.0,309911.3043478261,238601.82370820668,376194.8768864178,43,9590757.0,294827.5862068966,224474.7194575878,354639.3791256695,263,7500000.0,313311.6883116883,243362.9203482637,431942.4283135882
327096143,cian,2026-05-04T21:42:16.586850+00:00,Санкт-Петербург,developer,studio,0,20.72,3.078233495065734,5.0,8.0,0.625,False,False,Петроградский,Спортивная,17/33 Петровский остров,59.9584536,30.2693359,street,3.329696422532838,1.4795804670455333,True,15921248.0,16.583165190076965,768400.0,13.55206701128121,215,74551226.0,688500.0,513014.51612903224,950757.9850893903,22,17782490.5,705800.0,578193.3686917055,768187.5,44,38450000.0,636691.4335664336,466248.48787486635,964962.5076891531,263,7500000.0,313311.6883116883,243362.9203482637,431942.4283135882
326674743,cian,2026-05-04T21:42:16.586850+00:00,Санкт-Петербург,real_estate_agent,studio,0,24.92,3.255014871484074,4.0,20.0,0.2,False,False,Василеостровский,Приморская,Башни Элемент,59.9407329,30.193978,house,6.694866063092209,2.211622373519493,True,9299999.0,16.045524958123483,373194.1813804173,12.829856836243936,165,23000000.0,425718.0832915203,357142.85714285716,499334.2210386152,33,12078600.0,434000.0,364928.9099526066,501691.8205804749,73,22280000.0,414540.0,355671.14093959733,468620.6724137931,263,7500000.0,313311.6883116883,243362.9203482637,431942.4283135882
329334885,cian,2026-05-04T21:42:16.586850+00:00,Санкт-Петербург,real_estate_agent,studio,0,28.6,3.387774361330014,2.0,5.0,0.4,False,False,Центральный,Площадь Александра Невского,unknown,59.9292546,30.3737673,house,3.482627383157528,0.801148489317252,True,7500000.0,15.830413711839864,262237.7622377622,12.477010674006795,121,33000000.0,472702.7027027027,281949.93412384717,660000.0,14,7225000.0,371146.2450592885,349434.6733668342,631163.7931034482,35,35693422.0,625000.0,555289.7769297812,706503.2363162467,263,7500000.0,313311.6883116883,243362.9203482637,431942.4283135882
304120339,cian,2026-05-04T21:42:16.586850+00:00,Санкт-Петербург,developer,studio,0,23.02,3.1788868166518376,7.0,10.0,0.7,False,False,Центральный,Площадь Александра Невского,Новгородская 8,59.934866,30.3827,house,3.8437740099103066,1.1846185481164042,True,16528509.0,16.620597326593476,718006.4726324935,13.48423525554235,121,33000000.0,472702.7027027027,281949.93412384717,660000.0,14,7225000.0,371146.2450592885,349434.6733668342,631163.7931034482,35,35693422.0,625000.0,555289.7769297812,706503.2363162467,263,7500000.0,313311.6883116883,243362.9203482637,431942.4283135882
310459471,cian,2026-05-04T21:42:16.586850+00:00,Санкт-Петербург,real_estate_agent,studio,0,23.8,3.210843653170937,4.0,8.0,0.5,False,False,Красносельский,Проспект Ветеранов,Солнечный город,59.8348974,30.0916071,house,16.942128463456303,8.90912825431961,True,5500000.0,15.520258832020865,231092.43697478992,12.350577396788635,45,8600000.0,223093.96897646284,183937.8238341969,261158.53658536586,13,5500000.0,231092.43697478992,214170.04048582996,271186.4406779661,14,8300000.0,177077.9877979245,164294.958968347,214527.33390949378,263,7500000.0,313311.6883116883,243362.9203482637,431942.4283135882
329345510,cian,2026-05-04T21:42:16.586850+00:00,Санкт-Петербург,realtor,studio,0,30.8,3.459466289786131,22.0,26.0,0.8461538461538461,False,False,Приморский,Беговая,unknown,59.9988648,30.2124083,house,8.771052548771724,1.2220791464397165,True,7400000.0,15.816990693309524,240259.74025974024,12.38948003034837,119,11000000.0,253120.0,213054.45761967503,301644.1421266091,29,6800000.0,287169.04276985745,261506.27615062764,305240.1746724891,29,9802294.0,240710.82390953152,210180.94089264172,306436.1191162344,263,7500000.0,313311.6883116883,243362.9203482637,431942.4283135882
327097380,cian,2026-05-04T21:42:16.586850+00:00,Санкт-Петербург,developer,studio,0,24.21,3.2272407411998283,20.0,20.0,1.0,False,True,Василеостровский,Приморская,Башни Элемент,59.9407329,30.193978,house,6.694866063092209,2.211622373519493,True,18191394.0,16.71645923804302,751400.0,13.529694742970202,165,23000000.0,425718.0832915203,357142.85714285716,499334.2210386152,33,12078600.0,434000.0,364928.9099526066,501691.8205804749,73,22280000.0,414540.0,355671.14093959733,468620.6724137931,263,7500000.0,313311.6883116883,243362.9203482637,431942.4283135882
329372902,cian,2026-05-04T21:42:16.586850+00:00,Санкт-Петербург,real_estate_agent,studio,0,26.8,3.3250360206965914,14.0,25.0,0.56,False,False,Приморский,Комендантский проспект,Чистое небо,60.0387795,30.2213765,house,12.275256085853275,4.030329441461259,True,6580000.0,15.699545455277171,245522.38805970148,12.411147488724723,119,11000000.0,253120.0,213054.45761967503,301644.1421266091,29,6800000.0,287169.04276985745,261506.27615062764,305240.1746724891,62,11400000.0,258025.86534804112,212350.63966555786,313750.0,263,7500000.0,313311.6883116883,243362.9203482637,431942.4283135882
327563230,cian,2026-05-04T21:42:16.586850+00:00,Санкт-Петербург,real_estate_agent,studio,0,22.1,3.139832617527748,2.0,28.0,0.0714285714285714,False,False,Выборгский,Парнас,Северная долина,60.079843,30.3519079,house,15.845491410527623,1.644934616941515,True,5400000.0,15.501909696719672,244343.89140271491,12.406335995595013,68,11500000.0,242464.8327306462,201785.625,296143.7908496732,11,6800000.0,268817.2043010753,248702.55794625543,307766.9552669553,14,7850000.0,225945.53060701783,203626.49866103235,261172.79510923312,263,7500000.0,313311.6883116883,243362.9203482637,431942.4283135882
325141985,cian,2026-05-04T21:42:16.586850+00:00,Санкт-Петербург,developer,studio,0,22.1,3.139832617527748,2.0,4.0,0.5,False,False,Пушкинский,Купчино,Пулково Лэйк ЖК,59.7318379,30.4244923,district,23.803942467635743,11.048014142033765,True,5533398.0,15.526312832058125,250379.99999999997,12.430739036734906,43,7166266.0,202797.2027972028,163053.72914003386,232898.85297184568,11,5790000.0,213586.68871434475,205653.92054753756,241282.6302115551,32,7495000.0,211094.97047056584,198690.38857472915,238287.2080291971,263,7500000.0,313311.6883116883,243362.9203482637,431942.4283135882
328933325,cian,2026-05-04T21:42:16.586850+00:00,Санкт-Петербург,real_estate_agent,studio,0,20.0,3.044522437723423,2.0,5.0,0.4,False,False,Петроградский,Петроградская,unknown,59.957504,30.298312,street,2.2784744729413773,1.247424189359701,True,6850000.0,15.739759356223798,342500.0,12.744029856388185,215,74551226.0,688500.0,513014.51612903224,950757.9850893903,22,17782490.5,705800.0,578193.3686917055,768187.5,37,50900000.0,459966.6388657214,414269.2750287687,650000.0,263,7500000.0,313311.6883116883,243362.9203482637,431942.4283135882
329112060,cian,2026-05-04T21:42:16.586850+00:00,Санкт-Петербург,developer,studio,0,29.0,3.4011973816621555,4.0,14.0,0.2857142857142857,False,False,Красногвардейский,Новочеркасская,Магнифика ЖК,59.9782843,30.4865836,district,10.567148826346545,6.925893961377273,True,15154704.0,16.533821602761655,522576.0,13.166527620384496,65,10300000.0,250000.0,202169.11764705883,415701.00840336137,18,4628808.0,218340.0,207986.11111111112,280442.8044280443,28,25104484.5,444642.74811083125,355837.5,512076.8111093196,263,7500000.0,313311.6883116883,243362.9203482637,431942.4283135882
327075130,cian,2026-05-04T21:42:16.586850+00:00,Санкт-Петербург,real_estate_agent,studio,0,23.8,3.210843653170937,5.0,5.0,1.0,False,True,Московский,Звездная,Зеленый квартал на Пулковских высотах,59.7618179,30.3127921,house,19.65743550676136,8.253518395519828,True,5200000.0,15.46416937585933,218487.3949579832,12.29448817978683,115,14600000.0,338071.4560122935,232688.51778861112,440766.12903225806,29,7500000.0,309911.3043478261,238601.82370820668,376194.8768864178,43,9590757.0,294827.5862068966,224474.7194575878,354639.3791256695,263,7500000.0,313311.6883116883,243362.9203482637,431942.4283135882
328980293,cian,2026-05-04T21:42:16.586850+00:00,Санкт-Петербург,real_estate_agent,studio,0,19.0,2.995732273553991,2.0,4.0,0.5,False,False,Петроградский,Чкаловская,unknown,59.9602942,30.3061144,house,2.452927972197906,0.8441726171834378,True,6490000.0,15.685773242763466,341578.94736842107,12.74133703709044,215,74551226.0,688500.0,513014.51612903224,950757.9850893903,22,17782490.5,705800.0,578193.3686917055,768187.5,50,65500613.5,676550.1672240803,551580.3395021516,840090.1701805224,263,7500000.0,313311.6883116883,243362.9203482637,431942.4283135882
319859555,cian,2026-05-04T21:42:16.586850+00:00,Санкт-Петербург,developer,studio,0,22.91,3.1742967814702334,2.0,15.0,0.1333333333333333,False,False,Калининский,Лесная,Квартал бизнес-класса Б15,59.9327565,30.2728798,street,2.3863606059545583,7.047975623424182,True,9136508.0,16.027788922986225,398800.0,12.896217824589245,53,10624445.0,291095.8904109589,210032.36245954694,359100.0,12,9445057.0,371315.1925461211,326586.5384615385,393625.0,37,13355877.0,359100.0,250000.0,393258.42696629214,263,7500000.0,313311.6883116883,243362.9203482637,431942.4283135882
327906666,cian,2026-05-04T21:42:16.586850+00:00,Санкт-Петербург,real_estate_agent,studio,0,11.6,2.533696813957432,4.0,4.0,1.0,False,True,Центральный,Лиговский проспект,unknown,59.9166357,30.3414428,house,2.878548709613705,0.9054470414295878,True,5100000.0,15.444751293772969,439655.1724137931,12.993748274089452,121,33000000.0,472702.7027027027,281949.93412384717,660000.0,14,7225000.0,371146.2450592885,349434.6733668342,631163.7931034482,6,9900000.0,210892.16306607611,164627.9706740875,331240.70945945947,263,7500000.0,313311.6883116883,243362.9203482637,431942.4283135882
328676896,cian,2026-05-04T21:42:16.586850+00:00,Санкт-Петербург,real_estate_agent,studio,0,24.0,3.218875824868201,4.0,21.0,0.1904761904761904,False,False,Приморский,Старая Деревня,Богатырь 3,59.9948255,30.2751034,house,6.617981095072009,1.2671720201276435,True,6600000.0,15.702580358511794,275000.0,12.524530013005734,119,11000000.0,253120.0,213054.45761967503,301644.1421266091,29,6800000.0,287169.04276985745,261506.27615062764,305240.1746724891,10,12849999.5,239117.1153240119,215743.79752066117,283249.985,263,7500000.0,313311.6883116883,243362.9203482637,431942.4283135882
327096127,cian,2026-05-04T21:42:16.586850+00:00,Санкт-Петербург,developer,studio,0,22.01,3.135928904047274,8.0,11.0,0.7272727272727273,False,False,Московский,Московские ворота,Коллекционный Дом 1919,59.8919464,30.3243918,house,5.219272998900943,0.2270682020503592,True,14306502.0,16.47622474710506,650000.0908677874,13.384729320128546,115,14600000.0,338071.4560122935,232688.51778861112,440766.12903225806,29,7500000.0,309911.3043478261,238601.82370820668,376194.8768864178,16,30457890.5,569999.7957895484,441149.1935483871,668525.0,263,7500000.0,313311.6883116883,243362.9203482637,431942.4283135882
329240469,cian,2026-05-04T21:42:16.586850+00:00,Санкт-Петербург,real_estate_agent,studio,0,26.7,3.3214324131932926,2.0,4.0,0.5,False,False,Петродворцовый,unknown,unknown,59.9146541,29.7730696,house,30.26392814834557,,False,4405000.0,15.298251044367149,164981.2734082397,12.013593313221827,9,5700000.0,171686.7469879518,164981.2734082397,229916.3179916318,4,5032750.0,196417.51748251746,164995.31835205993,228355.35572168417,47,19900000.0,390000.0,255879.99731074355,517735.35515320336,263,7500000.0,313311.6883116883,243362.9203482637,431942.4283135882
321858534,cian,2026-05-04T21:42:16.586850+00:00,Санкт-Петербург,realtor,studio,0,25.55,3.279029747687948,13.0,13.0,1.0,False,True,Приморский,Черная речка,Апарт-комплекс Зум Черная Речка,59.9964839,30.3056113,house,6.453718520993513,1.3334448626177433,True,6550000.0,15.694975760283178,256360.0782778865,12.454342191717473,119,11000000.0,253120.0,213054.45761967503,301644.1421266091,29,6800000.0,287169.04276985745,261506.27615062764,305240.1746724891,19,44200000.0,500658.7615283267,347389.5582329317,945000.0,263,7500000.0,313311.6883116883,243362.9203482637,431942.4283135882
318142404,cian,2026-05-04T21:42:16.586850+00:00,Санкт-Петербург,developer,studio,0,22.9,3.173878458937465,3.0,11.0,0.2727272727272727,False,False,Адмиралтейский,Технологический институт,Измайловский,59.9184426,30.302795,district,2.3282287750595416,0.951474219962192,True,10556442.0,16.172246942378813,460980.0,13.041112106378892,73,19300000.0,451851.85185185185,325510.20408163266,515585.6263228786,21,11745270.0,451851.85185185185,409542.7509293681,610000.0,7,16706808.0,444330.0,188344.02709804592,456840.0,263,7500000.0,313311.6883116883,243362.9203482637,431942.4283135882
329240464,cian,2026-05-04T21:42:16.586850+00:00,Санкт-Петербург,real_estate_agent,studio,0,27.7,3.3568971227655755,1.0,4.0,0.25,True,False,Петродворцовый,unknown,unknown,59.9146541,29.7730696,house,30.26392814834557,,False,4570500.0,15.33513338487043,165000.0,12.013706813470414,9,5700000.0,171686.7469879518,164981.2734082397,229916.3179916318,4,5032750.0,196417.51748251746,164995.31835205993,228355.35572168417,47,19900000.0,390000.0,255879.99731074355,517735.35515320336,263,7500000.0,313311.6883116883,243362.9203482637,431942.4283135882
308885390,cian,2026-05-04T21:42:16.586850+00:00,Санкт-Петербург,developer,studio,0,18.52,2.9714395809849465,13.0,17.0,0.7647058823529411,False,False,Невский,Улица Дыбенко,Апарт-комплекс Зум на Неве,59.9040938,30.4498862,house,8.484472384652422,1.9125226376565383,True,4490003.0,15.317364150586638,242440.76673866092,12.39851682336197,75,8462886.0,214129.9972504812,190613.3732947499,276627.69547325105,23,5650000.0,244285.07395786644,210649.07135874877,285032.51231527096,23,10571122.0,226660.0,199068.28017997573,283016.46808134136,263,7500000.0,313311.6883116883,243362.9203482637,431942.4283135882
328371729,cian,2026-05-04T21:42:16.586850+00:00,Санкт-Петербург,real_estate_agent,studio,0,30.6,3.4531571205928664,3.0,4.0,0.75,False,False,Адмиралтейский,Садовая,unknown,59.935057,30.3262195,house,0.7816449178185942,0.8231177056129456,True,13530402.0,16.42044978536488,442170.0,12.999451964069959,73,19300000.0,451851.85185185185,325510.20408163266,515585.6263228786,21,11745270.0,451851.85185185185,409542.7509293681,610000.0,14,19528670.0,463750.0,387982.5,497500.0,263,7500000.0,313311.6883116883,243362.9203482637,431942.4283135882
329239595,cian,2026-05-04T21:42:16.586850+00:00,Санкт-Петербург,realtor,studio,0,18.0,2.9444389791664403,1.0,6.0,0.1666666666666666,True,False,Петроградский,Чкаловская,unknown,59.9613588,30.2951849,house,2.741085838130536,0.2348727000589239,True,4290000.0,15.271797524004404,238333.33333333334,12.381429728803429,215,74551226.0,688500.0,513014.51612903224,950757.9850893903,22,17782490.5,705800.0,578193.3686917055,768187.5,50,65500613.5,676550.1672240803,551580.3395021516,840090.1701805224,263,7500000.0,313311.6883116883,243362.9203482637,431942.4283135882
314345200,cian,2026-05-04T21:42:16.586850+00:00,Санкт-Петербург,developer,studio,0,24.47,3.237501288991365,3.0,4.0,0.75,False,False,Кронштадтский,unknown,Кронфорт.Центральный,59.999645,29.7499966,street,32.1174157297947,,False,7525014.0,15.833743361952708,307519.98365345324,12.636298603423924,15,12700000.0,289519.9957228401,255879.99731074355,297840.0049140222,3,7715478.0,303519.98426435876,301239.99976285466,305519.983958906,47,19900000.0,390000.0,255879.99731074355,517735.35515320336,263,7500000.0,313311.6883116883,243362.9203482637,431942.4283135882
327702700,cian,2026-05-04T21:42:16.586850+00:00,Санкт-Петербург,real_estate_agent,studio,0,21.5,3.1135153092103742,4.0,4.0,1.0,False,True,Московский,Московские ворота,unknown,59.8894346,30.3153544,house,5.467397738054688,0.3657502553996092,True,7873747.0,15.87904474590967,366220.79069767444,12.810994414361197,115,14600000.0,338071.4560122935,232688.51778861112,440766.12903225806,29,7500000.0,309911.3043478261,238601.82370820668,376194.8768864178,16,30457890.5,569999.7957895484,441149.1935483871,668525.0,263,7500000.0,313311.6883116883,243362.9203482637,431942.4283135882
329240921,cian,2026-05-04T21:42:16.586850+00:00,Санкт-Петербург,real_estate_agent,studio,0,22.7,3.1654750481410856,4.0,5.0,0.8,False,False,Московский,Звездная,Парадный ансамбль,59.75536,30.308332,house,20.377933335546597,9.01042249813819,True,5100000.0,15.444751293772969,224669.60352422908,12.322390624177684,115,14600000.0,338071.4560122935,232688.51778861112,440766.12903225806,29,7500000.0,309911.3043478261,238601.82370820668,376194.8768864178,43,9590757.0,294827.5862068966,224474.7194575878,354639.3791256695,263,7500000.0,313311.6883116883,243362.9203482637,431942.4283135882
328202032,cian,2026-05-04T21:42:16.586850+00:00,Санкт-Петербург,developer,studio,0,29.9,3.4307561839036995,16.0,24.0,0.6666666666666666,False,False,Московский,Московская,Шепилевский,59.849138,30.3330533,house,10.00374684917548,0.6652520961310535,True,17042994.0,16.65124982683175,569999.7993311037,13.253393042145019,115,14600000.0,338071.4560122935,232688.51778861112,440766.12903225806,29,7500000.0,309911.3043478261,238601.82370820668,376194.8768864178,34,19750000.0,368624.6176101299,230362.88470372072,720562.5,263,7500000.0,313311.6883116883,243362.9203482637,431942.4283135882
326701437,cian,2026-05-04T21:42:16.586850+00:00,Санкт-Петербург,real_estate_agent,studio,0,22.7,3.1654750481410856,5.0,5.0,1.0,False,True,Московский,Звездная,Зеленый квартал на Пулковских высотах,59.7644155,30.320422,house,19.37167713457327,7.880393655557598,True,7500000.0,15.830413711839864,330396.4757709251,12.708051680681269,115,14600000.0,338071.4560122935,232688.51778861112,440766.12903225806,29,7500000.0,309911.3043478261,238601.82370820668,376194.8768864178,43,9590757.0,294827.5862068966,224474.7194575878,354639.3791256695,263,7500000.0,313311.6883116883,243362.9203482637,431942.4283135882
328740254,cian,2026-05-04T21:42:16.586850+00:00,Санкт-Петербург,real_estate_agent,studio,0,23.6,3.202746442938317,3.0,4.0,0.75,False,False,Невский,Ломоносовская,unknown,59.8715716,30.4854186,house,12.115905039705408,2.4999001871425874,True,4500000.0,15.319588176962746,190677.9661016949,12.158346487139676,75,8462886.0,214129.9972504812,190613.3732947499,276627.69547325105,23,5650000.0,244285.07395786644,210649.07135874877,285032.51231527096,28,7400000.0,202820.86979581014,183649.6889170094,226678.90459640961,263,7500000.0,313311.6883116883,243362.9203482637,431942.4283135882
327310662,cian,2026-05-04T21:42:16.586850+00:00,Санкт-Петербург,developer,studio,0,24.2,3.226843994517377,3.0,10.0,0.3,False,False,Адмиралтейский,Садовая,Остров первых,59.9229751,30.2775142,street,2.6783220944771378,2.481822067176933,True,15246000.0,16.53982779712133,630000.0,13.353476685668044,73,19300000.0,451851.85185185185,325510.20408163266,515585.6263228786,21,11745270.0,451851.85185185185,409542.7509293681,610000.0,14,19528670.0,463750.0,387982.5,497500.0,263,7500000.0,313311.6883116883,243362.9203482637,431942.4283135882
319262506,cian,2026-05-04T21:42:16.586850+00:00,Санкт-Петербург,real_estate_agent,studio,0,27.0,3.332204510175204,9.0,10.0,0.9,False,False,Адмиралтейский,Балтийская,Апарт-отель Well,59.906791,30.3044152,house,3.5779442518006905,0.2400249911529959,True,12117000.0,16.310120065742336,448777.77777777775,13.014285345481174,73,19300000.0,451851.85185185185,325510.20408163266,515585.6263228786,21,11745270.0,451851.85185185185,409542.7509293681,610000.0,24,19487440.0,489918.4408501023,447802.11723439646,572020.1837657281,263,7500000.0,313311.6883116883,243362.9203482637,431942.4283135882
329443725,cian,2026-05-04T21:42:16.586850+00:00,Санкт-Петербург,real_estate_agent,studio,0,24.0,3.218875824868201,12.0,12.0,1.0,False,True,Красносельский,Юго-Западная,Солнечный город,59.8378093,30.1151037,house,15.774660972342764,6.978595417801381,True,5400000.0,15.501909696719672,225000.0,12.323860125621126,45,8600000.0,223093.96897646284,183937.8238341969,261158.53658536586,13,5500000.0,231092.43697478992,214170.04048582996,271186.4406779661,49,8600000.0,227835.03496503495,191335.74007220217,261158.53658536586,263,7500000.0,313311.6883116883,243362.9203482637,431942.4283135882
326453423,cian,2026-05-04T21:42:16.586850+00:00,Санкт-Петербург,developer,studio,0,24.54,3.2402458506043934,2.0,9.0,0.2222222222222222,False,False,Петроградский,Чкаловская,Avant,59.8824022,29.8401575,house,27.150144598488687,26.60346167684475,True,18329795.0,16.724038490457723,746935.4115729422,13.523735335421922,215,74551226.0,688500.0,513014.51612903224,950757.9850893903,22,17782490.5,705800.0,578193.3686917055,768187.5,50,65500613.5,676550.1672240803,551580.3395021516,840090.1701805224,263,7500000.0,313311.6883116883,243362.9203482637,431942.4283135882
319263563,cian,2026-05-04T21:42:16.586850+00:00,Санкт-Петербург,real_estate_agent,studio,0,26.9,3.32862668882732,10.0,10.0,1.0,False,True,Адмиралтейский,Балтийская,Апарт-отель Well,59.906791,30.3044152,house,3.5779442518006905,0.2400249911529959,True,11016700.0,16.21492295207917,409542.7509293681,12.922799016444644,73,19300000.0,451851.85185185185,325510.20408163266,515585.6263228786,21,11745270.0,451851.85185185185,409542.7509293681,610000.0,24,19487440.0,489918.4408501023,447802.11723439646,572020.1837657281,263,7500000.0,313311.6883116883,243362.9203482637,431942.4283135882
328976266,cian,2026-05-04T21:42:16.586850+00:00,Санкт-Петербург,realtor,studio,0,12.0,2.5649493574615367,4.0,6.0,0.6666666666666666,False,False,Центральный,Площадь Александра Невского,unknown,59.9356247,30.324654,house,0.6745893517438204,3.54497540287798,True,4000000.0,15.201805169084134,333333.3333333333,12.716901269291665,121,33000000.0,472702.7027027027,281949.93412384717,660000.0,14,7225000.0,371146.2450592885,349434.6733668342,631163.7931034482,35,35693422.0,625000.0,555289.7769297812,706503.2363162467,263,7500000.0,313311.6883116883,243362.9203482637,431942.4283135882
318140375,cian,2026-05-04T21:42:16.586850+00:00,Санкт-Петербург,developer,studio,0,24.1,3.2228678461377385,8.0,9.0,0.8888888888888888,False,False,Петроградский,Крестовский остров,NEVA HAUS,59.9606929,30.2676571,house,3.566874646441068,1.2418928544852768,True,17149560.0,16.657483133580957,711600.0,13.475272640056698,215,74551226.0,688500.0,513014.51612903224,950757.9850893903,22,17782490.5,705800.0,578193.3686917055,768187.5,69,105000000.0,775889.9676375405,607500.0,1050000.0,263,7500000.0,313311.6883116883,243362.9203482637,431942.4283135882
319263050,cian,2026-05-04T21:42:16.586850+00:00,Санкт-Петербург,real_estate_agent,studio,0,26.8,3.3250360206965914,10.0,10.0,1.0,False,True,Адмиралтейский,Балтийская,Апарт-отель Well,59.906791,30.3044152,house,3.5779442518006905,0.2400249911529959,True,10967500.0,16.210447003200983,409235.0746268657,12.922047468086024,73,19300000.0,451851.85185185185,325510.20408163266,515585.6263228786,21,11745270.0,451851.85185185185,409542.7509293681,610000.0,24,19487440.0,489918.4408501023,447802.11723439646,572020.1837657281,263,7500000.0,313311.6883116883,243362.9203482637,431942.4283135882
328473298,cian,2026-05-04T21:42:16.586850+00:00,Санкт-Петербург,developer,studio,0,28.6,3.387774361330014,1.0,3.0,0.3333333333333333,True,False,Петродворцовый,Юго-Западная,Верен Вилладж Стрельна,59.7794531,30.1335775,house,20.36549649768291,10.49604955144438,True,6516082.0,15.689783986498943,227835.03496503495,12.336381504337654,9,5700000.0,171686.7469879518,164981.2734082397,229916.3179916318,4,5032750.0,196417.51748251746,164995.31835205993,228355.35572168417,49,8600000.0,227835.03496503495,191335.74007220217,261158.53658536586,263,7500000.0,313311.6883116883,243362.9203482637,431942.4283135882
323563115,cian,2026-05-04T21:42:16.586850+00:00,Санкт-Петербург,developer,studio,0,21.45,3.1112906141882632,11.0,17.0,0.6470588235294118,False,False,Василеостровский,Приморская,Новая Земля ЖК,59.9592183,30.2196308,street,5.738265656122821,1.351573980586542,True,7756748.0,15.86407386107917,361619.9533799534,12.798351852115456,165,23000000.0,425718.0832915203,357142.85714285716,499334.2210386152,33,12078600.0,434000.0,364928.9099526066,501691.8205804749,73,22280000.0,414540.0,355671.14093959733,468620.6724137931,263,7500000.0,313311.6883116883,243362.9203482637,431942.4283135882
319260822,cian,2026-05-04T21:42:16.586850+00:00,Санкт-Петербург,real_estate_agent,studio,0,20.2,3.054001181677967,9.0,10.0,0.9,False,False,Адмиралтейский,Балтийская,Апарт-отель Well,59.906791,30.3044152,house,3.5779442518006905,0.2400249911529959,True,10774000.0,16.19264647503865,533366.3366336634,13.18696565269768,73,19300000.0,451851.85185185185,325510.20408163266,515585.6263228786,21,11745270.0,451851.85185185185,409542.7509293681,610000.0,24,19487440.0,489918.4408501023,447802.11723439646,572020.1837657281,263,7500000.0,313311.6883116883,243362.9203482637,431942.4283135882
327921686,cian,2026-05-04T21:42:16.586850+00:00,Санкт-Петербург,realtor,studio,0,20.4,3.0633909220278057,5.0,26.0,0.1923076923076923,False,False,Красногвардейский,Девяткино,Цветной Город,60.0033963,30.4790724,house,11.669899474114914,5.541386859410381,True,4250000.0,15.26242977619469,208333.33333333334,12.24689944003891,65,10300000.0,250000.0,202169.11764705883,415701.00840336137,18,4628808.0,218340.0,207986.11111111112,280442.8044280443,15,4537224.0,207870.37037037036,195758.49544753472,213107.56097560975,263,7500000.0,313311.6883116883,243362.9203482637,431942.4283135882
318139755,cian,2026-05-04T21:42:16.586850+00:00,Санкт-Петербург,developer,studio,0,20.54,3.069911671728242,2.0,18.0,0.1111111111111111,False,False,Невский,Улица Дыбенко,Цивилизация на Неве,59.8707938,30.4660326,district,11.340717509043232,4.155616072935183,True,6880489.0,15.74420042830367,334979.99026290164,12.721829063713242,75,8462886.0,214129.9972504812,190613.3732947499,276627.69547325105,23,5650000.0,244285.07395786644,210649.07135874877,285032.51231527096,23,10571122.0,226660.0,199068.28017997573,283016.46808134136,263,7500000.0,313311.6883116883,243362.9203482637,431942.4283135882
319261668,cian,2026-05-04T21:42:16.586850+00:00,Санкт-Петербург,real_estate_agent,studio,0,20.2,3.054001181677967,9.0,10.0,0.9,False,False,Адмиралтейский,Балтийская,Апарт-отель Well,59.906791,30.3044152,house,3.5779442518006905,0.2400249911529959,True,9912700.0,16.109327422147146,490727.72277227725,13.103646754647134,73,19300000.0,451851.85185185185,325510.20408163266,515585.6263228786,21,11745270.0,451851.85185185185,409542.7509293681,610000.0,24,19487440.0,489918.4408501023,447802.11723439646,572020.1837657281,263,7500000.0,313311.6883116883,243362.9203482637,431942.4283135882
328860581,cian,2026-05-04T21:42:16.586850+00:00,Санкт-Петербург,real_estate_agent,studio,0,20.3,3.05870707271538,12.0,16.0,0.75,False,False,Невский,Ломоносовская,О Юность,59.8914946,30.4504545,house,9.230495232134258,1.5846267286964189,True,5799000.0,15.573196219302089,285665.02463054186,12.562578661408262,75,8462886.0,214129.9972504812,190613.3732947499,276627.69547325105,23,5650000.0,244285.07395786644,210649.07135874877,285032.51231527096,28,7400000.0,202820.86979581014,183649.6889170094,226678.90459640961,263,7500000.0,313311.6883116883,243362.9203482637,431942.4283135882
294911253,cian,2026-05-04T21:42:16.586850+00:00,Санкт-Петербург,developer,studio,0,21.61,3.1183922862898785,3.0,12.0,0.25,False,False,Приморский,Комендантский проспект,YE'S Primorsky Комплекс Апартаментов,60.0078982,30.2392157,house,8.760042191878592,0.9946573259478476,True,6980030.0,15.758563915989438,323000.0,12.685410698175234,119,11000000.0,253120.0,213054.45761967503,301644.1421266091,29,6800000.0,287169.04276985745,261506.27615062764,305240.1746724891,62,11400000.0,258025.86534804112,212350.63966555786,313750.0,263,7500000.0,313311.6883116883,243362.9203482637,431942.4283135882
327702706,cian,2026-05-04T21:42:16.586850+00:00,Санкт-Петербург,real_estate_agent,studio,0,35.8,3.605497845174885,4.0,4.0,1.0,False,True,Московский,Московские ворота,unknown,59.8894346,30.3153544,house,5.467397738054688,0.3657502553996092,True,13707876.0,16.433481189073817,382901.5642458101,12.855535834350274,115,14600000.0,338071.4560122935,232688.51778861112,440766.12903225806,29,7500000.0,309911.3043478261,238601.82370820668,376194.8768864178,16,30457890.5,569999.7957895484,441149.1935483871,668525.0,263,7500000.0,313311.6883116883,243362.9203482637,431942.4283135882
327163414,cian,2026-05-04T21:42:16.586850+00:00,Санкт-Петербург,homeowner,studio,0,24.2,3.226843994517377,2.0,12.0,0.1666666666666666,False,False,Московский,Бухарестская,Статус у Парка Победы,59.8731806,30.3481799,house,7.518391969244928,1.614389249785774,True,8400000.0,15.943742382861156,347107.43801652896,12.757392511599132,115,14600000.0,338071.4560122935,232688.51778861112,440766.12903225806,29,7500000.0,309911.3043478261,238601.82370820668,376194.8768864178,3,6990000.0,301293.1034482759,263249.0107405314,324200.27073240245,263,7500000.0,313311.6883116883,243362.9203482637,431942.4283135882
326019653,cian,2026-05-04T21:42:16.586850+00:00,Санкт-Петербург,developer,studio,0,23.2,3.186352633162641,3.0,12.0,0.25,False,False,Фрунзенский,Обводный канал,Витебский Парк ЖК,59.8661908,30.3921989,district,9.15383191638589,5.859998080474566,True,8798692.0,15.99011374569057,379253.9655172414,12.845963990117133,36,11675000.0,275360.4958677686,194624.98710409575,392205.28341254056,9,6990000.0,284420.28985507245,254307.1161048689,379253.9655172414,20,17343499.5,385522.5051466804,295973.35138216015,426557.9919079805,263,7500000.0,313311.6883116883,243362.9203482637,431942.4283135882
324316995,cian,2026-05-04T21:42:16.586850+00:00,Санкт-Петербург,real_estate_agent,studio,0,25.28,3.26880819361641,4.0,6.0,0.6666666666666666,False,False,Петроградский,Петроградская,ID Petrogradskaya,59.9713337,30.3225337,house,3.669985783913428,0.8382388978562751,True,15699999.0,16.569171270318538,621044.2642405063,13.3391592475355,215,74551226.0,688500.0,513014.51612903224,950757.9850893903,22,17782490.5,705800.0,578193.3686917055,768187.5,37,50900000.0,459966.6388657214,414269.2750287687,650000.0,263,7500000.0,313311.6883116883,243362.9203482637,431942.4283135882
327778271,cian,2026-05-04T21:42:16.586850+00:00,Санкт-Петербург,realtor,studio,0,26.1,3.299533727885655,2.0,6.0,0.3333333333333333,False,False,Московский,Звездная,Зеленый квартал на Пулковских высотах,59.7622055,30.3230548,house,19.62057535138597,8.095728537591668,True,5500000.0,15.520258832020865,210727.96934865898,12.258328081317337,115,14600000.0,338071.4560122935,232688.51778861112,440766.12903225806,29,7500000.0,309911.3043478261,238601.82370820668,376194.8768864178,43,9590757.0,294827.5862068966,224474.7194575878,354639.3791256695,263,7500000.0,313311.6883116883,243362.9203482637,431942.4283135882
328020578,cian,2026-05-04T21:42:16.586850+00:00,Санкт-Петербург,developer,studio,0,28.85,3.396184839838611,2.0,10.0,0.2,False,False,Василеостровский,Горный институт,Легенда Васильевского ЖК,59.8637294,30.258942,house,8.875259754562878,7.658531360896451,True,16638372.0,16.6272222121346,576720.0,13.265113893020638,165,23000000.0,425718.0832915203,357142.85714285716,499334.2210386152,33,12078600.0,434000.0,364928.9099526066,501691.8205804749,49,24258479.0,491000.0,424440.0,576720.0,263,7500000.0,313311.6883116883,243362.9203482637,431942.4283135882
329605542,cian,2026-05-04T21:42:16.586850+00:00,Санкт-Петербург,real_estate_agent,studio,0,25.0,3.258096538021482,14.0,15.0,0.9333333333333332,False,False,Фрунзенский,Проспект Славы,unknown,59.8680136,30.4038027,house,9.30713599189526,1.472754591230746,True,6800000.0,15.732433317205148,272000.0,12.513561021741964,36,11675000.0,275360.4958677686,194624.98710409575,392205.28341254056,9,6990000.0,284420.28985507245,254307.1161048689,379253.9655172414,6,9350000.0,243361.1025403682,197474.2020638349,267095.2380952381,263,7500000.0,313311.6883116883,243362.9203482637,431942.4283135882
325800814,cian,2026-05-04T21:42:16.586850+00:00,Санкт-Петербург,developer,studio,0,21.2,3.100092288878234,7.0,25.0,0.28,False,False,Невский,Ломоносовская,Октябрьская набережная ЖК,59.8793391,30.4543894,street,10.227065272730478,0.6900689184540432,True,6029280.0,15.61213832444646,284400.0,12.558140493079444,75,8462886.0,214129.9972504812,190613.3732947499,276627.69547325105,23,5650000.0,244285.07395786644,210649.07135874877,285032.51231527096,28,7400000.0,202820.86979581014,183649.6889170094,226678.90459640961,263,7500000.0,313311.6883116883,243362.9203482637,431942.4283135882
329080725,cian,2026-05-04T21:42:16.586850+00:00,Санкт-Петербург,real_estate_agent,studio,0,24.3,3.2308043957334744,3.0,16.0,0.1875,False,False,Невский,Проспект Большевиков,unknown,59.9234619,30.4531976,house,7.930306038730308,0.9833868384020344,True,6800000.0,15.732433317205148,279835.39094650204,12.541960393322858,75,8462886.0,214129.9972504812,190613.3732947499,276627.69547325105,23,5650000.0,244285.07395786644,210649.07135874877,285032.51231527096,13,11950000.0,215652.1739130435,184986.59517426274,279835.39094650204,263,7500000.0,313311.6883116883,243362.9203482637,431942.4283135882
322101302,cian,2026-05-04T21:42:16.586850+00:00,Санкт-Петербург,real_estate_agent,studio,0,20.5,3.068052935133617,15.0,23.0,0.6521739130434783,False,False,Красногвардейский,Гражданский проспект,Цветной Город,60.017015,30.4780387,house,12.618015704907773,3.860987237735751,True,4200000.0,15.250595321348806,204878.0487804878,12.230175078049703,65,10300000.0,250000.0,202169.11764705883,415701.00840336137,18,4628808.0,218340.0,207986.11111111112,280442.8044280443,10,9750000.0,198592.87054409005,177648.37891751586,215814.54222778996,263,7500000.0,313311.6883116883,243362.9203482637,431942.4283135882
326828785,cian,2026-05-04T21:42:16.586850+00:00,Санкт-Петербург,developer,studio,0,30.63,3.4541060373175574,10.0,17.0,0.5882352941176471,False,False,Василеостровский,Приморская,Северный Ветер ЖК,59.9592183,30.2196308,street,5.738265656122821,1.351573980586542,True,12410000.0,16.334013237760963,405158.34149526607,12.91203570450389,165,23000000.0,425718.0832915203,357142.85714285716,499334.2210386152,33,12078600.0,434000.0,364928.9099526066,501691.8205804749,73,22280000.0,414540.0,355671.14093959733,468620.6724137931,263,7500000.0,313311.6883116883,243362.9203482637,431942.4283135882
324660164,cian,2026-05-04T21:42:16.586850+00:00,Санкт-Петербург,realtor,studio,0,20.5,3.068052935133617,2.0,4.0,0.5,False,False,Петроградский,Чкаловская,unknown,59.976232,30.3005236,house,4.252198958767121,1.7719215561023829,True,8995000.0,16.012179536539637,438780.48780487804,12.991756818263724,215,74551226.0,688500.0,513014.51612903224,950757.9850893903,22,17782490.5,705800.0,578193.3686917055,768187.5,50,65500613.5,676550.1672240803,551580.3395021516,840090.1701805224,263,7500000.0,313311.6883116883,243362.9203482637,431942.4283135882
328605299,cian,2026-05-04T21:42:16.586850+00:00,Санкт-Петербург,real_estate_agent,studio,0,25.7,3.284663565406204,5.0,10.0,0.5,False,False,Пушкинский,Шушары,Добрыня,59.7318379,30.4244923,district,23.803942467635743,9.79174892916413,True,4300000.0,15.274125813221904,167315.17509727628,12.027640565488943,43,7166266.0,202797.2027972028,163053.72914003386,232898.85297184568,11,5790000.0,213586.68871434475,205653.92054753756,241282.6302115551,18,7450000.0,145612.922705314,128822.01343198246,164048.5800516345,263,7500000.0,313311.6883116883,243362.9203482637,431942.4283135882
323387562,cian,2026-05-04T21:42:16.586850+00:00,Санкт-Петербург,developer,studio,0,29.88,3.4301087251565754,2.0,10.0,0.2,False,False,Василеостровский,Василеостровская,17 линия ЖК,59.9392754,30.2438761,district,3.9122015596226105,2.100112668540487,True,12053840.0,16.304893922296017,403408.2998661312,12.907706957945319,165,23000000.0,425718.0832915203,357142.85714285716,499334.2210386152,33,12078600.0,434000.0,364928.9099526066,501691.8205804749,43,27900960.0,403090.15256588074,244769.5453830423,459065.00739980966,263,7500000.0,313311.6883116883,243362.9203482637,431942.4283135882
327413114,cian,2026-05-04T21:42:16.586850+00:00,Санкт-Петербург,real_estate_agent,studio,0,25.5,3.277144732992177,12.0,15.0,0.8,False,False,Невский,Улица Дыбенко,WINGS апартаменты на Крыленко,59.8957828,30.4654842,house,9.68821852747845,1.616183173972104,True,5200000.0,15.46416937585933,203921.568627451,12.225495635221405,75,8462886.0,214129.9972504812,190613.3732947499,276627.69547325105,23,5650000.0,244285.07395786644,210649.07135874877,285032.51231527096,23,10571122.0,226660.0,199068.28017997573,283016.46808134136,263,7500000.0,313311.6883116883,243362.9203482637,431942.4283135882
328986722,cian,2026-05-04T21:42:16.586850+00:00,Санкт-Петербург,real_estate_agent,studio,0,15.0,2.772588722239781,2.0,5.0,0.4,False,False,Центральный,Маяковская,unknown,59.9337304,30.3475036,house,1.9379245159228395,0.4746245863245599,True,5500000.0,15.520258832020865,366666.6666666667,12.812211176369498,121,33000000.0,472702.7027027027,281949.93412384717,660000.0,14,7225000.0,371146.2450592885,349434.6733668342,631163.7931034482,4,28150000.0,316705.0778373516,267055.442506632,355261.8328298087,263,7500000.0,313311.6883116883,243362.9203482637,431942.4283135882
323508679,cian,2026-05-04T21:42:16.586850+00:00,Санкт-Петербург,developer,studio,0,21.04,3.092858984284714,4.0,23.0,0.1739130434782608,False,False,Красносельский,Юго-Западная,Морская миля ЖК,59.7817643,30.1211838,district,20.49741872906136,10.665474033915457,True,7199467.0,15.789517692367475,342179.9904942966,12.7430950880331,45,8600000.0,223093.96897646284,183937.8238341969,261158.53658536586,13,5500000.0,231092.43697478992,214170.04048582996,271186.4406779661,49,8600000.0,227835.03496503495,191335.74007220217,261158.53658536586,263,7500000.0,313311.6883116883,243362.9203482637,431942.4283135882
329215477,cian,2026-05-04T21:42:16.586850+00:00,Санкт-Петербург,real_estate_agent,studio,0,22.5,3.157000421150113,13.0,29.0,0.4482758620689655,False,False,Выборгский,Парнас,Северная долина,60.079843,30.3519079,house,15.845491410527623,1.644934616941515,True,6800000.0,15.732433317205148,302222.22222222225,12.618921169754016,68,11500000.0,242464.8327306462,201785.625,296143.7908496732,11,6800000.0,268817.2043010753,248702.55794625543,307766.9552669553,14,7850000.0,225945.53060701783,203626.49866103235,261172.79510923312,263,7500000.0,313311.6883116883,243362.9203482637,431942.4283135882
326439665,cian,2026-05-04T21:42:16.586850+00:00,Санкт-Петербург,real_estate_agent,studio,0,24.4,3.2347491740244907,10.0,22.0,0.4545454545454545,False,False,Красногвардейский,Ладожская,ЗимаЛето,59.9380163,30.4400841,house,7.017763901625119,0.6135367626621989,True,8200000.0,15.919644834185693,336065.5737704918,12.725064555540655,65,10300000.0,250000.0,202169.11764705883,415701.00840336137,18,4628808.0,218340.0,207986.11111111112,280442.8044280443,16,8100000.0,244458.12807881774,189389.65874986106,325733.2609125025,263,7500000.0,313311.6883116883,243362.9203482637,431942.4283135882
309824156,cian,2026-05-04T21:42:16.586850+00:00,Санкт-Петербург,developer,studio,0,22.6,3.1612467120315646,8.0,12.0,0.6666666666666666,False,False,Курортный,unknown,МФК Морская ривьера,59.998243,30.0984747,house,13.71041802599338,,False,13204050.0,16.39603423441368,584250.0,13.278085963995704,49,24506160.0,428400.0,344027.3037542662,554200.0,8,11752025.0,421699.87298899237,381216.3028315047,592198.5132382892,47,19900000.0,390000.0,255879.99731074355,517735.35515320336,263,7500000.0,313311.6883116883,243362.9203482637,431942.4283135882
328729339,cian,2026-05-04T21:42:16.586850+00:00,Санкт-Петербург,real_estate_agent,studio,0,22.0,3.1354942159291497,2.0,15.0,0.1333333333333333,False,False,Красногвардейский,Ладожская,Апарт-отель GloraX Заневский,59.9320205,30.4344257,house,6.742698725431405,0.3826367805350772,True,6890000.0,15.745581788127712,313181.8181818182,12.654542382659809,65,10300000.0,250000.0,202169.11764705883,415701.00840336137,18,4628808.0,218340.0,207986.11111111112,280442.8044280443,16,8100000.0,244458.12807881774,189389.65874986106,325733.2609125025,263,7500000.0,313311.6883116883,243362.9203482637,431942.4283135882
316297085,cian,2026-05-04T21:42:16.586850+00:00,Санкт-Петербург,realtor,studio,0,22.07,3.138533072185662,9.0,19.0,0.4736842105263157,False,False,Калининский,Выборгская,Мастер Плэйс ЖК,59.9327565,30.2728798,street,2.3863606059545583,6.086223287530103,True,7500000.0,15.830413711839864,339827.82057091076,12.736197300900232,53,10624445.0,291095.8904109589,210032.36245954694,359100.0,12,9445057.0,371315.1925461211,326586.5384615385,393625.0,11,28000000.0,447906.52385589096,309612.72306890716,480500.0,263,7500000.0,313311.6883116883,243362.9203482637,431942.4283135882
326074488,cian,2026-05-04T21:42:16.586850+00:00,Санкт-Петербург,developer,studio,0,21.01,3.0914968955383704,3.0,10.0,0.3,False,False,Центральный,Площадь Александра Невского,Гильдия,59.9368984,30.3844576,house,3.9236329938891537,1.4082635969830763,True,14601950.0,16.49666570788784,695000.0,13.451668563394815,121,33000000.0,472702.7027027027,281949.93412384717,660000.0,14,7225000.0,371146.2450592885,349434.6733668342,631163.7931034482,35,35693422.0,625000.0,555289.7769297812,706503.2363162467,263,7500000.0,313311.6883116883,243362.9203482637,431942.4283135882
329562364,cian,2026-05-04T21:42:16.586850+00:00,Санкт-Петербург,real_estate_agent,studio,0,26.2,3.3032169733019514,19.0,19.0,1.0,False,True,Василеостровский,Приморская,unknown,59.9370807,30.2036073,house,6.156979593640308,1.9609955607078025,True,6650000.0,15.710127563007966,253816.79389312977,12.444371941706848,165,23000000.0,425718.0832915203,357142.85714285716,499334.2210386152,33,12078600.0,434000.0,364928.9099526066,501691.8205804749,73,22280000.0,414540.0,355671.14093959733,468620.6724137931,263,7500000.0,313311.6883116883,243362.9203482637,431942.4283135882
328410892,cian,2026-05-04T21:42:16.586850+00:00,Санкт-Петербург,real_estate_agent,studio,0,23.9,3.214867803470662,16.0,24.0,0.6666666666666666,False,False,Невский,Пролетарская,Аквилон SKY,59.8657808,30.5161303,house,13.873597867705245,2.589735263048337,True,5400000.0,15.501909696719672,225941.42259414226,12.328035478513168,75,8462886.0,214129.9972504812,190613.3732947499,276627.69547325105,23,5650000.0,244285.07395786644,210649.07135874877,285032.51231527096,4,6675000.0,237295.03562139545,213041.59326139616,267875.3753753754,263,7500000.0,313311.6883116883,243362.9203482637,431942.4283135882
329294182,cian,2026-05-04T21:42:16.586850+00:00,Санкт-Петербург,real_estate_agent,studio,0,29.7,3.4242626545931514,3.0,8.0,0.375,False,False,Адмиралтейский,Балтийская,Панорама 360,59.9053833,30.2915038,house,3.9022957576299766,0.4971497876117178,True,9699000.0,16.087533448479086,326565.6565656566,12.696389361733695,73,19300000.0,451851.85185185185,325510.20408163266,515585.6263228786,21,11745270.0,451851.85185185185,409542.7509293681,610000.0,24,19487440.0,489918.4408501023,447802.11723439646,572020.1837657281,263,7500000.0,313311.6883116883,243362.9203482637,431942.4283135882
325211934,cian,2026-05-04T21:42:16.586850+00:00,Санкт-Петербург,developer,studio,0,26.7,3.3214324131932926,3.0,23.0,0.1304347826086956,False,False,Приморский,Беговая,Юнтолово,60.0293492,30.1331108,house,14.254065861303411,6.005746248485291,True,7030627.0,15.765786591233732,263319.36329588015,12.481126681255326,119,11000000.0,253120.0,213054.45761967503,301644.1421266091,29,6800000.0,287169.04276985745,261506.27615062764,305240.1746724891,29,9802294.0,240710.82390953152,210180.94089264172,306436.1191162344,263,7500000.0,313311.6883116883,243362.9203482637,431942.4283135882
328311941,cian,2026-05-04T21:42:16.586850+00:00,Санкт-Петербург,real_estate_agent,studio,0,26.8,3.3250360206965914,11.0,13.0,0.8461538461538461,False,False,Фрунзенский,Обводный канал,Автограф в центре,59.9039022,30.3486123,house,4.311058951766285,1.1838154983922855,True,10500000.0,16.166885910365842,391791.0447761194,12.878486479988636,36,11675000.0,275360.4958677686,194624.98710409575,392205.28341254056,9,6990000.0,284420.28985507245,254307.1161048689,379253.9655172414,20,17343499.5,385522.5051466804,295973.35138216015,426557.9919079805,263,7500000.0,313311.6883116883,243362.9203482637,431942.4283135882
328767823,cian,2026-05-04T21:42:16.586850+00:00,Санкт-Петербург,real_estate_agent,studio,0,26.5,3.3141860046725258,14.0,25.0,0.56,False,False,Выборгский,Парнас,На Заречной,60.070705,30.3110074,house,14.690432043866792,1.4395436836156037,True,5500000.0,15.520258832020865,207547.16981132075,12.243118735380733,68,11500000.0,242464.8327306462,201785.625,296143.7908496732,11,6800000.0,268817.2043010753,248702.55794625543,307766.9552669553,14,7850000.0,225945.53060701783,203626.49866103235,261172.79510923312,263,7500000.0,313311.6883116883,243362.9203482637,431942.4283135882
322977866,cian,2026-05-04T21:42:16.586850+00:00,Санкт-Петербург,developer,studio,0,22.7,3.1654750481410856,3.0,12.0,0.25,False,False,Красногвардейский,Новочеркасская,Большая Охта,59.9428726,30.4216421,house,6.008596021197179,1.7065343832385491,True,7677594.0,15.853816905040162,338220.0,12.731454806954735,65,10300000.0,250000.0,202169.11764705883,415701.00840336137,18,4628808.0,218340.0,207986.11111111112,280442.8044280443,28,25104484.5,444642.74811083125,355837.5,512076.8111093196,263,7500000.0,313311.6883116883,243362.9203482637,431942.4283135882
325222172,cian,2026-05-04T21:42:16.586850+00:00,Санкт-Петербург,real_estate_agent,studio,0,25.0,3.258096538021482,7.0,17.0,0.4117647058823529,False,False,Калининский,Лесная,Медалист,59.9807205,30.3750609,house,5.78370572338446,1.78458225085654,True,8250000.0,15.925723879522977,330000.0,12.706850963741102,53,10624445.0,291095.8904109589,210032.36245954694,359100.0,12,9445057.0,371315.1925461211,326586.5384615385,393625.0,37,13355877.0,359100.0,250000.0,393258.42696629214,263,7500000.0,313311.6883116883,243362.9203482637,431942.4283135882
322750595,cian,2026-05-04T21:42:16.586850+00:00,Санкт-Петербург,real_estate_agent,studio,0,25.39,3.2729851505152325,3.0,8.0,0.375,False,False,Петроградский,Спортивная,17/33 Петровский остров,59.9584536,30.2693359,street,3.329696422532838,1.4795804670455333,True,11900000.0,16.29204904211537,468688.46002363134,13.05769569597634,215,74551226.0,688500.0,513014.51612903224,950757.9850893903,22,17782490.5,705800.0,578193.3686917055,768187.5,44,38450000.0,636691.4335664336,466248.48787486635,964962.5076891531,263,7500000.0,313311.6883116883,243362.9203482637,431942.4283135882
318134995,cian,2026-05-04T21:42:16.586850+00:00,Санкт-Петербург,developer,studio,0,27.3,3.342861804649192,8.0,8.0,1.0,False,True,Петроградский,Спортивная,NEVA RESIDENCE,59.9581113,30.2677113,house,3.373353959702625,1.5414762901508554,True,21070140.0,16.863367477737096,771800.0,13.55648202375727,215,74551226.0,688500.0,513014.51612903224,950757.9850893903,22,17782490.5,705800.0,578193.3686917055,768187.5,44,38450000.0,636691.4335664336,466248.48787486635,964962.5076891531,263,7500000.0,313311.6883116883,243362.9203482637,431942.4283135882
321061063,cian,2026-05-04T21:42:16.586850+00:00,Санкт-Петербург,real_estate_agent,studio,0,18.5,2.970414465569701,1.0,5.0,0.2,True,False,Невский,Пролетарская,unknown,59.8644199,30.4687177,house,11.932096844964724,0.073944355355468,True,4600000.0,15.341567078850604,248648.64864864864,12.423800151106088,75,8462886.0,214129.9972504812,190613.3732947499,276627.69547325105,23,5650000.0,244285.07395786644,210649.07135874877,285032.51231527096,4,6675000.0,237295.03562139545,213041.59326139616,267875.3753753754,263,7500000.0,313311.6883116883,243362.9203482637,431942.4283135882
326270072,cian,2026-05-04T21:42:16.586850+00:00,Санкт-Петербург,developer,studio,0,21.1,3.095577608523707,6.0,9.0,0.6666666666666666,False,False,Адмиралтейский,Балтийская,Лермонтовский 54,59.9102168,30.3018821,house,3.2286731735675103,0.4304952981660762,True,14101130.0,16.461765564897483,668300.0,13.412493949832024,73,19300000.0,451851.85185185185,325510.20408163266,515585.6263228786,21,11745270.0,451851.85185185185,409542.7509293681,610000.0,24,19487440.0,489918.4408501023,447802.11723439646,572020.1837657281,263,7500000.0,313311.6883116883,243362.9203482637,431942.4283135882
328686472,cian,2026-05-04T21:42:16.586850+00:00,Санкт-Петербург,real_estate_agent,studio,0,25.3,3.269568939183719,18.0,20.0,0.9,False,False,Приморский,Комендантский проспект,unknown,60.041961,30.2237085,house,12.544533358023353,4.284182089998446,True,6099888.0,15.623781132256664,241102.29249011856,12.392980720194304,119,11000000.0,253120.0,213054.45761967503,301644.1421266091,29,6800000.0,287169.04276985745,261506.27615062764,305240.1746724891,62,11400000.0,258025.86534804112,212350.63966555786,313750.0,263,7500000.0,313311.6883116883,243362.9203482637,431942.4283135882
327127250,cian,2026-05-04T21:42:16.586850+00:00,Санкт-Петербург,homeowner,studio,0,30.3,3.4436180975461075,12.0,17.0,0.7058823529411765,False,False,Колпинский,Рыбацкое,unknown,59.8123753,30.5691391,house,19.98927351569175,4.368367195276377,True,5700000.0,15.55597690824336,188118.81188118813,12.1448343360648,11,7500000.0,146086.95652173914,130873.39590877327,169611.3344988345,1,5700000.0,188118.81188118813,188118.81188118813,188118.81188118813,12,6575000.0,189494.43052436158,165480.64611444896,210909.0909090909,263,7500000.0,313311.6883116883,243362.9203482637,431942.4283135882
327202113,cian,2026-05-04T21:42:16.586850+00:00,Санкт-Петербург,developer,studio,0,21.37,3.107720775502038,4.0,17.0,0.2352941176470588,False,False,Василеостровский,Приморская,Бульвар Грина,59.9592183,30.2196308,street,5.738265656122821,1.351573980586542,True,9274580.0,16.042787990235187,434000.0,12.980802117227352,165,23000000.0,425718.0832915203,357142.85714285716,499334.2210386152,33,12078600.0,434000.0,364928.9099526066,501691.8205804749,73,22280000.0,414540.0,355671.14093959733,468620.6724137931,263,7500000.0,313311.6883116883,243362.9203482637,431942.4283135882
326584691,cian,2026-05-04T21:42:16.586850+00:00,Санкт-Петербург,real_estate_agent,studio,0,32.7,3.517497837358316,6.0,13.0,0.4615384615384615,False,False,Невский,Ломоносовская,Апарт-отель Начало,59.879154,30.4196595,house,8.85023930942466,1.2771579562497333,True,5980000.0,15.60393129315088,182874.61773700305,12.11656151623608,75,8462886.0,214129.9972504812,190613.3732947499,276627.69547325105,23,5650000.0,244285.07395786644,210649.07135874877,285032.51231527096,28,7400000.0,202820.86979581014,183649.6889170094,226678.90459640961,263,7500000.0,313311.6883116883,243362.9203482637,431942.4283135882
328804225,cian,2026-05-04T21:42:16.586850+00:00,Санкт-Петербург,real_estate_agent,studio,0,25.5,3.277144732992177,13.0,22.0,0.5909090909090909,False,False,Приморский,Старая Деревня,Богатырь 3,59.9948255,30.2751034,house,6.617981095072009,1.2671720201276435,True,7790000.0,15.868351546216628,305490.1960784314,12.629676239104665,119,11000000.0,253120.0,213054.45761967503,301644.1421266091,29,6800000.0,287169.04276985745,261506.27615062764,305240.1746724891,10,12849999.5,239117.1153240119,215743.79752066117,283249.985,263,7500000.0,313311.6883116883,243362.9203482637,431942.4283135882
329649871,cian,2026-05-04T21:42:16.586850+00:00,Санкт-Петербург,real_estate_agent,studio,0,26.24,3.3046864812813115,2.0,20.0,0.1,False,False,Красносельский,Юго-Западная,Огни Залива,59.8625229,30.1548626,house,12.264267661833848,4.324710184924439,True,9000000.0,16.012735246411598,342987.8048780488,12.74545308677591,45,8600000.0,223093.96897646284,183937.8238341969,261158.53658536586,13,5500000.0,231092.43697478992,214170.04048582996,271186.4406779661,49,8600000.0,227835.03496503495,191335.74007220217,261158.53658536586,263,7500000.0,313311.6883116883,243362.9203482637,431942.4283135882
327429505,cian,2026-05-04T21:42:16.586850+00:00,Санкт-Петербург,real_estate_agent,studio,0,27.5,3.349904087274605,8.0,21.0,0.3809523809523809,False,False,Невский,Рыбацкое,Невские паруса,59.8267579,30.5563735,house,18.36803864886292,3.179813256631492,True,5790000.0,15.571643022260735,210545.45454545456,12.257461594433595,75,8462886.0,214129.9972504812,190613.3732947499,276627.69547325105,23,5650000.0,244285.07395786644,210649.07135874877,285032.51231527096,12,6575000.0,189494.43052436158,165480.64611444896,210909.0909090909,263,7500000.0,313311.6883116883,243362.9203482637,431942.4283135882
327685875,cian,2026-05-04T21:42:16.586850+00:00,Санкт-Петербург,realtor,studio,0,19.01,2.996232148595642,9.0,25.0,0.36,False,False,Красногвардейский,Девяткино,Цветной Город,59.9999134,30.4822434,house,11.577386410665843,5.966323682046777,True,3950000.0,15.18922639004183,207785.3761178327,12.244265793023613,65,10300000.0,250000.0,202169.11764705883,415701.00840336137,18,4628808.0,218340.0,207986.11111111112,280442.8044280443,15,4537224.0,207870.37037037036,195758.49544753472,213107.56097560975,263,7500000.0,313311.6883116883,243362.9203482637,431942.4283135882
327097373,cian,2026-05-04T21:42:16.586850+00:00,Санкт-Петербург,developer,studio,0,24.81,3.2507620137305224,3.0,20.0,0.15,False,False,Василеостровский,Приморская,Башни Элемент,59.9407329,30.193978,house,6.694866063092209,2.211622373519493,True,11556920.0,16.262795036250214,465817.0092704555,13.051550298781706,165,23000000.0,425718.0832915203,357142.85714285716,499334.2210386152,33,12078600.0,434000.0,364928.9099526066,501691.8205804749,73,22280000.0,414540.0,355671.14093959733,468620.6724137931,263,7500000.0,313311.6883116883,243362.9203482637,431942.4283135882
320150757,cian,2026-05-04T21:42:16.586850+00:00,Санкт-Петербург,real_estate_agent,studio,0,10.0,2.3978952727983707,1.0,3.0,0.3333333333333333,True,False,Невский,Елизаровская,unknown,59.8999135,30.4252251,house,7.540734734847959,0.4441864665481898,True,3400000.0,15.039286283703994,340000.0,12.73670383776449,75,8462886.0,214129.9972504812,190613.3732947499,276627.69547325105,23,5650000.0,244285.07395786644,210649.07135874877,285032.51231527096,4,7150000.0,317727.2727272727,293872.0761996624,343072.2891566265,263,7500000.0,313311.6883116883,243362.9203482637,431942.4283135882
329486798,cian,2026-05-04T21:42:16.586850+00:00,Санкт-Петербург,real_estate_agent,studio,0,11.0,2.4849066497880004,1.0,5.0,0.2,True,False,Центральный,Площадь Восстания,unknown,59.928902,30.3582921,house,2.6877106536771063,0.2865449215446541,True,3250000.0,14.99416586199818,295454.54545454547,12.596273666117206,121,33000000.0,472702.7027027027,281949.93412384717,660000.0,14,7225000.0,371146.2450592885,349434.6733668342,631163.7931034482,19,23500000.0,286041.1899313501,208990.40969463505,395977.86089159676,263,7500000.0,313311.6883116883,243362.9203482637,431942.4283135882
327096172,cian,2026-05-04T21:42:16.586850+00:00,Санкт-Петербург,developer,studio,0,28.43,3.382014562245381,5.0,8.0,0.625,False,False,Петроградский,Спортивная,17/33 Петровский остров,59.9584536,30.2693359,street,3.329696422532838,1.4795804670455333,True,17664981.0,16.68709481981081,621350.0175870559,13.339651446936278,215,74551226.0,688500.0,513014.51612903224,950757.9850893903,22,17782490.5,705800.0,578193.3686917055,768187.5,44,38450000.0,636691.4335664336,466248.48787486635,964962.5076891531,263,7500000.0,313311.6883116883,243362.9203482637,431942.4283135882
326587798,cian,2026-05-04T21:42:16.586850+00:00,Санкт-Петербург,real_estate_agent,studio,0,25.5,3.277144732992177,12.0,12.0,1.0,False,True,Адмиралтейский,Фрунзенская,Квартал Галактика,59.8968936,30.3074841,house,4.652183152608151,1.120947518911016,True,10900000.0,16.204273438942487,427450.98039215687,12.965597234481796,73,19300000.0,451851.85185185185,325510.20408163266,515585.6263228786,21,11745270.0,451851.85185185185,409542.7509293681,610000.0,10,14049999.5,438359.34664246824,398405.74954907777,463745.7418279336,263,7500000.0,313311.6883116883,243362.9203482637,431942.4283135882
328939290,cian,2026-05-04T21:42:16.586850+00:00,Санкт-Петербург,real_estate_agent,studio,0,23.9,3.214867803470662,3.0,5.0,0.6,False,False,Петродворцовый,Юго-Западная,Новый Петергоф,59.8598238,29.9430219,house,22.471386441550308,16.14194180485248,True,5495000.0,15.519349327803464,229916.3179916318,12.345475036281488,9,5700000.0,171686.7469879518,164981.2734082397,229916.3179916318,4,5032750.0,196417.51748251746,164995.31835205993,228355.35572168417,49,8600000.0,227835.03496503495,191335.74007220217,261158.53658536586,263,7500000.0,313311.6883116883,243362.9203482637,431942.4283135882
327096124,cian,2026-05-04T21:42:16.586850+00:00,Санкт-Петербург,developer,studio,0,29.12,3.405189402931693,8.0,11.0,0.7272727272727273,False,False,Московский,Московские ворота,Коллекционный Дом 1919,59.8919464,30.3243918,house,5.219272998900943,0.2270682020503592,True,18928003.0,16.75615307652742,650000.103021978,13.384729338827269,115,14600000.0,338071.4560122935,232688.51778861112,440766.12903225806,29,7500000.0,309911.3043478261,238601.82370820668,376194.8768864178,16,30457890.5,569999.7957895484,441149.1935483871,668525.0,263,7500000.0,313311.6883116883,243362.9203482637,431942.4283135882
328165077,cian,2026-05-04T21:42:16.586850+00:00,Санкт-Петербург,real_estate_agent,studio,0,28.2,3.374168709274236,9.0,21.0,0.4285714285714285,False,False,Приморский,Комендантский проспект,На Королева,60.0330329,30.2384949,house,11.311238646198827,3.0497736493035443,True,6800000.0,15.732433317205148,241134.75177304965,12.39311533925249,119,11000000.0,253120.0,213054.45761967503,301644.1421266091,29,6800000.0,287169.04276985745,261506.27615062764,305240.1746724891,62,11400000.0,258025.86534804112,212350.63966555786,313750.0,263,7500000.0,313311.6883116883,243362.9203482637,431942.4283135882
329352909,cian,2026-05-04T21:42:16.586850+00:00,Санкт-Петербург,real_estate_agent,studio,0,23.25,3.188416617383492,5.0,15.0,0.3333333333333333,False,False,Невский,Улица Дыбенко,Апарт-комплекс Зум на Неве,59.9040938,30.4498862,house,8.484472384652422,1.9125226376565383,True,4900000.0,15.404745967162468,210752.688172043,12.258445375934192,75,8462886.0,214129.9972504812,190613.3732947499,276627.69547325105,23,5650000.0,244285.07395786644,210649.07135874877,285032.51231527096,23,10571122.0,226660.0,199068.28017997573,283016.46808134136,263,7500000.0,313311.6883116883,243362.9203482637,431942.4283135882
327917888,cian,2026-05-04T21:42:16.586850+00:00,Санкт-Петербург,developer,studio,0,20.27,3.0572976292121457,7.0,11.0,0.6363636363636364,False,False,Адмиралтейский,Балтийская,Ставни Обводный ЖК,59.9184426,30.302795,district,2.3282287750595416,1.3424263344821623,True,12691520.0,16.356444690664183,626123.3349777997,13.347304248535655,73,19300000.0,451851.85185185185,325510.20408163266,515585.6263228786,21,11745270.0,451851.85185185185,409542.7509293681,610000.0,24,19487440.0,489918.4408501023,447802.11723439646,572020.1837657281,263,7500000.0,313311.6883116883,243362.9203482637,431942.4283135882
327097109,cian,2026-05-04T21:42:16.586850+00:00,Санкт-Петербург,developer,studio,0,35.26,3.590715205326705,1.0,5.0,0.2,True,False,Курортный,Комендантский проспект,BEREG.Курортный,60.0863026,29.9425321,house,26.385229379440663,19.55122660226132,True,15105384.0,16.530561860727012,428400.0,12.967814951820046,49,24506160.0,428400.0,344027.3037542662,554200.0,8,11752025.0,421699.87298899237,381216.3028315047,592198.5132382892,62,11400000.0,258025.86534804112,212350.63966555786,313750.0,263,7500000.0,313311.6883116883,243362.9203482637,431942.4283135882
328110171,cian,2026-05-04T21:42:16.586850+00:00,Санкт-Петербург,real_estate_agent,studio,0,22.9,3.173878458937465,2.0,19.0,0.1052631578947368,False,False,Приморский,Комендантский проспект,YOGA 3,60.0336361,30.2309406,house,11.535480100204968,3.276078521663084,True,6990000.0,15.7599912572715,305240.1746724891,12.62885747975316,119,11000000.0,253120.0,213054.45761967503,301644.1421266091,29,6800000.0,287169.04276985745,261506.27615062764,305240.1746724891,62,11400000.0,258025.86534804112,212350.63966555786,313750.0,263,7500000.0,313311.6883116883,243362.9203482637,431942.4283135882
314345237,cian,2026-05-04T21:42:16.586850+00:00,Санкт-Петербург,developer,studio,0,26.21,3.303584552795155,3.0,4.0,0.75,False,False,Кронштадтский,unknown,Кронфорт.Центральный,59.999645,29.7499966,street,32.1174157297947,,False,7835742.0,15.87420626016314,298960.0152613506,12.608068460130822,15,12700000.0,289519.9957228401,255879.99731074355,297840.0049140222,3,7715478.0,303519.98426435876,301239.99976285466,305519.983958906,47,19900000.0,390000.0,255879.99731074355,517735.35515320336,263,7500000.0,313311.6883116883,243362.9203482637,431942.4283135882
329355818,cian,2026-05-04T21:42:16.586850+00:00,Санкт-Петербург,real_estate_agent,studio,0,22.7,3.1654750481410856,2.0,13.0,0.1538461538461538,False,False,Приморский,Комендантский проспект,Полис Приморский,60.0342736,30.2072985,house,12.184570658168084,4.085623995505851,True,6900000.0,15.747032114495012,303964.75770925113,12.624670334929792,119,11000000.0,253120.0,213054.45761967503,301644.1421266091,29,6800000.0,287169.04276985745,261506.27615062764,305240.1746724891,62,11400000.0,258025.86534804112,212350.63966555786,313750.0,263,7500000.0,313311.6883116883,243362.9203482637,431942.4283135882
327929649,cian,2026-05-04T21:42:16.586850+00:00,Санкт-Петербург,realtor,studio,0,23.5,3.198673117550681,15.0,25.0,0.6,False,False,Пушкинский,Купчино,Юнион,59.8112249,30.3617555,house,14.411017389764751,2.259502987102868,True,4900000.0,15.404745967162468,208510.63829787233,12.247750137837608,43,7166266.0,202797.2027972028,163053.72914003386,232898.85297184568,11,5790000.0,213586.68871434475,205653.92054753756,241282.6302115551,32,7495000.0,211094.97047056584,198690.38857472915,238287.2080291971,263,7500000.0,313311.6883116883,243362.9203482637,431942.4283135882
314345188,cian,2026-05-04T21:42:16.586850+00:00,Санкт-Петербург,developer,studio,0,25.42,3.27412129909418,3.0,4.0,0.75,False,False,Кронштадтский,unknown,Кронфорт.Центральный,59.999645,29.7499966,street,32.1174157297947,,False,7715478.0,15.8587391286959,303519.98426435876,12.62320602799555,15,12700000.0,289519.9957228401,255879.99731074355,297840.0049140222,3,7715478.0,303519.98426435876,301239.99976285466,305519.983958906,47,19900000.0,390000.0,255879.99731074355,517735.35515320336,263,7500000.0,313311.6883116883,243362.9203482637,431942.4283135882
324874991,cian,2026-05-04T21:42:16.586850+00:00,Санкт-Петербург,real_estate_agent,studio,0,20.4,3.0633909220278057,8.0,11.0,0.7272727272727273,False,False,Василеостровский,Приморская,Docklands 2,59.9565057,30.2469976,house,4.233990211218257,1.282809056023204,True,7290000.0,15.802014241159045,357352.9411764706,12.786482001484664,165,23000000.0,425718.0832915203,357142.85714285716,499334.2210386152,33,12078600.0,434000.0,364928.9099526066,501691.8205804749,73,22280000.0,414540.0,355671.14093959733,468620.6724137931,263,7500000.0,313311.6883116883,243362.9203482637,431942.4283135882
328748735,cian,2026-05-04T21:42:16.586850+00:00,Санкт-Петербург,real_estate_agent,studio,0,18.0,2.9444389791664403,4.0,13.0,0.3076923076923077,False,False,Приморский,Черная речка,Апартаменты Best Western Zoom Hotel,59.9902288,30.2921958,house,5.86888809450995,0.8113329777154213,True,6000000.0,15.607270193858982,333333.3333333333,12.716901269291665,119,11000000.0,253120.0,213054.45761967503,301644.1421266091,29,6800000.0,287169.04276985745,261506.27615062764,305240.1746724891,19,44200000.0,500658.7615283267,347389.5582329317,945000.0,263,7500000.0,313311.6883116883,243362.9203482637,431942.4283135882
327097272,cian,2026-05-04T21:42:16.586850+00:00,Санкт-Петербург,developer,studio,0,24.37,3.2335673736111907,10.0,22.0,0.4545454545454545,False,False,Василеостровский,Приморская,Башни Элемент ЖК,59.9592183,30.2196308,street,5.738265656122821,1.351573980586542,True,12345842.0,16.328829965185754,506600.0,13.135478990491704,165,23000000.0,425718.0832915203,357142.85714285716,499334.2210386152,33,12078600.0,434000.0,364928.9099526066,501691.8205804749,73,22280000.0,414540.0,355671.14093959733,468620.6724137931,263,7500000.0,313311.6883116883,243362.9203482637,431942.4283135882
329557421,cian,2026-05-04T21:42:16.586850+00:00,Санкт-Петербург,real_estate_agent,studio,0,20.5,3.068052935133617,4.0,18.0,0.2222222222222222,False,False,Красногвардейский,Девяткино,Цветной Город,59.9782843,30.4865836,district,10.567148826346545,8.317755168677987,True,4350000.0,15.285686632949895,212195.1219512195,12.265266229553077,65,10300000.0,250000.0,202169.11764705883,415701.00840336137,18,4628808.0,218340.0,207986.11111111112,280442.8044280443,15,4537224.0,207870.37037037036,195758.49544753472,213107.56097560975,263,7500000.0,313311.6883116883,243362.9203482637,431942.4283135882
327991133,cian,2026-05-04T21:42:16.586850+00:00,Санкт-Петербург,real_estate_agent,studio,0,12.4,2.5952547069568657,4.0,4.0,1.0,False,True,Московский,Московские ворота,unknown,59.8894346,30.3153544,house,5.467397738054688,0.3657502553996092,True,5475000.0,15.515703016315223,441532.2580645161,12.998008625893466,115,14600000.0,338071.4560122935,232688.51778861112,440766.12903225806,29,7500000.0,309911.3043478261,238601.82370820668,376194.8768864178,16,30457890.5,569999.7957895484,441149.1935483871,668525.0,263,7500000.0,313311.6883116883,243362.9203482637,431942.4283135882
324531375,cian,2026-05-04T21:42:16.586850+00:00,Санкт-Петербург,developer,studio,0,29.9,3.4307561839036995,2.0,12.0,0.1666666666666666,False,False,Московский,Звездная,Аквилон Leaves,59.822767,30.3345572,house,12.930540895538847,1.437181124021394,True,9266348.0,16.041900008829625,309911.3043478261,12.64404464724007,115,14600000.0,338071.4560122935,232688.51778861112,440766.12903225806,29,7500000.0,309911.3043478261,238601.82370820668,376194.8768864178,43,9590757.0,294827.5862068966,224474.7194575878,354639.3791256695,263,7500000.0,313311.6883116883,243362.9203482637,431942.4283135882
328834109,cian,2026-05-04T21:42:16.586850+00:00,Санкт-Петербург,homeowner,studio,0,25.0,3.258096538021482,6.0,11.0,0.5454545454545454,False,False,Василеостровский,Приморская,Docklands 2,59.9575025,30.2448008,house,4.3942065727935855,1.2845879588004945,True,9550000.0,16.072051817168948,382000.0,12.853178505386333,165,23000000.0,425718.0832915203,357142.85714285716,499334.2210386152,33,12078600.0,434000.0,364928.9099526066,501691.8205804749,73,22280000.0,414540.0,355671.14093959733,468620.6724137931,263,7500000.0,313311.6883116883,243362.9203482637,431942.4283135882
329428061,cian,2026-05-04T21:42:16.586850+00:00,Санкт-Петербург,developer,studio,0,25.35,3.271468274987372,8.0,9.0,0.8888888888888888,False,False,Калининский,Лесная,Левел Мечникова,59.9860656,30.4072248,house,7.397588980613237,3.506534849351137,True,9852356.0,16.103221273863245,388653.0966469428,12.870445015312816,53,10624445.0,291095.8904109589,210032.36245954694,359100.0,12,9445057.0,371315.1925461211,326586.5384615385,393625.0,37,13355877.0,359100.0,250000.0,393258.42696629214,263,7500000.0,313311.6883116883,243362.9203482637,431942.4283135882
328986639,cian,2026-05-04T21:42:16.586850+00:00,Санкт-Петербург,real_estate_agent,studio,0,23.2,3.186352633162641,13.0,18.0,0.7222222222222222,False,False,Фрунзенский,Бухарестская,Комплекс апартаментов Valo City,59.8849503,30.368332,house,6.687894348647019,0.1139997060227167,True,6990000.0,15.7599912572715,301293.1034482759,12.615842154559402,36,11675000.0,275360.4958677686,194624.98710409575,392205.28341254056,9,6990000.0,284420.28985507245,254307.1161048689,379253.9655172414,3,6990000.0,301293.1034482759,263249.0107405314,324200.27073240245,263,7500000.0,313311.6883116883,243362.9203482637,431942.4283135882
329406219,cian,2026-05-04T21:42:16.586850+00:00,Санкт-Петербург,homeowner,studio,0,24.7,3.246490991901174,11.0,24.0,0.4583333333333333,False,False,Приморский,Комендантский проспект,Чистое небо,60.0405782,30.2195986,house,12.498238532865589,4.253044919155589,True,6700000.0,15.717618233614914,271255.06072874495,12.510818527287633,119,11000000.0,253120.0,213054.45761967503,301644.1421266091,29,6800000.0,287169.04276985745,261506.27615062764,305240.1746724891,62,11400000.0,258025.86534804112,212350.63966555786,313750.0,263,7500000.0,313311.6883116883,243362.9203482637,431942.4283135882
323514159,cian,2026-05-04T21:42:16.586850+00:00,Санкт-Петербург,developer,studio,0,37.75,3.657130755799356,4.0,9.0,0.4444444444444444,False,False,Петроградский,Чкаловская,Avant,59.8824022,29.8401575,house,27.150144598488687,26.60346167684475,True,30742967.0,17.241171843138044,814383.2317880795,13.610187562837615,215,74551226.0,688500.0,513014.51612903224,950757.9850893903,22,17782490.5,705800.0,578193.3686917055,768187.5,50,65500613.5,676550.1672240803,551580.3395021516,840090.1701805224,263,7500000.0,313311.6883116883,243362.9203482637,431942.4283135882
327152598,cian,2026-05-04T21:42:16.586850+00:00,Санкт-Петербург,real_estate_agent,studio,0,20.4,3.0633909220278057,4.0,22.0,0.1818181818181818,False,False,Красногвардейский,Девяткино,Цветной Город,60.0184615,30.4778768,house,12.72309883089263,3.99500753746718,True,4290000.0,15.271797524004404,210294.11764705883,12.256267145287477,65,10300000.0,250000.0,202169.11764705883,415701.00840336137,18,4628808.0,218340.0,207986.11111111112,280442.8044280443,15,4537224.0,207870.37037037036,195758.49544753472,213107.56097560975,263,7500000.0,313311.6883116883,243362.9203482637,431942.4283135882
313821737,cian,2026-05-04T21:42:16.586850+00:00,Санкт-Петербург,realtor,studio,0,37.2,3.6428355156125294,5.0,6.0,0.8333333333333334,False,False,Красносельский,Юго-Западная,unknown,59.8354532,30.1690571,house,14.036400761334454,4.442899294072357,True,5100000.0,15.444751293772969,137096.77419354836,11.828449630506498,45,8600000.0,223093.96897646284,183937.8238341969,261158.53658536586,13,5500000.0,231092.43697478992,214170.04048582996,271186.4406779661,49,8600000.0,227835.03496503495,191335.74007220217,261158.53658536586,263,7500000.0,313311.6883116883,243362.9203482637,431942.4283135882
328020961,cian,2026-05-04T21:42:16.586850+00:00,Санкт-Петербург,developer,studio,0,28.39,3.380654480430826,2.0,10.0,0.2,False,False,Василеостровский,Горный институт,Легенда Васильевского ЖК,59.8637294,30.258942,house,8.875259754562878,7.658531360896451,True,14602397.0,16.496696319766915,514350.01761183515,13.150661224999594,165,23000000.0,425718.0832915203,357142.85714285716,499334.2210386152,33,12078600.0,434000.0,364928.9099526066,501691.8205804749,49,24258479.0,491000.0,424440.0,576720.0,263,7500000.0,313311.6883116883,243362.9203482637,431942.4283135882
316679074,cian,2026-05-04T21:42:16.586850+00:00,Санкт-Петербург,real_estate_agent,studio,0,21.68,3.121483478859551,1.0,12.0,0.0833333333333333,True,False,Красногвардейский,Девяткино,Академик,59.9782843,30.4865836,district,10.567148826346545,8.317755168677987,True,6300000.0,15.656060350091908,290590.40590405907,12.579673456054236,65,10300000.0,250000.0,202169.11764705883,415701.00840336137,18,4628808.0,218340.0,207986.11111111112,280442.8044280443,15,4537224.0,207870.37037037036,195758.49544753472,213107.56097560975,263,7500000.0,313311.6883116883,243362.9203482637,431942.4283135882
318859702,cian,2026-05-04T21:42:16.586850+00:00,Санкт-Петербург,realtor,studio,0,22.31,3.1488824530476656,23.0,23.0,1.0,False,True,Невский,Рыбацкое,Живи в Рыбацком ЖК,59.8314311,30.5128877,street,16.278987487916385,0.723557838642022,True,5450000.0,15.511126350125648,244285.07395786644,12.406095251764588,75,8462886.0,214129.9972504812,190613.3732947499,276627.69547325105,23,5650000.0,244285.07395786644,210649.07135874877,285032.51231527096,12,6575000.0,189494.43052436158,165480.64611444896,210909.0909090909,263,7500000.0,313311.6883116883,243362.9203482637,431942.4283135882
323388150,cian,2026-05-04T21:42:16.586850+00:00,Санкт-Петербург,developer,studio,0,29.46,3.416414347467016,10.0,10.0,1.0,False,True,Василеостровский,Василеостровская,17 линия ЖК,59.9392754,30.2438761,district,3.9122015596226105,2.100112668540487,True,14251536.0,16.472375318511624,483758.8594704684,13.089343904452734,165,23000000.0,425718.0832915203,357142.85714285716,499334.2210386152,33,12078600.0,434000.0,364928.9099526066,501691.8205804749,43,27900960.0,403090.15256588074,244769.5453830423,459065.00739980966,263,7500000.0,313311.6883116883,243362.9203482637,431942.4283135882
326789182,cian,2026-05-04T21:42:16.586850+00:00,Санкт-Петербург,real_estate_agent,studio,0,20.2,3.054001181677967,5.0,5.0,1.0,False,True,Адмиралтейский,Нарвская,unknown,59.9177811,30.2782438,house,3.057844073071964,1.850746202280866,True,6300000.0,15.656060350091908,311881.1881188119,12.650380793298668,73,19300000.0,451851.85185185185,325510.20408163266,515585.6263228786,21,11745270.0,451851.85185185185,409542.7509293681,610000.0,7,20544750.0,459300.00000000006,250702.4988213107,494700.0,263,7500000.0,313311.6883116883,243362.9203482637,431942.4283135882
329528424,cian,2026-05-04T21:42:16.586850+00:00,Санкт-Петербург,real_estate_agent,studio,0,22.8,3.169685580677429,5.0,15.0,0.3333333333333333,False,False,Красногвардейский,Ладожская,Апарт-отель GloraX Заневский,59.9320205,30.4344257,house,6.742698725431405,0.3826367805350772,True,5700000.0,15.55597690824336,250000.0,12.429220196836383,65,10300000.0,250000.0,202169.11764705883,415701.00840336137,18,4628808.0,218340.0,207986.11111111112,280442.8044280443,16,8100000.0,244458.12807881774,189389.65874986106,325733.2609125025,263,7500000.0,313311.6883116883,243362.9203482637,431942.4283135882
321932792,cian,2026-05-04T21:42:16.586850+00:00,Санкт-Петербург,developer,studio,0,26.62,3.318540147981146,10.0,10.0,1.0,False,True,Центральный,Площадь Александра Невского,Новгородская 8,59.934866,30.3827,house,3.8437740099103066,1.1846185481164042,True,19360899.0,16.778766126335494,727306.4988730277,13.497104636653246,121,33000000.0,472702.7027027027,281949.93412384717,660000.0,14,7225000.0,371146.2450592885,349434.6733668342,631163.7931034482,35,35693422.0,625000.0,555289.7769297812,706503.2363162467,263,7500000.0,313311.6883116883,243362.9203482637,431942.4283135882
326654123,cian,2026-05-04T21:42:16.586850+00:00,Санкт-Петербург,real_estate_agent,studio,0,27.0,3.332204510175204,6.0,10.0,0.6,False,False,Адмиралтейский,Фрунзенская,Квартал Галактика,59.9039718,30.3107523,house,3.855002658288941,0.4456023027730444,True,12200000.0,16.316946591670696,451851.85185185185,13.02111185681146,73,19300000.0,451851.85185185185,325510.20408163266,515585.6263228786,21,11745270.0,451851.85185185185,409542.7509293681,610000.0,10,14049999.5,438359.34664246824,398405.74954907777,463745.7418279336,263,7500000.0,313311.6883116883,243362.9203482637,431942.4283135882
326149460,cian,2026-05-04T21:42:16.586850+00:00,Санкт-Петербург,realtor,studio,0,26.7,3.3214324131932926,17.0,17.0,1.0,False,True,Фрунзенский,Международная,unknown,59.8754998,30.4025544,house,8.576219974220534,1.336032646799565,True,6790000.0,15.730961646810274,254307.1161048689,12.446301866374258,36,11675000.0,275360.4958677686,194624.98710409575,392205.28341254056,9,6990000.0,284420.28985507245,254307.1161048689,379253.9655172414,3,7890000.0,200819.67213114756,185431.3877897117,227563.39411800823,263,7500000.0,313311.6883116883,243362.9203482637,431942.4283135882
327096196,cian,2026-05-04T21:42:16.586850+00:00,Санкт-Петербург,developer,studio,0,24.92,3.255014871484074,6.0,8.0,0.75,False,False,Петроградский,Спортивная,17/33 Петровский остров,59.9584536,30.2693359,street,3.329696422532838,1.4795804670455333,True,19127346.0,16.766629649101766,767550.0,13.550960205747218,215,74551226.0,688500.0,513014.51612903224,950757.9850893903,22,17782490.5,705800.0,578193.3686917055,768187.5,44,38450000.0,636691.4335664336,466248.48787486635,964962.5076891531,263,7500000.0,313311.6883116883,243362.9203482637,431942.4283135882
328495841,cian,2026-05-04T21:42:16.586850+00:00,Санкт-Петербург,real_estate_agent,studio,0,23.0,3.1780538303479458,1.0,9.0,0.1111111111111111,True,False,Петроградский,Чкаловская,Avant,59.8824022,29.8401575,house,27.150144598488687,26.60346167684475,True,15200000.0,16.536806051605975,660869.5652173914,13.401313283044106,215,74551226.0,688500.0,513014.51612903224,950757.9850893903,22,17782490.5,705800.0,578193.3686917055,768187.5,50,65500613.5,676550.1672240803,551580.3395021516,840090.1701805224,263,7500000.0,313311.6883116883,243362.9203482637,431942.4283135882
316546263,cian,2026-05-04T21:42:16.586850+00:00,Санкт-Петербург,real_estate_agent,studio,0,23.55,3.200711854240529,17.0,17.0,1.0,False,True,Красносельский,Юго-Западная,Сандэй,59.8435843,30.1438828,house,14.204789083504751,5.247877421372937,True,7200000.0,15.789591722875162,305732.4840764331,12.630469034351842,45,8600000.0,223093.96897646284,183937.8238341969,261158.53658536586,13,5500000.0,231092.43697478992,214170.04048582996,271186.4406779661,49,8600000.0,227835.03496503495,191335.74007220217,261158.53658536586,263,7500000.0,313311.6883116883,243362.9203482637,431942.4283135882
329497930,cian,2026-05-04T21:42:16.586850+00:00,Санкт-Петербург,developer,studio,0,26.6,3.317815772723105,2.0,9.0,0.2222222222222222,False,False,Калининский,Лесная,Левел Мечникова,59.9860656,30.4072248,house,7.397588980613237,3.506534849351137,True,9753606.0,16.093147723277824,366676.91729323304,12.812239132156758,53,10624445.0,291095.8904109589,210032.36245954694,359100.0,12,9445057.0,371315.1925461211,326586.5384615385,393625.0,37,13355877.0,359100.0,250000.0,393258.42696629214,263,7500000.0,313311.6883116883,243362.9203482637,431942.4283135882
327146990,cian,2026-05-04T21:42:16.586850+00:00,Санкт-Петербург,homeowner,studio,0,29.2,3.407841924380824,3.0,19.0,0.1578947368421052,False,False,Калининский,Лесная,Уют,59.9826863,30.4020551,house,6.92829176256976,3.22898393663608,True,8500000.0,15.955576839107596,291095.8904109589,12.581411447474526,53,10624445.0,291095.8904109589,210032.36245954694,359100.0,12,9445057.0,371315.1925461211,326586.5384615385,393625.0,37,13355877.0,359100.0,250000.0,393258.42696629214,263,7500000.0,313311.6883116883,243362.9203482637,431942.4283135882
328173842,cian,2026-05-04T21:42:16.586850+00:00,Санкт-Петербург,real_estate_agent,studio,0,24.0,3.218875824868201,8.0,8.0,1.0,False,True,Красносельский,Юго-Западная,unknown,59.8467238,30.0972615,house,15.832047803973452,7.670788887623666,True,5350000.0,15.49260730578806,222916.66666666666,12.31455777449549,45,8600000.0,223093.96897646284,183937.8238341969,261158.53658536586,13,5500000.0,231092.43697478992,214170.04048582996,271186.4406779661,49,8600000.0,227835.03496503495,191335.74007220217,261158.53658536586,263,7500000.0,313311.6883116883,243362.9203482637,431942.4283135882
323514064,cian,2026-05-04T21:42:16.586850+00:00,Санкт-Петербург,developer,studio,0,25.52,3.277899165317662,4.0,8.0,0.5,False,False,Петроградский,Чкаловская,Avant,59.8824022,29.8401575,house,27.150144598488687,26.60346167684475,True,29236357.0,17.190923629684626,1145625.274294671,13.95146200988944,215,74551226.0,688500.0,513014.51612903224,950757.9850893903,22,17782490.5,705800.0,578193.3686917055,768187.5,50,65500613.5,676550.1672240803,551580.3395021516,840090.1701805224,263,7500000.0,313311.6883116883,243362.9203482637,431942.4283135882
329065746,cian,2026-05-04T21:42:16.586850+00:00,Санкт-Петербург,real_estate_agent,studio,0,26.0,3.295836866004329,18.0,25.0,0.72,False,False,Калининский,Лесная,Полюстрово Парк,59.9847129,30.3920395,house,6.716552795411124,2.660785027021884,True,8225000.0,15.92268897619625,316346.1538461539,12.664595477683456,53,10624445.0,291095.8904109589,210032.36245954694,359100.0,12,9445057.0,371315.1925461211,326586.5384615385,393625.0,37,13355877.0,359100.0,250000.0,393258.42696629214,263,7500000.0,313311.6883116883,243362.9203482637,431942.4283135882
327585798,cian,2026-05-04T21:42:16.586850+00:00,Санкт-Петербург,real_estate_agent,studio,0,25.5,3.277144732992177,20.0,25.0,0.8,False,False,Невский,Ломоносовская,Полис на Неве,59.8940347,30.4482144,house,8.968626019391554,1.8309482193659892,True,6699000.0,15.717468968766404,262705.8823529412,12.478794173857068,75,8462886.0,214129.9972504812,190613.3732947499,276627.69547325105,23,5650000.0,244285.07395786644,210649.07135874877,285032.51231527096,28,7400000.0,202820.86979581014,183649.6889170094,226678.90459640961,263,7500000.0,313311.6883116883,243362.9203482637,431942.4283135882
327917903,cian,2026-05-04T21:42:16.586850+00:00,Санкт-Петербург,developer,studio,0,22.95,3.175968323856924,8.0,11.0,0.7272727272727273,False,False,Адмиралтейский,Балтийская,Ставни Обводный ЖК,59.9184426,30.302795,district,2.3282287750595416,1.3424263344821623,True,14384518.0,16.481663116800117,626776.3834422658,13.34834670623845,73,19300000.0,451851.85185185185,325510.20408163266,515585.6263228786,21,11745270.0,451851.85185185185,409542.7509293681,610000.0,24,19487440.0,489918.4408501023,447802.11723439646,572020.1837657281,263,7500000.0,313311.6883116883,243362.9203482637,431942.4283135882
328530863,cian,2026-05-04T21:42:16.586850+00:00,Санкт-Петербург,real_estate_agent,studio,0,32.8,3.520460802488973,9.0,12.0,0.75,False,False,Приморский,Проспект Просвещения,Бионика Заповедная,60.0582128,30.2667058,house,13.558883201841663,3.912519804378273,True,9200000.0,16.034714150714915,280487.80487804883,12.544289091840207,119,11000000.0,253120.0,213054.45761967503,301644.1421266091,29,6800000.0,287169.04276985745,261506.27615062764,305240.1746724891,35,9900000.0,229117.64705882352,178772.9364833445,279693.9024390244,263,7500000.0,313311.6883116883,243362.9203482637,431942.4283135882
329613054,cian,2026-05-04T21:42:16.586850+00:00,Санкт-Петербург,real_estate_agent,studio,0,27.9,3.3638415951183864,2.0,24.0,0.0833333333333333,False,False,Выборгский,Парнас,Шуваловский дуэт,60.0720009,30.317246,house,14.834554634762544,1.1655061999565008,True,7500000.0,15.830413711839864,268817.2043010753,12.5017906096723,68,11500000.0,242464.8327306462,201785.625,296143.7908496732,11,6800000.0,268817.2043010753,248702.55794625543,307766.9552669553,14,7850000.0,225945.53060701783,203626.49866103235,261172.79510923312,263,7500000.0,313311.6883116883,243362.9203482637,431942.4283135882
325558650,cian,2026-05-04T21:42:16.586850+00:00,Санкт-Петербург,developer,studio,0,39.56,3.702782359282928,6.0,9.0,0.6666666666666666,False,False,Василеостровский,Горный институт,МОНОДОМ АРТ,59.9044682,29.7789704,street,30.06287842797851,27.052745316729546,True,18822993.0,16.7505897655473,475808.72093023255,13.072773307348958,165,23000000.0,425718.0832915203,357142.85714285716,499334.2210386152,33,12078600.0,434000.0,364928.9099526066,501691.8205804749,49,24258479.0,491000.0,424440.0,576720.0,263,7500000.0,313311.6883116883,243362.9203482637,431942.4283135882
328336430,cian,2026-05-04T21:42:16.586850+00:00,Санкт-Петербург,real_estate_agent,studio,0,24.6,3.242592351485517,10.0,10.0,1.0,False,True,Московский,Ленинский проспект,Сенат в Московском,59.8453494,30.2950616,house,10.423245470875148,1.566978293642521,True,9570000.0,16.074143867922338,389024.3902439024,12.871399891020431,115,14600000.0,338071.4560122935,232688.51778861112,440766.12903225806,29,7500000.0,309911.3043478261,238601.82370820668,376194.8768864178,9,9570000.0,254629.62962962964,207011.68614357262,319565.2173913043,263,7500000.0,313311.6883116883,243362.9203482637,431942.4283135882
317837511,cian,2026-05-04T21:42:16.586850+00:00,Санкт-Петербург,homeowner,studio,0,28.6,3.387774361330014,18.0,23.0,0.782608695652174,False,False,Пушкинский,Звездная,UP-квартал Московский,59.8131618,30.3716378,house,14.312930737031378,2.6834248404070657,True,5800000.0,15.573368647930426,202797.2027972028,12.219966688713166,43,7166266.0,202797.2027972028,163053.72914003386,232898.85297184568,11,5790000.0,213586.68871434475,205653.92054753756,241282.6302115551,43,9590757.0,294827.5862068966,224474.7194575878,354639.3791256695,263,7500000.0,313311.6883116883,243362.9203482637,431942.4283135882
325558619,cian,2026-05-04T21:42:16.586850+00:00,Санкт-Петербург,developer,studio,0,39.49,3.7010550300440697,4.0,9.0,0.4444444444444444,False,False,Василеостровский,Горный институт,МОНОДОМ АРТ,59.9044682,29.7789704,street,30.06287842797851,27.052745316729546,True,18060060.0,16.709213483577532,457332.4892377817,13.03316813949874,165,23000000.0,425718.0832915203,357142.85714285716,499334.2210386152,33,12078600.0,434000.0,364928.9099526066,501691.8205804749,49,24258479.0,491000.0,424440.0,576720.0,263,7500000.0,313311.6883116883,243362.9203482637,431942.4283135882
329083220,cian,2026-05-04T21:42:16.586850+00:00,Санкт-Петербург,realtor,studio,0,34.8,3.5779478934066544,3.0,4.0,0.75,False,False,Пушкинский,Купчино,unknown,59.7063749,30.3825336,house,26.10406243617437,13.618801931890268,True,7290000.0,15.802014241159045,209482.75862068968,12.25240149085557,43,7166266.0,202797.2027972028,163053.72914003386,232898.85297184568,11,5790000.0,213586.68871434475,205653.92054753756,241282.6302115551,32,7495000.0,211094.97047056584,198690.38857472915,238287.2080291971,263,7500000.0,313311.6883116883,243362.9203482637,431942.4283135882
328806158,cian,2026-05-04T21:42:16.586850+00:00,Санкт-Петербург,realtor,studio,0,24.5,3.2386784521643803,25.0,27.0,0.925925925925926,False,False,Выборгский,Парнас,Северная долина,60.0798573,30.3416681,house,15.781679946542736,1.4262631625810405,True,6200000.0,15.64006001130563,253061.22448979592,12.441390684069734,68,11500000.0,242464.8327306462,201785.625,296143.7908496732,11,6800000.0,268817.2043010753,248702.55794625543,307766.9552669553,14,7850000.0,225945.53060701783,203626.49866103235,261172.79510923312,263,7500000.0,313311.6883116883,243362.9203482637,431942.4283135882
322620830,cian,2026-05-04T21:42:16.586850+00:00,Санкт-Петербург,developer,studio,0,25.18,3.264995760481754,2.0,17.0,0.1176470588235294,False,False,Московский,Звездная,Оро бай Аквилон ЖК,59.8278025,30.3165199,district,12.320876687507392,1.8547404739298703,True,9472587.0,16.063912711881887,376194.8768864178,12.837865235891128,115,14600000.0,338071.4560122935,232688.51778861112,440766.12903225806,29,7500000.0,309911.3043478261,238601.82370820668,376194.8768864178,43,9590757.0,294827.5862068966,224474.7194575878,354639.3791256695,263,7500000.0,313311.6883116883,243362.9203482637,431942.4283135882
323748076,cian,2026-05-04T21:42:16.586850+00:00,Санкт-Петербург,real_estate_agent,studio,0,23.0,3.1780538303479458,12.0,12.0,1.0,False,True,Московский,Ленинский проспект,Философия,59.8436333,30.3017037,house,10.582444761363034,1.9841835797590488,True,7350000.0,15.810211007243431,319565.2173913043,12.674719784506674,115,14600000.0,338071.4560122935,232688.51778861112,440766.12903225806,29,7500000.0,309911.3043478261,238601.82370820668,376194.8768864178,9,9570000.0,254629.62962962964,207011.68614357262,319565.2173913043,263,7500000.0,313311.6883116883,243362.9203482637,431942.4283135882
329615683,cian,2026-05-04T21:42:16.586850+00:00,Санкт-Петербург,real_estate_agent,studio,0,30.5,3.449987545831587,1.0,25.0,0.04,True,False,Калининский,Лесная,Калейдоскоп,59.9855808,30.3772448,house,6.29632945732302,1.83814679842938,True,7150000.0,15.78262305453032,234426.22950819673,12.364900496781992,53,10624445.0,291095.8904109589,210032.36245954694,359100.0,12,9445057.0,371315.1925461211,326586.5384615385,393625.0,37,13355877.0,359100.0,250000.0,393258.42696629214,263,7500000.0,313311.6883116883,243362.9203482637,431942.4283135882
325558611,cian,2026-05-04T21:42:16.586850+00:00,Санкт-Петербург,developer,studio,0,30.32,3.4442568711226023,3.0,9.0,0.3333333333333333,False,False,Василеостровский,Горный институт,МОНОДОМ АРТ,59.9044682,29.7789704,street,30.06287842797851,27.052745316729546,True,15211296.0,16.537548933446764,501691.8205804749,13.12574330018553,165,23000000.0,425718.0832915203,357142.85714285716,499334.2210386152,33,12078600.0,434000.0,364928.9099526066,501691.8205804749,49,24258479.0,491000.0,424440.0,576720.0,263,7500000.0,313311.6883116883,243362.9203482637,431942.4283135882
324972560,cian,2026-05-04T21:42:16.586850+00:00,Санкт-Петербург,real_estate_agent,studio,0,25.9,3.292126286607793,5.0,12.0,0.4166666666666667,False,False,Московский,Звездная,Триумф Парк,59.8212264,30.3315154,house,13.087494164860798,1.6715259075876985,True,7500000.0,15.830413711839864,289575.2895752896,12.576174063128418,115,14600000.0,338071.4560122935,232688.51778861112,440766.12903225806,29,7500000.0,309911.3043478261,238601.82370820668,376194.8768864178,43,9590757.0,294827.5862068966,224474.7194575878,354639.3791256695,263,7500000.0,313311.6883116883,243362.9203482637,431942.4283135882
327938213,cian,2026-05-04T21:42:16.586850+00:00,Санкт-Петербург,real_estate_agent,studio,0,23.6,3.202746442938317,9.0,10.0,0.9,False,False,Красносельский,Юго-Западная,More,59.8503898,30.1348345,house,14.006321661094969,5.533040766851827,True,6400000.0,15.671808704579888,271186.4406779661,12.510565523791538,45,8600000.0,223093.96897646284,183937.8238341969,261158.53658536586,13,5500000.0,231092.43697478992,214170.04048582996,271186.4406779661,49,8600000.0,227835.03496503495,191335.74007220217,261158.53658536586,263,7500000.0,313311.6883116883,243362.9203482637,431942.4283135882
327096192,cian,2026-05-04T21:42:16.586850+00:00,Санкт-Петербург,developer,studio,0,23.67,3.2055879305412653,4.0,8.0,0.5,False,False,Петроградский,Спортивная,17/33 Петровский остров,59.9584536,30.2693359,street,3.329696422532838,1.4795804670455333,True,23539815.0,16.974203843283274,994499.9999999999,13.809996382806075,215,74551226.0,688500.0,513014.51612903224,950757.9850893903,22,17782490.5,705800.0,578193.3686917055,768187.5,44,38450000.0,636691.4335664336,466248.48787486635,964962.5076891531,263,7500000.0,313311.6883116883,243362.9203482637,431942.4283135882
328648238,cian,2026-05-04T21:42:16.586850+00:00,Санкт-Петербург,real_estate_agent,studio,0,22.0,3.1354942159291497,2.0,5.0,0.4,False,False,Московский,Звездная,PLUS Пулковский,59.8202025,30.096515,house,17.909011926213577,14.1021511601994,True,5500000.0,15.520258832020865,250000.0,12.429220196836383,115,14600000.0,338071.4560122935,232688.51778861112,440766.12903225806,29,7500000.0,309911.3043478261,238601.82370820668,376194.8768864178,43,9590757.0,294827.5862068966,224474.7194575878,354639.3791256695,263,7500000.0,313311.6883116883,243362.9203482637,431942.4283135882
329620510,cian,2026-05-04T21:42:16.586850+00:00,Санкт-Петербург,realtor,studio,0,29.0,3.4011973816621555,3.0,10.0,0.3,False,False,Адмиралтейский,Фрунзенская,Квартал Галактика,59.8986058,30.31132,house,4.449856576632626,0.849545300524477,True,12500000.0,16.341239282272525,431034.4827586207,12.973945692283364,73,19300000.0,451851.85185185185,325510.20408163266,515585.6263228786,21,11745270.0,451851.85185185185,409542.7509293681,610000.0,10,14049999.5,438359.34664246824,398405.74954907777,463745.7418279336,263,7500000.0,313311.6883116883,243362.9203482637,431942.4283135882
329428121,cian,2026-05-04T21:42:16.586850+00:00,Санкт-Петербург,developer,studio,0,28.26,3.3762213955919784,4.0,9.0,0.4444444444444444,False,False,Калининский,Лесная,Левел Мечникова,59.9860656,30.4072248,house,7.397588980613237,3.506534849351137,True,10624445.0,16.178668130238886,375953.4677990092,12.837223318760055,53,10624445.0,291095.8904109589,210032.36245954694,359100.0,12,9445057.0,371315.1925461211,326586.5384615385,393625.0,37,13355877.0,359100.0,250000.0,393258.42696629214,263,7500000.0,313311.6883116883,243362.9203482637,431942.4283135882
313968635,cian,2026-05-04T21:42:16.586850+00:00,Санкт-Петербург,realtor,studio,0,37.6,3.653252276470785,11.0,11.0,1.0,False,True,Василеостровский,Горный институт,Клубные апартаменты Next,59.9392754,30.2438761,district,3.9122015596226105,1.2135205952657642,True,11220000.0,16.23320854718538,298404.25531914894,12.606207758816005,165,23000000.0,425718.0832915203,357142.85714285716,499334.2210386152,33,12078600.0,434000.0,364928.9099526066,501691.8205804749,49,24258479.0,491000.0,424440.0,576720.0,263,7500000.0,313311.6883116883,243362.9203482637,431942.4283135882
329520611,cian,2026-05-04T21:42:16.586850+00:00,Санкт-Петербург,homeowner,studio,0,27.5,3.349904087274605,9.0,25.0,0.36,False,False,Приморский,Комендантский проспект,Чистое небо,60.0409601,30.2165107,house,12.609724333032355,4.375918242010554,True,7000000.0,15.76142084987672,254545.45454545456,12.447238630910773,119,11000000.0,253120.0,213054.45761967503,301644.1421266091,29,6800000.0,287169.04276985745,261506.27615062764,305240.1746724891,62,11400000.0,258025.86534804112,212350.63966555786,313750.0,263,7500000.0,313311.6883116883,243362.9203482637,431942.4283135882
326400154,cian,2026-05-04T21:42:16.586850+00:00,Санкт-Петербург,developer,studio,0,32.28,3.504956615953008,10.0,10.0,1.0,False,True,Василеостровский,Горный институт,Легенда Васильевского ЖК,59.8637294,30.258942,house,8.875259754562878,7.658531360896451,True,21283495.0,16.873442494658583,659339.9938042131,13.398996120939119,165,23000000.0,425718.0832915203,357142.85714285716,499334.2210386152,33,12078600.0,434000.0,364928.9099526066,501691.8205804749,49,24258479.0,491000.0,424440.0,576720.0,263,7500000.0,313311.6883116883,243362.9203482637,431942.4283135882
324469570,cian,2026-05-04T21:42:16.586850+00:00,Санкт-Петербург,realtor,studio,0,24.2,3.226843994517377,11.0,14.0,0.7857142857142857,False,False,Василеостровский,Приморская,Морская набережная.СиВью,59.9322507,30.1943829,house,6.706231020796219,2.7009535079268074,True,11949000.0,16.2961582345209,493760.3305785124,13.109807542941281,165,23000000.0,425718.0832915203,357142.85714285716,499334.2210386152,33,12078600.0,434000.0,364928.9099526066,501691.8205804749,73,22280000.0,414540.0,355671.14093959733,468620.6724137931,263,7500000.0,313311.6883116883,243362.9203482637,431942.4283135882
328329579,cian,2026-05-04T21:42:16.586850+00:00,Санкт-Петербург,realtor,studio,0,28.5,3.3843902633457743,7.0,15.0,0.4666666666666667,False,False,Красногвардейский,Ладожская,Апарт-отель GloraX Заневский,59.9320205,30.4344257,house,6.742698725431405,0.3826367805350772,True,6800000.0,15.732433317205148,238596.49122807017,12.382533274039417,65,10300000.0,250000.0,202169.11764705883,415701.00840336137,18,4628808.0,218340.0,207986.11111111112,280442.8044280443,16,8100000.0,244458.12807881774,189389.65874986106,325733.2609125025,263,7500000.0,313311.6883116883,243362.9203482637,431942.4283135882
322620864,cian,2026-05-04T21:42:16.586850+00:00,Санкт-Петербург,developer,studio,0,29.2,3.407841924380824,7.0,17.0,0.4117647058823529,False,False,Московский,Звездная,Оро бай Аквилон ЖК,59.8278025,30.3165199,district,12.320876687507392,1.8547404739298703,True,11128612.0,16.225030097337093,381116.8493150685,12.850863922068154,115,14600000.0,338071.4560122935,232688.51778861112,440766.12903225806,29,7500000.0,309911.3043478261,238601.82370820668,376194.8768864178,43,9590757.0,294827.5862068966,224474.7194575878,354639.3791256695,263,7500000.0,313311.6883116883,243362.9203482637,431942.4283135882
329108134,cian,2026-05-04T21:42:16.586850+00:00,Санкт-Петербург,real_estate_agent,studio,0,21.25,3.1023420086122493,5.0,17.0,0.2941176470588235,False,False,Невский,Улица Дыбенко,Апарт-комплекс Зум на Неве,59.9040938,30.4498862,house,8.484472384652422,1.9125226376565383,True,5650000.0,15.54716628011376,265882.35294117645,12.490812968807072,75,8462886.0,214129.9972504812,190613.3732947499,276627.69547325105,23,5650000.0,244285.07395786644,210649.07135874877,285032.51231527096,23,10571122.0,226660.0,199068.28017997573,283016.46808134136,263,7500000.0,313311.6883116883,243362.9203482637,431942.4283135882
298957965,cian,2026-05-04T21:42:16.586850+00:00,Санкт-Петербург,realtor,studio,0,24.8,3.250374491927572,5.0,6.0,0.8333333333333334,False,False,Красносельский,Юго-Западная,unknown,59.8354532,30.1690571,house,14.036400761334454,4.442899294072357,True,4200000.0,15.250595321348806,169354.83870967742,12.039757334827131,45,8600000.0,223093.96897646284,183937.8238341969,261158.53658536586,13,5500000.0,231092.43697478992,214170.04048582996,271186.4406779661,49,8600000.0,227835.03496503495,191335.74007220217,261158.53658536586,263,7500000.0,313311.6883116883,243362.9203482637,431942.4283135882
326400143,cian,2026-05-04T21:42:16.586850+00:00,Санкт-Петербург,developer,studio,0,30.43,3.447762850809476,10.0,10.0,1.0,False,True,Василеостровский,Горный институт,Легенда Васильевского ЖК,59.8637294,30.258942,house,8.875259754562878,7.658531360896451,True,17116875.0,16.65557543539147,562500.0,13.24014819083691,165,23000000.0,425718.0832915203,357142.85714285716,499334.2210386152,33,12078600.0,434000.0,364928.9099526066,501691.8205804749,49,24258479.0,491000.0,424440.0,576720.0,263,7500000.0,313311.6883116883,243362.9203482637,431942.4283135882
325749869,cian,2026-05-04T21:42:16.586850+00:00,Санкт-Петербург,real_estate_agent,studio,0,27.0,3.332204510175204,8.0,14.0,0.5714285714285714,False,False,Красногвардейский,Ладожская,Ladozhsky AVENIR,59.9390539,30.4338382,house,6.6696464463632665,0.8340267492786311,True,6400000.0,15.671808704579888,237037.03703703705,12.375975901066672,65,10300000.0,250000.0,202169.11764705883,415701.00840336137,18,4628808.0,218340.0,207986.11111111112,280442.8044280443,16,8100000.0,244458.12807881774,189389.65874986106,325733.2609125025,263,7500000.0,313311.6883116883,243362.9203482637,431942.4283135882
310936524,cian,2026-05-04T21:42:16.586850+00:00,Санкт-Петербург,real_estate_agent,studio,0,19.9,3.039749158970765,2.0,5.0,0.4,False,False,Центральный,Площадь Восстания,unknown,59.9339799,30.3703,house,3.172469354182499,0.6907054560524928,True,6950000.0,15.754252361425856,349246.2311557789,12.76353534911578,121,33000000.0,472702.7027027027,281949.93412384717,660000.0,14,7225000.0,371146.2450592885,349434.6733668342,631163.7931034482,19,23500000.0,286041.1899313501,208990.40969463505,395977.86089159676,263,7500000.0,313311.6883116883,243362.9203482637,431942.4283135882
322621602,cian,2026-05-04T21:42:16.586850+00:00,Санкт-Петербург,developer,studio,0,29.4,3.414442608412176,12.0,12.0,1.0,False,True,Московский,Звездная,Аквилон Leaves,59.822767,30.3345572,house,12.930540895538847,1.437181124021394,True,9590757.0,16.076310484403432,326216.2244897959,12.695318771238503,115,14600000.0,338071.4560122935,232688.51778861112,440766.12903225806,29,7500000.0,309911.3043478261,238601.82370820668,376194.8768864178,43,9590757.0,294827.5862068966,224474.7194575878,354639.3791256695,263,7500000.0,313311.6883116883,243362.9203482637,431942.4283135882
328453455,cian,2026-05-04T21:42:16.586850+00:00,Санкт-Петербург,realtor,studio,0,26.3,3.3068867021909143,5.0,10.0,0.5,False,False,Центральный,Площадь Александра Невского,Апартаменты VIDI,59.9294092,30.3864993,house,4.160713431595768,0.590906748183253,True,11100000.0,16.22245575637265,422053.23193916347,12.952889096465405,121,33000000.0,472702.7027027027,281949.93412384717,660000.0,14,7225000.0,371146.2450592885,349434.6733668342,631163.7931034482,35,35693422.0,625000.0,555289.7769297812,706503.2363162467,263,7500000.0,313311.6883116883,243362.9203482637,431942.4283135882
324556011,cian,2026-05-04T21:42:16.586850+00:00,Санкт-Петербург,real_estate_agent,studio,0,37.2,3.6428355156125294,3.0,6.0,0.5,False,False,Фрунзенский,Обводный канал,unknown,59.9084934,30.3536905,house,4.009306440294238,0.6959548311348764,True,6800000.0,15.732433317205148,182795.69892473117,12.116129879440505,36,11675000.0,275360.4958677686,194624.98710409575,392205.28341254056,9,6990000.0,284420.28985507245,254307.1161048689,379253.9655172414,20,17343499.5,385522.5051466804,295973.35138216015,426557.9919079805,263,7500000.0,313311.6883116883,243362.9203482637,431942.4283135882
319861031,cian,2026-05-04T21:42:16.586850+00:00,Санкт-Петербург,developer,studio,0,27.6,3.353406717825807,3.0,10.0,0.3,False,False,Фрунзенский,Обводный канал,Дом на Курской,59.9106223,30.3567235,house,3.914025843914734,0.5622205224014537,True,13423978.0,16.412553143325564,486376.0144927536,13.094739352129222,36,11675000.0,275360.4958677686,194624.98710409575,392205.28341254056,9,6990000.0,284420.28985507245,254307.1161048689,379253.9655172414,20,17343499.5,385522.5051466804,295973.35138216015,426557.9919079805,263,7500000.0,313311.6883116883,243362.9203482637,431942.4283135882
325227159,cian,2026-05-04T21:42:16.586850+00:00,Санкт-Петербург,realtor,studio,0,23.6,3.202746442938317,5.0,12.0,0.4166666666666667,False,False,Пушкинский,Звездная,Монография,59.8121053,30.3512505,house,14.21756452871024,2.4419707493370866,True,5790000.0,15.571643022260735,245338.98305084746,12.410400213502399,43,7166266.0,202797.2027972028,163053.72914003386,232898.85297184568,11,5790000.0,213586.68871434475,205653.92054753756,241282.6302115551,43,9590757.0,294827.5862068966,224474.7194575878,354639.3791256695,263,7500000.0,313311.6883116883,243362.9203482637,431942.4283135882
319859551,cian,2026-05-04T21:42:16.586850+00:00,Санкт-Петербург,developer,studio,0,25.77,3.2872818575322613,14.0,15.0,0.9333333333333332,False,False,Калининский,Лесная,Квартал бизнес-класса Б15,59.9327565,30.2728798,street,2.3863606059545583,7.047975623424182,True,10099263.0,16.127973107869117,391900.0,12.878764535855812,53,10624445.0,291095.8904109589,210032.36245954694,359100.0,12,9445057.0,371315.1925461211,326586.5384615385,393625.0,37,13355877.0,359100.0,250000.0,393258.42696629214,263,7500000.0,313311.6883116883,243362.9203482637,431942.4283135882
328955064,cian,2026-05-04T21:42:16.586850+00:00,Санкт-Петербург,real_estate_agent,studio,0,24.19,3.226447090364519,2.0,5.0,0.4,False,False,Московский,Московская,Парадный ансамбль,59.7541178,30.3034992,house,20.522056731334796,10.53349939506592,True,5800000.0,15.573368647930426,239768.49937990904,12.387433321575669,115,14600000.0,338071.4560122935,232688.51778861112,440766.12903225806,29,7500000.0,309911.3043478261,238601.82370820668,376194.8768864178,34,19750000.0,368624.6176101299,230362.88470372072,720562.5,263,7500000.0,313311.6883116883,243362.9203482637,431942.4283135882
319291752,cian,2026-05-04T21:42:16.586850+00:00,Санкт-Петербург,developer,studio,0,31.37,3.477232067938153,1.0,15.0,0.0666666666666666,True,False,Выборгский,Проспект Просвещения,Глоракс Парголово ЖК,60.0387013,30.3354758,district,11.194080892055434,1.5464240264903968,True,5539999.0,15.527505058723468,176601.81702263307,12.081658518455312,68,11500000.0,242464.8327306462,201785.625,296143.7908496732,11,6800000.0,268817.2043010753,248702.55794625543,307766.9552669553,35,9900000.0,229117.64705882352,178772.9364833445,279693.9024390244,263,7500000.0,313311.6883116883,243362.9203482637,431942.4283135882
328548735,cian,2026-05-04T21:42:16.586850+00:00,Санкт-Петербург,real_estate_agent,studio,0,25.9,3.292126286607793,4.0,5.0,0.8,False,False,Московский,Купчино,Парадный ансамбль,59.8186803,30.1008257,house,17.87292866245399,15.749055807656026,True,5380000.0,15.498199118011556,207722.00772200772,12.243960777547281,115,14600000.0,338071.4560122935,232688.51778861112,440766.12903225806,29,7500000.0,309911.3043478261,238601.82370820668,376194.8768864178,32,7495000.0,211094.97047056584,198690.38857472915,238287.2080291971,263,7500000.0,313311.6883116883,243362.9203482637,431942.4283135882
329324030,cian,2026-05-04T21:42:16.586850+00:00,Санкт-Петербург,homeowner,studio,0,21.6,3.1179499062782403,21.0,24.0,0.875,False,False,Красногвардейский,Девяткино,Цветной Город,59.9782843,30.4865836,district,10.567148826346545,8.317755168677987,True,4490000.0,15.317363482435562,207870.37037037036,12.24467475570717,65,10300000.0,250000.0,202169.11764705883,415701.00840336137,18,4628808.0,218340.0,207986.11111111112,280442.8044280443,15,4537224.0,207870.37037037036,195758.49544753472,213107.56097560975,263,7500000.0,313311.6883116883,243362.9203482637,431942.4283135882
327310670,cian,2026-05-04T21:42:16.586850+00:00,Санкт-Петербург,developer,studio,0,27.69,3.3565486299932736,5.0,10.0,0.5,False,False,Адмиралтейский,Садовая,Остров первых,59.9229751,30.2775142,street,2.6783220944771378,2.481822067176933,True,16890900.0,16.642285632535838,610000.0,13.321215875492413,73,19300000.0,451851.85185185185,325510.20408163266,515585.6263228786,21,11745270.0,451851.85185185185,409542.7509293681,610000.0,14,19528670.0,463750.0,387982.5,497500.0,263,7500000.0,313311.6883116883,243362.9203482637,431942.4283135882
326518328,cian,2026-05-04T21:42:16.586850+00:00,Санкт-Петербург,real_estate_agent,studio,0,24.65,3.2445435716167785,11.0,12.0,0.9166666666666666,False,False,Приморский,Проспект Просвещения,Бионика Заповедная,60.0582128,30.2667058,house,13.558883201841663,3.912519804378273,True,7200000.0,15.789591722875162,292089.2494929006,12.584818107102835,119,11000000.0,253120.0,213054.45761967503,301644.1421266091,29,6800000.0,287169.04276985745,261506.27615062764,305240.1746724891,35,9900000.0,229117.64705882352,178772.9364833445,279693.9024390244,263,7500000.0,313311.6883116883,243362.9203482637,431942.4283135882
327230563,cian,2026-05-04T21:42:16.586850+00:00,Санкт-Петербург,real_estate_agent,studio,0,27.7,3.3568971227655755,1.0,8.0,0.125,True,False,Красносельский,Юго-Западная,Солнечный город,59.8472,30.0929827,house,15.98131791275317,7.895913252694638,True,5300000.0,15.483217567201578,191335.74007220217,12.161790191730494,45,8600000.0,223093.96897646284,183937.8238341969,261158.53658536586,13,5500000.0,231092.43697478992,214170.04048582996,271186.4406779661,49,8600000.0,227835.03496503495,191335.74007220217,261158.53658536586,263,7500000.0,313311.6883116883,243362.9203482637,431942.4283135882
323563068,cian,2026-05-04T21:42:16.586850+00:00,Санкт-Петербург,developer,studio,0,20.25,3.056356895370426,11.0,17.0,0.6470588235294118,False,False,Василеостровский,Приморская,Новая Земля ЖК,59.9592183,30.2196308,street,5.738265656122821,1.351573980586542,True,8394435.0,15.943079663389977,414540.0,12.93492716302043,165,23000000.0,425718.0832915203,357142.85714285716,499334.2210386152,33,12078600.0,434000.0,364928.9099526066,501691.8205804749,73,22280000.0,414540.0,355671.14093959733,468620.6724137931,263,7500000.0,313311.6883116883,243362.9203482637,431942.4283135882
328742361,cian,2026-05-04T21:42:16.586850+00:00,Санкт-Петербург,real_estate_agent,studio,0,24.55,3.2406373166497136,12.0,12.0,1.0,False,True,Приморский,Проспект Просвещения,Бионика Заповедная,60.0582128,30.2667058,house,13.558883201841663,3.912519804378273,True,7050000.0,15.768538316632412,287169.04276985745,12.567829802811362,119,11000000.0,253120.0,213054.45761967503,301644.1421266091,29,6800000.0,287169.04276985745,261506.27615062764,305240.1746724891,35,9900000.0,229117.64705882352,178772.9364833445,279693.9024390244,263,7500000.0,313311.6883116883,243362.9203482637,431942.4283135882
315713743,cian,2026-05-04T21:42:16.586850+00:00,Санкт-Петербург,developer,studio,0,30.1,3.4372078191851885,2.0,17.0,0.1176470588235294,False,False,Невский,Улица Дыбенко,Апарт-комплекс Зум на Неве,59.9040938,30.4498862,house,8.484472384652422,1.9125226376565383,True,6319946.0,15.659221380011928,209964.9833887043,12.25470081271549,75,8462886.0,214129.9972504812,190613.3732947499,276627.69547325105,23,5650000.0,244285.07395786644,210649.07135874877,285032.51231527096,23,10571122.0,226660.0,199068.28017997573,283016.46808134136,263,7500000.0,313311.6883116883,243362.9203482637,431942.4283135882
309824190,cian,2026-05-04T21:42:16.586850+00:00,Санкт-Петербург,developer,studio,0,23.6,3.202746442938317,10.0,12.0,0.8333333333333334,False,False,Курортный,unknown,МФК Морская ривьера,59.998243,30.0984747,house,13.71041802599338,,False,14606465.0,16.496974865349948,618918.0084745763,13.335729700577147,49,24506160.0,428400.0,344027.3037542662,554200.0,8,11752025.0,421699.87298899237,381216.3028315047,592198.5132382892,47,19900000.0,390000.0,255879.99731074355,517735.35515320336,263,7500000.0,313311.6883116883,243362.9203482637,431942.4283135882
328371035,cian,2026-05-04T21:42:16.586850+00:00,Санкт-Петербург,real_estate_agent,studio,0,34.1,3.55820113047182,8.0,10.0,0.8,False,False,Выборгский,Лесная,Георг Ландрин,59.9874307,30.3360942,house,5.56602623695075,0.5192127663729661,True,13700000.0,16.432906463791053,401759.5307917888,12.903611495556879,68,11500000.0,242464.8327306462,201785.625,296143.7908496732,11,6800000.0,268817.2043010753,248702.55794625543,307766.9552669553,37,13355877.0,359100.0,250000.0,393258.42696629214,263,7500000.0,313311.6883116883,243362.9203482637,431942.4283135882
325588747,cian,2026-05-04T21:42:16.586850+00:00,Санкт-Петербург,homeowner,studio,0,29.1,3.40452517175483,4.0,12.0,0.3333333333333333,False,False,Курортный,Беговая,unknown,59.9210888,29.7151546,house,33.42713338765602,28.244388907868856,True,4970000.0,15.418930599280037,170790.37800687284,12.048198079009008,49,24506160.0,428400.0,344027.3037542662,554200.0,8,11752025.0,421699.87298899237,381216.3028315047,592198.5132382892,29,9802294.0,240710.82390953152,210180.94089264172,306436.1191162344,263,7500000.0,313311.6883116883,243362.9203482637,431942.4283135882
326828745,cian,2026-05-04T21:42:16.586850+00:00,Санкт-Петербург,developer,studio,0,31.76,3.4892082589848687,3.0,12.0,0.25,False,False,Василеостровский,Приморская,Северный Ветер ЖК,59.9592183,30.2196308,street,5.738265656122821,1.351573980586542,True,13300000.0,16.40327466837995,418765.74307304784,12.945069344780121,165,23000000.0,425718.0832915203,357142.85714285716,499334.2210386152,33,12078600.0,434000.0,364928.9099526066,501691.8205804749,73,22280000.0,414540.0,355671.14093959733,468620.6724137931,263,7500000.0,313311.6883116883,243362.9203482637,431942.4283135882
325906661,cian,2026-05-04T21:42:16.586850+00:00,Санкт-Петербург,real_estate_agent,studio,0,24.5,3.2386784521643803,5.0,10.0,0.5,False,False,Василеостровский,Горный институт,Палацио,59.9392754,30.2438761,district,3.9122015596226105,1.2135205952657642,True,12800000.0,16.36495580701484,522448.97959183675,13.166284525399833,165,23000000.0,425718.0832915203,357142.85714285716,499334.2210386152,33,12078600.0,434000.0,364928.9099526066,501691.8205804749,49,24258479.0,491000.0,424440.0,576720.0,263,7500000.0,313311.6883116883,243362.9203482637,431942.4283135882
310175642,cian,2026-05-04T21:42:16.586850+00:00,Санкт-Петербург,real_estate_agent,studio,0,26.1,3.299533727885655,11.0,23.0,0.4782608695652174,False,False,Невский,Ломоносовская,Апарт-отель Начало,59.879154,30.4196595,house,8.85023930942466,1.2771579562497333,True,4800000.0,15.38412668421143,183908.0459770115,12.12219659903469,75,8462886.0,214129.9972504812,190613.3732947499,276627.69547325105,23,5650000.0,244285.07395786644,210649.07135874877,285032.51231527096,28,7400000.0,202820.86979581014,183649.6889170094,226678.90459640961,263,7500000.0,313311.6883116883,243362.9203482637,431942.4283135882
325856991,cian,2026-05-04T21:42:16.586850+00:00,Санкт-Петербург,developer,studio,0,34.81,3.578227184010341,6.0,16.0,0.375,False,False,Василеостровский,Приморская,Северный Ветер ЖК,59.9592183,30.2196308,street,5.738265656122821,1.351573980586542,True,15640000.0,16.565342357020057,449296.17925883364,13.01543981695894,165,23000000.0,425718.0832915203,357142.85714285716,499334.2210386152,33,12078600.0,434000.0,364928.9099526066,501691.8205804749,73,22280000.0,414540.0,355671.14093959733,468620.6724137931,263,7500000.0,313311.6883116883,243362.9203482637,431942.4283135882
328359985,cian,2026-05-04T21:42:16.586850+00:00,Санкт-Петербург,real_estate_agent,studio,0,30.0,3.4339872044851463,10.0,12.0,0.8333333333333334,False,False,Приморский,Лесная,unknown,59.9854849,30.3295552,house,5.283868897190466,0.8161427734626717,True,13800000.0,16.440179222591198,460000.0,13.038983942375959,119,11000000.0,253120.0,213054.45761967503,301644.1421266091,29,6800000.0,287169.04276985745,261506.27615062764,305240.1746724891,37,13355877.0,359100.0,250000.0,393258.42696629214,263,7500000.0,313311.6883116883,243362.9203482637,431942.4283135882
327607025,cian,2026-05-04T21:42:16.586850+00:00,Санкт-Петербург,real_estate_agent,studio,0,29.0,3.4011973816621555,6.0,10.0,0.6,False,False,Московский,Звездная,Триумф Парк,59.8212264,30.3315154,house,13.087494164860798,1.6715259075876985,True,8550000.0,15.961441957872,294827.5862068966,12.594149402733583,115,14600000.0,338071.4560122935,232688.51778861112,440766.12903225806,29,7500000.0,309911.3043478261,238601.82370820668,376194.8768864178,43,9590757.0,294827.5862068966,224474.7194575878,354639.3791256695,263,7500000.0,313311.6883116883,243362.9203482637,431942.4283135882
326074408,cian,2026-05-04T21:42:16.586850+00:00,Санкт-Петербург,developer,studio,0,25.09,3.261552099148637,10.0,10.0,1.0,False,True,Центральный,Площадь Александра Невского,Гильдия,59.9368984,30.3844576,house,3.9236329938891537,1.4082635969830763,True,19193850.0,16.770100525287024,765000.0,13.547632419997361,121,33000000.0,472702.7027027027,281949.93412384717,660000.0,14,7225000.0,371146.2450592885,349434.6733668342,631163.7931034482,35,35693422.0,625000.0,555289.7769297812,706503.2363162467,263,7500000.0,313311.6883116883,243362.9203482637,431942.4283135882
324914646,cian,2026-05-04T21:42:16.586850+00:00,Санкт-Петербург,real_estate_agent,studio,0,21.4,3.109060958860994,7.0,12.0,0.5833333333333334,False,False,Приморский,Проспект Просвещения,Бионика Заповедная,60.0582128,30.2667058,house,13.558883201841663,3.912519804378273,True,6200000.0,15.64006001130563,289719.6261682243,12.576672379594461,119,11000000.0,253120.0,213054.45761967503,301644.1421266091,29,6800000.0,287169.04276985745,261506.27615062764,305240.1746724891,35,9900000.0,229117.64705882352,178772.9364833445,279693.9024390244,263,7500000.0,313311.6883116883,243362.9203482637,431942.4283135882
326201984,cian,2026-05-04T21:42:16.586850+00:00,Санкт-Петербург,homeowner,studio,0,26.5,3.3141860046725258,1.0,11.0,0.0909090909090909,True,False,Приморский,Лесная,TARMO,59.9946385,30.3232619,house,6.252032687410551,1.5737331252939868,True,7999990.0,15.894950974643477,301886.41509433964,12.617809429149807,119,11000000.0,253120.0,213054.45761967503,301644.1421266091,29,6800000.0,287169.04276985745,261506.27615062764,305240.1746724891,37,13355877.0,359100.0,250000.0,393258.42696629214,263,7500000.0,313311.6883116883,243362.9203482637,431942.4283135882
328696845,cian,2026-05-04T21:42:16.586850+00:00,Санкт-Петербург,homeowner,studio,0,26.6,3.317815772723105,2.0,8.0,0.25,False,False,Петроградский,Спортивная,NEVA RESIDENCE,59.9581113,30.2677113,house,3.373353959702625,1.5414762901508554,True,14999999.0,16.523560759066484,563909.7368421053,13.242651249944041,215,74551226.0,688500.0,513014.51612903224,950757.9850893903,22,17782490.5,705800.0,578193.3686917055,768187.5,44,38450000.0,636691.4335664336,466248.48787486635,964962.5076891531,263,7500000.0,313311.6883116883,243362.9203482637,431942.4283135882
312808949,cian,2026-05-04T21:42:16.586850+00:00,Санкт-Петербург,realtor,studio,0,29.8,3.427514689979529,4.0,11.0,0.3636363636363636,False,False,Василеостровский,Приморская,Docklands,59.9574584,30.2424515,house,4.507243678173627,1.2045860199866203,True,10599000.0,16.17627030935791,355671.14093959733,12.78176463308008,165,23000000.0,425718.0832915203,357142.85714285716,499334.2210386152,33,12078600.0,434000.0,364928.9099526066,501691.8205804749,73,22280000.0,414540.0,355671.14093959733,468620.6724137931,263,7500000.0,313311.6883116883,243362.9203482637,431942.4283135882
320457428,cian,2026-05-04T21:42:16.586850+00:00,Санкт-Петербург,developer,studio,0,24.68,3.2457124788217606,12.0,15.0,0.8,False,False,Калининский,Лесная,Аурум ЖК,59.9327565,30.2728798,house,2.3863606059545583,7.047975623424182,True,10582898.0,16.174749954422648,428804.6191247974,12.9687589929551,53,10624445.0,291095.8904109589,210032.36245954694,359100.0,12,9445057.0,371315.1925461211,326586.5384615385,393625.0,37,13355877.0,359100.0,250000.0,393258.42696629214,263,7500000.0,313311.6883116883,243362.9203482637,431942.4283135882
328464231,cian,2026-05-04T21:42:16.586850+00:00,Санкт-Петербург,homeowner,studio,0,27.0,3.332204510175204,3.0,16.0,0.1875,False,False,Невский,Пролетарская,Green City,59.862055,30.452456,house,11.487905789154553,1.0147025146039212,True,8790000.0,15.989125383426996,325555.55555555556,12.693291475324669,75,8462886.0,214129.9972504812,190613.3732947499,276627.69547325105,23,5650000.0,244285.07395786644,210649.07135874877,285032.51231527096,4,6675000.0,237295.03562139545,213041.59326139616,267875.3753753754,263,7500000.0,313311.6883116883,243362.9203482637,431942.4283135882
329128736,cian,2026-05-04T21:42:16.586850+00:00,Санкт-Петербург,real_estate_agent,studio,0,24.5,3.2386784521643803,1.0,25.0,0.04,True,False,Приморский,Комендантский проспект,Чистое небо,60.0384873,30.2306983,house,12.036647143387263,3.77244654104595,True,6150000.0,15.631962802384312,251020.4081632653,12.433293505963922,119,11000000.0,253120.0,213054.45761967503,301644.1421266091,29,6800000.0,287169.04276985745,261506.27615062764,305240.1746724891,62,11400000.0,258025.86534804112,212350.63966555786,313750.0,263,7500000.0,313311.6883116883,243362.9203482637,431942.4283135882
328798459,cian,2026-05-04T21:42:16.586850+00:00,Санкт-Петербург,real_estate_agent,studio,0,11.0,2.4849066497880004,1.0,3.0,0.3333333333333333,True,False,Невский,Елизаровская,unknown,59.8999135,30.4252251,house,7.540734734847959,0.4441864665481898,True,3250000.0,14.99416586199818,295454.54545454547,12.596273666117206,75,8462886.0,214129.9972504812,190613.3732947499,276627.69547325105,23,5650000.0,244285.07395786644,210649.07135874877,285032.51231527096,4,7150000.0,317727.2727272727,293872.0761996624,343072.2891566265,263,7500000.0,313311.6883116883,243362.9203482637,431942.4283135882
329465643,cian,2026-05-04T21:42:16.586850+00:00,Санкт-Петербург,real_estate_agent,studio,0,24.7,3.246490991901174,7.0,13.0,0.5384615384615384,False,False,Красносельский,Юго-Западная,Солнечный город,59.8406961,30.1052814,house,15.943704483337202,7.396095434932252,True,5290000.0,15.48132899287038,214170.04048582996,12.274530229376795,45,8600000.0,223093.96897646284,183937.8238341969,261158.53658536586,13,5500000.0,231092.43697478992,214170.04048582996,271186.4406779661,49,8600000.0,227835.03496503495,191335.74007220217,261158.53658536586,263,7500000.0,313311.6883116883,243362.9203482637,431942.4283135882
309824135,cian,2026-05-04T21:42:16.586850+00:00,Санкт-Петербург,developer,studio,0,49.1,3.914021008090819,12.0,12.0,1.0,False,True,Курортный,unknown,МФК Морская ривьера,59.998243,30.0984747,house,13.71041802599338,,False,30247763.0,17.22493282235373,616044.0529531568,13.331075377752178,49,24506160.0,428400.0,344027.3037542662,554200.0,8,11752025.0,421699.87298899237,381216.3028315047,592198.5132382892,47,19900000.0,390000.0,255879.99731074355,517735.35515320336,263,7500000.0,313311.6883116883,243362.9203482637,431942.4283135882
329598013,cian,2026-05-04T21:42:16.586850+00:00,Санкт-Петербург,real_estate_agent,studio,0,25.7,3.284663565406204,4.0,19.0,0.2105263157894736,False,False,Московский,Звездная,4YOU,59.823625,30.3374634,house,12.850945039385834,1.2770368758028958,True,8000000.0,15.894952224644102,311284.046692607,12.648464320237776,115,14600000.0,338071.4560122935,232688.51778861112,440766.12903225806,29,7500000.0,309911.3043478261,238601.82370820668,376194.8768864178,43,9590757.0,294827.5862068966,224474.7194575878,354639.3791256695,263,7500000.0,313311.6883116883,243362.9203482637,431942.4283135882
325672748,cian,2026-05-04T21:42:16.586850+00:00,Санкт-Петербург,developer,studio,0,32.4,3.5085558999826545,6.0,11.0,0.5454545454545454,False,False,Пушкинский,Шушары,Полет,59.7547742,30.4750047,house,22.329050642512243,7.63349239961537,True,4483800.0,15.315981682171524,138388.8888888889,11.837830262335695,43,7166266.0,202797.2027972028,163053.72914003386,232898.85297184568,11,5790000.0,213586.68871434475,205653.92054753756,241282.6302115551,18,7450000.0,145612.922705314,128822.01343198246,164048.5800516345,263,7500000.0,313311.6883116883,243362.9203482637,431942.4283135882
328572375,cian,2026-05-04T21:42:16.586850+00:00,Санкт-Петербург,unknown,studio,0,29.9,3.4307561839036995,5.0,6.0,0.8333333333333334,False,False,Василеостровский,Приморская,GloraX Василеостровский,59.9424592,30.1937085,house,6.719217204348528,2.1593503936223613,True,10700000.0,16.185754392890075,357859.5317725753,12.787898613424113,165,23000000.0,425718.0832915203,357142.85714285716,499334.2210386152,33,12078600.0,434000.0,364928.9099526066,501691.8205804749,73,22280000.0,414540.0,355671.14093959733,468620.6724137931,263,7500000.0,313311.6883116883,243362.9203482637,431942.4283135882
320459068,cian,2026-05-04T21:42:16.586850+00:00,Санкт-Петербург,developer,studio,0,23.34,3.1921210875593813,13.0,17.0,0.7647058823529411,False,False,Калининский,Лесная,Аурум ЖК,59.9327565,30.2728798,street,2.3863606059545583,7.047975623424182,True,10552953.0,16.171916378693666,452140.23136246786,13.021749868775816,53,10624445.0,291095.8904109589,210032.36245954694,359100.0,12,9445057.0,371315.1925461211,326586.5384615385,393625.0,37,13355877.0,359100.0,250000.0,393258.42696629214,263,7500000.0,313311.6883116883,243362.9203482637,431942.4283135882
327760721,cian,2026-05-04T21:42:16.586850+00:00,Санкт-Петербург,homeowner,studio,0,25.1,3.261935314328648,3.0,7.0,0.4285714285714285,False,False,Петроградский,Петроградская,ID Petrogradskaya,59.9702849,30.2928553,house,3.716441865638088,1.0302463510485302,True,17900000.0,16.700311326676903,713147.4103585657,13.477444826906899,215,74551226.0,688500.0,513014.51612903224,950757.9850893903,22,17782490.5,705800.0,578193.3686917055,768187.5,37,50900000.0,459966.6388657214,414269.2750287687,650000.0,263,7500000.0,313311.6883116883,243362.9203482637,431942.4283135882
329169182,cian,2026-05-04T21:42:16.586850+00:00,Санкт-Петербург,real_estate_agent,studio,0,19.8,3.0349529867072724,12.0,25.0,0.48,False,False,Приморский,Проспект Просвещения,Заповедный парк,60.0528005,30.2700223,house,12.932895982899137,3.6787541626613742,True,5600000.0,15.53827733427679,282828.2828282828,12.552598753712923,119,11000000.0,253120.0,213054.45761967503,301644.1421266091,29,6800000.0,287169.04276985745,261506.27615062764,305240.1746724891,35,9900000.0,229117.64705882352,178772.9364833445,279693.9024390244,263,7500000.0,313311.6883116883,243362.9203482637,431942.4283135882
315714422,cian,2026-05-04T21:42:16.586850+00:00,Санкт-Петербург,developer,studio,0,28.3,3.3775875160230218,16.0,17.0,0.9411764705882352,False,False,Невский,Улица Дыбенко,Апарт-комплекс Зум на Неве,59.9040938,30.4498862,house,8.484472384652422,1.9125226376565383,True,6414478.0,15.67406833683345,226660.0,12.331210788171674,75,8462886.0,214129.9972504812,190613.3732947499,276627.69547325105,23,5650000.0,244285.07395786644,210649.07135874877,285032.51231527096,23,10571122.0,226660.0,199068.28017997573,283016.46808134136,263,7500000.0,313311.6883116883,243362.9203482637,431942.4283135882
327180459,cian,2026-05-04T21:42:16.586850+00:00,Санкт-Петербург,real_estate_agent,studio,0,21.1,3.095577608523707,7.0,15.0,0.4666666666666667,False,False,Василеостровский,Приморская,Морская набережная,59.9323631,30.1977221,house,6.519928404020035,2.556163713704366,True,7700000.0,15.856731016694036,364928.9099526066,12.807460586597877,165,23000000.0,425718.0832915203,357142.85714285716,499334.2210386152,33,12078600.0,434000.0,364928.9099526066,501691.8205804749,73,22280000.0,414540.0,355671.14093959733,468620.6724137931,263,7500000.0,313311.6883116883,243362.9203482637,431942.4283135882
327152276,cian,2026-05-04T21:42:16.586850+00:00,Санкт-Петербург,real_estate_agent,studio,0,18.0,2.9444389791664403,2.0,5.0,0.4,False,False,Центральный,Владимирская,unknown,59.9235165,30.3483436,house,2.5402436853253336,0.59202732345109,True,6300000.0,15.656060350091908,350000.0,12.765691290604371,121,33000000.0,472702.7027027027,281949.93412384717,660000.0,14,7225000.0,371146.2450592885,349434.6733668342,631163.7931034482,4,9300000.0,354651.16279069765,307587.97653958946,362658.5623678647,263,7500000.0,313311.6883116883,243362.9203482637,431942.4283135882
329339299,cian,2026-05-04T21:42:16.586850+00:00,Санкт-Петербург,developer,studio,0,21.5,3.1135153092103742,4.0,13.0,0.3076923076923077,False,False,Кировский,Кировский завод,Industrial AVENIR,59.8698869,30.2344474,district,8.837605523094073,1.947701528227111,True,5350000.0,15.49260730578806,248837.2093023256,12.424558202422086,23,9549000.0,189523.80952380953,167164.71534237044,209193.37893257206,2,5604741.0,238416.30893131843,233205.85874581485,243626.759116822,4,9929741.0,218716.24732651326,198794.14353258768,233205.85874581485,263,7500000.0,313311.6883116883,243362.9203482637,431942.4283135882
328880934,cian,2026-05-04T21:42:16.586850+00:00,Санкт-Петербург,realtor,studio,0,23.9,3.214867803470662,16.0,24.0,0.6666666666666666,False,False,Приморский,Комендантский проспект,Полис на Комендантском,60.0356727,30.2160142,house,12.094314143788562,3.899862204780425,True,6250000.0,15.648092181712572,261506.27615062764,12.474217386767808,119,11000000.0,253120.0,213054.45761967503,301644.1421266091,29,6800000.0,287169.04276985745,261506.27615062764,305240.1746724891,62,11400000.0,258025.86534804112,212350.63966555786,313750.0,263,7500000.0,313311.6883116883,243362.9203482637,431942.4283135882
324747256,cian,2026-05-04T21:42:16.586850+00:00,Санкт-Петербург,real_estate_agent,studio,0,21.0,3.091042453358316,22.0,25.0,0.88,False,False,Красногвардейский,Девяткино,Цветной Город,59.9782843,30.4865836,district,10.567148826346545,8.317755168677987,True,3950000.0,15.18922639004183,188095.2380952381,12.144709015595446,65,10300000.0,250000.0,202169.11764705883,415701.00840336137,18,4628808.0,218340.0,207986.11111111112,280442.8044280443,15,4537224.0,207870.37037037036,195758.49544753472,213107.56097560975,263,7500000.0,313311.6883116883,243362.9203482637,431942.4283135882
326663160,cian,2026-05-04T21:42:16.586850+00:00,Санкт-Петербург,developer,studio,0,27.2,3.339321977944068,12.0,12.0,1.0,False,True,Пушкинский,Звездная,Ол ин 3.0,59.8125734,30.3545023,house,14.193764392476208,2.413502436213449,True,7166266.0,15.78489543543286,263465.6617647059,12.481682118142064,43,7166266.0,202797.2027972028,163053.72914003386,232898.85297184568,11,5790000.0,213586.68871434475,205653.92054753756,241282.6302115551,43,9590757.0,294827.5862068966,224474.7194575878,354639.3791256695,263,7500000.0,313311.6883116883,243362.9203482637,431942.4283135882
328760229,cian,2026-05-04T21:42:16.586850+00:00,Санкт-Петербург,realtor,studio,0,24.1,3.2228678461377385,20.0,24.0,0.8333333333333334,False,False,Приморский,Комендантский проспект,Чистое небо,60.0384873,30.2306983,house,12.036647143387263,3.77244654104595,True,6650000.0,15.710127563007966,275933.6099585062,12.52791919618901,119,11000000.0,253120.0,213054.45761967503,301644.1421266091,29,6800000.0,287169.04276985745,261506.27615062764,305240.1746724891,62,11400000.0,258025.86534804112,212350.63966555786,313750.0,263,7500000.0,313311.6883116883,243362.9203482637,431942.4283135882
329222737,cian,2026-05-04T21:42:16.586850+00:00,Санкт-Петербург,real_estate_agent,studio,0,19.9,3.039749158970765,8.0,19.0,0.4210526315789473,False,False,Красногвардейский,Девяткино,Пейзажный квартал,60.0124707,30.4797229,house,12.344531800888983,4.632320085026887,True,3890000.0,15.173919972664004,195477.38693467338,12.183205099532332,65,10300000.0,250000.0,202169.11764705883,415701.00840336137,18,4628808.0,218340.0,207986.11111111112,280442.8044280443,15,4537224.0,207870.37037037036,195758.49544753472,213107.56097560975,263,7500000.0,313311.6883116883,243362.9203482637,431942.4283135882
329581693,cian,2026-05-04T21:42:16.586850+00:00,Санкт-Петербург,developer,studio,0,25.41,3.273742726309041,2.0,25.0,0.08,False,False,Приморский,Пионерская,Приморский квартал,59.9994651,30.3021319,house,6.800591732726898,0.3865758474253742,True,10998728.0,16.213290278632208,432850.3738685557,12.978149700645018,119,11000000.0,253120.0,213054.45761967503,301644.1421266091,29,6800000.0,287169.04276985745,261506.27615062764,305240.1746724891,6,10999364.0,250931.05773122894,191239.14657092388,349044.85411604866,263,7500000.0,313311.6883116883,243362.9203482637,431942.4283135882
327963449,cian,2026-05-04T21:42:16.586850+00:00,Санкт-Петербург,real_estate_agent,studio,0,24.0,3.218875824868201,8.0,8.0,1.0,False,True,Красносельский,Юго-Западная,Солнечный город,59.8348974,30.0916071,house,16.942128463456303,8.322972135684111,True,6200000.0,15.64006001130563,258333.33333333334,12.462009890627623,45,8600000.0,223093.96897646284,183937.8238341969,261158.53658536586,13,5500000.0,231092.43697478992,214170.04048582996,271186.4406779661,49,8600000.0,227835.03496503495,191335.74007220217,261158.53658536586,263,7500000.0,313311.6883116883,243362.9203482637,431942.4283135882
320657178,cian,2026-05-04T21:42:16.586850+00:00,Санкт-Петербург,real_estate_agent,studio,0,27.8,3.3603753871419,12.0,17.0,0.7058823529411765,False,False,Адмиралтейский,Фрунзенская,Promenade,59.9063043,30.3140674,house,3.5911234122334306,0.2505653681825929,True,8900000.0,16.001561947061912,320143.8848920863,12.676528937596403,73,19300000.0,451851.85185185185,325510.20408163266,515585.6263228786,21,11745270.0,451851.85185185185,409542.7509293681,610000.0,10,14049999.5,438359.34664246824,398405.74954907777,463745.7418279336,263,7500000.0,313311.6883116883,243362.9203482637,431942.4283135882
314890556,cian,2026-05-04T21:42:16.586850+00:00,Санкт-Петербург,developer,studio,0,27.98,3.3666059368925363,4.0,6.0,0.6666666666666666,False,False,Петроградский,Петроградская,ID Petrogradskaya,59.9702849,30.2928553,house,3.716441865638088,1.0302463510485302,True,18187000.0,16.71621766609348,650000.0,13.384729180332174,215,74551226.0,688500.0,513014.51612903224,950757.9850893903,22,17782490.5,705800.0,578193.3686917055,768187.5,37,50900000.0,459966.6388657214,414269.2750287687,650000.0,263,7500000.0,313311.6883116883,243362.9203482637,431942.4283135882
326996743,cian,2026-05-04T21:42:16.586850+00:00,Санкт-Петербург,real_estate_agent,studio,0,25.0,3.258096538021482,16.0,25.0,0.64,False,False,Выборгский,Парнас,Миллениум,60.0700662,30.3162403,house,14.618878838167294,1.1407621471604306,True,6850000.0,15.739759356223798,274000.0,12.520887034998584,68,11500000.0,242464.8327306462,201785.625,296143.7908496732,11,6800000.0,268817.2043010753,248702.55794625543,307766.9552669553,14,7850000.0,225945.53060701783,203626.49866103235,261172.79510923312,263,7500000.0,313311.6883116883,243362.9203482637,431942.4283135882
327320712,cian,2026-05-04T21:42:16.586850+00:00,Санкт-Петербург,real_estate_agent,studio,0,25.0,3.258096538021482,21.0,27.0,0.7777777777777778,False,False,Невский,Рыбацкое,Невские паруса,59.8265864,30.5523933,house,18.21828748726801,2.9625681691521684,True,5300000.0,15.483217567201578,212000.0,12.264346270624157,75,8462886.0,214129.9972504812,190613.3732947499,276627.69547325105,23,5650000.0,244285.07395786644,210649.07135874877,285032.51231527096,12,6575000.0,189494.43052436158,165480.64611444896,210909.0909090909,263,7500000.0,313311.6883116883,243362.9203482637,431942.4283135882
318142395,cian,2026-05-04T21:42:16.586850+00:00,Санкт-Петербург,developer,studio,0,20.5,3.068052935133617,10.0,11.0,0.9090909090909092,False,False,Адмиралтейский,Технологический институт,Измайловский,59.9184426,30.302795,district,2.3282287750595416,0.951474219962192,True,11745270.0,16.278961249457318,572940.0,13.258538023554241,73,19300000.0,451851.85185185185,325510.20408163266,515585.6263228786,21,11745270.0,451851.85185185185,409542.7509293681,610000.0,7,16706808.0,444330.0,188344.02709804592,456840.0,263,7500000.0,313311.6883116883,243362.9203482637,431942.4283135882
329660767,cian,2026-05-04T21:42:16.586850+00:00,Санкт-Петербург,real_estate_agent,studio,0,28.4,3.380994674344636,16.0,23.0,0.6956521739130435,False,False,Невский,Улица Дыбенко,Полис на Неве,59.8940347,30.4482144,house,8.968626019391554,2.453319316206085,True,8378000.0,15.94111989984934,295000.0,12.59473402514672,75,8462886.0,214129.9972504812,190613.3732947499,276627.69547325105,23,5650000.0,244285.07395786644,210649.07135874877,285032.51231527096,23,10571122.0,226660.0,199068.28017997573,283016.46808134136,263,7500000.0,313311.6883116883,243362.9203482637,431942.4283135882
327437057,cian,2026-05-04T21:42:16.586850+00:00,Санкт-Петербург,real_estate_agent,studio,0,29.9,3.4307561839036995,8.0,11.0,0.7272727272727273,False,False,Василеостровский,Приморская,Docklands 2,59.9565057,30.2469976,house,4.233990211218257,1.282809056023204,True,9590000.0,16.076231551134903,320735.78595317726,12.678376084289194,165,23000000.0,425718.0832915203,357142.85714285716,499334.2210386152,33,12078600.0,434000.0,364928.9099526066,501691.8205804749,73,22280000.0,414540.0,355671.14093959733,468620.6724137931,263,7500000.0,313311.6883116883,243362.9203482637,431942.4283135882
322087755,cian,2026-05-04T21:42:16.586850+00:00,Санкт-Петербург,developer,studio,0,27.06,3.334345074674314,3.0,4.0,0.75,False,False,Пушкинский,Купчино,Образцовый квартал 17 ЖК,59.7318379,30.4244923,district,23.803942467635743,11.048014142033765,True,6148032.0,15.631642751225437,227200.0,12.333590367227897,43,7166266.0,202797.2027972028,163053.72914003386,232898.85297184568,11,5790000.0,213586.68871434475,205653.92054753756,241282.6302115551,32,7495000.0,211094.97047056584,198690.38857472915,238287.2080291971,263,7500000.0,313311.6883116883,243362.9203482637,431942.4283135882
323315363,cian,2026-05-04T21:42:16.586850+00:00,Санкт-Петербург,developer,studio,0,30.8,3.459466289786131,2.0,12.0,0.1666666666666666,False,False,Выборгский,Проспект Просвещения,Руднева 15,60.0448508,30.3657647,house,12.15890351523572,1.849241959574272,True,9650000.0,16.082468576942105,313311.6883116883,12.65495697504039,68,11500000.0,242464.8327306462,201785.625,296143.7908496732,11,6800000.0,268817.2043010753,248702.55794625543,307766.9552669553,35,9900000.0,229117.64705882352,178772.9364833445,279693.9024390244,263,7500000.0,313311.6883116883,243362.9203482637,431942.4283135882
328323536,cian,2026-05-04T21:42:16.586850+00:00,Санкт-Петербург,real_estate_agent,studio,0,27.4,3.3463891451671604,5.0,5.0,1.0,False,True,Пушкинский,Купчино,unknown,59.7554661,30.3300765,house,20.38313130218765,8.659220702453394,True,6500000.0,15.687312888712007,237226.2773722628,12.376773936847572,43,7166266.0,202797.2027972028,163053.72914003386,232898.85297184568,11,5790000.0,213586.68871434475,205653.92054753756,241282.6302115551,32,7495000.0,211094.97047056584,198690.38857472915,238287.2080291971,263,7500000.0,313311.6883116883,243362.9203482637,431942.4283135882
325507473,cian,2026-05-04T21:42:16.586850+00:00,Санкт-Петербург,developer,studio,0,25.7,3.284663565406204,3.0,13.0,0.2307692307692307,False,False,Кировский,Кировский завод,Industrial AVENIR,59.8698869,30.2344474,district,8.837605523094073,1.947701528227111,True,5859482.0,15.583571932405146,227995.40856031128,12.337085155884056,23,9549000.0,189523.80952380953,167164.71534237044,209193.37893257206,2,5604741.0,238416.30893131843,233205.85874581485,243626.759116822,4,9929741.0,218716.24732651326,198794.14353258768,233205.85874581485,263,7500000.0,313311.6883116883,243362.9203482637,431942.4283135882
327797982,cian,2026-05-04T21:42:16.586850+00:00,Санкт-Петербург,developer,studio,0,21.2,3.100092288878234,13.0,23.0,0.5652173913043478,False,False,Красногвардейский,Академическая,Зеркальный ручей,59.9782843,30.4865836,district,10.567148826346545,6.268960516459136,True,4720392.0,15.367402616807455,222660.0,12.313405714425043,65,10300000.0,250000.0,202169.11764705883,415701.00840336137,18,4628808.0,218340.0,207986.11111111112,280442.8044280443,13,16000000.0,222841.22562674095,186956.52173913043,293733.681462141,263,7500000.0,313311.6883116883,243362.9203482637,431942.4283135882
326270298,cian,2026-05-04T21:42:16.586850+00:00,Санкт-Петербург,real_estate_agent,studio,0,19.5,3.0204248861443626,10.0,13.0,0.7692307692307693,False,False,Приморский,Комендантский проспект,New Time,60.0318444,30.1993686,house,12.174858079666176,4.21563214322304,True,6790000.0,15.730961646810274,348205.1282051282,12.760549905831452,119,11000000.0,253120.0,213054.45761967503,301644.1421266091,29,6800000.0,287169.04276985745,261506.27615062764,305240.1746724891,62,11400000.0,258025.86534804112,212350.63966555786,313750.0,263,7500000.0,313311.6883116883,243362.9203482637,431942.4283135882
328212030,cian,2026-05-04T21:42:16.586850+00:00,Санкт-Петербург,realtor,studio,0,24.8,3.250374491927572,11.0,17.0,0.6470588235294118,False,False,Московский,Звездная,Две столицы,59.8205394,30.3411945,house,13.214528563802704,1.5334973235196052,True,5950000.0,15.598901945589024,239919.35483870967,12.388062292409417,115,14600000.0,338071.4560122935,232688.51778861112,440766.12903225806,29,7500000.0,309911.3043478261,238601.82370820668,376194.8768864178,43,9590757.0,294827.5862068966,224474.7194575878,354639.3791256695,263,7500000.0,313311.6883116883,243362.9203482637,431942.4283135882
326415424,cian,2026-05-04T21:42:16.586850+00:00,Санкт-Петербург,developer,studio,0,20.0,3.044522437723423,9.0,9.0,1.0,False,True,Адмиралтейский,Балтийская,Лермонтовский 54,59.9102168,30.3018821,house,3.2286731735675103,0.4304952981660762,True,13894000.0,16.446967722208473,694700.0,13.451236816150212,73,19300000.0,451851.85185185185,325510.20408163266,515585.6263228786,21,11745270.0,451851.85185185185,409542.7509293681,610000.0,24,19487440.0,489918.4408501023,447802.11723439646,572020.1837657281,263,7500000.0,313311.6883116883,243362.9203482637,431942.4283135882
324466448,cian,2026-05-04T21:42:16.586850+00:00,Санкт-Петербург,realtor,studio,0,32.6,3.5145260669691587,3.0,8.0,0.375,False,False,Петроградский,Петроградская,unknown,59.9642342,30.2858201,district,3.256398622023302,1.3907336021728751,True,22820000.0,16.943147946219412,700000.0,13.45883704259595,215,74551226.0,688500.0,513014.51612903224,950757.9850893903,22,17782490.5,705800.0,578193.3686917055,768187.5,37,50900000.0,459966.6388657214,414269.2750287687,650000.0,263,7500000.0,313311.6883116883,243362.9203482637,431942.4283135882
329168346,cian,2026-05-04T21:42:16.586850+00:00,Санкт-Петербург,homeowner,studio,0,22.8,3.169685580677429,6.0,22.0,0.2727272727272727,False,False,Приморский,Комендантский проспект,Богатырь 3,59.9948255,30.2751034,house,6.617981095072009,1.7048391310214028,True,6800000.0,15.732433317205148,298245.6140350877,12.605675987121495,119,11000000.0,253120.0,213054.45761967503,301644.1421266091,29,6800000.0,287169.04276985745,261506.27615062764,305240.1746724891,62,11400000.0,258025.86534804112,212350.63966555786,313750.0,263,7500000.0,313311.6883116883,243362.9203482637,431942.4283135882
318135097,cian,2026-05-04T21:42:16.586850+00:00,Санкт-Петербург,developer,studio,0,31.2,3.471966452550362,8.0,8.0,1.0,False,True,Петроградский,Спортивная,NEVA RESIDENCE,59.9581113,30.2677113,house,3.373353959702625,1.5414762901508554,True,23790000.0,16.984775924313606,762500.0,13.544359098938253,215,74551226.0,688500.0,513014.51612903224,950757.9850893903,22,17782490.5,705800.0,578193.3686917055,768187.5,44,38450000.0,636691.4335664336,466248.48787486635,964962.5076891531,263,7500000.0,313311.6883116883,243362.9203482637,431942.4283135882
326971262,cian,2026-05-04T21:42:16.586850+00:00,Санкт-Петербург,real_estate_agent,studio,0,25.26,3.26804686887465,1.0,5.0,0.2,True,False,Курортный,Беговая,BEREG.Курортный,60.0863026,29.9425321,house,26.385229379440663,18.13865490431125,True,10300000.0,16.14765455028724,407759.3032462391,12.918434788701695,49,24506160.0,428400.0,344027.3037542662,554200.0,8,11752025.0,421699.87298899237,381216.3028315047,592198.5132382892,29,9802294.0,240710.82390953152,210180.94089264172,306436.1191162344,263,7500000.0,313311.6883116883,243362.9203482637,431942.4283135882
329521443,cian,2026-05-04T21:42:16.586850+00:00,Санкт-Петербург,real_estate_agent,studio,0,22.7,3.1654750481410856,17.0,26.0,0.6538461538461539,False,False,Выборгский,Парнас,Северная долина,60.0765467,30.3430803,house,15.423346597554248,1.0953602796647215,True,5990000.0,15.605602137036527,263876.65198237885,12.48324083524651,68,11500000.0,242464.8327306462,201785.625,296143.7908496732,11,6800000.0,268817.2043010753,248702.55794625543,307766.9552669553,14,7850000.0,225945.53060701783,203626.49866103235,261172.79510923312,263,7500000.0,313311.6883116883,243362.9203482637,431942.4283135882
324560397,cian,2026-05-04T21:42:16.586850+00:00,Санкт-Петербург,developer,studio,0,24.4,3.2347491740244907,3.0,10.0,0.3,False,False,Выборгский,Политехническая,iD Polytech,60.0078446,30.3595206,house,8.103830722179515,0.5633886327359834,True,8540000.0,15.960271682860764,350000.0,12.765691290604371,68,11500000.0,242464.8327306462,201785.625,296143.7908496732,11,6800000.0,268817.2043010753,248702.55794625543,307766.9552669553,3,8540000.0,220735.78595317726,217610.2328094577,285367.8929765886,263,7500000.0,313311.6883116883,243362.9203482637,431942.4283135882
327624719,cian,2026-05-04T21:42:16.586850+00:00,Санкт-Петербург,real_estate_agent,studio,0,25.0,3.258096538021482,4.0,25.0,0.16,False,False,Приморский,Комендантский проспект,Прайм Приморский,60.0407828,30.2435679,house,12.02028111344528,3.8063215156068777,True,7898257.0,15.88215278679304,315930.28,12.663280000564948,119,11000000.0,253120.0,213054.45761967503,301644.1421266091,29,6800000.0,287169.04276985745,261506.27615062764,305240.1746724891,62,11400000.0,258025.86534804112,212350.63966555786,313750.0,263,7500000.0,313311.6883116883,243362.9203482637,431942.4283135882
328815601,cian,2026-05-04T21:42:16.586850+00:00,Санкт-Петербург,homeowner,studio,0,27.6,3.353406717825807,4.0,17.0,0.2352941176470588,False,False,Фрунзенский,Проспект Славы,unknown,59.8478552,30.4106016,house,11.436238852961871,1.1628121836664314,True,7850000.0,15.876024217147116,284420.28985507245,12.558211832952873,36,11675000.0,275360.4958677686,194624.98710409575,392205.28341254056,9,6990000.0,284420.28985507245,254307.1161048689,379253.9655172414,6,9350000.0,243361.1025403682,197474.2020638349,267095.2380952381,263,7500000.0,313311.6883116883,243362.9203482637,431942.4283135882
318140470,cian,2026-05-04T21:42:16.586850+00:00,Санкт-Петербург,developer,studio,0,23.3,3.190476350346503,7.0,9.0,0.7777777777777778,False,False,Петроградский,Крестовский остров,NEVA HAUS,59.9606929,30.2676571,house,3.566874646441068,1.2418928544852768,True,18623690.0,16.739945037880815,799300.0,13.591492874708036,215,74551226.0,688500.0,513014.51612903224,950757.9850893903,22,17782490.5,705800.0,578193.3686917055,768187.5,69,105000000.0,775889.9676375405,607500.0,1050000.0,263,7500000.0,313311.6883116883,243362.9203482637,431942.4283135882
322180009,cian,2026-05-04T21:42:16.586850+00:00,Санкт-Петербург,real_estate_agent,studio,0,21.4,3.109060958860994,9.0,12.0,0.75,False,False,Приморский,Комендантский проспект,Бионика Заповедная,60.0350183,30.2276541,street,11.750009671595318,3.49605334332109,True,6190000.0,15.638445806211656,289252.33644859813,12.575058179816011,119,11000000.0,253120.0,213054.45761967503,301644.1421266091,29,6800000.0,287169.04276985745,261506.27615062764,305240.1746724891,62,11400000.0,258025.86534804112,212350.63966555786,313750.0,263,7500000.0,313311.6883116883,243362.9203482637,431942.4283135882
327307046,cian,2026-05-04T21:42:16.586850+00:00,Санкт-Петербург,real_estate_agent,studio,0,27.9,3.3638415951183864,16.0,20.0,0.8,False,False,Красносельский,Юго-Западная,Прибалтийский,59.8674276,30.171831,house,11.205529128417384,3.4717391006981515,True,6999000.0,15.76127798254922,250860.21505376344,12.432655137120166,45,8600000.0,223093.96897646284,183937.8238341969,261158.53658536586,13,5500000.0,231092.43697478992,214170.04048582996,271186.4406779661,49,8600000.0,227835.03496503495,191335.74007220217,261158.53658536586,263,7500000.0,313311.6883116883,243362.9203482637,431942.4283135882
329232299,cian,2026-05-04T21:42:16.586850+00:00,Санкт-Петербург,developer,studio,0,24.19,3.226447090364519,12.0,12.0,1.0,False,True,Пушкинский,Купчино,Солар Парк,59.7318379,30.4244923,district,23.803942467635743,11.048014142033765,True,5166662.0,15.457737583543697,213586.68871434475,12.271802747301967,43,7166266.0,202797.2027972028,163053.72914003386,232898.85297184568,11,5790000.0,213586.68871434475,205653.92054753756,241282.6302115551,32,7495000.0,211094.97047056584,198690.38857472915,238287.2080291971,263,7500000.0,313311.6883116883,243362.9203482637,431942.4283135882
318696399,cian,2026-05-04T21:42:16.586850+00:00,Санкт-Петербург,real_estate_agent,studio,0,31.5,3.481240089335692,1.0,5.0,0.2,True,False,Курортный,Беговая,BEREG.Курортный,60.0863026,29.9425321,house,26.385229379440663,18.13865490431125,True,9500000.0,16.066802461833923,301587.3015873016,12.616818126523158,49,24506160.0,428400.0,344027.3037542662,554200.0,8,11752025.0,421699.87298899237,381216.3028315047,592198.5132382892,29,9802294.0,240710.82390953152,210180.94089264172,306436.1191162344,263,7500000.0,313311.6883116883,243362.9203482637,431942.4283135882
329141631,cian,2026-05-04T21:42:16.586850+00:00,Санкт-Петербург,real_estate_agent,studio,0,23.0,3.1780538303479458,2.0,9.0,0.2222222222222222,False,False,Центральный,Площадь Александра Невского,Царская столица,59.923585,30.3698376,house,3.52570495379515,0.7970361275491111,True,8500000.0,15.955576839107596,369565.2173913043,12.820085211410087,121,33000000.0,472702.7027027027,281949.93412384717,660000.0,14,7225000.0,371146.2450592885,349434.6733668342,631163.7931034482,35,35693422.0,625000.0,555289.7769297812,706503.2363162467,263,7500000.0,313311.6883116883,243362.9203482637,431942.4283135882
328854875,cian,2026-05-04T21:42:16.586850+00:00,Санкт-Петербург,developer,studio,0,24.6,3.242592351485517,8.0,8.0,1.0,False,True,Василеостровский,Горный институт,Шкиперский 19 ЖК,59.8623959,30.2212383,house,9.930578149556096,8.116304581814136,True,12078600.0,16.30694593250602,491000.0,13.104201443434462,165,23000000.0,425718.0832915203,357142.85714285716,499334.2210386152,33,12078600.0,434000.0,364928.9099526066,501691.8205804749,49,24258479.0,491000.0,424440.0,576720.0,263,7500000.0,313311.6883116883,243362.9203482637,431942.4283135882
326436293,cian,2026-05-04T21:42:16.586850+00:00,Санкт-Петербург,real_estate_agent,studio,0,16.5,2.862200880929469,4.0,6.0,0.6666666666666666,False,False,Центральный,Владимирская,unknown,59.9264247,30.3478113,house,2.315184388929515,0.2710386180633604,True,6150000.0,15.631962802384312,372727.2727272727,12.828604941799396,121,33000000.0,472702.7027027027,281949.93412384717,660000.0,14,7225000.0,371146.2450592885,349434.6733668342,631163.7931034482,4,9300000.0,354651.16279069765,307587.97653958946,362658.5623678647,263,7500000.0,313311.6883116883,243362.9203482637,431942.4283135882
321121144,cian,2026-05-04T21:42:16.586850+00:00,Санкт-Петербург,real_estate_agent,studio,0,24.4,3.2347491740244907,17.0,18.0,0.9444444444444444,False,False,Фрунзенский,Бухарестская,Комплекс апартаментов Valo City,59.8849503,30.368332,house,6.687894348647019,0.1139997060227167,True,5495000.0,15.519349327803464,225204.9180327869,12.324770453911208,36,11675000.0,275360.4958677686,194624.98710409575,392205.28341254056,9,6990000.0,284420.28985507245,254307.1161048689,379253.9655172414,3,6990000.0,301293.1034482759,263249.0107405314,324200.27073240245,263,7500000.0,313311.6883116883,243362.9203482637,431942.4283135882
328303226,cian,2026-05-04T21:42:16.586850+00:00,Санкт-Петербург,developer,studio,0,21.2,3.100092288878234,13.0,19.0,0.6842105263157895,False,False,Красногвардейский,Девяткино,Ручьи,59.9782843,30.4865836,district,10.567148826346545,8.317755168677987,True,4537224.0,15.327826149658016,214020.0,12.273829420030594,65,10300000.0,250000.0,202169.11764705883,415701.00840336137,18,4628808.0,218340.0,207986.11111111112,280442.8044280443,15,4537224.0,207870.37037037036,195758.49544753472,213107.56097560975,263,7500000.0,313311.6883116883,243362.9203482637,431942.4283135882
326238954,cian,2026-05-04T21:42:16.586850+00:00,Санкт-Петербург,unknown,studio,0,21.0,3.091042453358316,2.0,12.0,0.1666666666666666,False,False,Василеостровский,Приморская,Docklands 2,59.9565057,30.2469976,house,4.233990211218257,1.282809056023204,True,7500000.0,15.830413711839864,357142.85714285716,12.785893940779196,165,23000000.0,425718.0832915203,357142.85714285716,499334.2210386152,33,12078600.0,434000.0,364928.9099526066,501691.8205804749,73,22280000.0,414540.0,355671.14093959733,468620.6724137931,263,7500000.0,313311.6883116883,243362.9203482637,431942.4283135882
327096134,cian,2026-05-04T21:43:14.403070+00:00,Санкт-Петербург,developer,1room,1,28.96,3.3998631586490187,2.0,8.0,0.25,False,False,Петроградский,Спортивная,17/33 Петровский остров,59.9584536,30.2693359,street,3.329696422532838,1.4795804670455333,True,19938960.0,16.80818621482143,688500.0,13.442272049582616,215,74551226.0,688500.0,513014.51612903224,950757.9850893903,22,34125000.0,682328.2918149466,617487.9629629629,896456.3461641226,44,38450000.0,636691.4335664336,466248.48787486635,964962.5076891531,258,12100000.0,316179.96971663425,218807.02554744523,472179.52702702704
329619813,cian,2026-05-04T21:43:14.403070+00:00,Санкт-Петербург,realtor,1room,1,39.6,3.703768066607687,16.0,18.0,0.8888888888888888,False,False,Приморский,Комендантский проспект,Чистое небо,60.0403601,30.2016196,house,12.929306127362452,4.802555848630478,True,10500000.0,16.166885910365842,265151.51515151514,12.488060468288776,119,11000000.0,253120.0,213054.45761967503,301644.1421266091,30,8917000.0,241087.7464576749,214780.7574315032,273640.8199643494,62,11400000.0,258025.86534804112,212350.63966555786,313750.0,258,12100000.0,316179.96971663425,218807.02554744523,472179.52702702704
325172637,cian,2026-05-04T21:43:14.403070+00:00,Санкт-Петербург,realtor,1room,1,45.7,3.843744164674852,2.0,2.0,1.0,False,True,Центральный,Лиговский проспект,unknown,59.9189827,30.3585323,house,3.299557579870681,0.3590545946584204,True,5250000.0,15.47373882504398,114879.64989059081,11.651649041391666,121,33000000.0,472702.7027027027,281949.93412384717,660000.0,13,23845250.0,531697.3415132924,472702.7027027027,645000.0,6,9900000.0,210892.16306607611,164627.9706740875,331240.70945945947,258,12100000.0,316179.96971663425,218807.02554744523,472179.52702702704
314345233,cian,2026-05-04T21:43:14.403070+00:00,Санкт-Петербург,developer,1room,1,39.31,3.6965995771290734,2.0,4.0,0.5,False,False,Кронштадтский,unknown,Кронфорт.Центральный,59.999645,29.7499966,street,32.1174157297947,,False,10025622.0,16.12065467386441,255039.98982447214,12.44917955563226,15,12700000.0,289519.9957228401,255879.99731074355,297840.0049140222,4,10893419.5,268840.00485554745,255939.99745611803,285260.0059249947,47,19900000.0,390000.0,255879.99731074355,517735.35515320336,258,12100000.0,316179.96971663425,218807.02554744523,472179.52702702704
327465863,cian,2026-05-04T21:43:14.403070+00:00,Санкт-Петербург,real_estate_agent,1room,1,48.3,3.897924081048645,1.0,4.0,0.25,True,False,Приморский,Беговая,unknown,60.0066569,30.1573007,house,11.549530186018092,3.2859652878907486,True,8600000.0,15.9672728775028,178053.83022774328,12.089846816828508,119,11000000.0,253120.0,213054.45761967503,301644.1421266091,30,8917000.0,241087.7464576749,214780.7574315032,273640.8199643494,29,9802294.0,240710.82390953152,210180.94089264172,306436.1191162344,258,12100000.0,316179.96971663425,218807.02554744523,472179.52702702704
329332964,cian,2026-05-04T21:43:14.403070+00:00,Санкт-Петербург,real_estate_agent,1room,1,29.9,3.4307561839036995,3.0,3.0,1.0,False,True,Пушкинский,Купчино,unknown,59.805009,30.3856445,house,15.381995389159965,2.659519289932601,True,5950000.0,15.598901945589024,198996.65551839466,12.20104832232263,43,7166266.0,202797.2027972028,163053.72914003386,232898.85297184568,14,6550000.0,206115.77964519142,173535.57164658897,219166.66666666666,32,7495000.0,211094.97047056584,198690.38857472915,238287.2080291971,258,12100000.0,316179.96971663425,218807.02554744523,472179.52702702704
295861978,cian,2026-05-04T21:43:14.403070+00:00,Санкт-Петербург,developer,1room,1,25.66,3.2831643147505627,4.0,12.0,0.3333333333333333,False,False,Приморский,Комендантский проспект,YE'S Primorsky Комплекс Апартаментов,60.0078982,30.2392157,house,8.760042191878592,0.9946573259478476,True,8057240.0,15.902081748189852,314000.0,12.657151449598695,119,11000000.0,253120.0,213054.45761967503,301644.1421266091,30,8917000.0,241087.7464576749,214780.7574315032,273640.8199643494,62,11400000.0,258025.86534804112,212350.63966555786,313750.0,258,12100000.0,316179.96971663425,218807.02554744523,472179.52702702704
319248592,cian,2026-05-04T21:43:14.403070+00:00,Санкт-Петербург,real_estate_agent,1room,1,30.8,3.459466289786131,1.0,4.0,0.25,True,False,Приморский,Беговая,Квартал Лахта Парк,60.0065458,30.1564933,house,11.575450560891568,3.314278369874718,True,5650000.0,15.54716628011376,183441.55844155845,12.11965686445567,119,11000000.0,253120.0,213054.45761967503,301644.1421266091,30,8917000.0,241087.7464576749,214780.7574315032,273640.8199643494,29,9802294.0,240710.82390953152,210180.94089264172,306436.1191162344,258,12100000.0,316179.96971663425,218807.02554744523,472179.52702702704
327854849,cian,2026-05-04T21:43:14.403070+00:00,Санкт-Петербург,real_estate_agent,1room,1,28.4,3.380994674344636,2.0,4.0,0.5,False,False,Василеостровский,Приморская,unknown,59.9526945,30.2557948,house,3.605402139033664,1.4806523942893477,True,7000000.0,15.76142084987672,246478.87323943662,12.415035618987053,165,23000000.0,425718.0832915203,357142.85714285716,499334.2210386152,32,18995052.5,444529.892808932,404297.3423190159,500610.91260112775,73,22280000.0,414540.0,355671.14093959733,468620.6724137931,258,12100000.0,316179.96971663425,218807.02554744523,472179.52702702704
319672649,cian,2026-05-04T21:43:14.403070+00:00,Санкт-Петербург,developer,1room,1,39.7,3.7062280924485496,5.0,10.0,0.5,False,False,Адмиралтейский,Нарвская,Остров первых,59.9229751,30.2775142,street,2.6783220944771378,2.4169551644469367,True,20544750.0,16.83811604048904,517499.99999999994,13.156766736486944,73,19300000.0,451851.85185185185,325510.20408163266,515585.6263228786,13,19768939.0,486034.9127182045,444330.0,555085.0,7,20544750.0,459300.00000000006,250702.4988213107,494700.0,258,12100000.0,316179.96971663425,218807.02554744523,472179.52702702704
329362055,cian,2026-05-04T21:43:14.403070+00:00,Санкт-Петербург,real_estate_agent,1room,1,40.1,3.716008121502189,6.0,11.0,0.5454545454545454,False,False,Адмиралтейский,Фрунзенская,Новомосковский,59.9050037,30.3167304,house,3.738618225896277,0.0943369907724334,True,19490000.0,16.785412122792106,486034.9127182045,13.09403779463447,73,19300000.0,451851.85185185185,325510.20408163266,515585.6263228786,13,19768939.0,486034.9127182045,444330.0,555085.0,10,14049999.5,438359.34664246824,398405.74954907777,463745.7418279336,258,12100000.0,316179.96971663425,218807.02554744523,472179.52702702704
314620201,cian,2026-05-04T21:43:14.403070+00:00,Санкт-Петербург,real_estate_agent,1room,1,31.0,3.4657359027997265,6.0,9.0,0.6666666666666666,False,False,Калининский,Гражданский проспект,unknown,60.0365998,30.3952507,house,11.794831767189043,1.343918321380026,True,6750000.0,15.72505321099685,217741.93548387097,12.291070450945613,53,10624445.0,291095.8904109589,210032.36245954694,359100.0,11,13999999.0,340632.5790754258,218245.96774193546,371952.36562150053,10,9750000.0,198592.87054409005,177648.37891751586,215814.54222778996,258,12100000.0,316179.96971663425,218807.02554744523,472179.52702702704
324468692,cian,2026-05-04T21:43:14.403070+00:00,Санкт-Петербург,developer,1room,1,36.05,3.612268351742096,2.0,10.0,0.2,False,False,Центральный,Площадь Александра Невского,Новгородская 8,59.934866,30.3827,house,3.8437740099103066,1.1846185481164042,True,21197129.0,16.86937635311941,587992.4826629681,13.284471142912821,121,33000000.0,472702.7027027027,281949.93412384717,660000.0,13,23845250.0,531697.3415132924,472702.7027027027,645000.0,35,35693422.0,625000.0,555289.7769297812,706503.2363162467,258,12100000.0,316179.96971663425,218807.02554744523,472179.52702702704
316313450,cian,2026-05-04T21:43:14.403070+00:00,Санкт-Петербург,real_estate_agent,1room,1,41.39,3.746912485364546,3.0,4.0,0.75,False,False,Приморский,Беговая,Лисий Нос green,59.8745741,30.4437416,house,10.145476471231648,18.41389458837649,True,8800000.0,15.990262393084793,212611.74196665862,12.267227677085824,119,11000000.0,253120.0,213054.45761967503,301644.1421266091,30,8917000.0,241087.7464576749,214780.7574315032,273640.8199643494,29,9802294.0,240710.82390953152,210180.94089264172,306436.1191162344,258,12100000.0,316179.96971663425,218807.02554744523,472179.52702702704
328892547,cian,2026-05-04T21:43:14.403070+00:00,Санкт-Петербург,homeowner,1room,1,30.7,3.456316680883235,2.0,7.0,0.2857142857142857,False,False,Невский,Ломоносовская,unknown,59.8987841,30.4194646,house,7.354345203782207,2.6580566202331872,True,6500000.0,15.687312888712007,211726.38436482084,12.263054803338484,75,8462886.0,214129.9972504812,190613.3732947499,276627.69547325105,20,8350000.0,215944.99248873309,202580.0220750552,275984.998746553,28,7400000.0,202820.86979581014,183649.6889170094,226678.90459640961,258,12100000.0,316179.96971663425,218807.02554744523,472179.52702702704
323388193,cian,2026-05-04T21:43:14.403070+00:00,Санкт-Петербург,developer,1room,1,36.05,3.612268351742096,2.0,10.0,0.2,False,False,Василеостровский,Василеостровская,17 линия ЖК,59.9392754,30.2438761,district,3.9122015596226105,2.100112668540487,True,14531400.0,16.491822452095764,403090.15256588074,12.906918000379843,165,23000000.0,425718.0832915203,357142.85714285716,499334.2210386152,32,18995052.5,444529.892808932,404297.3423190159,500610.91260112775,43,27900960.0,403090.15256588074,244769.5453830423,459065.00739980966,258,12100000.0,316179.96971663425,218807.02554744523,472179.52702702704
328162841,cian,2026-05-04T21:43:14.403070+00:00,Санкт-Петербург,real_estate_agent,1room,1,44.0,3.80666248977032,2.0,7.0,0.2857142857142857,False,False,Пушкинский,Шушары,unknown,59.7566152,30.4761792,house,22.16841414666853,7.461565046681823,True,5199000.0,15.463977049710516,118159.09090909091,11.679795686577773,43,7166266.0,202797.2027972028,163053.72914003386,232898.85297184568,14,6550000.0,206115.77964519142,173535.57164658897,219166.66666666666,18,7450000.0,145612.922705314,128822.01343198246,164048.5800516345,258,12100000.0,316179.96971663425,218807.02554744523,472179.52702702704
325166621,cian,2026-05-04T21:43:14.403070+00:00,Санкт-Петербург,developer,1room,1,80.2,4.396915247167632,6.0,7.0,0.8571428571428571,False,False,Василеостровский,Василеостровская,Клубный дом Монодом Лайн,59.9392754,30.2438761,district,3.9122015596226105,2.100112668540487,True,31438400.0,17.263540665453302,392000.0,12.879019669789754,165,23000000.0,425718.0832915203,357142.85714285716,499334.2210386152,32,18995052.5,444529.892808932,404297.3423190159,500610.91260112775,43,27900960.0,403090.15256588074,244769.5453830423,459065.00739980966,258,12100000.0,316179.96971663425,218807.02554744523,472179.52702702704
327271891,cian,2026-05-04T21:43:14.403070+00:00,Санкт-Петербург,unknown,1room,1,35.4,3.594568774642695,4.0,14.0,0.2857142857142857,False,False,Московский,Московские ворота,Квартал Che,59.8971667,30.3310362,house,4.702885920092814,0.8626418512884423,True,17800000.0,16.694709071442087,502824.8587570622,13.127999183884652,115,14600000.0,338071.4560122935,232688.51778861112,440766.12903225806,27,13590000.0,352072.53886010364,239536.8318088638,430424.8145911584,16,30457890.5,569999.7957895484,441149.1935483871,668525.0,258,12100000.0,316179.96971663425,218807.02554744523,472179.52702702704
328937667,cian,2026-05-04T21:43:14.403070+00:00,Санкт-Петербург,real_estate_agent,1room,1,31.2,3.471966452550362,4.0,5.0,0.8,False,False,Калининский,Академическая,unknown,60.0086899,30.4285336,house,10.06396520400818,1.7572791974234347,True,6000000.0,15.607270193858982,192307.6923076923,12.166857132363372,53,10624445.0,291095.8904109589,210032.36245954694,359100.0,11,13999999.0,340632.5790754258,218245.96774193546,371952.36562150053,13,16000000.0,222841.22562674095,186956.52173913043,293733.681462141,258,12100000.0,316179.96971663425,218807.02554744523,472179.52702702704
327096133,cian,2026-05-04T21:43:14.403070+00:00,Санкт-Петербург,developer,1room,1,83.09,4.431887653844806,11.0,11.0,1.0,False,True,Московский,Московские ворота,Коллекционный Дом 1919,59.8919464,30.3243918,house,5.219272998900943,0.2270682020503592,True,87929993.0,18.29205153311909,1058250.0060175713,13.872128109025356,115,14600000.0,338071.4560122935,232688.51778861112,440766.12903225806,27,13590000.0,352072.53886010364,239536.8318088638,430424.8145911584,16,30457890.5,569999.7957895484,441149.1935483871,668525.0,258,12100000.0,316179.96971663425,218807.02554744523,472179.52702702704
323354281,cian,2026-05-04T21:43:14.403070+00:00,Санкт-Петербург,real_estate_agent,1room,1,48.2,3.8958936234982624,6.0,9.0,0.6666666666666666,False,False,Петроградский,Крестовский остров,NEVA HAUS,59.9606929,30.2676571,house,3.566874646441068,1.2418928544852768,True,23950000.0,16.99147892357485,496887.96680497925,13.116121873288714,215,74551226.0,688500.0,513014.51612903224,950757.9850893903,22,34125000.0,682328.2918149466,617487.9629629629,896456.3461641226,69,105000000.0,775889.9676375405,607500.0,1050000.0,258,12100000.0,316179.96971663425,218807.02554744523,472179.52702702704
329378327,cian,2026-05-04T21:43:14.403070+00:00,Санкт-Петербург,real_estate_agent,1room,1,39.4,3.698829784967105,4.0,5.0,0.8,False,False,Приморский,Беговая,Юнтолово,60.0339319,30.1445809,house,14.186983814959197,6.025420302424493,True,7500000.0,15.830413711839864,190355.3299492386,12.156653015522185,119,11000000.0,253120.0,213054.45761967503,301644.1421266091,30,8917000.0,241087.7464576749,214780.7574315032,273640.8199643494,29,9802294.0,240710.82390953152,210180.94089264172,306436.1191162344,258,12100000.0,316179.96971663425,218807.02554744523,472179.52702702704
325558741,cian,2026-05-04T21:43:14.403070+00:00,Санкт-Петербург,developer,1room,1,42.29,3.767921661453889,2.0,9.0,0.2222222222222222,False,False,Василеостровский,Горный институт,МОНОДОМ АРТ,59.9044682,29.7789704,street,30.06287842797851,27.052745316729546,True,18977461.0,16.758762622499827,448745.82643650984,13.014214146751842,165,23000000.0,425718.0832915203,357142.85714285716,499334.2210386152,32,18995052.5,444529.892808932,404297.3423190159,500610.91260112775,49,24258479.0,491000.0,424440.0,576720.0,258,12100000.0,316179.96971663425,218807.02554744523,472179.52702702704
316287735,cian,2026-05-04T21:43:14.403070+00:00,Санкт-Петербург,real_estate_agent,1room,1,56.2,4.046553898385752,5.0,10.0,0.5,False,False,Петроградский,Крестовский остров,Леонтьевский мыс,59.9634179,30.2661203,house,3.8408951384594734,0.928668863030636,True,38000000.0,17.453096744006448,676156.5836298933,13.42418143973729,215,74551226.0,688500.0,513014.51612903224,950757.9850893903,22,34125000.0,682328.2918149466,617487.9629629629,896456.3461641226,69,105000000.0,775889.9676375405,607500.0,1050000.0,258,12100000.0,316179.96971663425,218807.02554744523,472179.52702702704
329555147,cian,2026-05-04T21:43:14.403070+00:00,Санкт-Петербург,real_estate_agent,1room,1,37.2,3.6428355156125294,3.0,6.0,0.5,False,False,Фрунзенский,Обводный канал,unknown,59.9084934,30.3536905,house,4.009306440294238,0.6959548311348764,True,6750000.0,15.72505321099685,181451.6129032258,12.108749812665536,36,11675000.0,275360.4958677686,194624.98710409575,392205.28341254056,6,13807102.0,380289.5911386957,236841.4388994025,417904.0408778915,20,17343499.5,385522.5051466804,295973.35138216015,426557.9919079805,258,12100000.0,316179.96971663425,218807.02554744523,472179.52702702704
327097174,cian,2026-05-04T21:43:14.403070+00:00,Санкт-Петербург,developer,1room,1,33.16,3.531055368920369,6.0,22.0,0.2727272727272727,False,False,Василеостровский,Приморская,Башни Элемент ЖК,59.9592183,30.2196308,street,5.738265656122821,1.351573980586542,True,18433644.0,16.729688085457287,555900.0,13.228345499824634,165,23000000.0,425718.0832915203,357142.85714285716,499334.2210386152,32,18995052.5,444529.892808932,404297.3423190159,500610.91260112775,73,22280000.0,414540.0,355671.14093959733,468620.6724137931,258,12100000.0,316179.96971663425,218807.02554744523,472179.52702702704
326354180,cian,2026-05-04T21:43:14.403070+00:00,Санкт-Петербург,real_estate_agent,1room,1,83.7,4.439115601658009,1.0,7.0,0.1428571428571428,True,False,Адмиралтейский,Адмиралтейская,Монферран,59.9346809,30.300468,house,0.875517615210256,0.9183269386834731,True,89900000.0,18.31420851056532,1074074.074074074,13.886970452980469,73,19300000.0,451851.85185185185,325510.20408163266,515585.6263228786,13,19768939.0,486034.9127182045,444330.0,555085.0,7,64900000.0,408236.99421965313,345764.63505594037,500278.7359000653,258,12100000.0,316179.96971663425,218807.02554744523,472179.52702702704
329613338,cian,2026-05-04T21:43:14.403070+00:00,Санкт-Петербург,real_estate_agent,1room,1,35.9,3.6082115510464816,5.0,14.0,0.3571428571428571,False,False,Фрунзенский,Купчино,unknown,59.8263806,30.3891574,house,13.162233755588868,0.4913686540762884,True,7100000.0,15.775605482856603,197771.5877437326,12.194873102842555,36,11675000.0,275360.4958677686,194624.98710409575,392205.28341254056,6,13807102.0,380289.5911386957,236841.4388994025,417904.0408778915,32,7495000.0,211094.97047056584,198690.38857472915,238287.2080291971,258,12100000.0,316179.96971663425,218807.02554744523,472179.52702702704
328787830,cian,2026-05-04T21:43:14.403070+00:00,Санкт-Петербург,developer,1room,1,34.85,3.5793435670456293,7.0,23.0,0.3043478260869565,False,False,Приморский,Беговая,Юнтолово,60.0321779,30.1397765,house,14.222839639418028,6.018465700008445,True,7983438.0,15.892879828973635,229080.0,12.341830931785502,119,11000000.0,253120.0,213054.45761967503,301644.1421266091,30,8917000.0,241087.7464576749,214780.7574315032,273640.8199643494,29,9802294.0,240710.82390953152,210180.94089264172,306436.1191162344,258,12100000.0,316179.96971663425,218807.02554744523,472179.52702702704
329616699,cian,2026-05-04T21:43:14.403070+00:00,Санкт-Петербург,unknown,1room,1,40.4,3.7232808808312687,11.0,12.0,0.9166666666666666,False,False,Выборгский,Удельная,ID Svetlanovskiy,60.0067246,30.3276798,house,7.612714398477543,1.2286937982569996,True,18500000.0,16.733281344102608,457920.79207920795,13.034453688862849,68,11500000.0,242464.8327306462,201785.625,296143.7908496732,17,8200000.0,229357.7981651376,214484.67966573816,294117.64705882355,8,18100000.0,288199.5219554021,261616.94780547055,316276.9657789333,258,12100000.0,316179.96971663425,218807.02554744523,472179.52702702704
325336905,cian,2026-05-04T21:43:14.403070+00:00,Санкт-Петербург,real_estate_agent,1room,1,31.2,3.471966452550362,4.0,5.0,0.8,False,False,Василеостровский,Приморская,unknown,59.9421616,30.233648,house,4.4984588362551365,0.7119349555538417,True,7900000.0,15.88237344401952,253205.12820512822,12.441959171981104,165,23000000.0,425718.0832915203,357142.85714285716,499334.2210386152,32,18995052.5,444529.892808932,404297.3423190159,500610.91260112775,73,22280000.0,414540.0,355671.14093959733,468620.6724137931,258,12100000.0,316179.96971663425,218807.02554744523,472179.52702702704
327104323,cian,2026-05-04T21:43:14.403070+00:00,Санкт-Петербург,developer,1room,1,36.76,3.6312503412773,18.0,24.0,0.75,False,False,Московский,Московская,Шепилевский,59.849138,30.3330533,house,10.00374684917548,0.6652520961310535,True,28683828.0,17.171844072455187,780300.0,13.567435021662407,115,14600000.0,338071.4560122935,232688.51778861112,440766.12903225806,27,13590000.0,352072.53886010364,239536.8318088638,430424.8145911584,34,19750000.0,368624.6176101299,230362.88470372072,720562.5,258,12100000.0,316179.96971663425,218807.02554744523,472179.52702702704
321261506,cian,2026-05-04T21:43:14.403070+00:00,Санкт-Петербург,real_estate_agent,1room,1,51.0,3.951243718581428,8.0,23.0,0.3478260869565217,False,False,Московский,Московская,Дефанс Премиум,59.8512009,30.3395639,house,9.821576398830612,1.069570576144904,True,20000000.0,16.811242881518265,392156.862745098,12.879419748790689,115,14600000.0,338071.4560122935,232688.51778861112,440766.12903225806,27,13590000.0,352072.53886010364,239536.8318088638,430424.8145911584,34,19750000.0,368624.6176101299,230362.88470372072,720562.5,258,12100000.0,316179.96971663425,218807.02554744523,472179.52702702704
328654404,cian,2026-05-04T21:43:14.403070+00:00,Санкт-Петербург,real_estate_agent,1room,1,32.8,3.520460802488973,2.0,13.0,0.1538461538461538,False,False,Приморский,Беговая,Юнтолово,60.0336645,30.135425,house,14.508771233315976,6.295894674795843,True,7799000.0,15.869506206534194,237774.39024390245,12.379081768581086,119,11000000.0,253120.0,213054.45761967503,301644.1421266091,30,8917000.0,241087.7464576749,214780.7574315032,273640.8199643494,29,9802294.0,240710.82390953152,210180.94089264172,306436.1191162344,258,12100000.0,316179.96971663425,218807.02554744523,472179.52702702704
327097060,cian,2026-05-04T21:43:14.403070+00:00,Санкт-Петербург,developer,1room,1,40.19,3.718195508447989,5.0,5.0,1.0,False,True,Курортный,Комендантский проспект,BEREG.Курортный,60.0863026,29.9425321,house,26.385229379440663,19.55122660226132,True,18583856.0,16.73780385861156,462400.0,13.044187758967723,49,24506160.0,428400.0,344027.3037542662,554200.0,16,15701850.0,423133.42318059294,297491.1388132038,509906.5935517054,62,11400000.0,258025.86534804112,212350.63966555786,313750.0,258,12100000.0,316179.96971663425,218807.02554744523,472179.52702702704
328180218,cian,2026-05-04T21:43:14.403070+00:00,Санкт-Петербург,real_estate_agent,1room,1,36.81,3.6325736179028416,12.0,12.0,1.0,False,True,Выборгский,Лесная,Новый Лесснер,59.9804878,30.3306563,house,4.748021086182514,0.9133549473910182,True,16800000.0,16.636889503897294,456397.7180114099,13.031122088051585,68,11500000.0,242464.8327306462,201785.625,296143.7908496732,17,8200000.0,229357.7981651376,214484.67966573816,294117.64705882355,37,13355877.0,359100.0,250000.0,393258.42696629214,258,12100000.0,316179.96971663425,218807.02554744523,472179.52702702704
329505629,cian,2026-05-04T21:43:14.403070+00:00,Санкт-Петербург,real_estate_agent,1room,1,34.0,3.555348061489413,6.0,24.0,0.25,False,False,Приморский,Комендантский проспект,Чистое небо,60.0403765,30.2041864,house,12.862448250144205,4.713793534896264,True,9400000.0,16.056220353623207,276470.5882352941,12.529863339638807,119,11000000.0,253120.0,213054.45761967503,301644.1421266091,30,8917000.0,241087.7464576749,214780.7574315032,273640.8199643494,62,11400000.0,258025.86534804112,212350.63966555786,313750.0,258,12100000.0,316179.96971663425,218807.02554744523,472179.52702702704
329311318,cian,2026-05-04T21:43:14.403070+00:00,Санкт-Петербург,real_estate_agent,1room,1,32.7,3.517497837358316,3.0,12.0,0.25,False,False,Выборгский,Проспект Просвещения,unknown,60.0526861,30.3727959,house,13.098933544649377,2.0261898985392217,True,7500000.0,15.830413711839864,229357.7981651376,12.343042860593826,68,11500000.0,242464.8327306462,201785.625,296143.7908496732,17,8200000.0,229357.7981651376,214484.67966573816,294117.64705882355,35,9900000.0,229117.64705882352,178772.9364833445,279693.9024390244,258,12100000.0,316179.96971663425,218807.02554744523,472179.52702702704
329485019,cian,2026-05-04T21:43:14.403070+00:00,Санкт-Петербург,real_estate_agent,1room,1,32.7,3.517497837358316,7.0,12.0,0.5833333333333334,False,False,Красносельский,Юго-Западная,unknown,59.8394984,30.1673559,house,13.727401808964986,4.264199423698666,True,6700000.0,15.717618233614914,204892.96636085626,12.230247887043092,45,8600000.0,223093.96897646284,183937.8238341969,261158.53658536586,12,7300000.0,203411.1134055085,179747.59615384616,274155.2220813795,49,8600000.0,227835.03496503495,191335.74007220217,261158.53658536586,258,12100000.0,316179.96971663425,218807.02554744523,472179.52702702704
318142335,cian,2026-05-04T21:43:14.403070+00:00,Санкт-Петербург,developer,1room,1,37.6,3.653252276470785,2.0,11.0,0.1818181818181818,False,False,Адмиралтейский,Технологический институт,Измайловский,59.9184426,30.302795,district,2.3282287750595416,0.951474219962192,True,16706808.0,16.631326918840813,444330.0,13.004325059166119,73,19300000.0,451851.85185185185,325510.20408163266,515585.6263228786,13,19768939.0,486034.9127182045,444330.0,555085.0,7,16706808.0,444330.0,188344.02709804592,456840.0,258,12100000.0,316179.96971663425,218807.02554744523,472179.52702702704
323462690,cian,2026-05-04T21:43:14.403070+00:00,Санкт-Петербург,real_estate_agent,1room,1,38.9,3.686376323895818,12.0,13.0,0.9230769230769232,False,False,Приморский,Комендантский проспект,New Time,60.0336104,30.1947459,house,12.477311640358424,4.538444492576883,True,10990000.0,16.21249641737161,282519.28020565555,12.551505615330576,119,11000000.0,253120.0,213054.45761967503,301644.1421266091,30,8917000.0,241087.7464576749,214780.7574315032,273640.8199643494,62,11400000.0,258025.86534804112,212350.63966555786,313750.0,258,12100000.0,316179.96971663425,218807.02554744523,472179.52702702704
328052501,cian,2026-05-04T21:43:14.403070+00:00,Санкт-Петербург,real_estate_agent,1room,1,30.3,3.4436180975461075,2.0,5.0,0.4,False,False,Петродворцовый,Юго-Западная,unknown,59.8552438,29.9509013,house,22.27572903783005,15.711254450957473,True,4950000.0,15.414898336565054,163366.33663366336,12.003756543222936,9,5700000.0,171686.7469879518,164981.2734082397,229916.3179916318,3,5700000.0,171686.7469879518,167526.5418108076,211817.39946800188,49,8600000.0,227835.03496503495,191335.74007220217,261158.53658536586,258,12100000.0,316179.96971663425,218807.02554744523,472179.52702702704
310080223,cian,2026-05-04T21:43:14.403070+00:00,Санкт-Петербург,developer,1room,1,37.57,3.652474772220137,2.0,4.0,0.5,False,False,Курортный,unknown,Ранта Резиденс ЖК,60.1235747,30.0672117,district,24.72067342350013,,False,15403700.0,16.550118363185835,410000.0,12.923914877701906,49,24506160.0,428400.0,344027.3037542662,554200.0,16,15701850.0,423133.42318059294,297491.1388132038,509906.5935517054,47,19900000.0,390000.0,255879.99731074355,517735.35515320336,258,12100000.0,316179.96971663425,218807.02554744523,472179.52702702704
323459252,cian,2026-05-04T21:43:14.403070+00:00,Санкт-Петербург,real_estate_agent,1room,1,37.3,3.6454498961866,19.0,21.0,0.9047619047619048,False,False,Невский,Проспект Большевиков,Пульс Премьер,59.9039771,30.4465387,house,8.32451628501045,2.0841278695290626,True,11950000.0,16.2962419200238,320375.33512064343,12.677251631026065,75,8462886.0,214129.9972504812,190613.3732947499,276627.69547325105,20,8350000.0,215944.99248873309,202580.0220750552,275984.998746553,13,11950000.0,215652.1739130435,184986.59517426274,279835.39094650204,258,12100000.0,316179.96971663425,218807.02554744523,472179.52702702704
329442313,cian,2026-05-04T21:43:14.403070+00:00,Санкт-Петербург,real_estate_agent,1room,1,31.7,3.487375077903208,22.0,25.0,0.88,False,False,Красногвардейский,Девяткино,Цветной Город,59.9782843,30.4865836,district,10.567148826346545,8.317755168677987,True,6800000.0,15.732433317205148,214511.04100946372,12.27612115101694,65,10300000.0,250000.0,202169.11764705883,415701.00840336137,14,10200000.0,280602.70639207074,203125.32100667694,414937.1221662468,15,4537224.0,207870.37037037036,195758.49544753472,213107.56097560975,258,12100000.0,316179.96971663425,218807.02554744523,472179.52702702704
323563031,cian,2026-05-04T21:43:14.403070+00:00,Санкт-Петербург,developer,1room,1,30.19,3.440097530619712,12.0,17.0,0.7058823529411765,False,False,Василеостровский,Приморская,Новая Земля ЖК,59.9592183,30.2196308,street,5.738265656122821,1.351573980586542,True,12933396.0,16.37532343859369,428400.0,12.967814951820046,165,23000000.0,425718.0832915203,357142.85714285716,499334.2210386152,32,18995052.5,444529.892808932,404297.3423190159,500610.91260112775,73,22280000.0,414540.0,355671.14093959733,468620.6724137931,258,12100000.0,316179.96971663425,218807.02554744523,472179.52702702704
324137938,cian,2026-05-04T21:43:14.403070+00:00,Санкт-Петербург,real_estate_agent,1room,1,31.1,3.4688560301359703,1.0,5.0,0.2,True,False,Московский,Московская,unknown,59.8587857,30.3093377,house,8.87893036938306,1.3294686740118251,True,7250000.0,15.796512164761882,233118.97106109324,12.359308497291641,115,14600000.0,338071.4560122935,232688.51778861112,440766.12903225806,27,13590000.0,352072.53886010364,239536.8318088638,430424.8145911584,34,19750000.0,368624.6176101299,230362.88470372072,720562.5,258,12100000.0,316179.96971663425,218807.02554744523,472179.52702702704
326783352,cian,2026-05-04T21:43:14.403070+00:00,Санкт-Петербург,real_estate_agent,1room,1,29.5,3.417726683613366,2.0,7.0,0.2857142857142857,False,False,Красногвардейский,Новочеркасская,unknown,59.9552132,30.4226465,house,6.3205807850549816,3.0544841661383573,True,6090000.0,15.62215880388968,206440.6779661017,12.237773220335141,65,10300000.0,250000.0,202169.11764705883,415701.00840336137,14,10200000.0,280602.70639207074,203125.32100667694,414937.1221662468,28,25104484.5,444642.74811083125,355837.5,512076.8111093196,258,12100000.0,316179.96971663425,218807.02554744523,472179.52702702704
323508751,cian,2026-05-04T21:43:14.403070+00:00,Санкт-Петербург,developer,1room,1,34.39,3.566429294357372,2.0,23.0,0.0869565217391304,False,False,Красносельский,Юго-Западная,Морская миля ЖК,59.7817643,30.1211838,district,20.49741872906136,10.665474033915457,True,10167404.0,16.13469757322343,295650.0145391102,12.596935032797663,45,8600000.0,223093.96897646284,183937.8238341969,261158.53658536586,12,7300000.0,203411.1134055085,179747.59615384616,274155.2220813795,49,8600000.0,227835.03496503495,191335.74007220217,261158.53658536586,258,12100000.0,316179.96971663425,218807.02554744523,472179.52702702704
323967054,cian,2026-05-04T21:43:14.403070+00:00,Санкт-Петербург,real_estate_agent,1room,1,40.0,3.713572066704308,12.0,13.0,0.9230769230769232,False,False,Невский,Ломоносовская,Апарт-отель Начало,59.879154,30.4196595,house,8.85023930942466,1.2771579562497333,True,8400000.0,15.943742382861156,210000.0,12.25486757159303,75,8462886.0,214129.9972504812,190613.3732947499,276627.69547325105,20,8350000.0,215944.99248873309,202580.0220750552,275984.998746553,28,7400000.0,202820.86979581014,183649.6889170094,226678.90459640961,258,12100000.0,316179.96971663425,218807.02554744523,472179.52702702704
323113965,cian,2026-05-04T21:43:14.403070+00:00,Санкт-Петербург,real_estate_agent,1room,1,37.1,3.6402142821326553,4.0,6.0,0.6666666666666666,False,False,Курортный,unknown,е.квартал Мир внутри,60.1295488,29.9417779,house,29.63835917315896,,False,16000000.0,16.588099342704055,431266.84636118595,12.974484629337978,49,24506160.0,428400.0,344027.3037542662,554200.0,16,15701850.0,423133.42318059294,297491.1388132038,509906.5935517054,47,19900000.0,390000.0,255879.99731074355,517735.35515320336,258,12100000.0,316179.96971663425,218807.02554744523,472179.52702702704
329112065,cian,2026-05-04T21:43:14.403070+00:00,Санкт-Петербург,developer,1room,1,39.7,3.7062280924485496,3.0,14.0,0.2142857142857142,False,False,Красногвардейский,Новочеркасская,Магнифика ЖК,59.9782843,30.4865836,district,10.567148826346545,6.925893961377273,True,17273847.0,16.664704239432027,435109.49622166244,12.983355292117322,65,10300000.0,250000.0,202169.11764705883,415701.00840336137,14,10200000.0,280602.70639207074,203125.32100667694,414937.1221662468,28,25104484.5,444642.74811083125,355837.5,512076.8111093196,258,12100000.0,316179.96971663425,218807.02554744523,472179.52702702704
327476437,cian,2026-05-04T21:43:14.403070+00:00,Санкт-Петербург,real_estate_agent,1room,1,39.1,3.691376334312523,2.0,25.0,0.08,False,False,Невский,Рыбацкое,unknown,59.8234378,30.5571702,street,18.65276460966511,3.2947288170245908,True,7450000.0,15.82372472458392,190537.08439897696,12.157607371672798,75,8462886.0,214129.9972504812,190613.3732947499,276627.69547325105,20,8350000.0,215944.99248873309,202580.0220750552,275984.998746553,12,6575000.0,189494.43052436158,165480.64611444896,210909.0909090909,258,12100000.0,316179.96971663425,218807.02554744523,472179.52702702704
310739583,cian,2026-05-04T21:43:14.403070+00:00,Санкт-Петербург,developer,1room,1,80.3,4.398146016553765,6.0,7.0,0.8571428571428571,False,False,Василеостровский,Василеостровская,Клубный дом Манхэттен,59.9392754,30.2438761,district,3.9122015596226105,2.100112668540487,True,52577722.0,17.77780307088897,654766.1519302615,13.392034958178447,165,23000000.0,425718.0832915203,357142.85714285716,499334.2210386152,32,18995052.5,444529.892808932,404297.3423190159,500610.91260112775,43,27900960.0,403090.15256588074,244769.5453830423,459065.00739980966,258,12100000.0,316179.96971663425,218807.02554744523,472179.52702702704
327702602,cian,2026-05-04T21:43:14.403070+00:00,Санкт-Петербург,real_estate_agent,1room,1,37.1,3.6402142821326553,2.0,4.0,0.5,False,False,Адмиралтейский,Садовая,unknown,59.935057,30.3262195,house,0.7816449178185942,0.8231177056129456,True,15117879.0,16.53138870724488,407490.0,12.917774125529586,73,19300000.0,451851.85185185185,325510.20408163266,515585.6263228786,13,19768939.0,486034.9127182045,444330.0,555085.0,14,19528670.0,463750.0,387982.5,497500.0,258,12100000.0,316179.96971663425,218807.02554744523,472179.52702702704
323514074,cian,2026-05-04T21:43:14.403070+00:00,Санкт-Петербург,developer,1room,1,44.21,3.811318301306514,1.0,8.0,0.125,True,False,Петроградский,Чкаловская,Avant,59.8824022,29.8401575,house,27.150144598488687,26.60346167684475,True,39727957.0,17.497565729540643,898619.2490386791,13.708615809349041,215,74551226.0,688500.0,513014.51612903224,950757.9850893903,22,34125000.0,682328.2918149466,617487.9629629629,896456.3461641226,50,65500613.5,676550.1672240803,551580.3395021516,840090.1701805224,258,12100000.0,316179.96971663425,218807.02554744523,472179.52702702704
322252162,cian,2026-05-04T21:43:14.403070+00:00,Санкт-Петербург,real_estate_agent,1room,1,48.9,3.910021002757473,6.0,6.0,1.0,False,True,Центральный,Площадь Восстания,unknown,59.9339799,30.3703,house,3.172469354182499,0.6907054560524928,True,26000000.0,17.073607134447293,531697.3415132924,13.183831580272392,121,33000000.0,472702.7027027027,281949.93412384717,660000.0,13,23845250.0,531697.3415132924,472702.7027027027,645000.0,19,23500000.0,286041.1899313501,208990.40969463505,395977.86089159676,258,12100000.0,316179.96971663425,218807.02554744523,472179.52702702704
326422137,cian,2026-05-04T21:43:14.403070+00:00,Санкт-Петербург,real_estate_agent,1room,1,38.6,3.678829118260434,7.0,14.0,0.5,False,False,Красносельский,Юго-Западная,unknown,59.8597565,30.1590993,house,12.311680346660204,4.077713170126141,True,7100000.0,15.775605482856603,183937.8238341969,12.1223585021457,45,8600000.0,223093.96897646284,183937.8238341969,261158.53658536586,12,7300000.0,203411.1134055085,179747.59615384616,274155.2220813795,49,8600000.0,227835.03496503495,191335.74007220217,261158.53658536586,258,12100000.0,316179.96971663425,218807.02554744523,472179.52702702704
325789051,cian,2026-05-04T21:43:14.403070+00:00,Санкт-Петербург,developer,1room,1,35.68,3.602231647388264,9.0,11.0,0.8181818181818182,False,False,Красногвардейский,Новочеркасская,Альпен,59.9382662,30.4172837,house,5.74755292021316,1.1483796343225738,True,21235563.0,16.871187881301452,595167.1244394619,13.29659920669775,65,10300000.0,250000.0,202169.11764705883,415701.00840336137,14,10200000.0,280602.70639207074,203125.32100667694,414937.1221662468,28,25104484.5,444642.74811083125,355837.5,512076.8111093196,258,12100000.0,316179.96971663425,218807.02554744523,472179.52702702704
325581231,cian,2026-05-04T21:43:14.403070+00:00,Санкт-Петербург,real_estate_agent,1room,1,43.0,3.784189633918261,3.0,5.0,0.6,False,False,Центральный,Владимирская,unknown,59.9283461,30.3500267,house,2.303438113833404,0.1031317157567608,True,15450000.0,16.553119626032945,359302.32558139536,12.791922228782115,121,33000000.0,472702.7027027027,281949.93412384717,660000.0,13,23845250.0,531697.3415132924,472702.7027027027,645000.0,4,9300000.0,354651.16279069765,307587.97653958946,362658.5623678647,258,12100000.0,316179.96971663425,218807.02554744523,472179.52702702704
327835955,cian,2026-05-04T21:43:14.403070+00:00,Санкт-Петербург,real_estate_agent,1room,1,35.9,3.6082115510464816,9.0,9.0,1.0,False,True,Выборгский,Политехническая,unknown,60.0098349,30.3498354,house,8.16671890157879,1.0962296432611554,True,7700000.0,15.856731016694036,214484.67966573816,12.275998253656473,68,11500000.0,242464.8327306462,201785.625,296143.7908496732,17,8200000.0,229357.7981651376,214484.67966573816,294117.64705882355,3,8540000.0,220735.78595317726,217610.2328094577,285367.8929765886,258,12100000.0,316179.96971663425,218807.02554744523,472179.52702702704
318140016,cian,2026-05-04T21:43:14.403070+00:00,Санкт-Петербург,developer,1room,1,39.89,3.710885534376551,2.0,18.0,0.1111111111111111,False,False,Невский,Улица Дыбенко,Цивилизация на Неве,59.8707938,30.4660326,district,11.340717509043232,4.155616072935183,True,11315995.0,16.241727857921738,283679.99498621206,12.55560562872649,75,8462886.0,214129.9972504812,190613.3732947499,276627.69547325105,20,8350000.0,215944.99248873309,202580.0220750552,275984.998746553,23,10571122.0,226660.0,199068.28017997573,283016.46808134136,258,12100000.0,316179.96971663425,218807.02554744523,472179.52702702704
325446553,cian,2026-05-04T21:43:14.403070+00:00,Санкт-Петербург,real_estate_agent,1room,1,33.7,3.5467396869528134,14.0,18.0,0.7777777777777778,False,False,Адмиралтейский,Фрунзенская,Квартал Галактика,59.9003759,30.3062327,house,4.2728882424266885,0.8719540223218503,True,13099999.0,16.38812278817138,388724.00593471806,12.870627446993154,73,19300000.0,451851.85185185185,325510.20408163266,515585.6263228786,13,19768939.0,486034.9127182045,444330.0,555085.0,10,14049999.5,438359.34664246824,398405.74954907777,463745.7418279336,258,12100000.0,316179.96971663425,218807.02554744523,472179.52702702704
326045784,cian,2026-05-04T21:43:14.403070+00:00,Санкт-Петербург,real_estate_agent,1room,1,48.5,3.901972669574645,5.0,6.0,0.8333333333333334,False,False,Курортный,unknown,Светлый Мир Внутри ЖК,60.1235747,30.0672117,district,24.72067342350013,,False,11500000.0,16.257857680289998,237113.40206185568,12.376298012772452,49,24506160.0,428400.0,344027.3037542662,554200.0,16,15701850.0,423133.42318059294,297491.1388132038,509906.5935517054,47,19900000.0,390000.0,255879.99731074355,517735.35515320336,258,12100000.0,316179.96971663425,218807.02554744523,472179.52702702704
320872882,cian,2026-05-04T21:43:14.403070+00:00,Санкт-Петербург,developer,1room,1,37.1,3.6402142821326553,4.0,12.0,0.3333333333333333,False,False,Красногвардейский,Ладожская,Большая Охта,59.9428726,30.4216421,house,6.008596021197179,1.5850025238758634,True,13148982.0,16.39185497519424,354420.0,12.778240751036558,65,10300000.0,250000.0,202169.11764705883,415701.00840336137,14,10200000.0,280602.70639207074,203125.32100667694,414937.1221662468,16,8100000.0,244458.12807881774,189389.65874986106,325733.2609125025,258,12100000.0,316179.96971663425,218807.02554744523,472179.52702702704
326829474,cian,2026-05-04T21:43:14.403070+00:00,Санкт-Петербург,real_estate_agent,1room,1,42.9,3.7819143200811256,11.0,11.0,1.0,False,True,Колпинский,Рыбацкое,Новое Колпино,59.7744389,30.606717,house,24.49848062512731,8.646301310676272,True,7250000.0,15.796512164761882,168997.668997669,12.037646118120758,11,7500000.0,146086.95652173914,130873.39590877327,169611.3344988345,1,7250000.0,168997.668997669,168997.668997669,168997.668997669,12,6575000.0,189494.43052436158,165480.64611444896,210909.0909090909,258,12100000.0,316179.96971663425,218807.02554744523,472179.52702702704
329441408,cian,2026-05-04T21:43:14.403070+00:00,Санкт-Петербург,real_estate_agent,1room,1,30.0,3.4339872044851463,2.0,5.0,0.4,False,False,Кировский,Проспект Ветеранов,unknown,59.8276382,30.2104971,house,13.6253167890388,2.738634623385513,True,5800000.0,15.573368647930426,193333.33333333334,12.172176266254908,23,9549000.0,189523.80952380953,167164.71534237044,209193.37893257206,3,6100000.0,193333.33333333334,192547.34848484848,196339.86928104574,14,8300000.0,177077.9877979245,164294.958968347,214527.33390949378,258,12100000.0,316179.96971663425,218807.02554744523,472179.52702702704
329534573,cian,2026-05-04T21:43:14.403070+00:00,Санкт-Петербург,developer,1room,1,34.0,3.555348061489413,2.0,4.0,0.5,False,False,Пушкинский,Купчино,Пулково Лэйк ЖК,59.7318379,30.4244923,district,23.803942467635743,11.048014142033765,True,8421120.0,15.946253512748704,247680.0,12.419896906843048,43,7166266.0,202797.2027972028,163053.72914003386,232898.85297184568,14,6550000.0,206115.77964519142,173535.57164658897,219166.66666666666,32,7495000.0,211094.97047056584,198690.38857472915,238287.2080291971,258,12100000.0,316179.96971663425,218807.02554744523,472179.52702702704
322153554,cian,2026-05-04T21:43:14.403070+00:00,Санкт-Петербург,real_estate_agent,1room,1,61.8,4.139955073474153,4.0,6.0,0.6666666666666666,False,False,Петроградский,Крестовский остров,Крестовский de luxe,59.9658698,30.2706823,house,3.877947658222955,0.8449148615934193,True,55000000.0,17.822843761378564,889967.6375404531,13.698941502368832,215,74551226.0,688500.0,513014.51612903224,950757.9850893903,22,34125000.0,682328.2918149466,617487.9629629629,896456.3461641226,69,105000000.0,775889.9676375405,607500.0,1050000.0,258,12100000.0,316179.96971663425,218807.02554744523,472179.52702702704
328848991,cian,2026-05-04T21:43:14.403070+00:00,Санкт-Петербург,homeowner,1room,1,31.0,3.4657359027997265,5.0,5.0,1.0,False,True,Выборгский,Удельная,unknown,60.0159053,30.3279691,house,8.630531683337423,0.5335677321333393,True,7000000.0,15.76142084987672,225806.4516129032,12.327437931096064,68,11500000.0,242464.8327306462,201785.625,296143.7908496732,17,8200000.0,229357.7981651376,214484.67966573816,294117.64705882355,8,18100000.0,288199.5219554021,261616.94780547055,316276.9657789333,258,12100000.0,316179.96971663425,218807.02554744523,472179.52702702704
326661762,cian,2026-05-04T21:43:14.403070+00:00,Санкт-Петербург,developer,1room,1,33.9,3.552486829208381,3.0,17.0,0.1764705882352941,False,False,Василеостровский,Приморская,Бульвар Грина,59.9592183,30.2196308,street,5.738265656122821,1.351573980586542,True,14658360.0,16.50052144735405,432400.0,12.977108677417966,165,23000000.0,425718.0832915203,357142.85714285716,499334.2210386152,32,18995052.5,444529.892808932,404297.3423190159,500610.91260112775,73,22280000.0,414540.0,355671.14093959733,468620.6724137931,258,12100000.0,316179.96971663425,218807.02554744523,472179.52702702704
328101455,cian,2026-05-04T21:43:14.403070+00:00,Санкт-Петербург,real_estate_agent,1room,1,59.1,4.096009841541162,1.0,6.0,0.1666666666666666,True,False,Петроградский,Крестовский остров,Крестовский de luxe,59.9658698,30.2706823,house,3.877947658222955,0.8449148615934193,True,59990000.0,17.90968845629872,1015059.2216582064,13.830458500380931,215,74551226.0,688500.0,513014.51612903224,950757.9850893903,22,34125000.0,682328.2918149466,617487.9629629629,896456.3461641226,69,105000000.0,775889.9676375405,607500.0,1050000.0,258,12100000.0,316179.96971663425,218807.02554744523,472179.52702702704
328122607,cian,2026-05-04T21:43:14.403070+00:00,Санкт-Петербург,real_estate_agent,1room,1,32.0,3.49650756146648,3.0,5.0,0.6,False,False,Курортный,Беговая,unknown,60.0791534,30.2593572,house,15.922283622373657,10.517339846891886,True,5900000.0,15.59046307836746,184375.0,12.124732429790326,49,24506160.0,428400.0,344027.3037542662,554200.0,16,15701850.0,423133.42318059294,297491.1388132038,509906.5935517054,29,9802294.0,240710.82390953152,210180.94089264172,306436.1191162344,258,12100000.0,316179.96971663425,218807.02554744523,472179.52702702704
326494171,cian,2026-05-04T21:43:14.403070+00:00,Санкт-Петербург,real_estate_agent,1room,1,40.62,3.728580820965489,3.0,24.0,0.125,False,False,Красносельский,Юго-Западная,Огни Залива,59.8518998,30.2209631,house,10.95104422944118,1.0771541663750668,True,12869000.0,16.370331954181914,316814.3771541113,12.666074476740992,45,8600000.0,223093.96897646284,183937.8238341969,261158.53658536586,12,7300000.0,203411.1134055085,179747.59615384616,274155.2220813795,49,8600000.0,227835.03496503495,191335.74007220217,261158.53658536586,258,12100000.0,316179.96971663425,218807.02554744523,472179.52702702704
328259812,cian,2026-05-04T21:43:14.403070+00:00,Санкт-Петербург,real_estate_agent,1room,1,39.8,3.708682081410116,3.0,10.0,0.3,False,False,Петроградский,Чкаловская,Дом Керстена,59.9603815,30.2823873,house,2.9973741537841554,0.4857368276402796,True,25900000.0,17.069753565279804,650753.7688442211,13.38588815105773,215,74551226.0,688500.0,513014.51612903224,950757.9850893903,22,34125000.0,682328.2918149466,617487.9629629629,896456.3461641226,50,65500613.5,676550.1672240803,551580.3395021516,840090.1701805224,258,12100000.0,316179.96971663425,218807.02554744523,472179.52702702704
329594767,cian,2026-05-04T21:43:14.403070+00:00,Санкт-Петербург,homeowner,1room,1,38.6,3.678829118260434,3.0,22.0,0.1363636363636363,False,False,Московский,Электросила,unknown,59.8737259,30.310443,house,7.216561774442426,0.9717086444121148,True,13590000.0,16.42484485971084,352072.53886010364,12.771595349976275,115,14600000.0,338071.4560122935,232688.51778861112,440766.12903225806,27,13590000.0,352072.53886010364,239536.8318088638,430424.8145911584,8,19075000.0,350390.51297248725,310177.1663757005,366702.57731958764,258,12100000.0,316179.96971663425,218807.02554744523,472179.52702702704
328021079,cian,2026-05-04T21:43:14.403070+00:00,Санкт-Петербург,developer,1room,1,40.4,3.7232808808312687,2.0,10.0,0.2,False,False,Василеостровский,Горный институт,Легенда Васильевского ЖК,59.8637294,30.258942,house,8.875259754562878,7.658531360896451,True,19012644.0,16.760614842082077,470610.0,13.061787129417862,165,23000000.0,425718.0832915203,357142.85714285716,499334.2210386152,32,18995052.5,444529.892808932,404297.3423190159,500610.91260112775,49,24258479.0,491000.0,424440.0,576720.0,258,12100000.0,316179.96971663425,218807.02554744523,472179.52702702704
326368613,cian,2026-05-04T21:43:14.403070+00:00,Санкт-Петербург,real_estate_agent,1room,1,44.6,3.819907716520341,6.0,8.0,0.75,False,False,Петроградский,Спортивная,NEVA RESIDENCE,59.9581113,30.2677113,house,3.373353959702625,1.5414762901508554,True,21200000.0,16.86951178681205,475336.32286995515,13.071779984387595,215,74551226.0,688500.0,513014.51612903224,950757.9850893903,22,34125000.0,682328.2918149466,617487.9629629629,896456.3461641226,44,38450000.0,636691.4335664336,466248.48787486635,964962.5076891531,258,12100000.0,316179.96971663425,218807.02554744523,472179.52702702704
326626690,cian,2026-05-04T21:43:14.403070+00:00,Санкт-Петербург,real_estate_agent,1room,1,30.6,3.4531571205928664,4.0,5.0,0.8,False,False,Кировский,Юго-Западная,unknown,59.8376383,30.2169612,house,12.46586607529465,2.6056342384773408,True,6100000.0,15.623799493077952,199346.40522875817,12.202804336566064,23,9549000.0,189523.80952380953,167164.71534237044,209193.37893257206,3,6100000.0,193333.33333333334,192547.34848484848,196339.86928104574,49,8600000.0,227835.03496503495,191335.74007220217,261158.53658536586,258,12100000.0,316179.96971663425,218807.02554744523,472179.52702702704
327511194,cian,2026-05-04T21:43:14.403070+00:00,Санкт-Петербург,developer,1room,1,32.86,3.522234376704989,4.0,8.0,0.5,False,False,Василеостровский,Приморская,Северный Ветер ЖК,59.9592183,30.2196308,street,5.738265656122821,1.351573980586542,True,14780000.0,16.508785541143325,449786.9750456482,13.016531584147431,165,23000000.0,425718.0832915203,357142.85714285716,499334.2210386152,32,18995052.5,444529.892808932,404297.3423190159,500610.91260112775,73,22280000.0,414540.0,355671.14093959733,468620.6724137931,258,12100000.0,316179.96971663425,218807.02554744523,472179.52702702704
320943688,cian,2026-05-04T21:43:14.403070+00:00,Санкт-Петербург,real_estate_agent,1room,1,35.2,3.5890591188317256,1.0,5.0,0.2,True,False,Кировский,Автово,unknown,59.8695173,30.2672489,house,8.113707236929733,0.5916423713114171,True,6750000.0,15.72505321099685,191761.36363636362,12.16401219504588,23,9549000.0,189523.80952380953,167164.71534237044,209193.37893257206,3,6100000.0,193333.33333333334,192547.34848484848,196339.86928104574,3,8500000.0,173824.1308793456,159484.63801224536,182792.74725785461,258,12100000.0,316179.96971663425,218807.02554744523,472179.52702702704
329071429,cian,2026-05-04T21:43:14.403070+00:00,Санкт-Петербург,developer,1room,1,45.01,3.828858764167377,7.0,10.0,0.7,False,False,Выборгский,Выборгская,Сампсониевский 32,60.0387013,30.3354758,district,11.194080892055434,7.393443777237688,True,27604633.0,17.13349421514472,613300.0,13.326611122136145,68,11500000.0,242464.8327306462,201785.625,296143.7908496732,17,8200000.0,229357.7981651376,214484.67966573816,294117.64705882355,11,28000000.0,447906.52385589096,309612.72306890716,480500.0,258,12100000.0,316179.96971663425,218807.02554744523,472179.52702702704
327162112,cian,2026-05-04T21:43:14.403070+00:00,Санкт-Петербург,unknown,1room,1,41.6,3.751854253275325,6.0,8.0,0.75,False,False,Петроградский,Спортивная,NEVA RESIDENCE,59.9581113,30.2677113,house,3.373353959702625,1.5414762901508554,True,26500000.0,17.0926553286923,637019.2307692308,13.364556693499322,215,74551226.0,688500.0,513014.51612903224,950757.9850893903,22,34125000.0,682328.2918149466,617487.9629629629,896456.3461641226,44,38450000.0,636691.4335664336,466248.48787486635,964962.5076891531,258,12100000.0,316179.96971663425,218807.02554744523,472179.52702702704
329560447,cian,2026-05-04T21:43:14.403070+00:00,Санкт-Петербург,homeowner,1room,1,30.0,3.4339872044851463,3.0,5.0,0.6,False,False,Пушкинский,Купчино,unknown,59.7316986,30.4150876,house,23.68826844214927,10.961699261370237,True,5990000.0,15.605602137036527,199666.66666666666,12.20440959676418,43,7166266.0,202797.2027972028,163053.72914003386,232898.85297184568,14,6550000.0,206115.77964519142,173535.57164658897,219166.66666666666,32,7495000.0,211094.97047056584,198690.38857472915,238287.2080291971,258,12100000.0,316179.96971663425,218807.02554744523,472179.52702702704
328975443,cian,2026-05-04T21:43:14.403070+00:00,Санкт-Петербург,developer,1room,1,35.3,3.591817741270805,4.0,11.0,0.3636363636363636,False,False,Невский,Улица Дыбенко,Апарт-комплекс Зум на Неве,59.9040938,30.4498862,house,8.484472384652422,1.9125226376565383,True,6656874.0,15.711160713179568,188580.00000000003,12.147282901794876,75,8462886.0,214129.9972504812,190613.3732947499,276627.69547325105,20,8350000.0,215944.99248873309,202580.0220750552,275984.998746553,23,10571122.0,226660.0,199068.28017997573,283016.46808134136,258,12100000.0,316179.96971663425,218807.02554744523,472179.52702702704
327702651,cian,2026-05-04T21:43:14.403070+00:00,Санкт-Петербург,real_estate_agent,1room,1,45.5,3.8394523125933104,4.0,4.0,1.0,False,True,Адмиралтейский,Садовая,unknown,59.935057,30.3262195,house,0.7816449178185942,0.8231177056129456,True,17357340.0,16.669526087262266,381480.0,12.851816325058817,73,19300000.0,451851.85185185185,325510.20408163266,515585.6263228786,13,19768939.0,486034.9127182045,444330.0,555085.0,14,19528670.0,463750.0,387982.5,497500.0,258,12100000.0,316179.96971663425,218807.02554744523,472179.52702702704
309823866,cian,2026-05-04T21:43:14.403070+00:00,Санкт-Петербург,developer,1room,1,48.2,3.8958936234982624,6.0,12.0,0.5,False,False,Курортный,unknown,МФК Морская ривьера,59.998243,30.0984747,house,13.71041802599338,,False,24247101.0,17.003807663051816,503051.88796680496,13.128450588617753,49,24506160.0,428400.0,344027.3037542662,554200.0,16,15701850.0,423133.42318059294,297491.1388132038,509906.5935517054,47,19900000.0,390000.0,255879.99731074355,517735.35515320336,258,12100000.0,316179.96971663425,218807.02554744523,472179.52702702704
327852683,cian,2026-05-04T21:43:14.403070+00:00,Санкт-Петербург,real_estate_agent,1room,1,46.0,3.8501476017100575,5.0,12.0,0.4166666666666667,False,False,Курортный,unknown,МФК Морская ривьера,59.998243,30.0984747,house,13.71041802599338,,False,28990000.0,17.18246153539249,630217.3913043478,13.353821691161537,49,24506160.0,428400.0,344027.3037542662,554200.0,16,15701850.0,423133.42318059294,297491.1388132038,509906.5935517054,47,19900000.0,390000.0,255879.99731074355,517735.35515320336,258,12100000.0,316179.96971663425,218807.02554744523,472179.52702702704
329414439,cian,2026-05-04T21:43:14.403070+00:00,Санкт-Петербург,real_estate_agent,1room,1,35.6,3.6000482404073204,2.0,24.0,0.0833333333333333,False,False,Приморский,Комендантский проспект,Чистое небо,60.0403765,30.2041864,house,12.862448250144205,4.713793534896264,True,8800000.0,15.990262393084793,247191.01123595505,12.417920687036812,119,11000000.0,253120.0,213054.45761967503,301644.1421266091,30,8917000.0,241087.7464576749,214780.7574315032,273640.8199643494,62,11400000.0,258025.86534804112,212350.63966555786,313750.0,258,12100000.0,316179.96971663425,218807.02554744523,472179.52702702704
328918578,cian,2026-05-04T21:43:14.403070+00:00,Санкт-Петербург,developer,1room,1,39.3,3.696351468952637,5.0,12.0,0.4166666666666667,False,False,Фрунзенский,Обводный канал,Витебский Парк ЖК,59.8661908,30.3921989,district,9.15383191638589,5.859998080474566,True,13914204.0,16.44842081871927,354050.99236641225,12.777199052422969,36,11675000.0,275360.4958677686,194624.98710409575,392205.28341254056,6,13807102.0,380289.5911386957,236841.4388994025,417904.0408778915,20,17343499.5,385522.5051466804,295973.35138216015,426557.9919079805,258,12100000.0,316179.96971663425,218807.02554744523,472179.52702702704
327787700,cian,2026-05-04T21:43:14.403070+00:00,Санкт-Петербург,real_estate_agent,1room,1,30.4,3.446807892914208,4.0,5.0,0.8,False,False,Московский,Звездная,unknown,59.752047,30.3126948,house,20.74392429822931,9.314440311636732,True,5500000.0,15.520258832020865,180921.05263157896,12.105821569047976,115,14600000.0,338071.4560122935,232688.51778861112,440766.12903225806,27,13590000.0,352072.53886010364,239536.8318088638,430424.8145911584,43,9590757.0,294827.5862068966,224474.7194575878,354639.3791256695,258,12100000.0,316179.96971663425,218807.02554744523,472179.52702702704
327970225,cian,2026-05-04T21:43:14.403070+00:00,Санкт-Петербург,real_estate_agent,1room,1,31.8,3.4904285153900982,4.0,11.0,0.3636363636363636,False,False,Пушкинский,Шушары,Ленсоветовский,59.7556206,30.4719008,house,22.173400647659356,7.490032910694175,True,4649000.0,15.35216291577272,146194.96855345913,11.89270325104388,43,7166266.0,202797.2027972028,163053.72914003386,232898.85297184568,14,6550000.0,206115.77964519142,173535.57164658897,219166.66666666666,18,7450000.0,145612.922705314,128822.01343198246,164048.5800516345,258,12100000.0,316179.96971663425,218807.02554744523,472179.52702702704
318135115,cian,2026-05-04T21:43:14.403070+00:00,Санкт-Петербург,developer,1room,1,35.4,3.594568774642695,7.0,8.0,0.875,False,False,Петроградский,Спортивная,NEVA RESIDENCE,59.9581113,30.2677113,house,3.373353959702625,1.5414762901508554,True,21880740.0,16.901117401489387,618100.0,13.334407153507243,215,74551226.0,688500.0,513014.51612903224,950757.9850893903,22,34125000.0,682328.2918149466,617487.9629629629,896456.3461641226,44,38450000.0,636691.4335664336,466248.48787486635,964962.5076891531,258,12100000.0,316179.96971663425,218807.02554744523,472179.52702702704
327000867,cian,2026-05-04T21:43:14.403070+00:00,Санкт-Петербург,real_estate_agent,1room,1,41.1,3.740047740688336,5.0,25.0,0.2,False,False,Приморский,Беговая,unknown,59.9969455,30.2112374,house,8.652184057536207,0.9999874400786642,True,10700000.0,16.185754392890075,260340.63260340632,12.469750019044064,119,11000000.0,253120.0,213054.45761967503,301644.1421266091,30,8917000.0,241087.7464576749,214780.7574315032,273640.8199643494,29,9802294.0,240710.82390953152,210180.94089264172,306436.1191162344,258,12100000.0,316179.96971663425,218807.02554744523,472179.52702702704
327389978,cian,2026-05-04T21:43:14.403070+00:00,Санкт-Петербург,real_estate_agent,1room,1,31.8,3.4904285153900982,12.0,18.0,0.6666666666666666,False,False,Невский,Ломоносовская,unknown,59.8616741,30.5048749,house,13.650902699039364,3.922920682904142,True,5999000.0,15.607103513329664,188647.79874213837,12.14764235771853,75,8462886.0,214129.9972504812,190613.3732947499,276627.69547325105,20,8350000.0,215944.99248873309,202580.0220750552,275984.998746553,28,7400000.0,202820.86979581014,183649.6889170094,226678.90459640961,258,12100000.0,316179.96971663425,218807.02554744523,472179.52702702704
322243190,cian,2026-05-04T21:43:14.403070+00:00,Санкт-Петербург,developer,1room,1,36.8,3.632309102625542,22.0,25.0,0.88,False,False,Невский,Ломоносовская,Октябрьская набережная ЖК,59.8793391,30.4543894,street,10.227065272730478,0.6900689184540432,True,10061856.0,16.124262298046105,273420.0,12.518768010856224,75,8462886.0,214129.9972504812,190613.3732947499,276627.69547325105,20,8350000.0,215944.99248873309,202580.0220750552,275984.998746553,28,7400000.0,202820.86979581014,183649.6889170094,226678.90459640961,258,12100000.0,316179.96971663425,218807.02554744523,472179.52702702704
329512221,cian,2026-05-04T21:43:14.403070+00:00,Санкт-Петербург,realtor,1room,1,34.5,3.56953269648137,6.0,17.0,0.3529411764705882,False,False,Московский,Купчино,unknown,59.8368418,30.3670285,house,11.693919617046598,1.215328549946071,True,10900000.0,16.204273438942487,315942.02898550726,12.663317188294664,115,14600000.0,338071.4560122935,232688.51778861112,440766.12903225806,27,13590000.0,352072.53886010364,239536.8318088638,430424.8145911584,32,7495000.0,211094.97047056584,198690.38857472915,238287.2080291971,258,12100000.0,316179.96971663425,218807.02554744523,472179.52702702704
326344219,cian,2026-05-04T21:43:14.403070+00:00,Санкт-Петербург,homeowner,1room,1,40.4,3.7232808808312687,7.0,11.0,0.6363636363636364,False,False,Выборгский,Проспект Просвещения,в Парголово,60.0720881,30.2357487,house,15.469030755650314,5.985475092555011,True,6770000.0,15.728011792598934,167574.25742574257,12.02918782740724,68,11500000.0,242464.8327306462,201785.625,296143.7908496732,17,8200000.0,229357.7981651376,214484.67966573816,294117.64705882355,35,9900000.0,229117.64705882352,178772.9364833445,279693.9024390244,258,12100000.0,316179.96971663425,218807.02554744523,472179.52702702704
325240507,cian,2026-05-04T21:43:14.403070+00:00,Санкт-Петербург,developer,1room,1,34.6,3.572345637857985,2.0,9.0,0.2222222222222222,False,False,Адмиралтейский,Балтийская,Лермонтовский 54,59.9102168,30.3018821,house,3.2286731735675103,0.4304952981660762,True,19205941.0,16.770730268285877,555085.0,13.226878335679247,73,19300000.0,451851.85185185185,325510.20408163266,515585.6263228786,13,19768939.0,486034.9127182045,444330.0,555085.0,24,19487440.0,489918.4408501023,447802.11723439646,572020.1837657281,258,12100000.0,316179.96971663425,218807.02554744523,472179.52702702704
326670929,cian,2026-05-04T21:43:14.403070+00:00,Санкт-Петербург,real_estate_agent,1room,1,35.7,3.6027767550605247,2.0,12.0,0.1666666666666666,False,False,Красносельский,Юго-Западная,unknown,59.8486226,30.1849808,house,12.327469211247037,2.911580089757948,True,7890000.0,15.881106819564762,221008.4033613445,12.305960528741055,45,8600000.0,223093.96897646284,183937.8238341969,261158.53658536586,12,7300000.0,203411.1134055085,179747.59615384616,274155.2220813795,49,8600000.0,227835.03496503495,191335.74007220217,261158.53658536586,258,12100000.0,316179.96971663425,218807.02554744523,472179.52702702704
328817267,cian,2026-05-04T21:43:14.403070+00:00,Санкт-Петербург,real_estate_agent,1room,1,40.2,3.7184382563554808,2.0,13.0,0.1538461538461538,False,False,Пушкинский,Шушары,unknown,59.7558057,30.466619,house,22.03880387304561,7.386201877865044,True,5200000.0,15.46416937585933,129353.23383084577,11.77030991866603,43,7166266.0,202797.2027972028,163053.72914003386,232898.85297184568,14,6550000.0,206115.77964519142,173535.57164658897,219166.66666666666,18,7450000.0,145612.922705314,128822.01343198246,164048.5800516345,258,12100000.0,316179.96971663425,218807.02554744523,472179.52702702704
326074485,cian,2026-05-04T21:43:14.403070+00:00,Санкт-Петербург,developer,1room,1,41.59,3.751619483935122,3.0,10.0,0.3,False,False,Центральный,Площадь Александра Невского,Гильдия,59.9368984,30.3844576,house,3.9236329938891537,1.4082635969830763,True,26825550.0,17.104865386810623,645000.0,13.377007146164305,121,33000000.0,472702.7027027027,281949.93412384717,660000.0,13,23845250.0,531697.3415132924,472702.7027027027,645000.0,35,35693422.0,625000.0,555289.7769297812,706503.2363162467,258,12100000.0,316179.96971663425,218807.02554744523,472179.52702702704
329426854,cian,2026-05-04T21:43:14.403070+00:00,Санкт-Петербург,real_estate_agent,1room,1,34.0,3.555348061489413,2.0,5.0,0.4,False,False,Пушкинский,Купчино,ЮгТаун. Олимпийские кварталы,59.7530356,30.3298909,house,20.652691282266677,8.917774691847043,True,7000000.0,15.76142084987672,205882.35294117648,12.235065039534486,43,7166266.0,202797.2027972028,163053.72914003386,232898.85297184568,14,6550000.0,206115.77964519142,173535.57164658897,219166.66666666666,32,7495000.0,211094.97047056584,198690.38857472915,238287.2080291971,258,12100000.0,316179.96971663425,218807.02554744523,472179.52702702704
323954964,cian,2026-05-04T21:43:14.403070+00:00,Санкт-Петербург,developer,1room,1,29.3,3.411147712515324,2.0,5.0,0.4,False,False,Курортный,Зенит,Лисино,60.1235747,30.0672117,district,24.72067342350013,18.639936993307813,True,10080000.0,16.12606391981384,344027.3037542662,12.748479211326282,49,24506160.0,428400.0,344027.3037542662,554200.0,16,15701850.0,423133.42318059294,297491.1388132038,509906.5935517054,3,16797000.0,330000.0,320202.21223643277,337013.65187713306,258,12100000.0,316179.96971663425,218807.02554744523,472179.52702702704
319855300,cian,2026-05-04T21:43:14.403070+00:00,Санкт-Петербург,real_estate_agent,1room,1,41.4,3.747148362237912,3.0,4.0,0.75,False,False,Приморский,Беговая,Лисий Нос green,59.8745741,30.4437416,house,10.145476471231648,18.41389458837649,True,8834000.0,15.994118584337606,213381.6425120773,12.270842276735118,119,11000000.0,253120.0,213054.45761967503,301644.1421266091,30,8917000.0,241087.7464576749,214780.7574315032,273640.8199643494,29,9802294.0,240710.82390953152,210180.94089264172,306436.1191162344,258,12100000.0,316179.96971663425,218807.02554744523,472179.52702702704
327185264,cian,2026-05-04T21:43:14.403070+00:00,Санкт-Петербург,real_estate_agent,1room,1,46.7,3.864931397894296,11.0,16.0,0.6875,False,False,Красносельский,Юго-Западная,Дудергофская линия 3,59.7955207,30.1614601,house,18.047638770204436,8.16600064275872,True,6800000.0,15.732433317205148,145610.27837259098,11.88869587309496,45,8600000.0,223093.96897646284,183937.8238341969,261158.53658536586,12,7300000.0,203411.1134055085,179747.59615384616,274155.2220813795,49,8600000.0,227835.03496503495,191335.74007220217,261158.53658536586,258,12100000.0,316179.96971663425,218807.02554744523,472179.52702702704
318140433,cian,2026-05-04T21:43:14.403070+00:00,Санкт-Петербург,developer,1room,1,51.8,3.966511190712216,8.0,9.0,0.8888888888888888,False,False,Петроградский,Чкаловская,NEVA HAUS,59.9606929,30.2676571,house,3.566874646441068,1.3009140599618536,True,37285640.0,17.43411885071248,719800.0,13.4867300639009,215,74551226.0,688500.0,513014.51612903224,950757.9850893903,22,34125000.0,682328.2918149466,617487.9629629629,896456.3461641226,50,65500613.5,676550.1672240803,551580.3395021516,840090.1701805224,258,12100000.0,316179.96971663425,218807.02554744523,472179.52702702704
329369495,cian,2026-05-04T21:43:14.403070+00:00,Санкт-Петербург,realtor,1room,1,29.0,3.4011973816621555,5.0,5.0,1.0,False,True,Красносельский,Юго-Западная,unknown,59.7185027,30.0782962,house,27.79606464559439,17.914570934968477,True,4190000.0,15.248211530561775,144482.75862068965,11.880922383128945,45,8600000.0,223093.96897646284,183937.8238341969,261158.53658536586,12,7300000.0,203411.1134055085,179747.59615384616,274155.2220813795,49,8600000.0,227835.03496503495,191335.74007220217,261158.53658536586,258,12100000.0,316179.96971663425,218807.02554744523,472179.52702702704
327841742,cian,2026-05-04T21:43:14.403070+00:00,Санкт-Петербург,homeowner,1room,1,33.3,3.535145354171894,4.0,10.0,0.4,False,False,Приморский,Комендантский проспект,unknown,60.0234183,30.2336008,house,10.440520293899004,2.2232435968039157,True,7950000.0,15.88868261241667,238738.73873873876,12.38312927831459,119,11000000.0,253120.0,213054.45761967503,301644.1421266091,30,8917000.0,241087.7464576749,214780.7574315032,273640.8199643494,62,11400000.0,258025.86534804112,212350.63966555786,313750.0,258,12100000.0,316179.96971663425,218807.02554744523,472179.52702702704
323946402,cian,2026-05-04T21:43:14.403070+00:00,Санкт-Петербург,developer,1room,1,148.63,5.008165580195328,6.0,6.0,1.0,False,True,Петроградский,Крестовский остров,АСТРУМ,59.974045,30.272808,house,4.562700560591683,0.7963349736984283,True,297260000.0,19.51011773804908,2000000.0,14.508658238524095,215,74551226.0,688500.0,513014.51612903224,950757.9850893903,22,34125000.0,682328.2918149466,617487.9629629629,896456.3461641226,69,105000000.0,775889.9676375405,607500.0,1050000.0,258,12100000.0,316179.96971663425,218807.02554744523,472179.52702702704
327147318,cian,2026-05-04T21:43:14.403070+00:00,Санкт-Петербург,real_estate_agent,1room,1,41.9,3.758871825933971,7.0,25.0,0.28,False,False,Приморский,Беговая,unknown,59.9988648,30.2124083,house,8.771052548771724,1.2220791464397165,True,10200000.0,16.13789837629371,243436.754176611,12.402616559161107,119,11000000.0,253120.0,213054.45761967503,301644.1421266091,30,8917000.0,241087.7464576749,214780.7574315032,273640.8199643494,29,9802294.0,240710.82390953152,210180.94089264172,306436.1191162344,258,12100000.0,316179.96971663425,218807.02554744523,472179.52702702704
329225160,cian,2026-05-04T21:43:14.403070+00:00,Санкт-Петербург,real_estate_agent,1room,1,40.6,3.728100167267218,3.0,25.0,0.12,False,False,Красногвардейский,Ладожская,unknown,59.9444878,30.4916626,house,9.911127834881828,3.1085887418927403,True,9700000.0,16.08763654656639,238916.25615763545,12.383872562424175,65,10300000.0,250000.0,202169.11764705883,415701.00840336137,14,10200000.0,280602.70639207074,203125.32100667694,414937.1221662468,16,8100000.0,244458.12807881774,189389.65874986106,325733.2609125025,258,12100000.0,316179.96971663425,218807.02554744523,472179.52702702704
328054204,cian,2026-05-04T21:43:14.403070+00:00,Санкт-Петербург,developer,1room,1,94.01,4.553982149218658,7.0,8.0,0.875,False,False,Петроградский,Спортивная,17/33 Петровский остров,59.9584536,30.2693359,street,3.329696422532838,1.4795804670455333,True,159817000.0,18.88953997487406,1700000.0,14.346139397261565,215,74551226.0,688500.0,513014.51612903224,950757.9850893903,22,34125000.0,682328.2918149466,617487.9629629629,896456.3461641226,44,38450000.0,636691.4335664336,466248.48787486635,964962.5076891531,258,12100000.0,316179.96971663425,218807.02554744523,472179.52702702704
328974177,cian,2026-05-04T21:43:14.403070+00:00,Санкт-Петербург,real_estate_agent,1room,1,35.9,3.6082115510464816,1.0,13.0,0.0769230769230769,True,False,Приморский,Проспект Просвещения,Орловский парк,60.0563192,30.2691349,house,13.326418832082538,3.7505862631629054,True,7199999.0,15.789591583986285,200557.07520891365,12.208859135702525,119,11000000.0,253120.0,213054.45761967503,301644.1421266091,30,8917000.0,241087.7464576749,214780.7574315032,273640.8199643494,35,9900000.0,229117.64705882352,178772.9364833445,279693.9024390244,258,12100000.0,316179.96971663425,218807.02554744523,472179.52702702704
329040561,cian,2026-05-04T21:43:14.403070+00:00,Санкт-Петербург,real_estate_agent,1room,1,39.4,3.698829784967105,4.0,17.0,0.2352941176470588,False,False,Красногвардейский,Ладожская,unknown,59.9542735,30.4762936,house,9.198767516387177,3.1084548242232057,True,7200000.0,15.789591722875162,182741.11675126903,12.115831239889646,65,10300000.0,250000.0,202169.11764705883,415701.00840336137,14,10200000.0,280602.70639207074,203125.32100667694,414937.1221662468,16,8100000.0,244458.12807881774,189389.65874986106,325733.2609125025,258,12100000.0,316179.96971663425,218807.02554744523,472179.52702702704
327096121,cian,2026-05-04T21:43:14.403070+00:00,Санкт-Петербург,developer,1room,1,40.44,3.724246597951228,8.0,11.0,0.7272727272727273,False,False,Московский,Московские ворота,Коллекционный Дом 1919,59.8919464,30.3243918,house,5.219272998900943,0.2270682020503592,True,27086712.0,17.114553870412983,669800.0,13.414735932324106,115,14600000.0,338071.4560122935,232688.51778861112,440766.12903225806,27,13590000.0,352072.53886010364,239536.8318088638,430424.8145911584,16,30457890.5,569999.7957895484,441149.1935483871,668525.0,258,12100000.0,316179.96971663425,218807.02554744523,472179.52702702704
327818235,cian,2026-05-04T21:43:14.403070+00:00,Санкт-Петербург,real_estate_agent,1room,1,41.2,3.742420221041966,9.0,22.0,0.4090909090909091,False,False,Красносельский,Юго-Западная,Жемчужный Каскад,59.8607356,30.1455411,house,12.779699825970738,4.835760156387825,True,11000000.0,16.213405921671733,266990.2912621359,12.494971319854695,45,8600000.0,223093.96897646284,183937.8238341969,261158.53658536586,12,7300000.0,203411.1134055085,179747.59615384616,274155.2220813795,49,8600000.0,227835.03496503495,191335.74007220217,261158.53658536586,258,12100000.0,316179.96971663425,218807.02554744523,472179.52702702704
328569707,cian,2026-05-04T21:43:14.403070+00:00,Санкт-Петербург,real_estate_agent,1room,1,35.5,3.597312260588446,13.0,13.0,1.0,False,True,Невский,Ломоносовская,Апарт-отель Начало,59.879154,30.4196595,house,8.85023930942466,1.2771579562497333,True,8300000.0,15.931766193248746,233802.81690140846,12.362237653384744,75,8462886.0,214129.9972504812,190613.3732947499,276627.69547325105,20,8350000.0,215944.99248873309,202580.0220750552,275984.998746553,28,7400000.0,202820.86979581014,183649.6889170094,226678.90459640961,258,12100000.0,316179.96971663425,218807.02554744523,472179.52702702704
327097334,cian,2026-05-04T21:43:14.403070+00:00,Санкт-Петербург,developer,1room,1,50.18,3.935348830731643,5.0,18.0,0.2777777777777778,False,False,Василеостровский,Приморская,Башни Элемент,59.9407329,30.193978,house,6.694866063092209,2.211622373519493,True,25549147.0,17.056114527678336,509150.0,13.140499911655626,165,23000000.0,425718.0832915203,357142.85714285716,499334.2210386152,32,18995052.5,444529.892808932,404297.3423190159,500610.91260112775,73,22280000.0,414540.0,355671.14093959733,468620.6724137931,258,12100000.0,316179.96971663425,218807.02554744523,472179.52702702704
329048240,cian,2026-05-04T21:43:14.403070+00:00,Санкт-Петербург,real_estate_agent,1room,1,42.5,3.7727609380946383,6.0,29.0,0.2068965517241379,False,False,Выборгский,Проспект Просвещения,OZERKI Style Tower,60.0528093,30.3120543,house,12.700021702360392,1.3457328175918353,True,12500000.0,16.341239282272525,294117.64705882355,12.591738526336378,68,11500000.0,242464.8327306462,201785.625,296143.7908496732,17,8200000.0,229357.7981651376,214484.67966573816,294117.64705882355,35,9900000.0,229117.64705882352,178772.9364833445,279693.9024390244,258,12100000.0,316179.96971663425,218807.02554744523,472179.52702702704
327097075,cian,2026-05-04T21:43:14.403070+00:00,Санкт-Петербург,developer,1room,1,35.67,3.6019589820832345,5.0,5.0,1.0,False,True,Курортный,Комендантский проспект,BEREG.Курортный,60.0863026,29.9425321,house,26.385229379440663,19.55122660226132,True,19768314.0,16.799590961367816,554200.0,13.22528271581213,49,24506160.0,428400.0,344027.3037542662,554200.0,16,15701850.0,423133.42318059294,297491.1388132038,509906.5935517054,62,11400000.0,258025.86534804112,212350.63966555786,313750.0,258,12100000.0,316179.96971663425,218807.02554744523,472179.52702702704
327715645,cian,2026-05-04T21:43:14.403070+00:00,Санкт-Петербург,real_estate_agent,1room,1,38.5,3.676300671907076,1.0,3.0,0.3333333333333333,True,False,Петродворцовый,Юго-Западная,Верен Вилладж Стрельна,59.7794531,30.1335775,house,20.36549649768291,10.49604955144438,True,9700000.0,16.08763654656639,251948.05194805196,12.43698217124416,9,5700000.0,171686.7469879518,164981.2734082397,229916.3179916318,3,5700000.0,171686.7469879518,167526.5418108076,211817.39946800188,49,8600000.0,227835.03496503495,191335.74007220217,261158.53658536586,258,12100000.0,316179.96971663425,218807.02554744523,472179.52702702704
325166618,cian,2026-05-04T21:43:14.403070+00:00,Санкт-Петербург,developer,1room,1,80.5,4.400603020246817,3.0,7.0,0.4285714285714285,False,False,Василеостровский,Василеостровская,Клубный дом Монодом Лайн,59.9392754,30.2438761,district,3.9122015596226105,2.100112668540487,True,30843722.0,17.244443819217707,383151.82608695654,12.856189212299723,165,23000000.0,425718.0832915203,357142.85714285716,499334.2210386152,32,18995052.5,444529.892808932,404297.3423190159,500610.91260112775,43,27900960.0,403090.15256588074,244769.5453830423,459065.00739980966,258,12100000.0,316179.96971663425,218807.02554744523,472179.52702702704
329660769,cian,2026-05-04T21:43:14.403070+00:00,Санкт-Петербург,realtor,1room,1,38.8,3.683866912290392,2.0,7.0,0.2857142857142857,False,False,Московский,Электросила,unknown,59.8705588,30.3125509,house,7.566339717755551,1.244830242641242,True,13800000.0,16.440179222591198,355670.10309278354,12.781761715088455,115,14600000.0,338071.4560122935,232688.51778861112,440766.12903225806,27,13590000.0,352072.53886010364,239536.8318088638,430424.8145911584,8,19075000.0,350390.51297248725,310177.1663757005,366702.57731958764,258,12100000.0,316179.96971663425,218807.02554744523,472179.52702702704
326735886,cian,2026-05-04T21:43:14.403070+00:00,Санкт-Петербург,real_estate_agent,1room,1,30.0,3.4339872044851463,4.0,4.0,1.0,False,True,Пушкинский,Купчино,unknown,59.8325971,30.3429821,house,11.89662763231008,2.2125541845959877,True,6500000.0,15.687312888712007,216666.66666666666,12.286119968577674,43,7166266.0,202797.2027972028,163053.72914003386,232898.85297184568,14,6550000.0,206115.77964519142,173535.57164658897,219166.66666666666,32,7495000.0,211094.97047056584,198690.38857472915,238287.2080291971,258,12100000.0,316179.96971663425,218807.02554744523,472179.52702702704
325558661,cian,2026-05-04T21:43:14.403070+00:00,Санкт-Петербург,developer,1room,1,54.35,4.013676659154646,1.0,9.0,0.1111111111111111,True,False,Василеостровский,Горный институт,МОНОДОМ АРТ,59.9044682,29.7789704,street,30.06287842797851,27.052745316729546,True,24258479.0,17.004276804941867,446338.16007359704,13.008834390603178,165,23000000.0,425718.0832915203,357142.85714285716,499334.2210386152,32,18995052.5,444529.892808932,404297.3423190159,500610.91260112775,49,24258479.0,491000.0,424440.0,576720.0,258,12100000.0,316179.96971663425,218807.02554744523,472179.52702702704
329662612,cian,2026-05-04T21:43:14.403070+00:00,Санкт-Петербург,real_estate_agent,1room,1,32.7,3.517497837358316,9.0,19.0,0.4736842105263157,False,False,Красногвардейский,Девяткино,Цветной Город,59.9782843,30.4865836,district,10.567148826346545,8.317755168677987,True,5500000.0,15.520258832020865,168195.71865443423,12.032889517736363,65,10300000.0,250000.0,202169.11764705883,415701.00840336137,14,10200000.0,280602.70639207074,203125.32100667694,414937.1221662468,15,4537224.0,207870.37037037036,195758.49544753472,213107.56097560975,258,12100000.0,316179.96971663425,218807.02554744523,472179.52702702704
327250359,cian,2026-05-04T21:43:14.403070+00:00,Санкт-Петербург,real_estate_agent,1room,1,33.2,3.53222564406856,7.0,9.0,0.7777777777777778,False,False,Петродворцовый,unknown,unknown,59.8664932,29.8636701,house,26.36520655794108,,False,5700000.0,15.55597690824336,171686.7469879518,12.053432681426777,9,5700000.0,171686.7469879518,164981.2734082397,229916.3179916318,3,5700000.0,171686.7469879518,167526.5418108076,211817.39946800188,47,19900000.0,390000.0,255879.99731074355,517735.35515320336,258,12100000.0,316179.96971663425,218807.02554744523,472179.52702702704
327096164,cian,2026-05-04T21:43:14.403070+00:00,Санкт-Петербург,developer,1room,1,48.77,3.907412392870463,8.0,8.0,1.0,False,True,Петроградский,Спортивная,17/33 Петровский остров,59.9584536,30.2693359,street,3.329696422532838,1.4795804670455333,True,46967949.0,17.664976012171003,963050.0102522041,13.777861659525062,215,74551226.0,688500.0,513014.51612903224,950757.9850893903,22,34125000.0,682328.2918149466,617487.9629629629,896456.3461641226,44,38450000.0,636691.4335664336,466248.48787486635,964962.5076891531,258,12100000.0,316179.96971663425,218807.02554744523,472179.52702702704
329483736,cian,2026-05-04T21:43:14.403070+00:00,Санкт-Петербург,real_estate_agent,1room,1,41.1,3.740047740688336,22.0,25.0,0.88,False,False,Приморский,Беговая,unknown,59.9965094,30.2148125,house,8.485018188748233,1.0528006707052835,True,9000000.0,16.012735246411598,218978.10218978103,12.296731580454544,119,11000000.0,253120.0,213054.45761967503,301644.1421266091,30,8917000.0,241087.7464576749,214780.7574315032,273640.8199643494,29,9802294.0,240710.82390953152,210180.94089264172,306436.1191162344,258,12100000.0,316179.96971663425,218807.02554744523,472179.52702702704
327497179,cian,2026-05-04T21:43:14.403070+00:00,Санкт-Петербург,developer,1room,1,39.05,3.690128673514368,7.0,12.0,0.5833333333333334,False,False,Московский,Звездная,Аквилон Leaves,59.822767,30.3345572,house,12.930540895538847,1.437181124021394,True,15352088.0,16.546762113943124,393139.257362356,12.881921716144419,115,14600000.0,338071.4560122935,232688.51778861112,440766.12903225806,27,13590000.0,352072.53886010364,239536.8318088638,430424.8145911584,43,9590757.0,294827.5862068966,224474.7194575878,354639.3791256695,258,12100000.0,316179.96971663425,218807.02554744523,472179.52702702704
329667463,cian,2026-05-04T21:43:14.403070+00:00,Санкт-Петербург,realtor,1room,1,40.3,3.720862499966987,9.0,13.0,0.6923076923076923,False,False,Московский,Звездная,Антей,59.8366972,30.353392,house,11.54115462785366,0.4530866151639656,True,11000000.0,16.213405921671733,272952.8535980149,12.51705802543966,115,14600000.0,338071.4560122935,232688.51778861112,440766.12903225806,27,13590000.0,352072.53886010364,239536.8318088638,430424.8145911584,43,9590757.0,294827.5862068966,224474.7194575878,354639.3791256695,258,12100000.0,316179.96971663425,218807.02554744523,472179.52702702704
327036516,cian,2026-05-04T21:43:14.403070+00:00,Санкт-Петербург,real_estate_agent,1room,1,30.0,3.4339872044851463,3.0,5.0,0.6,False,False,Невский,Ломоносовская,unknown,59.8833591,30.483788,house,11.278947397187142,2.3901281112902613,True,6600000.0,15.702580358511794,220000.0,12.301387370778713,75,8462886.0,214129.9972504812,190613.3732947499,276627.69547325105,20,8350000.0,215944.99248873309,202580.0220750552,275984.998746553,28,7400000.0,202820.86979581014,183649.6889170094,226678.90459640961,258,12100000.0,316179.96971663425,218807.02554744523,472179.52702702704
327096122,cian,2026-05-04T21:43:14.403070+00:00,Санкт-Петербург,developer,1room,1,45.32,3.83557383326474,8.0,11.0,0.7272727272727273,False,False,Московский,Московские ворота,Коллекционный Дом 1919,59.8919464,30.3243918,house,5.219272998900943,0.2270682020503592,True,30278292.0,17.225941611100335,668100.0,13.412194638694368,115,14600000.0,338071.4560122935,232688.51778861112,440766.12903225806,27,13590000.0,352072.53886010364,239536.8318088638,430424.8145911584,16,30457890.5,569999.7957895484,441149.1935483871,668525.0,258,12100000.0,316179.96971663425,218807.02554744523,472179.52702702704
328415762,cian,2026-05-04T21:43:14.403070+00:00,Санкт-Петербург,real_estate_agent,1room,1,40.0,3.713572066704308,10.0,24.0,0.4166666666666667,False,False,Калининский,Лесная,Утренняя звезда,59.9839958,30.3703233,house,5.939204922415246,1.4578970759730134,True,14800000.0,16.51013780630191,370000.0,12.821260987319457,53,10624445.0,291095.8904109589,210032.36245954694,359100.0,11,13999999.0,340632.5790754258,218245.96774193546,371952.36562150053,37,13355877.0,359100.0,250000.0,393258.42696629214,258,12100000.0,316179.96971663425,218807.02554744523,472179.52702702704
327218120,cian,2026-05-04T21:43:14.403070+00:00,Санкт-Петербург,real_estate_agent,1room,1,30.8,3.459466289786131,1.0,5.0,0.2,True,False,Московский,Московская,unknown,59.8579592,30.3529351,house,9.224702855379984,2.0637174371469467,True,6500000.0,15.687312888712007,211038.96103896105,12.25980278333665,115,14600000.0,338071.4560122935,232688.51778861112,440766.12903225806,27,13590000.0,352072.53886010364,239536.8318088638,430424.8145911584,34,19750000.0,368624.6176101299,230362.88470372072,720562.5,258,12100000.0,316179.96971663425,218807.02554744523,472179.52702702704
327096144,cian,2026-05-04T21:43:14.403070+00:00,Санкт-Петербург,developer,1room,1,42.42,3.7709201644501458,5.0,8.0,0.625,False,False,Петроградский,Спортивная,17/33 Петровский остров,59.9584536,30.2693359,street,3.329696422532838,1.4795804670455333,True,29314341.0,17.193587442281704,691050.0,13.44596890610442,215,74551226.0,688500.0,513014.51612903224,950757.9850893903,22,34125000.0,682328.2918149466,617487.9629629629,896456.3461641226,44,38450000.0,636691.4335664336,466248.48787486635,964962.5076891531,258,12100000.0,316179.96971663425,218807.02554744523,472179.52702702704
327782178,cian,2026-05-04T21:43:14.403070+00:00,Санкт-Петербург,realtor,1room,1,47.5,3.881563797943437,18.0,18.0,1.0,False,True,Адмиралтейский,Фрунзенская,Квартал Галактика,59.9023455,30.3076988,house,4.047076128711599,0.6782590364651271,True,21170000.0,16.8680956903477,445684.2105263158,13.007368175809079,73,19300000.0,451851.85185185185,325510.20408163266,515585.6263228786,13,19768939.0,486034.9127182045,444330.0,555085.0,10,14049999.5,438359.34664246824,398405.74954907777,463745.7418279336,258,12100000.0,316179.96971663425,218807.02554744523,472179.52702702704
329174065,cian,2026-05-04T21:43:14.403070+00:00,Санкт-Петербург,real_estate_agent,1room,1,22.6,3.1612467120315646,9.0,9.0,1.0,False,True,Московский,Ленинский проспект,unknown,59.8570615,30.294418,house,9.1328811412879,1.4876927611971094,True,6200000.0,15.64006001130563,274336.2831858407,12.522113588891726,115,14600000.0,338071.4560122935,232688.51778861112,440766.12903225806,27,13590000.0,352072.53886010364,239536.8318088638,430424.8145911584,9,9570000.0,254629.62962962964,207011.68614357262,319565.2173913043,258,12100000.0,316179.96971663425,218807.02554744523,472179.52702702704
327097310,cian,2026-05-04T21:43:14.403070+00:00,Санкт-Петербург,developer,1room,1,37.99,3.663305202994506,7.0,18.0,0.3888888888888889,False,False,Василеостровский,Приморская,Башни Элемент,59.9407329,30.193978,house,6.694866063092209,2.211622373519493,True,30063387.0,17.218818643855542,791350.0131613582,13.581496907055495,165,23000000.0,425718.0832915203,357142.85714285716,499334.2210386152,32,18995052.5,444529.892808932,404297.3423190159,500610.91260112775,73,22280000.0,414540.0,355671.14093959733,468620.6724137931,258,12100000.0,316179.96971663425,218807.02554744523,472179.52702702704
328764114,cian,2026-05-04T21:43:14.403070+00:00,Санкт-Петербург,real_estate_agent,1room,1,52.2,3.974058396347599,7.0,9.0,0.7777777777777778,False,False,Петроградский,Крестовский остров,NEVA HAUS,59.9606929,30.2676571,house,3.566874646441068,1.2418928544852768,True,31800000.0,17.274976879196945,609195.4022988506,13.3198959943699,215,74551226.0,688500.0,513014.51612903224,950757.9850893903,22,34125000.0,682328.2918149466,617487.9629629629,896456.3461641226,69,105000000.0,775889.9676375405,607500.0,1050000.0,258,12100000.0,316179.96971663425,218807.02554744523,472179.52702702704
329340498,cian,2026-05-04T21:43:14.403070+00:00,Санкт-Петербург,homeowner,1room,1,51.2,3.955082494888593,13.0,15.0,0.8666666666666667,False,False,Калининский,Площадь Мужества,unknown,59.9983285,30.3788666,house,7.556498013958809,0.7826844748288928,True,14900000.0,16.51687183802978,291015.625,12.581135675105932,53,10624445.0,291095.8904109589,210032.36245954694,359100.0,11,13999999.0,340632.5790754258,218245.96774193546,371952.36562150053,6,14300000.0,251935.8130849239,247168.78971816134,255577.18615174157,258,12100000.0,316179.96971663425,218807.02554744523,472179.52702702704
328771073,cian,2026-05-04T21:43:14.403070+00:00,Санкт-Петербург,developer,1room,1,35.86,3.607126952241677,11.0,17.0,0.6470588235294118,False,False,Московский,Звездная,Оро бай Аквилон ЖК,59.8278025,30.3165199,district,12.320876687507392,1.8547404739298703,True,13672409.0,16.430890491625174,381271.8627997769,12.851270573105165,115,14600000.0,338071.4560122935,232688.51778861112,440766.12903225806,27,13590000.0,352072.53886010364,239536.8318088638,430424.8145911584,43,9590757.0,294827.5862068966,224474.7194575878,354639.3791256695,258,12100000.0,316179.96971663425,218807.02554744523,472179.52702702704
325314424,cian,2026-05-04T21:43:14.403070+00:00,Санкт-Петербург,real_estate_agent,1room,1,48.9,3.910021002757473,6.0,7.0,0.8571428571428571,False,False,Центральный,Площадь Александра Невского,Новый Невский,59.926002,30.3788306,house,3.868746103971333,0.3524510590391714,True,33000000.0,17.312018149733785,674846.6257668711,13.422242204767011,121,33000000.0,472702.7027027027,281949.93412384717,660000.0,13,23845250.0,531697.3415132924,472702.7027027027,645000.0,35,35693422.0,625000.0,555289.7769297812,706503.2363162467,258,12100000.0,316179.96971663425,218807.02554744523,472179.52702702704
304120301,cian,2026-05-04T21:43:14.403070+00:00,Санкт-Петербург,developer,1room,1,37.79,3.658162481451876,2.0,10.0,0.2,False,False,Центральный,Площадь Александра Невского,Новгородская 8,59.934866,30.3827,house,3.8437740099103066,1.1846185481164042,True,22044513.0,16.908574330715783,583342.498015348,13.276531482248938,121,33000000.0,472702.7027027027,281949.93412384717,660000.0,13,23845250.0,531697.3415132924,472702.7027027027,645000.0,35,35693422.0,625000.0,555289.7769297812,706503.2363162467,258,12100000.0,316179.96971663425,218807.02554744523,472179.52702702704
329065383,cian,2026-05-04T21:43:14.403070+00:00,Санкт-Петербург,real_estate_agent,1room,1,37.5,3.6506582412937374,11.0,15.0,0.7333333333333333,False,False,Василеостровский,Приморская,Морская набережная,59.9312848,30.2012187,house,6.340651661435829,2.5098859878257627,True,13000000.0,16.380459992348886,346666.6666666667,12.75612186706067,165,23000000.0,425718.0832915203,357142.85714285716,499334.2210386152,32,18995052.5,444529.892808932,404297.3423190159,500610.91260112775,73,22280000.0,414540.0,355671.14093959733,468620.6724137931,258,12100000.0,316179.96971663425,218807.02554744523,472179.52702702704
324304335,cian,2026-05-04T21:43:14.403070+00:00,Санкт-Петербург,real_estate_agent,1room,1,39.2,3.693866995624976,2.0,21.0,0.0952380952380952,False,False,Приморский,Комендантский проспект,Новая Каменка,60.0346776,30.2329165,house,11.598410462032207,3.3346277122034613,True,8299888.0,15.931752699183424,211731.83673469388,12.263080554847607,119,11000000.0,253120.0,213054.45761967503,301644.1421266091,30,8917000.0,241087.7464576749,214780.7574315032,273640.8199643494,62,11400000.0,258025.86534804112,212350.63966555786,313750.0,258,12100000.0,316179.96971663425,218807.02554744523,472179.52702702704
329666654,cian,2026-05-04T21:43:14.403070+00:00,Санкт-Петербург,developer,1room,1,45.33,3.835789699428557,2.0,8.0,0.25,False,False,Петроградский,Чкаловская,Avant,59.8824022,29.8401575,house,27.150144598488687,26.60346167684475,True,25990000.0,17.07322244509401,573350.9816898302,13.259255085795752,215,74551226.0,688500.0,513014.51612903224,950757.9850893903,22,34125000.0,682328.2918149466,617487.9629629629,896456.3461641226,50,65500613.5,676550.1672240803,551580.3395021516,840090.1701805224,258,12100000.0,316179.96971663425,218807.02554744523,472179.52702702704
324495897,cian,2026-05-04T21:43:14.403070+00:00,Санкт-Петербург,real_estate_agent,1room,1,72.3,4.294560608892605,7.0,8.0,0.875,False,False,Центральный,Площадь Восстания,4-я Советская 9,59.9339881,30.3676347,house,3.0258999980372105,0.55875250552912,True,35900000.0,17.39624788131366,496542.18533886585,13.115425738219336,121,33000000.0,472702.7027027027,281949.93412384717,660000.0,13,23845250.0,531697.3415132924,472702.7027027027,645000.0,19,23500000.0,286041.1899313501,208990.40969463505,395977.86089159676,258,12100000.0,316179.96971663425,218807.02554744523,472179.52702702704
324931981,cian,2026-05-04T21:43:14.403070+00:00,Санкт-Петербург,real_estate_agent,1room,1,36.0,3.610917912644224,7.0,9.0,0.7777777777777778,False,False,Невский,Ломоносовская,unknown,59.8800114,30.4824457,house,11.424756500120468,2.24803395900842,True,7300000.0,15.803385043104912,202777.77777777778,12.219870899157199,75,8462886.0,214129.9972504812,190613.3732947499,276627.69547325105,20,8350000.0,215944.99248873309,202580.0220750552,275984.998746553,28,7400000.0,202820.86979581014,183649.6889170094,226678.90459640961,258,12100000.0,316179.96971663425,218807.02554744523,472179.52702702704
327097290,cian,2026-05-04T21:43:14.403070+00:00,Санкт-Петербург,developer,1room,1,48.13,3.894469846180557,3.0,18.0,0.1666666666666666,False,False,Василеостровский,Приморская,Башни Элемент,59.9407329,30.193978,house,6.694866063092209,2.211622373519493,True,34278908.0,17.3500408250497,712215.0010388531,13.476136516631637,165,23000000.0,425718.0832915203,357142.85714285716,499334.2210386152,32,18995052.5,444529.892808932,404297.3423190159,500610.91260112775,73,22280000.0,414540.0,355671.14093959733,468620.6724137931,258,12100000.0,316179.96971663425,218807.02554744523,472179.52702702704
326626972,cian,2026-05-04T21:43:14.403070+00:00,Санкт-Петербург,realtor,1room,1,66.5,4.212127597878484,5.0,5.0,1.0,False,True,Приморский,Удельная,unknown,60.0216662,30.2904089,house,9.330108092191375,1.654168296790428,True,24000000.0,16.993564429978885,360902.25563909777,12.796365211479905,119,11000000.0,253120.0,213054.45761967503,301644.1421266091,30,8917000.0,241087.7464576749,214780.7574315032,273640.8199643494,8,18100000.0,288199.5219554021,261616.94780547055,316276.9657789333,258,12100000.0,316179.96971663425,218807.02554744523,472179.52702702704
328463736,cian,2026-05-04T21:43:14.403070+00:00,Санкт-Петербург,real_estate_agent,1room,1,35.9,3.6082115510464816,6.0,12.0,0.5,False,False,Московский,Звездная,unknown,59.8341878,30.3166048,house,11.610963866750376,1.7181536690784962,True,9500000.0,16.066802461833923,264623.9554317549,12.486068840016765,115,14600000.0,338071.4560122935,232688.51778861112,440766.12903225806,27,13590000.0,352072.53886010364,239536.8318088638,430424.8145911584,43,9590757.0,294827.5862068966,224474.7194575878,354639.3791256695,258,12100000.0,316179.96971663425,218807.02554744523,472179.52702702704
328459041,cian,2026-05-04T21:43:14.403070+00:00,Санкт-Петербург,developer,1room,1,36.4,3.6216707044204863,3.0,4.0,0.75,False,False,Курортный,unknown,Ранта Резиденс ЖК,60.1235747,30.0672117,district,24.72067342350013,,False,15106000.0,16.53060264005439,415000.0,12.936036208848487,49,24506160.0,428400.0,344027.3037542662,554200.0,16,15701850.0,423133.42318059294,297491.1388132038,509906.5935517054,47,19900000.0,390000.0,255879.99731074355,517735.35515320336,258,12100000.0,316179.96971663425,218807.02554744523,472179.52702702704
328755006,cian,2026-05-04T21:43:14.403070+00:00,Санкт-Петербург,real_estate_agent,1room,1,65.3,4.194189897191817,2.0,9.0,0.2222222222222222,False,False,Василеостровский,Горный институт,"Большой, 67",59.9392754,30.2438761,district,3.9122015596226105,1.2135205952657642,True,33400000.0,17.32406648788705,511485.45176110265,13.145076376752453,165,23000000.0,425718.0832915203,357142.85714285716,499334.2210386152,32,18995052.5,444529.892808932,404297.3423190159,500610.91260112775,49,24258479.0,491000.0,424440.0,576720.0,258,12100000.0,316179.96971663425,218807.02554744523,472179.52702702704
329277755,cian,2026-05-04T21:43:14.403070+00:00,Санкт-Петербург,homeowner,1room,1,35.1,3.586292865338835,6.0,16.0,0.375,False,False,Красногвардейский,Ладожская,Малая Охта,59.9344198,30.4328748,house,6.632563572294569,0.5102212183483723,True,11900000.0,16.29204904211537,339031.33903133904,12.73385077718542,65,10300000.0,250000.0,202169.11764705883,415701.00840336137,14,10200000.0,280602.70639207074,203125.32100667694,414937.1221662468,16,8100000.0,244458.12807881774,189389.65874986106,325733.2609125025,258,12100000.0,316179.96971663425,218807.02554744523,472179.52702702704
325558754,cian,2026-05-04T21:43:14.403070+00:00,Санкт-Петербург,developer,1room,1,40.79,3.732657076459824,4.0,9.0,0.4444444444444444,False,False,Василеостровский,Горный институт,МОНОДОМ АРТ,59.9044682,29.7789704,street,30.06287842797851,27.052745316729546,True,20303816.0,16.826319455893323,497764.550134837,13.117884462291972,165,23000000.0,425718.0832915203,357142.85714285716,499334.2210386152,32,18995052.5,444529.892808932,404297.3423190159,500610.91260112775,49,24258479.0,491000.0,424440.0,576720.0,258,12100000.0,316179.96971663425,218807.02554744523,472179.52702702704
326789210,cian,2026-05-04T21:43:14.403070+00:00,Санкт-Петербург,real_estate_agent,1room,1,49.0,3.912023005428146,2.0,8.0,0.25,False,False,Центральный,Площадь Александра Невского,Grand House,59.9252343,30.3736242,house,3.634009467597505,0.5932276493237544,True,26000000.0,17.073607134447293,530612.2448979592,13.181788682488738,121,33000000.0,472702.7027027027,281949.93412384717,660000.0,13,23845250.0,531697.3415132924,472702.7027027027,645000.0,35,35693422.0,625000.0,555289.7769297812,706503.2363162467,258,12100000.0,316179.96971663425,218807.02554744523,472179.52702702704
328849141,cian,2026-05-04T21:43:14.403070+00:00,Санкт-Петербург,real_estate_agent,1room,1,35.2,3.5890591188317256,4.0,12.0,0.3333333333333333,False,False,Калининский,Лесная,unknown,59.9794837,30.4010895,house,6.641945429297164,3.2255876105201,True,7700000.0,15.856731016694036,218749.99999999997,12.295689375637982,53,10624445.0,291095.8904109589,210032.36245954694,359100.0,11,13999999.0,340632.5790754258,218245.96774193546,371952.36562150053,37,13355877.0,359100.0,250000.0,393258.42696629214,258,12100000.0,316179.96971663425,218807.02554744523,472179.52702702704
329428199,cian,2026-05-04T21:43:14.403070+00:00,Санкт-Петербург,developer,1room,1,43.34,3.7918872041881655,8.0,9.0,0.8888888888888888,False,False,Калининский,Лесная,Левел Мечникова,59.9860656,30.4072248,house,7.397588980613237,3.506534849351137,True,15684231.0,16.568166434429816,361888.11721273646,12.799093137844466,53,10624445.0,291095.8904109589,210032.36245954694,359100.0,11,13999999.0,340632.5790754258,218245.96774193546,371952.36562150053,37,13355877.0,359100.0,250000.0,393258.42696629214,258,12100000.0,316179.96971663425,218807.02554744523,472179.52702702704
326631590,cian,2026-05-04T21:43:14.403070+00:00,Санкт-Петербург,real_estate_agent,1room,1,50.0,3.9318256327243257,2.0,8.0,0.25,False,False,Петроградский,Крестовский остров,"Петровская коса, 1",59.9642342,30.2858201,district,3.256398622023302,1.6420429248548374,True,33250000.0,17.319565355141325,665000.0,13.407543823396258,215,74551226.0,688500.0,513014.51612903224,950757.9850893903,22,34125000.0,682328.2918149466,617487.9629629629,896456.3461641226,69,105000000.0,775889.9676375405,607500.0,1050000.0,258,12100000.0,316179.96971663425,218807.02554744523,472179.52702702704
329236606,cian,2026-05-04T21:43:14.403070+00:00,Санкт-Петербург,unknown,1room,1,39.8,3.708682081410116,3.0,14.0,0.2142857142857142,False,False,Василеостровский,Приморская,Морская набережная.СиВью,59.9322507,30.1943829,house,6.706231020796219,2.7009535079268074,True,14890000.0,16.516200471819356,374120.6030150754,12.832336165301083,165,23000000.0,425718.0832915203,357142.85714285716,499334.2210386152,32,18995052.5,444529.892808932,404297.3423190159,500610.91260112775,73,22280000.0,414540.0,355671.14093959733,468620.6724137931,258,12100000.0,316179.96971663425,218807.02554744523,472179.52702702704
327104342,cian,2026-05-04T21:43:14.403070+00:00,Санкт-Петербург,developer,1room,1,43.1,3.7864597824528,20.0,24.0,0.8333333333333334,False,False,Московский,Московская,Шепилевский,59.849138,30.3330533,house,10.00374684917548,0.6652520961310535,True,32788325.0,17.30558309536758,760750.0,13.542061382250631,115,14600000.0,338071.4560122935,232688.51778861112,440766.12903225806,27,13590000.0,352072.53886010364,239536.8318088638,430424.8145911584,34,19750000.0,368624.6176101299,230362.88470372072,720562.5,258,12100000.0,316179.96971663425,218807.02554744523,472179.52702702704
329010202,cian,2026-05-04T21:43:14.403070+00:00,Санкт-Петербург,real_estate_agent,1room,1,35.6,3.6000482404073204,5.0,12.0,0.4166666666666667,False,False,Калининский,Лесная,Квартал бизнес-класса Б15,59.9327565,30.2728798,street,2.3863606059545583,7.047975623424182,True,14000000.0,16.454567959008102,393258.42696629214,12.882224792575458,53,10624445.0,291095.8904109589,210032.36245954694,359100.0,11,13999999.0,340632.5790754258,218245.96774193546,371952.36562150053,37,13355877.0,359100.0,250000.0,393258.42696629214,258,12100000.0,316179.96971663425,218807.02554744523,472179.52702702704
327893492,cian,2026-05-04T21:43:14.403070+00:00,Санкт-Петербург,realtor,1room,1,36.2,3.616308761279101,6.0,6.0,1.0,False,True,Пушкинский,Купчино,unknown,59.6964572,30.415536,house,27.51574840770399,14.841777691086811,True,7700000.0,15.856731016694036,212707.18232044196,12.267676469279836,43,7166266.0,202797.2027972028,163053.72914003386,232898.85297184568,14,6550000.0,206115.77964519142,173535.57164658897,219166.66666666666,32,7495000.0,211094.97047056584,198690.38857472915,238287.2080291971,258,12100000.0,316179.96971663425,218807.02554744523,472179.52702702704
314345291,cian,2026-05-04T21:43:14.403070+00:00,Санкт-Петербург,developer,1room,1,41.19,3.7421832261362473,4.0,4.0,1.0,False,True,Кронштадтский,unknown,Кронфорт.Центральный,59.999645,29.7499966,street,32.1174157297947,,False,11592514.0,16.265870189186963,281440.00971109496,12.547678147625179,15,12700000.0,289519.9957228401,255879.99731074355,297840.0049140222,4,10893419.5,268840.00485554745,255939.99745611803,285260.0059249947,47,19900000.0,390000.0,255879.99731074355,517735.35515320336,258,12100000.0,316179.96971663425,218807.02554744523,472179.52702702704
328465798,cian,2026-05-04T21:43:14.403070+00:00,Санкт-Петербург,real_estate_agent,1room,1,56.7,4.055257173514054,5.0,10.0,0.5,False,False,Петроградский,Чкаловская,Леонтьевский мыс,59.9634179,30.2661203,house,3.8408951384594734,1.4112286278747517,True,35000000.0,17.370858648025116,617283.9506172839,13.33308602871867,215,74551226.0,688500.0,513014.51612903224,950757.9850893903,22,34125000.0,682328.2918149466,617487.9629629629,896456.3461641226,50,65500613.5,676550.1672240803,551580.3395021516,840090.1701805224,258,12100000.0,316179.96971663425,218807.02554744523,472179.52702702704
327861016,cian,2026-05-04T21:43:14.403070+00:00,Санкт-Петербург,real_estate_agent,1room,1,32.0,3.49650756146648,2.0,5.0,0.4,False,False,Красносельский,Юго-Западная,unknown,59.8289424,30.1807343,house,14.28441806895833,4.473754909973086,True,5700000.0,15.55597690824336,178125.0,12.09024644402438,45,8600000.0,223093.96897646284,183937.8238341969,261158.53658536586,12,7300000.0,203411.1134055085,179747.59615384616,274155.2220813795,49,8600000.0,227835.03496503495,191335.74007220217,261158.53658536586,258,12100000.0,316179.96971663425,218807.02554744523,472179.52702702704
322621313,cian,2026-05-04T21:43:14.403070+00:00,Санкт-Петербург,developer,1room,1,41.44,3.7480913137457823,3.0,12.0,0.25,False,False,Московский,Звездная,Аквилон Leaves,59.822767,30.3345572,house,12.930540895538847,1.437181124021394,True,14688664.0,16.50258666587199,354456.17760617763,12.7783428210603,115,14600000.0,338071.4560122935,232688.51778861112,440766.12903225806,27,13590000.0,352072.53886010364,239536.8318088638,430424.8145911584,43,9590757.0,294827.5862068966,224474.7194575878,354639.3791256695,258,12100000.0,316179.96971663425,218807.02554744523,472179.52702702704
326968226,cian,2026-05-04T21:43:14.403070+00:00,Санкт-Петербург,real_estate_agent,1room,1,36.9,3.634951112088381,7.0,15.0,0.4666666666666667,False,False,Невский,Проспект Большевиков,Пульс Премьер ЖК,59.8925591,30.4934778,street,11.232875274591468,3.263643323513995,True,11650000.0,16.27081682381289,315718.1571815718,12.66260835430646,75,8462886.0,214129.9972504812,190613.3732947499,276627.69547325105,20,8350000.0,215944.99248873309,202580.0220750552,275984.998746553,13,11950000.0,215652.1739130435,184986.59517426274,279835.39094650204,258,12100000.0,316179.96971663425,218807.02554744523,472179.52702702704
329011792,cian,2026-05-04T21:43:14.403070+00:00,Санкт-Петербург,real_estate_agent,1room,1,31.2,3.471966452550362,4.0,5.0,0.8,False,False,Выборгский,Площадь Мужества,unknown,59.9967414,30.3493332,house,6.755843319212692,1.0130251434129625,True,8000000.0,15.894952224644102,256410.2564102564,12.454537904821068,68,11500000.0,242464.8327306462,201785.625,296143.7908496732,17,8200000.0,229357.7981651376,214484.67966573816,294117.64705882355,6,14300000.0,251935.8130849239,247168.78971816134,255577.18615174157,258,12100000.0,316179.96971663425,218807.02554744523,472179.52702702704
326300668,cian,2026-05-04T21:43:14.403070+00:00,Санкт-Петербург,developer,1room,1,35.4,3.594568774642695,6.0,11.0,0.5454545454545454,False,False,Адмиралтейский,Балтийская,Ставни Обводный ЖК,59.9184426,30.302795,district,2.3282287750595416,1.3424263344821623,True,20216175.0,16.821993633987734,571078.3898305085,13.255283515454222,73,19300000.0,451851.85185185185,325510.20408163266,515585.6263228786,13,19768939.0,486034.9127182045,444330.0,555085.0,24,19487440.0,489918.4408501023,447802.11723439646,572020.1837657281,258,12100000.0,316179.96971663425,218807.02554744523,472179.52702702704
325180688,cian,2026-05-04T21:43:14.403070+00:00,Санкт-Петербург,real_estate_agent,1room,1,84.8,4.4520190064939165,13.0,14.0,0.9285714285714286,False,False,Петроградский,Крестовский остров,Леонтьевский мыс,59.9634179,30.2661203,house,3.8408951384594734,0.928668863030636,True,110240000.0,18.51817037430074,1300000.0,14.077875591662238,215,74551226.0,688500.0,513014.51612903224,950757.9850893903,22,34125000.0,682328.2918149466,617487.9629629629,896456.3461641226,69,105000000.0,775889.9676375405,607500.0,1050000.0,258,12100000.0,316179.96971663425,218807.02554744523,472179.52702702704
328359993,cian,2026-05-04T21:43:14.403070+00:00,Санкт-Петербург,real_estate_agent,1room,1,41.9,3.758871825933971,6.0,23.0,0.2608695652173913,False,False,Невский,Ломоносовская,Ласточкино гнездо,59.8633205,30.5061304,house,13.591823337640568,3.9061672926260376,True,8500000.0,15.955576839107596,202863.9618138425,12.220295823932068,75,8462886.0,214129.9972504812,190613.3732947499,276627.69547325105,20,8350000.0,215944.99248873309,202580.0220750552,275984.998746553,28,7400000.0,202820.86979581014,183649.6889170094,226678.90459640961,258,12100000.0,316179.96971663425,218807.02554744523,472179.52702702704
329112131,cian,2026-05-04T21:43:14.403070+00:00,Санкт-Петербург,developer,1room,1,49.0,3.912023005428146,7.0,14.0,0.5,False,False,Красногвардейский,Новочеркасская,Магнифика ЖК,59.9782843,30.4865836,district,10.567148826346545,6.925893961377273,True,22254624.0,16.918060410144093,454176.0,13.026242268886175,65,10300000.0,250000.0,202169.11764705883,415701.00840336137,14,10200000.0,280602.70639207074,203125.32100667694,414937.1221662468,28,25104484.5,444642.74811083125,355837.5,512076.8111093196,258,12100000.0,316179.96971663425,218807.02554744523,472179.52702702704
329070097,cian,2026-05-04T21:43:14.403070+00:00,Санкт-Петербург,real_estate_agent,1room,1,30.9,3.462606009790799,4.0,5.0,0.8,False,False,Московский,Звездная,unknown,59.8419739,30.3402494,house,10.84290918263148,0.9735419177475186,True,7600000.0,15.843658936835498,245954.6925566343,12.412906687134068,115,14600000.0,338071.4560122935,232688.51778861112,440766.12903225806,27,13590000.0,352072.53886010364,239536.8318088638,430424.8145911584,43,9590757.0,294827.5862068966,224474.7194575878,354639.3791256695,258,12100000.0,316179.96971663425,218807.02554744523,472179.52702702704
329291803,cian,2026-05-04T21:43:14.403070+00:00,Санкт-Петербург,real_estate_agent,1room,1,40.5,3.725693427236653,7.0,10.0,0.7,False,False,Выборгский,Проспект Просвещения,в Парголово,60.0729647,30.2417038,house,15.473190308813203,5.71651921110418,True,6250000.0,15.648092181712572,154320.98765432098,11.946796527579096,68,11500000.0,242464.8327306462,201785.625,296143.7908496732,17,8200000.0,229357.7981651376,214484.67966573816,294117.64705882355,35,9900000.0,229117.64705882352,178772.9364833445,279693.9024390244,258,12100000.0,316179.96971663425,218807.02554744523,472179.52702702704
314345250,cian,2026-05-04T21:43:14.403070+00:00,Санкт-Петербург,developer,1room,1,36.81,3.6325736179028416,3.0,4.0,0.75,False,False,Кронштадтский,unknown,Кронфорт.Центральный,59.999645,29.7499966,street,32.1174157297947,,False,10922263.0,16.206313832799292,296719.99456669384,12.600547564027273,15,12700000.0,289519.9957228401,255879.99731074355,297840.0049140222,4,10893419.5,268840.00485554745,255939.99745611803,285260.0059249947,47,19900000.0,390000.0,255879.99731074355,517735.35515320336,258,12100000.0,316179.96971663425,218807.02554744523,472179.52702702704
328173835,cian,2026-05-04T21:43:14.403070+00:00,Санкт-Петербург,real_estate_agent,1room,1,36.5,3.624340932976365,4.0,13.0,0.3076923076923077,False,False,Приморский,Комендантский проспект,Форест,60.0325412,30.2030771,house,12.13461432268567,4.113759474662914,True,9100000.0,16.02378508137718,249315.0684931507,12.426476721879599,119,11000000.0,253120.0,213054.45761967503,301644.1421266091,30,8917000.0,241087.7464576749,214780.7574315032,273640.8199643494,62,11400000.0,258025.86534804112,212350.63966555786,313750.0,258,12100000.0,316179.96971663425,218807.02554744523,472179.52702702704
329168799,cian,2026-05-04T21:43:14.403070+00:00,Санкт-Петербург,real_estate_agent,1room,1,31.0,3.4657359027997265,1.0,9.0,0.1111111111111111,True,False,Московский,Купчино,unknown,59.8417769,30.3649214,house,11.13323575195581,1.7211394670649025,True,7200000.0,15.789591722875162,232258.06451612903,12.355608685047423,115,14600000.0,338071.4560122935,232688.51778861112,440766.12903225806,27,13590000.0,352072.53886010364,239536.8318088638,430424.8145911584,32,7495000.0,211094.97047056584,198690.38857472915,238287.2080291971,258,12100000.0,316179.96971663425,218807.02554744523,472179.52702702704
329112139,cian,2026-05-04T21:43:14.403070+00:00,Санкт-Петербург,developer,1room,1,50.2,3.9357395320454622,4.0,14.0,0.2857142857142857,False,False,Красногвардейский,Новочеркасская,Магнифика ЖК,59.9782843,30.4865836,district,10.567148826346545,6.925893961377273,True,24044796.0,16.995429190154624,478980.0,13.079416209635564,65,10300000.0,250000.0,202169.11764705883,415701.00840336137,14,10200000.0,280602.70639207074,203125.32100667694,414937.1221662468,28,25104484.5,444642.74811083125,355837.5,512076.8111093196,258,12100000.0,316179.96971663425,218807.02554744523,472179.52702702704
326667262,cian,2026-05-04T21:43:14.403070+00:00,Санкт-Петербург,real_estate_agent,1room,1,37.9,3.6609942506244,2.0,10.0,0.2,False,False,Невский,Улица Дыбенко,unknown,59.8938545,30.4721637,house,10.118049131876289,1.6067762981287088,True,8990000.0,16.0116235176825,237203.16622691293,12.376676510145865,75,8462886.0,214129.9972504812,190613.3732947499,276627.69547325105,20,8350000.0,215944.99248873309,202580.0220750552,275984.998746553,23,10571122.0,226660.0,199068.28017997573,283016.46808134136,258,12100000.0,316179.96971663425,218807.02554744523,472179.52702702704
329113260,cian,2026-05-04T21:43:14.403070+00:00,Санкт-Петербург,real_estate_agent,1room,1,38.0,3.6635616461296463,10.0,10.0,1.0,False,True,Василеостровский,Приморская,unknown,59.9371929,30.2169125,house,5.415787108706509,1.460323075945129,True,12100000.0,16.308716093211594,318421.05263157893,12.67113299133152,165,23000000.0,425718.0832915203,357142.85714285716,499334.2210386152,32,18995052.5,444529.892808932,404297.3423190159,500610.91260112775,73,22280000.0,414540.0,355671.14093959733,468620.6724137931,258,12100000.0,316179.96971663425,218807.02554744523,472179.52702702704
323387569,cian,2026-05-04T21:43:14.403070+00:00,Санкт-Петербург,developer,1room,1,39.76,3.707701208354524,3.0,10.0,0.3,False,False,Василеостровский,Василеостровская,17 линия ЖК,59.9392754,30.2438761,district,3.9122015596226105,2.100112668540487,True,16395872.0,16.61254021478471,412371.02615694166,12.92968119700307,165,23000000.0,425718.0832915203,357142.85714285716,499334.2210386152,32,18995052.5,444529.892808932,404297.3423190159,500610.91260112775,43,27900960.0,403090.15256588074,244769.5453830423,459065.00739980966,258,12100000.0,316179.96971663425,218807.02554744523,472179.52702702704
328996861,cian,2026-05-04T21:43:14.403070+00:00,Санкт-Петербург,real_estate_agent,1room,1,34.0,3.555348061489413,3.0,16.0,0.1875,False,False,Выборгский,Проспект Просвещения,Parkolovo,60.0684545,30.2557136,house,14.799496516167371,4.806738068270937,True,7790000.0,15.868351546216628,229117.64705882352,12.341995257791206,68,11500000.0,242464.8327306462,201785.625,296143.7908496732,17,8200000.0,229357.7981651376,214484.67966573816,294117.64705882355,35,9900000.0,229117.64705882352,178772.9364833445,279693.9024390244,258,12100000.0,316179.96971663425,218807.02554744523,472179.52702702704
328913484,cian,2026-05-04T21:43:14.403070+00:00,Санкт-Петербург,real_estate_agent,1room,1,30.9,3.462606009790799,5.0,9.0,0.5555555555555556,False,False,Калининский,Гражданский проспект,unknown,60.0451759,30.4147841,house,13.106867318978878,1.0914351569428895,True,6490000.0,15.685773242763466,210032.36245954694,12.25502166593627,53,10624445.0,291095.8904109589,210032.36245954694,359100.0,11,13999999.0,340632.5790754258,218245.96774193546,371952.36562150053,10,9750000.0,198592.87054409005,177648.37891751586,215814.54222778996,258,12100000.0,316179.96971663425,218807.02554744523,472179.52702702704
323387974,cian,2026-05-04T21:43:14.403070+00:00,Санкт-Петербург,developer,1room,1,34.45,3.5681232529781366,7.0,10.0,0.7,False,False,Василеостровский,Василеостровская,17 линия ЖК,59.9392754,30.2438761,district,3.9122015596226105,2.100112668540487,True,15251760.0,16.540205529760758,442721.625544267,13.00069872548805,165,23000000.0,425718.0832915203,357142.85714285716,499334.2210386152,32,18995052.5,444529.892808932,404297.3423190159,500610.91260112775,43,27900960.0,403090.15256588074,244769.5453830423,459065.00739980966,258,12100000.0,316179.96971663425,218807.02554744523,472179.52702702704
328138385,cian,2026-05-04T21:43:14.403070+00:00,Санкт-Петербург,real_estate_agent,1room,1,31.1,3.4688560301359703,2.0,5.0,0.4,False,False,Красносельский,Юго-Западная,unknown,59.8314245,30.1680061,house,14.438057352096132,4.773252105069514,True,6280000.0,15.652880697680038,201929.26045016077,12.21567767147623,45,8600000.0,223093.96897646284,183937.8238341969,261158.53658536586,12,7300000.0,203411.1134055085,179747.59615384616,274155.2220813795,49,8600000.0,227835.03496503495,191335.74007220217,261158.53658536586,258,12100000.0,316179.96971663425,218807.02554744523,472179.52702702704
328020674,cian,2026-05-04T21:43:14.403070+00:00,Санкт-Петербург,developer,1room,1,48.68,3.905602437625223,3.0,10.0,0.3,False,False,Василеостровский,Горный институт,Легенда Васильевского ЖК,59.8637294,30.258942,house,8.875259754562878,7.658531360896451,True,23198454.0,16.95959623959142,476550.0,13.074330026779267,165,23000000.0,425718.0832915203,357142.85714285716,499334.2210386152,32,18995052.5,444529.892808932,404297.3423190159,500610.91260112775,49,24258479.0,491000.0,424440.0,576720.0,258,12100000.0,316179.96971663425,218807.02554744523,472179.52702702704
328258934,cian,2026-05-04T21:43:14.403070+00:00,Санкт-Петербург,real_estate_agent,1room,1,41.6,3.751854253275325,10.0,17.0,0.5882352941176471,False,False,Красносельский,Юго-Западная,unknown,59.8614563,30.1711273,house,11.711095299553715,3.4110544493162624,True,7500000.0,15.830413711839864,180288.46153846153,12.102318957890605,45,8600000.0,223093.96897646284,183937.8238341969,261158.53658536586,12,7300000.0,203411.1134055085,179747.59615384616,274155.2220813795,49,8600000.0,227835.03496503495,191335.74007220217,261158.53658536586,258,12100000.0,316179.96971663425,218807.02554744523,472179.52702702704
326164082,cian,2026-05-04T21:43:14.403070+00:00,Санкт-Петербург,realtor,1room,1,39.4,3.698829784967105,6.0,6.0,1.0,False,True,Центральный,Площадь Восстания,unknown,59.9376848,30.3633422,house,2.7447501966865464,0.7341275994636742,True,10400000.0,16.15731646026544,263959.3908629442,12.483554336262076,121,33000000.0,472702.7027027027,281949.93412384717,660000.0,13,23845250.0,531697.3415132924,472702.7027027027,645000.0,19,23500000.0,286041.1899313501,208990.40969463505,395977.86089159676,258,12100000.0,316179.96971663425,218807.02554744523,472179.52702702704
323514124,cian,2026-05-04T21:43:14.403070+00:00,Санкт-Петербург,developer,1room,1,46.51,3.86094021519883,6.0,9.0,0.6666666666666666,False,False,Петроградский,Чкаловская,Avant,59.8824022,29.8401575,house,27.150144598488687,26.60346167684475,True,36059514.0,17.400681325843117,775306.6867340357,13.561015244686518,215,74551226.0,688500.0,513014.51612903224,950757.9850893903,22,34125000.0,682328.2918149466,617487.9629629629,896456.3461641226,50,65500613.5,676550.1672240803,551580.3395021516,840090.1701805224,258,12100000.0,316179.96971663425,218807.02554744523,472179.52702702704
326610006,cian,2026-05-04T21:43:14.403070+00:00,Санкт-Петербург,real_estate_agent,1room,1,42.8,3.779633817382401,8.0,25.0,0.32,False,False,Приморский,Удельная,Северная корона,60.0167432,30.3104015,house,8.691575409596338,0.4516956805853341,True,12900000.0,16.372737946851277,301401.8691588785,12.616203084568102,119,11000000.0,253120.0,213054.45761967503,301644.1421266091,30,8917000.0,241087.7464576749,214780.7574315032,273640.8199643494,8,18100000.0,288199.5219554021,261616.94780547055,316276.9657789333,258,12100000.0,316179.96971663425,218807.02554744523,472179.52702702704
328288623,cian,2026-05-04T21:43:14.403070+00:00,Санкт-Петербург,real_estate_agent,1room,1,30.4,3.446807892914208,3.0,5.0,0.6,False,False,Московский,Московская,unknown,59.8558161,30.3570504,house,9.51171492457014,2.1627550007629583,True,7590000.0,15.84234228112411,249671.05263157896,12.427903546221708,115,14600000.0,338071.4560122935,232688.51778861112,440766.12903225806,27,13590000.0,352072.53886010364,239536.8318088638,430424.8145911584,34,19750000.0,368624.6176101299,230362.88470372072,720562.5,258,12100000.0,316179.96971663425,218807.02554744523,472179.52702702704
326300667,cian,2026-05-04T21:43:14.403070+00:00,Санкт-Петербург,developer,1room,1,34.39,3.566429294357372,6.0,11.0,0.5454545454545454,False,False,Адмиралтейский,Балтийская,Ставни Обводный ЖК,59.9184426,30.302795,district,2.3282287750595416,1.3424263344821623,True,19768939.0,16.799622577118583,574845.5655713871,13.261858441686153,73,19300000.0,451851.85185185185,325510.20408163266,515585.6263228786,13,19768939.0,486034.9127182045,444330.0,555085.0,24,19487440.0,489918.4408501023,447802.11723439646,572020.1837657281,258,12100000.0,316179.96971663425,218807.02554744523,472179.52702702704
327803949,cian,2026-05-04T21:43:14.403070+00:00,Санкт-Петербург,real_estate_agent,1room,1,37.0,3.6375861597263857,4.0,4.0,1.0,False,True,Центральный,Звенигородская,unknown,59.921274,30.3456344,house,2.607397030355233,0.6472826190607993,True,17490000.0,16.67713990417031,472702.7027027027,13.06622404984289,121,33000000.0,472702.7027027027,281949.93412384717,660000.0,13,23845250.0,531697.3415132924,472702.7027027027,645000.0,4,66745000.0,703716.3795544135,404595.1469180352,1043513.2957292506,258,12100000.0,316179.96971663425,218807.02554744523,472179.52702702704
329561523,cian,2026-05-04T21:43:14.403070+00:00,Санкт-Петербург,homeowner,1room,1,41.1,3.740047740688336,2.0,23.0,0.0869565217391304,False,False,Калининский,Гражданский проспект,Main House,60.0284016,30.4148413,house,11.450423971648148,0.842389370010945,True,13999999.0,16.454567887579532,340632.5790754258,12.738562630358956,53,10624445.0,291095.8904109589,210032.36245954694,359100.0,11,13999999.0,340632.5790754258,218245.96774193546,371952.36562150053,10,9750000.0,198592.87054409005,177648.37891751586,215814.54222778996,258,12100000.0,316179.96971663425,218807.02554744523,472179.52702702704
329428188,cian,2026-05-04T21:43:14.403070+00:00,Санкт-Петербург,developer,1room,1,39.72,3.7067193722422673,6.0,9.0,0.6666666666666666,False,False,Калининский,Лесная,Левел Мечникова,59.9860656,30.4072248,house,7.397588980613237,3.506534849351137,True,15089080.0,16.529481927630364,379886.20342396776,12.847629654544084,53,10624445.0,291095.8904109589,210032.36245954694,359100.0,11,13999999.0,340632.5790754258,218245.96774193546,371952.36562150053,37,13355877.0,359100.0,250000.0,393258.42696629214,258,12100000.0,316179.96971663425,218807.02554744523,472179.52702702704
324678653,cian,2026-05-04T21:43:14.403070+00:00,Санкт-Петербург,real_estate_agent,1room,1,33.7,3.5467396869528134,4.0,12.0,0.3333333333333333,False,False,Фрунзенский,Обводный канал,Аэронавт ЖК,59.8661908,30.3921989,district,9.15383191638589,5.859998080474566,True,13700000.0,16.432906463791053,406528.1899109792,12.915411013291026,36,11675000.0,275360.4958677686,194624.98710409575,392205.28341254056,6,13807102.0,380289.5911386957,236841.4388994025,417904.0408778915,20,17343499.5,385522.5051466804,295973.35138216015,426557.9919079805,258,12100000.0,316179.96971663425,218807.02554744523,472179.52702702704
325879120,cian,2026-05-04T21:43:14.403070+00:00,Санкт-Петербург,realtor,1room,1,38.7,3.681351187693145,3.0,15.0,0.2,False,False,Приморский,Комендантский проспект,unknown,60.0027432,30.2478347,house,8.029230744888752,0.7148097531260915,True,8800000.0,15.990262393084793,227390.18087855296,12.334427077130302,119,11000000.0,253120.0,213054.45761967503,301644.1421266091,30,8917000.0,241087.7464576749,214780.7574315032,273640.8199643494,62,11400000.0,258025.86534804112,212350.63966555786,313750.0,258,12100000.0,316179.96971663425,218807.02554744523,472179.52702702704
323387651,cian,2026-05-04T21:43:14.403070+00:00,Санкт-Петербург,developer,1room,1,42.2,3.765840495250065,2.0,10.0,0.2,False,False,Василеостровский,Василеостровская,17 линия ЖК,59.9392754,30.2438761,district,3.9122015596226105,2.100112668540487,True,17435840.0,16.674038473234837,413171.56398104265,12.931620615138902,165,23000000.0,425718.0832915203,357142.85714285716,499334.2210386152,32,18995052.5,444529.892808932,404297.3423190159,500610.91260112775,43,27900960.0,403090.15256588074,244769.5453830423,459065.00739980966,258,12100000.0,316179.96971663425,218807.02554744523,472179.52702702704
327683240,cian,2026-05-04T21:43:14.403070+00:00,Санкт-Петербург,real_estate_agent,1room,1,37.7,3.655839600035736,19.0,20.0,0.95,False,False,Невский,Елизаровская,ЦДС Елизаровский,59.8895478,30.4141265,house,7.799879018994468,0.8716469007977572,True,10900000.0,16.204273438942487,289124.6684350132,12.574616711455022,75,8462886.0,214129.9972504812,190613.3732947499,276627.69547325105,20,8350000.0,215944.99248873309,202580.0220750552,275984.998746553,4,7150000.0,317727.2727272727,293872.0761996624,343072.2891566265,258,12100000.0,316179.96971663425,218807.02554744523,472179.52702702704
300326503,cian,2026-05-04T21:43:14.403070+00:00,Санкт-Петербург,real_estate_agent,1room,1,30.0,3.4339872044851463,2.0,5.0,0.4,False,False,Пушкинский,Купчино,unknown,59.7244283,30.4016057,house,24.31166443673268,11.663742354812053,True,6600000.0,15.702580358511794,220000.0,12.301387370778713,43,7166266.0,202797.2027972028,163053.72914003386,232898.85297184568,14,6550000.0,206115.77964519142,173535.57164658897,219166.66666666666,32,7495000.0,211094.97047056584,198690.38857472915,238287.2080291971,258,12100000.0,316179.96971663425,218807.02554744523,472179.52702702704
322620853,cian,2026-05-04T21:43:14.403070+00:00,Санкт-Петербург,developer,1room,1,39.68,3.70573657118036,5.0,17.0,0.2941176470588235,False,False,Московский,Звездная,Оро бай Аквилон ЖК,59.8278025,30.3165199,district,12.320876687507392,1.8547404739298703,True,14138013.0,16.464377755951617,356300.7308467742,12.783533209417588,115,14600000.0,338071.4560122935,232688.51778861112,440766.12903225806,27,13590000.0,352072.53886010364,239536.8318088638,430424.8145911584,43,9590757.0,294827.5862068966,224474.7194575878,354639.3791256695,258,12100000.0,316179.96971663425,218807.02554744523,472179.52702702704
327337342,cian,2026-05-04T21:43:14.403070+00:00,Санкт-Петербург,real_estate_agent,1room,1,39.0,3.688879454113936,5.0,27.0,0.1851851851851851,False,False,Выборгский,Парнас,Северная долина,60.0707413,30.3362306,house,14.744873886087042,0.378401848646737,True,9850000.0,16.10298211467111,252564.10256410256,12.43942432640165,68,11500000.0,242464.8327306462,201785.625,296143.7908496732,17,8200000.0,229357.7981651376,214484.67966573816,294117.64705882355,14,7850000.0,225945.53060701783,203626.49866103235,261172.79510923312,258,12100000.0,316179.96971663425,218807.02554744523,472179.52702702704
326361997,cian,2026-05-04T21:43:14.403070+00:00,Санкт-Петербург,real_estate_agent,1room,1,35.4,3.594568774642695,5.0,9.0,0.5555555555555556,False,False,Приморский,Комендантский проспект,unknown,60.0085558,30.2031711,house,9.930057026219597,2.9989840750477947,True,8000000.0,15.894952224644102,225988.70056497175,12.32824470449459,119,11000000.0,253120.0,213054.45761967503,301644.1421266091,30,8917000.0,241087.7464576749,214780.7574315032,273640.8199643494,62,11400000.0,258025.86534804112,212350.63966555786,313750.0,258,12100000.0,316179.96971663425,218807.02554744523,472179.52702702704
305427092,cian,2026-05-04T21:43:14.403070+00:00,Санкт-Петербург,developer,1room,1,37.06,3.639163861868004,4.0,4.0,1.0,False,True,Курортный,unknown,Ранта Резиденс ЖК,60.1235747,30.0672117,district,24.72067342350013,,False,17788801.0,16.694079716171576,480000.02698327036,13.081543522430264,49,24506160.0,428400.0,344027.3037542662,554200.0,16,15701850.0,423133.42318059294,297491.1388132038,509906.5935517054,47,19900000.0,390000.0,255879.99731074355,517735.35515320336,258,12100000.0,316179.96971663425,218807.02554744523,472179.52702702704
324557199,cian,2026-05-04T21:43:14.403070+00:00,Санкт-Петербург,real_estate_agent,1room,1,33.5,3.5409593240373143,3.0,4.0,0.75,False,False,Курортный,Беговая,Лисино,60.024624,30.0117913,house,19.34701370214013,11.417665962199145,True,10600000.0,16.176364653421913,316417.9104477612,12.664822280623639,49,24506160.0,428400.0,344027.3037542662,554200.0,16,15701850.0,423133.42318059294,297491.1388132038,509906.5935517054,29,9802294.0,240710.82390953152,210180.94089264172,306436.1191162344,258,12100000.0,316179.96971663425,218807.02554744523,472179.52702702704
329174136,cian,2026-05-04T21:43:14.403070+00:00,Санкт-Петербург,real_estate_agent,1room,1,31.6,3.484312288372662,5.0,5.0,1.0,False,True,Московский,Ленинский проспект,unknown,59.8588383,30.2955191,house,8.929435865462155,1.630722625529605,True,6750000.0,15.72505321099685,213607.59493670886,12.271900623726369,115,14600000.0,338071.4560122935,232688.51778861112,440766.12903225806,27,13590000.0,352072.53886010364,239536.8318088638,430424.8145911584,9,9570000.0,254629.62962962964,207011.68614357262,319565.2173913043,258,12100000.0,316179.96971663425,218807.02554744523,472179.52702702704
314345317,cian,2026-05-04T21:43:14.403070+00:00,Санкт-Петербург,developer,1room,1,42.4,3.770459441106359,1.0,4.0,0.25,True,False,Кронштадтский,unknown,Кронфорт.Центральный,59.999645,29.7499966,street,32.1174157297947,,False,10864576.0,16.201018238563197,256240.0,12.453873686866745,15,12700000.0,289519.9957228401,255879.99731074355,297840.0049140222,4,10893419.5,268840.00485554745,255939.99745611803,285260.0059249947,47,19900000.0,390000.0,255879.99731074355,517735.35515320336,258,12100000.0,316179.96971663425,218807.02554744523,472179.52702702704
320701004,cian,2026-05-04T21:43:14.403070+00:00,Санкт-Петербург,real_estate_agent,1room,1,42.2,3.765840495250065,2.0,16.0,0.125,False,False,Приморский,Комендантский проспект,unknown,60.0059893,30.2135131,house,9.3529430844807,2.424433716505175,True,9850000.0,16.10298211467111,233412.3222748815,12.360566076361087,119,11000000.0,253120.0,213054.45761967503,301644.1421266091,30,8917000.0,241087.7464576749,214780.7574315032,273640.8199643494,62,11400000.0,258025.86534804112,212350.63966555786,313750.0,258,12100000.0,316179.96971663425,218807.02554744523,472179.52702702704
328013698,cian,2026-05-04T21:43:14.403070+00:00,Санкт-Петербург,real_estate_agent,1room,1,37.8,3.658420246629228,4.0,4.0,1.0,False,True,Пушкинский,Купчино,unknown,59.7140879,30.4306442,house,25.80037146422277,13.049971462638782,True,7800000.0,15.86963441986494,206349.20634920636,12.237330035176381,43,7166266.0,202797.2027972028,163053.72914003386,232898.85297184568,14,6550000.0,206115.77964519142,173535.57164658897,219166.66666666666,32,7495000.0,211094.97047056584,198690.38857472915,238287.2080291971,258,12100000.0,316179.96971663425,218807.02554744523,472179.52702702704
326400308,cian,2026-05-04T21:43:14.403070+00:00,Санкт-Петербург,developer,1room,1,38.03,3.664330581192524,9.0,10.0,0.9,False,False,Василеостровский,Горный институт,Легенда Васильевского ЖК,59.8637294,30.258942,house,8.875259754562878,7.658531360896451,True,22914977.0,16.94730131585508,602550.0131475151,13.308927609887226,165,23000000.0,425718.0832915203,357142.85714285716,499334.2210386152,32,18995052.5,444529.892808932,404297.3423190159,500610.91260112775,49,24258479.0,491000.0,424440.0,576720.0,258,12100000.0,316179.96971663425,218807.02554744523,472179.52702702704
329440246,cian,2026-05-04T21:43:14.403070+00:00,Санкт-Петербург,real_estate_agent,1room,1,29.7,3.4242626545931514,12.0,24.0,0.5,False,False,Красногвардейский,Девяткино,Цветной Город,59.9782843,30.4865836,district,10.567148826346545,8.317755168677987,True,6000000.0,15.607270193858982,202020.20202020204,12.216127931371425,65,10300000.0,250000.0,202169.11764705883,415701.00840336137,14,10200000.0,280602.70639207074,203125.32100667694,414937.1221662468,15,4537224.0,207870.37037037036,195758.49544753472,213107.56097560975,258,12100000.0,316179.96971663425,218807.02554744523,472179.52702702704
328021388,cian,2026-05-04T21:43:14.403070+00:00,Санкт-Петербург,developer,1room,1,42.17,3.765145809567386,10.0,10.0,1.0,False,True,Василеостровский,Горный институт,Легенда Васильевского ЖК,59.8637294,30.258942,house,8.875259754562878,7.658531360896451,True,21587666.0,16.887632737365458,511919.9905145838,13.145925576712594,165,23000000.0,425718.0832915203,357142.85714285716,499334.2210386152,32,18995052.5,444529.892808932,404297.3423190159,500610.91260112775,49,24258479.0,491000.0,424440.0,576720.0,258,12100000.0,316179.96971663425,218807.02554744523,472179.52702702704
324126059,cian,2026-05-04T21:43:14.403070+00:00,Санкт-Петербург,real_estate_agent,1room,1,63.3,4.163559631243574,1.0,3.0,0.3333333333333333,True,False,Курортный,unknown,unknown,60.1968622,29.6849143,house,45.20331014611649,,False,13370000.0,16.408524023872438,211216.42969984203,12.260643354396967,49,24506160.0,428400.0,344027.3037542662,554200.0,16,15701850.0,423133.42318059294,297491.1388132038,509906.5935517054,47,19900000.0,390000.0,255879.99731074355,517735.35515320336,258,12100000.0,316179.96971663425,218807.02554744523,472179.52702702704
327862057,cian,2026-05-04T21:43:14.403070+00:00,Санкт-Петербург,real_estate_agent,1room,1,38.3,3.6712245188752153,1.0,12.0,0.0833333333333333,True,False,Василеостровский,Горный институт,Палацио,59.9392754,30.2438761,district,3.9122015596226105,1.2135205952657642,True,15500000.0,16.5563506464056,404699.73890339426,12.910903156667564,165,23000000.0,425718.0832915203,357142.85714285716,499334.2210386152,32,18995052.5,444529.892808932,404297.3423190159,500610.91260112775,49,24258479.0,491000.0,424440.0,576720.0,258,12100000.0,316179.96971663425,218807.02554744523,472179.52702702704
320361579,cian,2026-05-04T21:43:14.403070+00:00,Санкт-Петербург,developer,1room,1,58.0,4.07753744390572,18.0,19.0,0.9473684210526316,False,False,Василеостровский,Приморская,GloraX Premium Василеостровский,59.942244,30.1841512,house,7.249173876477034,2.677164931361112,True,27179999.0,17.11799196668727,468620.6724137931,13.057551053268897,165,23000000.0,425718.0832915203,357142.85714285716,499334.2210386152,32,18995052.5,444529.892808932,404297.3423190159,500610.91260112775,73,22280000.0,414540.0,355671.14093959733,468620.6724137931,258,12100000.0,316179.96971663425,218807.02554744523,472179.52702702704
327250635,cian,2026-05-04T21:43:14.403070+00:00,Санкт-Петербург,real_estate_agent,1room,1,45.6,3.8416005411316,1.0,5.0,0.2,True,False,Пушкинский,Купчино,Александровский,59.6884315,30.4066892,house,28.295082869489452,15.67572396102846,True,11700000.0,16.275099485238066,256578.94736842104,12.455195580675946,43,7166266.0,202797.2027972028,163053.72914003386,232898.85297184568,14,6550000.0,206115.77964519142,173535.57164658897,219166.66666666666,32,7495000.0,211094.97047056584,198690.38857472915,238287.2080291971,258,12100000.0,316179.96971663425,218807.02554744523,472179.52702702704
319672870,cian,2026-05-04T21:43:14.403070+00:00,Санкт-Петербург,developer,1room,1,48.04,3.892636291627956,5.0,10.0,0.5,False,False,Адмиралтейский,Садовая,Остров первых,59.9229751,30.2775142,street,2.6783220944771378,2.481822067176933,True,22770960.0,16.940996641804578,474000.0,13.06896471037963,73,19300000.0,451851.85185185185,325510.20408163266,515585.6263228786,13,19768939.0,486034.9127182045,444330.0,555085.0,14,19528670.0,463750.0,387982.5,497500.0,258,12100000.0,316179.96971663425,218807.02554744523,472179.52702702704
312666414,cian,2026-05-04T21:43:14.403070+00:00,Санкт-Петербург,real_estate_agent,1room,1,45.0,3.828641396489095,4.0,10.0,0.4,False,False,Выборгский,Выборгская,Сампсониевский 32,59.9674624,30.3383452,house,3.481690111269377,0.7777266045353004,True,20490000.0,16.835447569019376,455333.3333333333,13.028787226635616,68,11500000.0,242464.8327306462,201785.625,296143.7908496732,17,8200000.0,229357.7981651376,214484.67966573816,294117.64705882355,11,28000000.0,447906.52385589096,309612.72306890716,480500.0,258,12100000.0,316179.96971663425,218807.02554744523,472179.52702702704
327005109,cian,2026-05-04T21:43:14.403070+00:00,Санкт-Петербург,developer,1room,1,50.4,3.93963817246112,15.0,17.0,0.8823529411764706,False,False,Василеостровский,Приморская,Северный Ветер ЖК,59.9592183,30.2196308,street,5.738265656122821,1.351573980586542,True,22800000.0,16.942271137784317,452380.95238095237,13.022282129371218,165,23000000.0,425718.0832915203,357142.85714285716,499334.2210386152,32,18995052.5,444529.892808932,404297.3423190159,500610.91260112775,73,22280000.0,414540.0,355671.14093959733,468620.6724137931,258,12100000.0,316179.96971663425,218807.02554744523,472179.52702702704
329014939,cian,2026-05-04T21:43:14.403070+00:00,Санкт-Петербург,real_estate_agent,1room,1,36.5,3.624340932976365,1.0,14.0,0.0714285714285714,True,False,Московский,Московская,unknown,59.8575516,30.3580942,house,9.340187888423191,2.295272790322549,True,7200000.0,15.789591722875162,197260.27397260274,12.192284392829432,115,14600000.0,338071.4560122935,232688.51778861112,440766.12903225806,27,13590000.0,352072.53886010364,239536.8318088638,430424.8145911584,34,19750000.0,368624.6176101299,230362.88470372072,720562.5,258,12100000.0,316179.96971663425,218807.02554744523,472179.52702702704
326074331,cian,2026-05-04T21:43:14.403070+00:00,Санкт-Петербург,developer,1room,1,32.89,3.52311998561896,9.0,10.0,0.9,False,False,Центральный,Площадь Александра Невского,Гильдия,59.9368984,30.3844576,house,3.9236329938891537,1.4082635969830763,True,23845250.0,16.98709563597485,725000.0,13.493928313146206,121,33000000.0,472702.7027027027,281949.93412384717,660000.0,13,23845250.0,531697.3415132924,472702.7027027027,645000.0,35,35693422.0,625000.0,555289.7769297812,706503.2363162467,258,12100000.0,316179.96971663425,218807.02554744523,472179.52702702704
326506506,cian,2026-05-04T21:43:14.403070+00:00,Санкт-Петербург,real_estate_agent,1room,1,30.2,3.4404180948154366,2.0,5.0,0.4,False,False,Невский,Ломоносовская,unknown,59.8787066,30.476907,house,11.257847338356871,1.928345403879057,True,6100000.0,15.623799493077952,201986.7549668874,12.215962355570133,75,8462886.0,214129.9972504812,190613.3732947499,276627.69547325105,20,8350000.0,215944.99248873309,202580.0220750552,275984.998746553,28,7400000.0,202820.86979581014,183649.6889170094,226678.90459640961,258,12100000.0,316179.96971663425,218807.02554744523,472179.52702702704
326563687,cian,2026-05-04T21:43:14.403070+00:00,Санкт-Петербург,real_estate_agent,1room,1,41.0,3.737669618283368,17.0,20.0,0.85,False,False,Красносельский,Юго-Западная,Огни Залива,59.8615796,30.156289,house,12.27981118141554,4.239136275890082,True,13200000.0,16.395727463314174,321951.2195121951,12.682158426908074,45,8600000.0,223093.96897646284,183937.8238341969,261158.53658536586,12,7300000.0,203411.1134055085,179747.59615384616,274155.2220813795,49,8600000.0,227835.03496503495,191335.74007220217,261158.53658536586,258,12100000.0,316179.96971663425,218807.02554744523,472179.52702702704
323695128,cian,2026-05-04T21:43:14.403070+00:00,Санкт-Петербург,developer,1room,1,38.64,3.6798387094617873,7.0,17.0,0.4117647058823529,False,False,Василеостровский,Приморская,Новая Земля ЖК,59.9592183,30.2196308,street,5.738265656122821,1.351573980586542,True,15830035.0,16.57741970601759,409679.9948240166,12.923134074428779,165,23000000.0,425718.0832915203,357142.85714285716,499334.2210386152,32,18995052.5,444529.892808932,404297.3423190159,500610.91260112775,73,22280000.0,414540.0,355671.14093959733,468620.6724137931,258,12100000.0,316179.96971663425,218807.02554744523,472179.52702702704
329355613,cian,2026-05-04T21:43:14.403070+00:00,Санкт-Петербург,real_estate_agent,1room,1,40.4,3.7232808808312687,17.0,29.0,0.5862068965517241,False,False,Выборгский,Парнас,Северная долина,60.0782359,30.3420174,house,15.604172345111882,1.2558881714083003,True,8245000.0,15.925117635261456,204084.15841584158,12.226292628936084,68,11500000.0,242464.8327306462,201785.625,296143.7908496732,17,8200000.0,229357.7981651376,214484.67966573816,294117.64705882355,14,7850000.0,225945.53060701783,203626.49866103235,261172.79510923312,258,12100000.0,316179.96971663425,218807.02554744523,472179.52702702704
328960498,cian,2026-05-04T21:43:14.403070+00:00,Санкт-Петербург,real_estate_agent,1room,1,44.7,3.822098297900159,12.0,18.0,0.6666666666666666,False,False,Невский,Улица Дыбенко,Цивилизация на Неве,59.9111647,30.4949018,house,10.52668931813357,0.7724714693092204,True,14490000.0,16.488969383309975,324161.07382550335,12.688998897558712,75,8462886.0,214129.9972504812,190613.3732947499,276627.69547325105,20,8350000.0,215944.99248873309,202580.0220750552,275984.998746553,23,10571122.0,226660.0,199068.28017997573,283016.46808134136,258,12100000.0,316179.96971663425,218807.02554744523,472179.52702702704
309823990,cian,2026-05-04T21:43:14.403070+00:00,Санкт-Петербург,developer,1room,1,46.6,3.862832761237376,8.0,12.0,0.6666666666666666,False,False,Курортный,unknown,МФК Морская ривьера,59.998243,30.0984747,house,13.71041802599338,,False,27092075.0,17.11475184456916,581375.0,13.27315298658512,49,24506160.0,428400.0,344027.3037542662,554200.0,16,15701850.0,423133.42318059294,297491.1388132038,509906.5935517054,47,19900000.0,390000.0,255879.99731074355,517735.35515320336,258,12100000.0,316179.96971663425,218807.02554744523,472179.52702702704
327636126,cian,2026-05-04T21:43:14.403070+00:00,Санкт-Петербург,real_estate_agent,1room,1,41.6,3.751854253275325,12.0,24.0,0.5,False,False,Красногвардейский,Девяткино,Новая Охта,60.02771,30.4560117,house,12.668648861539902,2.56512535248717,True,7500000.0,15.830413711839864,180288.46153846153,12.102318957890605,65,10300000.0,250000.0,202169.11764705883,415701.00840336137,14,10200000.0,280602.70639207074,203125.32100667694,414937.1221662468,15,4537224.0,207870.37037037036,195758.49544753472,213107.56097560975,258,12100000.0,316179.96971663425,218807.02554744523,472179.52702702704
329189775,cian,2026-05-04T21:43:14.403070+00:00,Санкт-Петербург,real_estate_agent,1room,1,37.9,3.6609942506244,26.0,30.0,0.8666666666666667,False,False,Выборгский,Проспект Просвещения,Лондон Парк,60.0460457,30.3628946,house,12.251700419195748,1.6468875950969208,True,10190000.0,16.13691750333433,268865.43535620056,12.50197001243629,68,11500000.0,242464.8327306462,201785.625,296143.7908496732,17,8200000.0,229357.7981651376,214484.67966573816,294117.64705882355,35,9900000.0,229117.64705882352,178772.9364833445,279693.9024390244,258,12100000.0,316179.96971663425,218807.02554744523,472179.52702702704
319672840,cian,2026-05-04T21:43:14.403070+00:00,Санкт-Петербург,developer,1room,1,45.85,3.846951008684431,7.0,10.0,0.7,False,False,Адмиралтейский,Садовая,Остров первых,59.9229751,30.2775142,street,2.6783220944771378,2.481822067176933,True,22466500.0,16.927535913299998,490000.0,13.102162710901053,73,19300000.0,451851.85185185185,325510.20408163266,515585.6263228786,13,19768939.0,486034.9127182045,444330.0,555085.0,14,19528670.0,463750.0,387982.5,497500.0,258,12100000.0,316179.96971663425,218807.02554744523,472179.52702702704
328366083,cian,2026-05-04T21:43:14.403070+00:00,Санкт-Петербург,real_estate_agent,1room,1,34.5,3.56953269648137,14.0,15.0,0.9333333333333332,False,False,Выборгский,Проспект Просвещения,Parkolovo,60.0684545,30.2557136,house,14.799496516167371,4.806738068270937,True,7700000.0,15.856731016694036,223188.40579710144,12.315776043296042,68,11500000.0,242464.8327306462,201785.625,296143.7908496732,17,8200000.0,229357.7981651376,214484.67966573816,294117.64705882355,35,9900000.0,229117.64705882352,178772.9364833445,279693.9024390244,258,12100000.0,316179.96971663425,218807.02554744523,472179.52702702704
322874562,cian,2026-05-04T21:43:14.403070+00:00,Санкт-Петербург,real_estate_agent,1room,1,34.5,3.56953269648137,4.0,24.0,0.1666666666666666,False,False,Невский,Ломоносовская,ЦДС Приневский,59.8657546,30.5079268,house,13.506538055010894,3.896218368979789,True,7600000.0,15.843658936835498,220289.85507246378,12.302704020682626,75,8462886.0,214129.9972504812,190613.3732947499,276627.69547325105,20,8350000.0,215944.99248873309,202580.0220750552,275984.998746553,28,7400000.0,202820.86979581014,183649.6889170094,226678.90459640961,258,12100000.0,316179.96971663425,218807.02554744523,472179.52702702704
319861349,cian,2026-05-04T21:43:14.403070+00:00,Санкт-Петербург,developer,1room,1,40.91,3.73552446193698,2.0,10.0,0.2,False,False,Фрунзенский,Обводный канал,Дом на Курской,59.9106223,30.3567235,house,3.914025843914734,0.5622205224014537,True,17251583.0,16.66341452331284,421695.99120019557,12.952042304779615,36,11675000.0,275360.4958677686,194624.98710409575,392205.28341254056,6,13807102.0,380289.5911386957,236841.4388994025,417904.0408778915,20,17343499.5,385522.5051466804,295973.35138216015,426557.9919079805,258,12100000.0,316179.96971663425,218807.02554744523,472179.52702702704
325668817,cian,2026-05-04T21:43:14.403070+00:00,Санкт-Петербург,real_estate_agent,1room,1,33.2,3.53222564406856,15.0,22.0,0.6818181818181818,False,False,Красногвардейский,Ладожская,ЗимаЛето,59.9380126,30.4362374,house,6.803511981556299,0.6700250302745896,True,10700000.0,16.185754392890075,322289.156626506,12.683207526308616,65,10300000.0,250000.0,202169.11764705883,415701.00840336137,14,10200000.0,280602.70639207074,203125.32100667694,414937.1221662468,16,8100000.0,244458.12807881774,189389.65874986106,325733.2609125025,258,12100000.0,316179.96971663425,218807.02554744523,472179.52702702704
326046243,cian,2026-05-04T21:43:14.403070+00:00,Санкт-Петербург,real_estate_agent,1room,1,30.9,3.462606009790799,1.0,10.0,0.1,True,False,Пушкинский,Шушары,Ленсоветовский,59.7559533,30.4710856,house,22.12135466812752,7.441045958268149,True,5100000.0,15.444751293772969,165048.5436893204,12.01400097259603,43,7166266.0,202797.2027972028,163053.72914003386,232898.85297184568,14,6550000.0,206115.77964519142,173535.57164658897,219166.66666666666,18,7450000.0,145612.922705314,128822.01343198246,164048.5800516345,258,12100000.0,316179.96971663425,218807.02554744523,472179.52702702704
319861351,cian,2026-05-04T21:43:14.403070+00:00,Санкт-Петербург,developer,1room,1,40.21,3.718680945350726,3.0,10.0,0.3,False,False,Фрунзенский,Обводный канал,Дом на Курской,59.9106223,30.3567235,house,3.914025843914734,0.5622205224014537,True,17738400.0,16.69124239549579,441143.99403133546,12.997128885042708,36,11675000.0,275360.4958677686,194624.98710409575,392205.28341254056,6,13807102.0,380289.5911386957,236841.4388994025,417904.0408778915,20,17343499.5,385522.5051466804,295973.35138216015,426557.9919079805,258,12100000.0,316179.96971663425,218807.02554744523,472179.52702702704
329142493,cian,2026-05-04T21:43:14.403070+00:00,Санкт-Петербург,homeowner,1room,1,38.3,3.6712245188752153,18.0,21.0,0.8571428571428571,False,False,Приморский,Старая Деревня,Богатырь 3,59.9948255,30.2751034,house,6.617981095072009,1.2671720201276435,True,12100000.0,16.308716093211594,315926.8929503917,12.663269279664616,119,11000000.0,253120.0,213054.45761967503,301644.1421266091,30,8917000.0,241087.7464576749,214780.7574315032,273640.8199643494,10,12849999.5,239117.1153240119,215743.79752066117,283249.985,258,12100000.0,316179.96971663425,218807.02554744523,472179.52702702704
329388485,cian,2026-05-04T21:43:14.403070+00:00,Санкт-Петербург,realtor,1room,1,40.3,3.720862499966987,21.0,29.0,0.7241379310344828,False,False,Выборгский,Парнас,Северная долина,60.0799631,30.3441954,house,15.807635553249584,1.4744417565572054,True,8200000.0,15.919644834185693,203473.9454094293,12.223298157903914,68,11500000.0,242464.8327306462,201785.625,296143.7908496732,17,8200000.0,229357.7981651376,214484.67966573816,294117.64705882355,14,7850000.0,225945.53060701783,203626.49866103235,261172.79510923312,258,12100000.0,316179.96971663425,218807.02554744523,472179.52702702704
320458671,cian,2026-05-04T21:43:14.403070+00:00,Санкт-Петербург,developer,1room,1,35.72,3.6033215657522897,8.0,17.0,0.4705882352941176,False,False,Калининский,Лесная,Аурум ЖК,59.9327565,30.2728798,street,2.3863606059545583,7.047975623424182,True,13355877.0,16.407467145532564,373904.7312430011,12.831758989125346,53,10624445.0,291095.8904109589,210032.36245954694,359100.0,11,13999999.0,340632.5790754258,218245.96774193546,371952.36562150053,37,13355877.0,359100.0,250000.0,393258.42696629214,258,12100000.0,316179.96971663425,218807.02554744523,472179.52702702704
326021968,cian,2026-05-04T21:43:14.403070+00:00,Санкт-Петербург,real_estate_agent,1room,1,61.9,4.141546163706395,3.0,4.0,0.75,False,False,Курортный,Беговая,Петербургское Садовое кольцо,60.0553342,30.0064806,house,21.47202940191576,13.25204581878418,True,14900000.0,16.51687183802978,240710.82390953152,12.391355745578924,49,24506160.0,428400.0,344027.3037542662,554200.0,16,15701850.0,423133.42318059294,297491.1388132038,509906.5935517054,29,9802294.0,240710.82390953152,210180.94089264172,306436.1191162344,258,12100000.0,316179.96971663425,218807.02554744523,472179.52702702704
326077802,cian,2026-05-04T21:43:14.403070+00:00,Санкт-Петербург,real_estate_agent,1room,1,35.7,3.6027767550605247,2.0,13.0,0.1538461538461538,False,False,Невский,Ломоносовская,Апарт-отель Начало,59.879154,30.4196595,house,8.85023930942466,1.2771579562497333,True,6299000.0,15.65590160735941,176442.5770308123,12.080756427368692,75,8462886.0,214129.9972504812,190613.3732947499,276627.69547325105,20,8350000.0,215944.99248873309,202580.0220750552,275984.998746553,28,7400000.0,202820.86979581014,183649.6889170094,226678.90459640961,258,12100000.0,316179.96971663425,218807.02554744523,472179.52702702704
327115696,cian,2026-05-04T21:43:14.403070+00:00,Санкт-Петербург,developer,1room,1,58.05,4.078384542643371,5.0,7.0,0.7142857142857143,False,False,Василеостровский,Приморская,Северный Ветер ЖК,59.9592183,30.2196308,street,5.738265656122821,1.351573980586542,True,24240000.0,17.003514760419513,417571.05943152454,12.9422124058206,165,23000000.0,425718.0832915203,357142.85714285716,499334.2210386152,32,18995052.5,444529.892808932,404297.3423190159,500610.91260112775,73,22280000.0,414540.0,355671.14093959733,468620.6724137931,258,12100000.0,316179.96971663425,218807.02554744523,472179.52702702704
327858293,cian,2026-05-04T21:43:14.403070+00:00,Санкт-Петербург,real_estate_agent,1room,1,40.8,3.7328963395307104,6.0,6.0,1.0,False,True,Приморский,Комендантский проспект,unknown,60.0000586,30.2457111,house,7.8221511420752,1.016084282981771,True,10800000.0,16.195056784687036,264705.8823529412,12.486378388454975,119,11000000.0,253120.0,213054.45761967503,301644.1421266091,30,8917000.0,241087.7464576749,214780.7574315032,273640.8199643494,62,11400000.0,258025.86534804112,212350.63966555786,313750.0,258,12100000.0,316179.96971663425,218807.02554744523,472179.52702702704
315829301,cian,2026-05-04T21:43:14.403070+00:00,Санкт-Петербург,realtor,1room,1,35.0,3.58351893845611,5.0,15.0,0.3333333333333333,False,False,Московский,Звездная,ЦДС Московский,59.814256,30.3463009,house,13.942724869563426,2.1938640352486667,True,7900000.0,15.88237344401952,225714.2857142857,12.327029686317768,115,14600000.0,338071.4560122935,232688.51778861112,440766.12903225806,27,13590000.0,352072.53886010364,239536.8318088638,430424.8145911584,43,9590757.0,294827.5862068966,224474.7194575878,354639.3791256695,258,12100000.0,316179.96971663425,218807.02554744523,472179.52702702704
309823808,cian,2026-05-04T21:43:14.403070+00:00,Санкт-Петербург,developer,1room,1,71.8,4.28771595520264,2.0,12.0,0.1666666666666666,False,False,Курортный,unknown,МФК Морская ривьера,59.998243,30.0984747,house,13.71041802599338,,False,38087797.0,17.45540452633476,530470.7103064067,13.181521909141896,49,24506160.0,428400.0,344027.3037542662,554200.0,16,15701850.0,423133.42318059294,297491.1388132038,509906.5935517054,47,19900000.0,390000.0,255879.99731074355,517735.35515320336,258,12100000.0,316179.96971663425,218807.02554744523,472179.52702702704
328188828,cian,2026-05-04T21:43:14.403070+00:00,Санкт-Петербург,real_estate_agent,1room,1,45.4,3.8372994592322094,2.0,22.0,0.0909090909090909,False,False,Приморский,Пионерская,Приморский квартал,59.99802,30.3071052,house,6.61866859980883,0.6947546950765562,True,16500000.0,16.61887099947687,363436.12334801763,12.803361585334873,119,11000000.0,253120.0,213054.45761967503,301644.1421266091,30,8917000.0,241087.7464576749,214780.7574315032,273640.8199643494,6,10999364.0,250931.05773122894,191239.14657092388,349044.85411604866,258,12100000.0,316179.96971663425,218807.02554744523,472179.52702702704
328969698,cian,2026-05-04T21:43:14.403070+00:00,Санкт-Петербург,homeowner,1room,1,37.0,3.6375861597263857,5.0,6.0,0.8333333333333334,False,False,Приморский,Комендантский проспект,unknown,60.021845,30.2822071,house,9.424937877195651,2.144079905889784,True,9300000.0,16.04552506565036,251351.35135135136,12.434611023965969,119,11000000.0,253120.0,213054.45761967503,301644.1421266091,30,8917000.0,241087.7464576749,214780.7574315032,273640.8199643494,62,11400000.0,258025.86534804112,212350.63966555786,313750.0,258,12100000.0,316179.96971663425,218807.02554744523,472179.52702702704
326074282,cian,2026-05-04T21:43:14.403070+00:00,Санкт-Петербург,developer,1room,1,46.48,3.860308569741467,5.0,10.0,0.5,False,False,Центральный,Площадь Александра Невского,Гильдия,59.9368984,30.3844576,house,3.9236329938891537,1.4082635969830763,True,30676800.0,17.239017259144187,660000.0,13.399996629152975,121,33000000.0,472702.7027027027,281949.93412384717,660000.0,13,23845250.0,531697.3415132924,472702.7027027027,645000.0,35,35693422.0,625000.0,555289.7769297812,706503.2363162467,258,12100000.0,316179.96971663425,218807.02554744523,472179.52702702704
327438853,cian,2026-05-04T21:43:14.403070+00:00,Санкт-Петербург,real_estate_agent,1room,1,41.25,3.743604353803183,3.0,4.0,0.75,False,False,Приморский,Беговая,unknown,59.8745741,30.4437416,house,10.145476471231648,18.41389458837649,True,8650000.0,15.973069994514992,209696.9696969697,12.25342353490213,119,11000000.0,253120.0,213054.45761967503,301644.1421266091,30,8917000.0,241087.7464576749,214780.7574315032,273640.8199643494,29,9802294.0,240710.82390953152,210180.94089264172,306436.1191162344,258,12100000.0,316179.96971663425,218807.02554744523,472179.52702702704
328922033,cian,2026-05-04T21:43:14.403070+00:00,Санкт-Петербург,real_estate_agent,1room,1,37.1,3.6402142821326553,8.0,10.0,0.8,False,False,Приморский,Беговая,unknown,59.9897602,30.2174952,house,7.827644422611508,0.7496607391606315,True,10500000.0,16.166885910365842,283018.8679245283,12.553272378841454,119,11000000.0,253120.0,213054.45761967503,301644.1421266091,30,8917000.0,241087.7464576749,214780.7574315032,273640.8199643494,29,9802294.0,240710.82390953152,210180.94089264172,306436.1191162344,258,12100000.0,316179.96971663425,218807.02554744523,472179.52702702704
315443798,cian,2026-05-04T21:43:14.403070+00:00,Санкт-Петербург,developer,1room,1,39.94,3.712107580233144,10.0,14.0,0.7142857142857143,False,False,Невский,Улица Дыбенко,Апарт-комплекс Зум на Неве,59.9040938,30.4498862,house,8.484472384652422,1.9125226376565383,True,8462886.0,15.951200926323942,211889.9849774662,12.26382719959237,75,8462886.0,214129.9972504812,190613.3732947499,276627.69547325105,20,8350000.0,215944.99248873309,202580.0220750552,275984.998746553,23,10571122.0,226660.0,199068.28017997573,283016.46808134136,258,12100000.0,316179.96971663425,218807.02554744523,472179.52702702704
326356866,cian,2026-05-04T21:43:14.403070+00:00,Санкт-Петербург,real_estate_agent,1room,1,51.1,3.9531649487593215,14.0,14.0,1.0,False,True,Московский,Фрунзенская,Галант,59.9039425,30.3237408,house,3.891016390345599,0.3498856972275014,True,23900000.0,16.98938905874274,467710.3718199608,13.055606657765109,115,14600000.0,338071.4560122935,232688.51778861112,440766.12903225806,27,13590000.0,352072.53886010364,239536.8318088638,430424.8145911584,10,14049999.5,438359.34664246824,398405.74954907777,463745.7418279336,258,12100000.0,316179.96971663425,218807.02554744523,472179.52702702704
326245282,cian,2026-05-04T21:43:14.403070+00:00,Санкт-Петербург,real_estate_agent,1room,1,39.8,3.708682081410116,5.0,8.0,0.625,False,False,Петроградский,Спортивная,NEVA RESIDENCE,59.9581113,30.2677113,house,3.373353959702625,1.5414762901508554,True,22000000.0,16.906553056777135,552763.8190954775,13.22268790812147,215,74551226.0,688500.0,513014.51612903224,950757.9850893903,22,34125000.0,682328.2918149466,617487.9629629629,896456.3461641226,44,38450000.0,636691.4335664336,466248.48787486635,964962.5076891531,258,12100000.0,316179.96971663425,218807.02554744523,472179.52702702704
329391520,cian,2026-05-04T21:43:14.403070+00:00,Санкт-Петербург,homeowner,1room,1,35.0,3.58351893845611,15.0,18.0,0.8333333333333334,False,False,Пушкинский,Купчино,Босфор,59.8102722,30.3779238,house,14.707259263072322,2.077612189396985,True,8000000.0,15.894952224644102,228571.42857142858,12.339608413145125,43,7166266.0,202797.2027972028,163053.72914003386,232898.85297184568,14,6550000.0,206115.77964519142,173535.57164658897,219166.66666666666,32,7495000.0,211094.97047056584,198690.38857472915,238287.2080291971,258,12100000.0,316179.96971663425,218807.02554744523,472179.52702702704
323514188,cian,2026-05-04T21:44:10.932042+00:00,Санкт-Петербург,developer,2rooms,2,105.9,4.671893818030999,1.0,7.0,0.1428571428571428,True,False,Василеостровский,Василеостровская,Амо,59.9392754,30.2438761,district,3.9122015596226105,2.100112668540487,True,42455236.0,17.563960831781365,400899.3012275732,12.901468050008647,165,23000000.0,425718.0832915203,357142.85714285716,499334.2210386152,35,24500000.0,392490.00175716047,339750.86965418456,458291.5943265122,43,27900960.0,403090.15256588074,244769.5453830423,459065.00739980966,261,20999000.0,338071.4560122935,216386.55462184874,497250.0
329582990,cian,2026-05-04T21:44:10.932042+00:00,Санкт-Петербург,real_estate_agent,2rooms,2,59.0,4.0943445622221,2.0,17.0,0.1176470588235294,False,False,Приморский,Беговая,unknown,59.997254,30.2163327,house,8.493539745142145,1.168997313128527,True,19999000.0,16.811192880270724,338966.10169491527,12.733658336505659,119,11000000.0,253120.0,213054.45761967503,301644.1421266091,22,15050000.0,259046.38838475497,211170.17272627258,313750.0,29,9802294.0,240710.82390953152,210180.94089264172,306436.1191162344,261,20999000.0,338071.4560122935,216386.55462184874,497250.0
329352761,cian,2026-05-04T21:44:10.932042+00:00,Санкт-Петербург,real_estate_agent,2rooms,2,37.0,3.6375861597263857,5.0,7.0,0.7142857142857143,False,False,Центральный,Лиговский проспект,unknown,59.9236339,30.355483,house,2.8434357782952544,0.2444620374740352,True,8800000.0,15.990262393084793,237837.83783783784,12.379348571340826,121,33000000.0,472702.7027027027,281949.93412384717,660000.0,24,40793354.0,559365.9691809656,362959.79469632165,605192.2549517521,6,9900000.0,210892.16306607611,164627.9706740875,331240.70945945947,261,20999000.0,338071.4560122935,216386.55462184874,497250.0
318135054,cian,2026-05-04T21:44:10.932042+00:00,Санкт-Петербург,developer,2rooms,2,57.9,4.075841090657541,7.0,8.0,0.875,False,False,Петроградский,Спортивная,NEVA RESIDENCE,59.9581113,30.2677113,house,3.373353959702625,1.5414762901508554,True,29911140.0,17.213741577655185,516600.0,13.155026095375646,215,74551226.0,688500.0,513014.51612903224,950757.9850893903,33,50900000.0,689189.1891891892,480000.0,980049.9999999999,44,38450000.0,636691.4335664336,466248.48787486635,964962.5076891531,261,20999000.0,338071.4560122935,216386.55462184874,497250.0
328871308,cian,2026-05-04T21:44:10.932042+00:00,Санкт-Петербург,homeowner,2rooms,2,60.06,4.111856987306732,5.0,14.0,0.3571428571428571,False,False,Выборгский,Проспект Просвещения,Parkolovo,60.0674544,30.2644317,house,14.591606297469315,4.316534087647266,True,11400000.0,16.249124001084017,189810.1898101898,12.153785119216714,68,11500000.0,242464.8327306462,201785.625,296143.7908496732,14,11500000.0,224130.35881258443,183160.5894105894,312179.5101043724,35,9900000.0,229117.64705882352,178772.9364833445,279693.9024390244,261,20999000.0,338071.4560122935,216386.55462184874,497250.0
329388083,cian,2026-05-04T21:44:10.932042+00:00,Санкт-Петербург,real_estate_agent,2rooms,2,51.5,3.960813169597578,4.0,5.0,0.8,False,False,Фрунзенский,Волковская,unknown,59.8994533,30.36075,house,5.070282513019145,0.4316964504185103,True,9000000.0,16.012735246411598,174757.28155339806,12.071159049836654,36,11675000.0,275360.4958677686,194624.98710409575,392205.28341254056,11,10500000.0,209580.8383233533,176024.05910339224,361519.99209946534,1,9000000.0,174757.28155339806,174757.28155339806,174757.28155339806,261,20999000.0,338071.4560122935,216386.55462184874,497250.0
321378859,cian,2026-05-04T21:44:10.932042+00:00,Санкт-Петербург,developer,2rooms,2,37.5,3.6506582412937374,4.0,12.0,0.3333333333333333,False,False,Приморский,Комендантский проспект,YE'S Primorsky Комплекс Апартаментов,60.0078982,30.2392157,house,8.760042191878592,0.9946573259478476,True,11737500.0,16.27829948769567,313000.0,12.653961664405365,119,11000000.0,253120.0,213054.45761967503,301644.1421266091,22,15050000.0,259046.38838475497,211170.17272627258,313750.0,62,11400000.0,258025.86534804112,212350.63966555786,313750.0,261,20999000.0,338071.4560122935,216386.55462184874,497250.0
326837479,cian,2026-05-04T21:44:10.932042+00:00,Санкт-Петербург,real_estate_agent,2rooms,2,125.0,4.836281906951478,2.0,6.0,0.3333333333333333,False,False,Центральный,Достоевская,unknown,59.9293639,30.3424776,house,1.885180290749877,0.393123520551184,True,76000000.0,18.1462439114085,608000.0,13.317931805683793,121,33000000.0,472702.7027027027,281949.93412384717,660000.0,24,40793354.0,559365.9691809656,362959.79469632165,605192.2549517521,3,28350000.0,261700.36001107728,238681.50530674346,434850.1800055386,261,20999000.0,338071.4560122935,216386.55462184874,497250.0
329290577,cian,2026-05-04T21:44:10.932042+00:00,Санкт-Петербург,real_estate_agent,2rooms,2,41.3,3.744787086052232,3.0,5.0,0.6,False,False,Петроградский,Спортивная,unknown,59.9526568,30.3051996,house,1.639752507163871,0.714434630574168,True,11499900.0,16.25784898460077,278447.94188861985,12.536989989005638,215,74551226.0,688500.0,513014.51612903224,950757.9850893903,33,50900000.0,689189.1891891892,480000.0,980049.9999999999,44,38450000.0,636691.4335664336,466248.48787486635,964962.5076891531,261,20999000.0,338071.4560122935,216386.55462184874,497250.0
327096115,cian,2026-05-04T21:44:10.932042+00:00,Санкт-Петербург,developer,2rooms,2,58.89,4.092509546276371,5.0,11.0,0.4545454545454545,False,False,Московский,Московские ворота,Коллекционный Дом 1919,59.8919464,30.3243918,house,5.219272998900943,0.2270682020503592,True,33567288.0,17.329062609067282,569999.7962302598,13.25339303670495,115,14600000.0,338071.4560122935,232688.51778861112,440766.12903225806,29,23988000.0,354822.5806451613,263406.94006309146,535535.5355355355,16,30457890.5,569999.7957895484,441149.1935483871,668525.0,261,20999000.0,338071.4560122935,216386.55462184874,497250.0
328354011,cian,2026-05-04T21:44:10.932042+00:00,Санкт-Петербург,real_estate_agent,2rooms,2,173.0,5.159055299214529,2.0,5.0,0.4,False,False,Петроградский,Крестовский остров,"Комплекс резиденций ""Императорский Яхтъ-клуб""",59.9768053,30.2422979,house,5.833056084694076,1.1570808893961235,True,290000000.0,19.48539148439307,1676300.578034682,14.33210048299856,215,74551226.0,688500.0,513014.51612903224,950757.9850893903,33,50900000.0,689189.1891891892,480000.0,980049.9999999999,69,105000000.0,775889.9676375405,607500.0,1050000.0,261,20999000.0,338071.4560122935,216386.55462184874,497250.0
325689882,cian,2026-05-04T21:44:10.932042+00:00,Санкт-Петербург,real_estate_agent,2rooms,2,44.9,3.8264651170664994,5.0,5.0,1.0,False,True,Приморский,Пионерская,unknown,59.997514,30.3125536,house,6.551512205928332,0.971699262131584,True,8799999.0,15.990262279448435,195991.06904231626,12.185829473324146,119,11000000.0,253120.0,213054.45761967503,301644.1421266091,22,15050000.0,259046.38838475497,211170.17272627258,313750.0,6,10999364.0,250931.05773122894,191239.14657092388,349044.85411604866,261,20999000.0,338071.4560122935,216386.55462184874,497250.0
325166620,cian,2026-05-04T21:44:10.932042+00:00,Санкт-Петербург,developer,2rooms,2,99.7,4.612145799724517,4.0,7.0,0.5714285714285714,False,False,Василеостровский,Василеостровская,Клубный дом Монодом Лайн,59.9392754,30.2438761,district,3.9122015596226105,2.100112668540487,True,38525598.0,17.46683348739481,386415.2256770311,12.864670372356647,165,23000000.0,425718.0832915203,357142.85714285716,499334.2210386152,35,24500000.0,392490.00175716047,339750.86965418456,458291.5943265122,43,27900960.0,403090.15256588074,244769.5453830423,459065.00739980966,261,20999000.0,338071.4560122935,216386.55462184874,497250.0
329585309,cian,2026-05-04T21:44:10.932042+00:00,Санкт-Петербург,real_estate_agent,2rooms,2,62.0,4.143134726391533,10.0,17.0,0.5882352941176471,False,False,Московский,Звездная,Пулковский посад,59.8277301,30.330436,house,12.361833962890485,1.173152150402481,True,21999000.0,16.90650760120066,354822.5806451613,12.779375989004906,115,14600000.0,338071.4560122935,232688.51778861112,440766.12903225806,29,23988000.0,354822.5806451613,263406.94006309146,535535.5355355355,43,9590757.0,294827.5862068966,224474.7194575878,354639.3791256695,261,20999000.0,338071.4560122935,216386.55462184874,497250.0
329069256,cian,2026-05-04T21:44:10.932042+00:00,Санкт-Петербург,real_estate_agent,2rooms,2,41.2,3.742420221041966,3.0,5.0,0.6,False,False,Московский,Московская,unknown,59.8481063,30.3305543,house,10.104220824581075,0.5221938960649729,True,12990000.0,16.379690465629075,315291.2621359223,12.661255303956787,115,14600000.0,338071.4560122935,232688.51778861112,440766.12903225806,29,23988000.0,354822.5806451613,263406.94006309146,535535.5355355355,34,19750000.0,368624.6176101299,230362.88470372072,720562.5,261,20999000.0,338071.4560122935,216386.55462184874,497250.0
327097378,cian,2026-05-04T21:44:10.932042+00:00,Санкт-Петербург,developer,2rooms,2,60.58,4.120337142496354,10.0,20.0,0.5,False,False,Василеостровский,Приморская,Башни Элемент,59.9407329,30.193978,house,6.694866063092209,2.211622373519493,True,36251072.0,17.405979538826887,598400.0,13.302016376764003,165,23000000.0,425718.0832915203,357142.85714285716,499334.2210386152,35,24500000.0,392490.00175716047,339750.86965418456,458291.5943265122,73,22280000.0,414540.0,355671.14093959733,468620.6724137931,261,20999000.0,338071.4560122935,216386.55462184874,497250.0
328223177,cian,2026-05-04T21:44:10.932042+00:00,Санкт-Петербург,real_estate_agent,2rooms,2,130.4,4.878246106050511,6.0,7.0,0.8571428571428571,False,False,Центральный,Площадь Ленина,Приоритет,59.9497714,30.3504672,house,2.375934349449239,0.7550475437948494,True,150000000.0,18.8261458587272,1150306.7484662577,13.955540071900932,121,33000000.0,472702.7027027027,281949.93412384717,660000.0,24,40793354.0,559365.9691809656,362959.79469632165,605192.2549517521,7,80000000.0,490196.0784313726,310500.6884045804,1162007.8343270256,261,20999000.0,338071.4560122935,216386.55462184874,497250.0
328195549,cian,2026-05-04T21:44:10.932042+00:00,Санкт-Петербург,developer,2rooms,2,52.9,3.9871304779149512,5.0,12.0,0.4166666666666667,False,False,Фрунзенский,Обводный канал,Витебский Парк ЖК,59.8661908,30.3921989,district,9.15383191638589,5.859998080474566,True,17435416.0,16.674014155213385,329591.98487712664,12.70561379304437,36,11675000.0,275360.4958677686,194624.98710409575,392205.28341254056,11,10500000.0,209580.8383233533,176024.05910339224,361519.99209946534,20,17343499.5,385522.5051466804,295973.35138216015,426557.9919079805,261,20999000.0,338071.4560122935,216386.55462184874,497250.0
305677121,cian,2026-05-04T21:44:10.932042+00:00,Санкт-Петербург,developer,2rooms,2,56.14,4.045504396802627,8.0,10.0,0.8,False,False,Центральный,Площадь Александра Невского,Новгородская 8,59.934866,30.3827,house,3.8437740099103066,1.1846185481164042,True,32062283.0,17.283190944030466,571112.9853936587,13.255344092872917,121,33000000.0,472702.7027027027,281949.93412384717,660000.0,24,40793354.0,559365.9691809656,362959.79469632165,605192.2549517521,35,35693422.0,625000.0,555289.7769297812,706503.2363162467,261,20999000.0,338071.4560122935,216386.55462184874,497250.0
291632305,cian,2026-05-04T21:44:10.932042+00:00,Санкт-Петербург,real_estate_agent,2rooms,2,135.0,4.912654885736052,4.0,4.0,1.0,False,True,Центральный,Чернышевская,Особняк Кушелева-Безбородко,59.9486708,30.3399637,house,1.824493979822765,1.3618726294168106,True,155000000.0,18.858935681335133,1148148.148148148,13.953661767412454,121,33000000.0,472702.7027027027,281949.93412384717,660000.0,24,40793354.0,559365.9691809656,362959.79469632165,605192.2549517521,32,49135000.0,503583.5303388495,276041.2961878758,803855.975485189,261,20999000.0,338071.4560122935,216386.55462184874,497250.0
329487123,cian,2026-05-04T21:44:10.932042+00:00,Санкт-Петербург,real_estate_agent,2rooms,2,47.0,3.871201010907891,7.0,12.0,0.5833333333333334,False,False,Выборгский,Проспект Просвещения,unknown,60.0504072,30.3599023,house,12.690610890302928,1.333045539684354,True,7700000.0,15.856731016694036,163829.78723404257,12.00658938899133,68,11500000.0,242464.8327306462,201785.625,296143.7908496732,14,11500000.0,224130.35881258443,183160.5894105894,312179.5101043724,35,9900000.0,229117.64705882352,178772.9364833445,279693.9024390244,261,20999000.0,338071.4560122935,216386.55462184874,497250.0
318139202,cian,2026-05-04T21:44:10.932042+00:00,Санкт-Петербург,developer,2rooms,2,43.03,3.784871219767663,16.0,18.0,0.8888888888888888,False,False,Невский,Улица Дыбенко,Цивилизация на Неве,59.8707938,30.4660326,district,11.340717509043232,4.155616072935183,True,16203377.0,16.600730296984167,376560.00464792,12.83883534403386,75,8462886.0,214129.9972504812,190613.3732947499,276627.69547325105,17,11200000.0,203781.51260504202,185692.5418569254,242950.10845986984,23,10571122.0,226660.0,199068.28017997573,283016.46808134136,261,20999000.0,338071.4560122935,216386.55462184874,497250.0
325318119,cian,2026-05-04T21:44:10.932042+00:00,Санкт-Петербург,real_estate_agent,2rooms,2,110.0,4.709530201312334,8.0,9.0,0.8888888888888888,False,False,Петроградский,Горьковская,Мироздание,59.9618964,30.3276235,house,2.6976694361535394,0.7729285260432807,True,85000000.0,18.258161826219297,772727.2727272727,13.557682742778985,215,74551226.0,688500.0,513014.51612903224,950757.9850893903,33,50900000.0,689189.1891891892,480000.0,980049.9999999999,11,44900000.0,464033.850493653,355758.11508745083,568677.0747740346,261,20999000.0,338071.4560122935,216386.55462184874,497250.0
329496820,cian,2026-05-04T21:44:10.932042+00:00,Санкт-Петербург,realtor,2rooms,2,42.6,3.775057150354989,4.0,5.0,0.8,False,False,Московский,Московская,unknown,59.8625984,30.3124465,house,8.451507015087323,1.6502896567270124,True,10499999.0,16.166885815127753,246478.8497652582,12.41503552374934,115,14600000.0,338071.4560122935,232688.51778861112,440766.12903225806,29,23988000.0,354822.5806451613,263406.94006309146,535535.5355355355,34,19750000.0,368624.6176101299,230362.88470372072,720562.5,261,20999000.0,338071.4560122935,216386.55462184874,497250.0
321997972,cian,2026-05-04T21:44:10.932042+00:00,Санкт-Петербург,developer,2rooms,2,46.76,3.866188469084346,3.0,4.0,0.75,False,False,Кронштадтский,unknown,Кронфорт.Центральный,59.999645,29.7499966,street,32.1174157297947,,False,13537955.0,16.421007853934608,289519.9957228401,12.575983097451246,15,12700000.0,289519.9957228401,255879.99731074355,297840.0049140222,4,19046118.5,292840.0017724211,291260.0015893417,308577.4992328935,47,19900000.0,390000.0,255879.99731074355,517735.35515320336,261,20999000.0,338071.4560122935,216386.55462184874,497250.0
328679723,cian,2026-05-04T21:44:10.932042+00:00,Санкт-Петербург,real_estate_agent,2rooms,2,93.5,4.548599834499697,2.0,6.0,0.3333333333333333,False,False,Петроградский,Крестовский остров,Морской 28,59.9703545,30.2618577,house,4.574622002581004,0.1465812951592776,True,73900000.0,18.11822339945023,790374.3315508021,13.580263214846264,215,74551226.0,688500.0,513014.51612903224,950757.9850893903,33,50900000.0,689189.1891891892,480000.0,980049.9999999999,69,105000000.0,775889.9676375405,607500.0,1050000.0,261,20999000.0,338071.4560122935,216386.55462184874,497250.0
329505092,cian,2026-05-04T21:44:10.932042+00:00,Санкт-Петербург,homeowner,2rooms,2,45.0,3.828641396489095,3.0,10.0,0.3,False,False,Пушкинский,Шушары,unknown,59.7558703,30.473095,house,22.17454062705114,7.484113016730844,True,6700000.0,15.717618233614914,148888.88888888888,11.91096231098623,43,7166266.0,202797.2027972028,163053.72914003386,232898.85297184568,7,7400000.0,168269.23076923075,154973.9017398181,178399.31186603912,18,7450000.0,145612.922705314,128822.01343198246,164048.5800516345,261,20999000.0,338071.4560122935,216386.55462184874,497250.0
325800635,cian,2026-05-04T21:44:10.932042+00:00,Санкт-Петербург,developer,2rooms,2,53.6,4.000033882750859,2.0,4.0,0.5,False,False,Пушкинский,Купчино,Пулково Лэйк ЖК,59.7318379,30.4244923,district,23.803942467635743,11.048014142033765,True,13781900.0,16.438866767590948,257125.0,12.457321516106665,43,7166266.0,202797.2027972028,163053.72914003386,232898.85297184568,7,7400000.0,168269.23076923075,154973.9017398181,178399.31186603912,32,7495000.0,211094.97047056584,198690.38857472915,238287.2080291971,261,20999000.0,338071.4560122935,216386.55462184874,497250.0
326530940,cian,2026-05-04T21:44:10.932042+00:00,Санкт-Петербург,real_estate_agent,2rooms,2,71.89,4.2889514553941215,3.0,10.0,0.3,False,False,Выборгский,Выборгская,Сампсониевский 32,59.9735855,30.3396081,street,4.141300935343537,0.483471810749262,True,32200000.0,17.287477041570536,447906.52385589096,13.01234207012506,68,11500000.0,242464.8327306462,201785.625,296143.7908496732,14,11500000.0,224130.35881258443,183160.5894105894,312179.5101043724,11,28000000.0,447906.52385589096,309612.72306890716,480500.0,261,20999000.0,338071.4560122935,216386.55462184874,497250.0
325558659,cian,2026-05-04T21:44:10.932042+00:00,Санкт-Петербург,developer,2rooms,2,70.91,4.275415337114403,6.0,9.0,0.6666666666666666,False,False,Василеостровский,Горный институт,МОНОДОМ АРТ,59.9044682,29.7789704,street,30.06287842797851,27.052745316729546,True,34307203.0,17.350865919237652,483813.32675222115,13.089456489684101,165,23000000.0,425718.0832915203,357142.85714285716,499334.2210386152,35,24500000.0,392490.00175716047,339750.86965418456,458291.5943265122,49,24258479.0,491000.0,424440.0,576720.0,261,20999000.0,338071.4560122935,216386.55462184874,497250.0
295476817,cian,2026-05-04T21:44:10.932042+00:00,Санкт-Петербург,real_estate_agent,2rooms,2,89.0,4.499809670330265,4.0,4.0,1.0,False,True,Центральный,Чернышевская,unknown,59.9483092,30.3411364,house,1.852776291198336,1.2859980866511995,True,75000000.0,18.13299868483392,842696.6292134832,13.644363488434408,121,33000000.0,472702.7027027027,281949.93412384717,660000.0,24,40793354.0,559365.9691809656,362959.79469632165,605192.2549517521,32,49135000.0,503583.5303388495,276041.2961878758,803855.975485189,261,20999000.0,338071.4560122935,216386.55462184874,497250.0
329431506,cian,2026-05-04T21:44:10.932042+00:00,Санкт-Петербург,realtor,2rooms,2,52.1,3.972176928247893,17.0,17.0,1.0,False,True,Московский,Московская,Граф Орлов,59.8866557,30.3193948,street,5.783486996948717,4.252061859057263,True,19500000.0,16.785925074816024,374280.2303262956,12.832762746565956,115,14600000.0,338071.4560122935,232688.51778861112,440766.12903225806,29,23988000.0,354822.5806451613,263406.94006309146,535535.5355355355,34,19750000.0,368624.6176101299,230362.88470372072,720562.5,261,20999000.0,338071.4560122935,216386.55462184874,497250.0
327767593,cian,2026-05-04T21:44:10.932042+00:00,Санкт-Петербург,real_estate_agent,2rooms,2,58.0,4.07753744390572,1.0,3.0,0.3333333333333333,True,False,Петроградский,Черная речка,Del Arte,59.9753099,30.2870396,house,4.351067385435871,1.3185900315248,True,57900000.0,17.87422795981438,998275.8620689656,13.813785933723418,215,74551226.0,688500.0,513014.51612903224,950757.9850893903,33,50900000.0,689189.1891891892,480000.0,980049.9999999999,19,44200000.0,500658.7615283267,347389.5582329317,945000.0,261,20999000.0,338071.4560122935,216386.55462184874,497250.0
329612599,cian,2026-05-04T21:44:10.932042+00:00,Санкт-Петербург,homeowner,2rooms,2,43.6,3.7977338590260175,3.0,5.0,0.6,False,False,Пушкинский,Купчино,unknown,59.6784161,30.4278821,house,29.622532385204835,16.925017658657495,True,6100000.0,15.623799493077952,139908.25688073394,11.848749326303992,43,7166266.0,202797.2027972028,163053.72914003386,232898.85297184568,7,7400000.0,168269.23076923075,154973.9017398181,178399.31186603912,32,7495000.0,211094.97047056584,198690.38857472915,238287.2080291971,261,20999000.0,338071.4560122935,216386.55462184874,497250.0
328801015,cian,2026-05-04T21:44:10.932042+00:00,Санкт-Петербург,developer,2rooms,2,58.14,4.079907514424331,4.0,11.0,0.3636363636363636,False,False,Красногвардейский,Новочеркасская,Альпен,59.9382662,30.4172837,house,5.74755292021316,1.1483796343225738,True,29535628.0,17.20110785526325,508008.73753009975,13.138255894743246,65,10300000.0,250000.0,202169.11764705883,415701.00840336137,15,16200000.0,311538.46153846156,193822.72168822723,462315.24831649836,28,25104484.5,444642.74811083125,355837.5,512076.8111093196,261,20999000.0,338071.4560122935,216386.55462184874,497250.0
327779688,cian,2026-05-04T21:44:10.932042+00:00,Санкт-Петербург,real_estate_agent,2rooms,2,99.9,4.614129927359564,2.0,7.0,0.2857142857142857,False,False,Московский,Московская,Victory Plaza,59.8579096,30.3246022,house,8.991471298140947,1.0711255406916993,True,53500000.0,17.795192230557824,535535.5355355355,13.191024393499703,115,14600000.0,338071.4560122935,232688.51778861112,440766.12903225806,29,23988000.0,354822.5806451613,263406.94006309146,535535.5355355355,34,19750000.0,368624.6176101299,230362.88470372072,720562.5,261,20999000.0,338071.4560122935,216386.55462184874,497250.0
329471455,cian,2026-05-04T21:44:10.932042+00:00,Санкт-Петербург,real_estate_agent,2rooms,2,42.5,3.7727609380946383,4.0,8.0,0.5,False,False,Невский,Ломоносовская,unknown,59.8678328,30.4431402,house,10.662684052418106,1.112374223355438,True,7500000.0,15.830413711839864,176470.58823529413,12.08091516922678,75,8462886.0,214129.9972504812,190613.3732947499,276627.69547325105,17,11200000.0,203781.51260504202,185692.5418569254,242950.10845986984,28,7400000.0,202820.86979581014,183649.6889170094,226678.90459640961,261,20999000.0,338071.4560122935,216386.55462184874,497250.0
323514167,cian,2026-05-04T21:44:10.932042+00:00,Санкт-Петербург,developer,2rooms,2,62.07,4.14424522067556,2.0,9.0,0.2222222222222222,False,False,Петроградский,Чкаловская,Avant,59.8824022,29.8401575,house,27.150144598488687,26.60346167684475,True,39104100.0,17.481737904366042,630000.0,13.353476685668044,215,74551226.0,688500.0,513014.51612903224,950757.9850893903,33,50900000.0,689189.1891891892,480000.0,980049.9999999999,50,65500613.5,676550.1672240803,551580.3395021516,840090.1701805224,261,20999000.0,338071.4560122935,216386.55462184874,497250.0
327955513,cian,2026-05-04T21:44:10.932042+00:00,Санкт-Петербург,real_estate_agent,2rooms,2,118.0,4.77912349311153,5.0,7.0,0.7142857142857143,False,False,Василеостровский,Василеостровская,Клубный дом Манхэттен,59.9392754,30.2438761,district,3.9122015596226105,2.100112668540487,True,115500000.0,18.56478109658413,978813.5593220339,13.794097485104958,165,23000000.0,425718.0832915203,357142.85714285716,499334.2210386152,35,24500000.0,392490.00175716047,339750.86965418456,458291.5943265122,43,27900960.0,403090.15256588074,244769.5453830423,459065.00739980966,261,20999000.0,338071.4560122935,216386.55462184874,497250.0
329197507,cian,2026-05-04T21:44:10.932042+00:00,Санкт-Петербург,developer,2rooms,2,56.65,4.054390246715068,7.0,24.0,0.2916666666666667,False,False,Московский,Московская,Шепилевский,59.849138,30.3330533,house,10.00374684917548,0.6652520961310535,True,33990000.0,17.341576951092716,600000.0,13.304686600863562,115,14600000.0,338071.4560122935,232688.51778861112,440766.12903225806,29,23988000.0,354822.5806451613,263406.94006309146,535535.5355355355,34,19750000.0,368624.6176101299,230362.88470372072,720562.5,261,20999000.0,338071.4560122935,216386.55462184874,497250.0
320518168,cian,2026-05-04T21:44:10.932042+00:00,Санкт-Петербург,real_estate_agent,2rooms,2,148.0,5.003946305945459,3.0,3.0,1.0,False,True,Петроградский,Черная речка,Del Arte,59.9753099,30.2870396,house,4.351067385435871,1.3185900315248,True,170940000.0,18.95682318155216,1155000.0,13.959611767738522,215,74551226.0,688500.0,513014.51612903224,950757.9850893903,33,50900000.0,689189.1891891892,480000.0,980049.9999999999,19,44200000.0,500658.7615283267,347389.5582329317,945000.0,261,20999000.0,338071.4560122935,216386.55462184874,497250.0
329007613,cian,2026-05-04T21:44:10.932042+00:00,Санкт-Петербург,real_estate_agent,2rooms,2,83.0,4.430816798843313,4.0,5.0,0.8,False,False,Центральный,Достоевская,unknown,59.9295629,30.3434835,house,1.92074013035147,0.3539338046008647,True,17900000.0,16.700311326676903,215662.65060240965,12.281475299875144,121,33000000.0,472702.7027027027,281949.93412384717,660000.0,24,40793354.0,559365.9691809656,362959.79469632165,605192.2549517521,3,28350000.0,261700.36001107728,238681.50530674346,434850.1800055386,261,20999000.0,338071.4560122935,216386.55462184874,497250.0
309823986,cian,2026-05-04T21:44:10.932042+00:00,Санкт-Петербург,developer,2rooms,2,46.3,3.856510295497887,8.0,12.0,0.6666666666666666,False,False,Курортный,unknown,МФК Морская ривьера,59.998243,30.0984747,house,13.71041802599338,,False,27849450.0,17.14232381139641,601500.0,13.307183476905879,49,24506160.0,428400.0,344027.3037542662,554200.0,10,26312375.0,495000.0,468987.50772717904,583668.5025167785,47,19900000.0,390000.0,255879.99731074355,517735.35515320336,261,20999000.0,338071.4560122935,216386.55462184874,497250.0
329352768,cian,2026-05-04T21:44:10.932042+00:00,Санкт-Петербург,real_estate_agent,2rooms,2,44.6,3.819907716520341,1.0,5.0,0.2,True,False,Московский,Парк Победы,unknown,59.8622421,30.35029,house,8.72717100145402,1.7219103983801791,True,7400000.0,15.816990693309524,165919.28251121077,12.019262726157244,115,14600000.0,338071.4560122935,232688.51778861112,440766.12903225806,29,23988000.0,354822.5806451613,263406.94006309146,535535.5355355355,3,7400000.0,165919.28251121077,164982.11316571775,182742.72151590907,261,20999000.0,338071.4560122935,216386.55462184874,497250.0
324518980,cian,2026-05-04T21:44:10.932042+00:00,Санкт-Петербург,developer,2rooms,2,59.18,4.0973400712019,2.0,15.0,0.1333333333333333,False,False,Василеостровский,Приморская,Новая Земля ЖК,59.9592183,30.2196308,street,5.738265656122821,1.351573980586542,True,20825442.0,16.851686018299926,351900.0,12.771105165022036,165,23000000.0,425718.0832915203,357142.85714285716,499334.2210386152,35,24500000.0,392490.00175716047,339750.86965418456,458291.5943265122,73,22280000.0,414540.0,355671.14093959733,468620.6724137931,261,20999000.0,338071.4560122935,216386.55462184874,497250.0
329616962,cian,2026-05-04T21:44:10.932042+00:00,Санкт-Петербург,unknown,2rooms,2,77.3,4.360547602996758,11.0,18.0,0.6111111111111112,False,False,Василеостровский,Приморская,Колумб (Гавань Капитанов),59.9328832,30.2071836,house,5.989659142628324,2.162603522494527,True,24500000.0,17.01418371633128,316946.95989650715,12.666492875018642,165,23000000.0,425718.0832915203,357142.85714285716,499334.2210386152,35,24500000.0,392490.00175716047,339750.86965418456,458291.5943265122,73,22280000.0,414540.0,355671.14093959733,468620.6724137931,261,20999000.0,338071.4560122935,216386.55462184874,497250.0
329445607,cian,2026-05-04T21:44:10.932042+00:00,Санкт-Петербург,real_estate_agent,2rooms,2,41.4,3.747148362237912,3.0,10.0,0.3,False,False,Пушкинский,Шушары,Дом Хороших квартир,59.7454444,30.0960533,house,24.691508325262586,20.51018419040224,True,7400000.0,15.816990693309524,178743.961352657,12.093715271922074,43,7166266.0,202797.2027972028,163053.72914003386,232898.85297184568,7,7400000.0,168269.23076923075,154973.9017398181,178399.31186603912,18,7450000.0,145612.922705314,128822.01343198246,164048.5800516345,261,20999000.0,338071.4560122935,216386.55462184874,497250.0
325901220,cian,2026-05-04T21:44:10.932042+00:00,Санкт-Петербург,developer,2rooms,2,53.3,3.9945242269398897,23.0,25.0,0.92,False,False,Невский,Ломоносовская,Октябрьская набережная,59.8986005,30.4901493,house,10.772993126998696,3.525818384161177,True,17537832.0,16.679870991095694,329040.0,12.703937642043865,75,8462886.0,214129.9972504812,190613.3732947499,276627.69547325105,17,11200000.0,203781.51260504202,185692.5418569254,242950.10845986984,28,7400000.0,202820.86979581014,183649.6889170094,226678.90459640961,261,20999000.0,338071.4560122935,216386.55462184874,497250.0
325946476,cian,2026-05-04T21:44:10.932042+00:00,Санкт-Петербург,homeowner,2rooms,2,63.9,4.1728476237100445,10.0,11.0,0.9090909090909092,False,False,Фрунзенский,Обводный канал,Ligovsky city-Второй квартал,59.9053739,30.3480484,house,4.150805481210032,1.0241166761726097,True,30500000.0,17.233237274364523,477308.2942097027,13.075919975273923,36,11675000.0,275360.4958677686,194624.98710409575,392205.28341254056,11,10500000.0,209580.8383233533,176024.05910339224,361519.99209946534,20,17343499.5,385522.5051466804,295973.35138216015,426557.9919079805,261,20999000.0,338071.4560122935,216386.55462184874,497250.0
328259862,cian,2026-05-04T21:44:10.932042+00:00,Санкт-Петербург,real_estate_agent,2rooms,2,45.4,3.8372994592322094,4.0,5.0,0.8,False,False,Невский,Ломоносовская,unknown,59.8683774,30.4361077,house,10.356324195225024,1.1080539235205846,True,7200000.0,15.789591722875162,158590.30837004405,11.974085784474656,75,8462886.0,214129.9972504812,190613.3732947499,276627.69547325105,17,11200000.0,203781.51260504202,185692.5418569254,242950.10845986984,28,7400000.0,202820.86979581014,183649.6889170094,226678.90459640961,261,20999000.0,338071.4560122935,216386.55462184874,497250.0
305427105,cian,2026-05-04T21:44:10.932042+00:00,Санкт-Петербург,developer,2rooms,2,60.36,4.116758157059,2.0,4.0,0.5,False,False,Курортный,unknown,Ранта Резиденс ЖК,60.1235747,30.0672117,district,24.72067342350013,,False,24506160.0,17.014435113289583,406000.0,12.914110901635024,49,24506160.0,428400.0,344027.3037542662,554200.0,10,26312375.0,495000.0,468987.50772717904,583668.5025167785,47,19900000.0,390000.0,255879.99731074355,517735.35515320336,261,20999000.0,338071.4560122935,216386.55462184874,497250.0
328102166,cian,2026-05-04T21:44:10.932042+00:00,Санкт-Петербург,real_estate_agent,2rooms,2,50.0,3.9318256327243257,4.0,24.0,0.1666666666666666,False,False,Приморский,Старая Деревня,Хайтек-Сити,60.0047034,30.2080147,house,9.427350828847707,3.055616271064621,True,14299999.0,16.475770095230136,285999.98,12.563750516369545,119,11000000.0,253120.0,213054.45761967503,301644.1421266091,22,15050000.0,259046.38838475497,211170.17272627258,313750.0,10,12849999.5,239117.1153240119,215743.79752066117,283249.985,261,20999000.0,338071.4560122935,216386.55462184874,497250.0
329355517,cian,2026-05-04T21:44:10.932042+00:00,Санкт-Петербург,real_estate_agent,2rooms,2,44.9,3.8264651170664994,1.0,5.0,0.2,True,False,Красногвардейский,Ладожская,unknown,59.976753,30.4298562,house,7.715127308059312,4.958124085965197,True,7500000.0,15.830413711839864,167037.86191536748,12.025981770407077,65,10300000.0,250000.0,202169.11764705883,415701.00840336137,15,16200000.0,311538.46153846156,193822.72168822723,462315.24831649836,16,8100000.0,244458.12807881774,189389.65874986106,325733.2609125025,261,20999000.0,338071.4560122935,216386.55462184874,497250.0
290200273,cian,2026-05-04T21:44:10.932042+00:00,Санкт-Петербург,developer,2rooms,2,113.9,4.74406218485471,5.0,7.0,0.7142857142857143,False,False,Василеостровский,Василеостровская,Клубный дом Манхэттен,59.9392754,30.2438761,district,3.9122015596226105,2.100112668540487,True,59961303.0,17.909209978794078,526438.1299385426,13.17389099122017,165,23000000.0,425718.0832915203,357142.85714285716,499334.2210386152,35,24500000.0,392490.00175716047,339750.86965418456,458291.5943265122,43,27900960.0,403090.15256588074,244769.5453830423,459065.00739980966,261,20999000.0,338071.4560122935,216386.55462184874,497250.0
304816882,cian,2026-05-04T21:44:10.932042+00:00,Санкт-Петербург,real_estate_agent,2rooms,2,94.0,4.553876891600541,8.0,10.0,0.8,False,False,Центральный,Чернышевская,unknown,59.9464659,30.3794706,house,3.74434490671524,0.9970592080765204,True,48370000.0,17.694390365473136,514574.4680851064,13.151097505880593,121,33000000.0,472702.7027027027,281949.93412384717,660000.0,24,40793354.0,559365.9691809656,362959.79469632165,605192.2549517521,32,49135000.0,503583.5303388495,276041.2961878758,803855.975485189,261,20999000.0,338071.4560122935,216386.55462184874,497250.0
329520636,cian,2026-05-04T21:44:10.932042+00:00,Санкт-Петербург,real_estate_agent,2rooms,2,45.5,3.8394523125933104,5.0,5.0,1.0,False,True,Калининский,Академическая,unknown,59.98652,30.4217731,house,8.019363809854891,3.257587438548767,True,6700000.0,15.717618233614914,147252.74725274724,11.899912549426007,53,10624445.0,291095.8904109589,210032.36245954694,359100.0,14,11575000.0,227051.32579326077,183828.1052897149,286715.3508984748,13,16000000.0,222841.22562674095,186956.52173913043,293733.681462141,261,20999000.0,338071.4560122935,216386.55462184874,497250.0
327096231,cian,2026-05-04T21:44:10.932042+00:00,Санкт-Петербург,developer,2rooms,2,58.53,4.086480387165299,5.0,8.0,0.625,False,False,Петроградский,Спортивная,17/33 Петровский остров,59.9584536,30.2693359,street,3.329696422532838,1.4795804670455333,True,47810231.0,17.682750233131824,816850.0085426277,13.613211993126876,215,74551226.0,688500.0,513014.51612903224,950757.9850893903,33,50900000.0,689189.1891891892,480000.0,980049.9999999999,44,38450000.0,636691.4335664336,466248.48787486635,964962.5076891531,261,20999000.0,338071.4560122935,216386.55462184874,497250.0
329583929,cian,2026-05-04T21:44:10.932042+00:00,Санкт-Петербург,real_estate_agent,2rooms,2,64.0,4.174387269895637,13.0,17.0,0.7647058823529411,False,False,Калининский,Академическая,unknown,60.0003651,30.389741,house,8.055280646315412,1.5229159806327746,True,20999000.0,16.85998542312757,328109.375,12.701105339906118,53,10624445.0,291095.8904109589,210032.36245954694,359100.0,14,11575000.0,227051.32579326077,183828.1052897149,286715.3508984748,13,16000000.0,222841.22562674095,186956.52173913043,293733.681462141,261,20999000.0,338071.4560122935,216386.55462184874,497250.0
319859728,cian,2026-05-04T21:44:10.932042+00:00,Санкт-Петербург,developer,2rooms,2,61.4,4.133565275375382,2.0,15.0,0.1333333333333333,False,False,Калининский,Лесная,Квартал бизнес-класса Б15,59.9327565,30.2728798,street,2.3863606059545583,7.047975623424182,True,20667240.0,16.844060444277694,336600.0,12.726653531619753,53,10624445.0,291095.8904109589,210032.36245954694,359100.0,14,11575000.0,227051.32579326077,183828.1052897149,286715.3508984748,37,13355877.0,359100.0,250000.0,393258.42696629214,261,20999000.0,338071.4560122935,216386.55462184874,497250.0
323436401,cian,2026-05-04T21:44:10.932042+00:00,Санкт-Петербург,real_estate_agent,2rooms,2,112.0,4.727387818712341,4.0,8.0,0.5,False,False,Петроградский,Спортивная,Апарт-отель AVATAR,59.9570331,30.2712069,house,3.147401348266932,1.3139336891585511,True,51400000.0,17.755148749880647,458928.5714285714,13.036652038116252,215,74551226.0,688500.0,513014.51612903224,950757.9850893903,33,50900000.0,689189.1891891892,480000.0,980049.9999999999,44,38450000.0,636691.4335664336,466248.48787486635,964962.5076891531,261,20999000.0,338071.4560122935,216386.55462184874,497250.0
329612530,cian,2026-05-04T21:44:10.932042+00:00,Санкт-Петербург,real_estate_agent,2rooms,2,48.6,3.903990833730882,10.0,12.0,0.8333333333333334,False,False,Красногвардейский,Ладожская,unknown,59.9513031,30.497637,house,10.31831908369526,3.772535811197096,True,8000000.0,15.894952224644102,164609.05349794237,12.01133464371921,65,10300000.0,250000.0,202169.11764705883,415701.00840336137,15,16200000.0,311538.46153846156,193822.72168822723,462315.24831649836,16,8100000.0,244458.12807881774,189389.65874986106,325733.2609125025,261,20999000.0,338071.4560122935,216386.55462184874,497250.0
327097092,cian,2026-05-04T21:44:10.932042+00:00,Санкт-Петербург,developer,2rooms,2,60.12,4.112839144858265,4.0,5.0,0.8,False,False,Курортный,Комендантский проспект,BEREG.Курортный,60.0863026,29.9425321,house,26.385229379440663,19.55122660226132,True,39757356.0,17.498305463700106,661300.0,13.401964385834603,49,24506160.0,428400.0,344027.3037542662,554200.0,10,26312375.0,495000.0,468987.50772717904,583668.5025167785,62,11400000.0,258025.86534804112,212350.63966555786,313750.0,261,20999000.0,338071.4560122935,216386.55462184874,497250.0
329336540,cian,2026-05-04T21:44:10.932042+00:00,Санкт-Петербург,realtor,2rooms,2,63.4,4.165113633110308,2.0,7.0,0.2857142857142857,False,False,Московский,Московская,unknown,59.8501512,30.3209054,house,9.842393181274744,0.1925489322597975,True,16700000.0,16.630919337267223,263406.94006309146,12.481459212343783,115,14600000.0,338071.4560122935,232688.51778861112,440766.12903225806,29,23988000.0,354822.5806451613,263406.94006309146,535535.5355355355,34,19750000.0,368624.6176101299,230362.88470372072,720562.5,261,20999000.0,338071.4560122935,216386.55462184874,497250.0
328922737,cian,2026-05-04T21:44:10.932042+00:00,Санкт-Петербург,real_estate_agent,2rooms,2,45.0,3.828641396489095,4.0,5.0,0.8,False,False,Фрунзенский,Проспект Славы,unknown,59.8688891,30.4054172,house,9.274268543491068,1.5932725865989767,True,7000000.0,15.76142084987672,155555.55555555556,11.954764645800033,36,11675000.0,275360.4958677686,194624.98710409575,392205.28341254056,11,10500000.0,209580.8383233533,176024.05910339224,361519.99209946534,6,9350000.0,243361.1025403682,197474.2020638349,267095.2380952381,261,20999000.0,338071.4560122935,216386.55462184874,497250.0
318135248,cian,2026-05-04T21:44:10.932042+00:00,Санкт-Петербург,developer,2rooms,2,55.7,4.037774210733707,3.0,12.0,0.25,False,False,Красногвардейский,Новочеркасская,Большая Охта,59.9482026,30.4436109,house,7.291408407044254,2.815128042377979,True,19911636.0,16.806814892650454,357480.0,12.786837492850708,65,10300000.0,250000.0,202169.11764705883,415701.00840336137,15,16200000.0,311538.46153846156,193822.72168822723,462315.24831649836,28,25104484.5,444642.74811083125,355837.5,512076.8111093196,261,20999000.0,338071.4560122935,216386.55462184874,497250.0
310099153,cian,2026-05-04T21:44:10.932042+00:00,Санкт-Петербург,real_estate_agent,2rooms,2,64.4,4.180522258463153,2.0,5.0,0.4,False,False,Калининский,Выборгская,unknown,59.9658998,30.3820258,house,4.84954494921729,2.0297324277277933,True,10175000.0,16.135444387573028,157996.89440993787,11.970336985400925,53,10624445.0,291095.8904109589,210032.36245954694,359100.0,14,11575000.0,227051.32579326077,183828.1052897149,286715.3508984748,11,28000000.0,447906.52385589096,309612.72306890716,480500.0,261,20999000.0,338071.4560122935,216386.55462184874,497250.0
328813416,cian,2026-05-04T21:44:10.932042+00:00,Санкт-Петербург,developer,2rooms,2,61.0,4.127134385045092,2.0,15.0,0.1333333333333333,False,False,Василеостровский,Приморская,Северный Ветер ЖК,59.9592183,30.2196308,street,5.738265656122821,1.351573980586542,True,22280000.0,16.91920001790666,365245.9016393443,12.808328846727806,165,23000000.0,425718.0832915203,357142.85714285716,499334.2210386152,35,24500000.0,392490.00175716047,339750.86965418456,458291.5943265122,73,22280000.0,414540.0,355671.14093959733,468620.6724137931,261,20999000.0,338071.4560122935,216386.55462184874,497250.0
326643667,cian,2026-05-04T21:44:10.932042+00:00,Санкт-Петербург,real_estate_agent,2rooms,2,45.7,3.843744164674852,4.0,5.0,0.8,False,False,Невский,Ломоносовская,unknown,59.8784652,30.4783485,house,11.338577402112644,2.0075683571613565,True,6950000.0,15.754252361425856,152078.77461706783,11.932160495158765,75,8462886.0,214129.9972504812,190613.3732947499,276627.69547325105,17,11200000.0,203781.51260504202,185692.5418569254,242950.10845986984,28,7400000.0,202820.86979581014,183649.6889170094,226678.90459640961,261,20999000.0,338071.4560122935,216386.55462184874,497250.0
328446074,cian,2026-05-04T21:44:10.932042+00:00,Санкт-Петербург,real_estate_agent,2rooms,2,46.4,3.858622228701031,5.0,5.0,1.0,False,True,Фрунзенский,Международная,unknown,59.8728477,30.3695065,house,7.937189263595009,0.6525245079041414,True,7890000.0,15.881106819564762,170043.10344827586,12.043813114434405,36,11675000.0,275360.4958677686,194624.98710409575,392205.28341254056,11,10500000.0,209580.8383233533,176024.05910339224,361519.99209946534,3,7890000.0,200819.67213114756,185431.3877897117,227563.39411800823,261,20999000.0,338071.4560122935,216386.55462184874,497250.0
326661771,cian,2026-05-04T21:44:10.932042+00:00,Санкт-Петербург,developer,2rooms,2,52.85,3.9862024036023977,3.0,17.0,0.1764705882352941,False,False,Василеостровский,Приморская,Бульвар Грина,59.9592183,30.2196308,street,5.738265656122821,1.351573980586542,True,22212855.0,16.91618177832843,420300.0,12.948726400243292,165,23000000.0,425718.0832915203,357142.85714285716,499334.2210386152,35,24500000.0,392490.00175716047,339750.86965418456,458291.5943265122,73,22280000.0,414540.0,355671.14093959733,468620.6724137931,261,20999000.0,338071.4560122935,216386.55462184874,497250.0
328139912,cian,2026-05-04T21:44:10.932042+00:00,Санкт-Петербург,real_estate_agent,2rooms,2,42.0,3.7612001156935615,1.0,5.0,0.2,True,False,Колпинский,Шушары,unknown,59.7435412,30.5648782,house,25.82061512133075,11.301812959908013,True,7149450.0,15.782546128505423,170225.0,12.044882244911676,11,7500000.0,146086.95652173914,130873.39590877327,169611.3344988345,4,6524725.0,145718.5606060606,117154.6425105144,183411.99324324325,18,7450000.0,145612.922705314,128822.01343198246,164048.5800516345,261,20999000.0,338071.4560122935,216386.55462184874,497250.0
328798449,cian,2026-05-04T21:44:10.932042+00:00,Санкт-Петербург,real_estate_agent,2rooms,2,43.54,3.796387661829221,4.0,9.0,0.4444444444444444,False,False,Московский,Московская,unknown,59.8468044,30.3209193,house,10.214303668797792,0.1812507590135923,True,9990000.0,16.11709525072483,229444.18925126322,12.343419453167195,115,14600000.0,338071.4560122935,232688.51778861112,440766.12903225806,29,23988000.0,354822.5806451613,263406.94006309146,535535.5355355355,34,19750000.0,368624.6176101299,230362.88470372072,720562.5,261,20999000.0,338071.4560122935,216386.55462184874,497250.0
328021657,cian,2026-05-04T21:44:10.932042+00:00,Санкт-Петербург,developer,2rooms,2,54.73,4.020518601581445,5.0,10.0,0.5,False,False,Василеостровский,Горный институт,Легенда Васильевского ЖК,59.8637294,30.258942,house,8.875259754562878,7.658531360896451,True,22953762.0,16.948992446171626,419400.0,12.946582781805722,165,23000000.0,425718.0832915203,357142.85714285716,499334.2210386152,35,24500000.0,392490.00175716047,339750.86965418456,458291.5943265122,49,24258479.0,491000.0,424440.0,576720.0,261,20999000.0,338071.4560122935,216386.55462184874,497250.0
329250302,cian,2026-05-04T21:44:10.932042+00:00,Санкт-Петербург,real_estate_agent,2rooms,2,66.6,4.213607983048918,10.0,11.0,0.9090909090909092,False,False,Калининский,Академическая,Наука,60.0193275,30.3811135,house,9.719911603670033,1.1638730908614656,True,20000000.0,16.811242881518265,300300.30030030035,12.612541583966378,53,10624445.0,291095.8904109589,210032.36245954694,359100.0,14,11575000.0,227051.32579326077,183828.1052897149,286715.3508984748,13,16000000.0,222841.22562674095,186956.52173913043,293733.681462141,261,20999000.0,338071.4560122935,216386.55462184874,497250.0
318140398,cian,2026-05-04T21:44:10.932042+00:00,Санкт-Петербург,developer,2rooms,2,73.1,4.3054155323020415,7.0,9.0,0.7777777777777778,False,False,Петроградский,Крестовский остров,NEVA HAUS,59.9606929,30.2676571,house,3.566874646441068,1.2418928544852768,True,40285410.0,17.51149995144994,551100.0,13.219673374422394,215,74551226.0,688500.0,513014.51612903224,950757.9850893903,33,50900000.0,689189.1891891892,480000.0,980049.9999999999,69,105000000.0,775889.9676375405,607500.0,1050000.0,261,20999000.0,338071.4560122935,216386.55462184874,497250.0
328919195,cian,2026-05-04T21:44:10.932042+00:00,Санкт-Петербург,real_estate_agent,2rooms,2,45.6,3.8416005411316,2.0,9.0,0.2222222222222222,False,False,Выборгский,Проспект Просвещения,unknown,60.0554114,30.3317509,house,13.025878639437009,0.4014302058033246,True,11500000.0,16.257857680289998,252192.98245614034,12.437953842022669,68,11500000.0,242464.8327306462,201785.625,296143.7908496732,14,11500000.0,224130.35881258443,183160.5894105894,312179.5101043724,35,9900000.0,229117.64705882352,178772.9364833445,279693.9024390244,261,20999000.0,338071.4560122935,216386.55462184874,497250.0
327956231,cian,2026-05-04T21:44:10.932042+00:00,Санкт-Петербург,real_estate_agent,2rooms,2,56.4,4.050044303325521,3.0,6.0,0.5,False,False,Василеостровский,Приморская,unknown,59.9406573,30.2419168,house,4.027032958044468,1.064375156845048,True,11090700.0,16.221617567428066,196643.6170212766,12.189153404087262,165,23000000.0,425718.0832915203,357142.85714285716,499334.2210386152,35,24500000.0,392490.00175716047,339750.86965418456,458291.5943265122,73,22280000.0,414540.0,355671.14093959733,468620.6724137931,261,20999000.0,338071.4560122935,216386.55462184874,497250.0
326370765,cian,2026-05-04T21:44:10.932042+00:00,Санкт-Петербург,developer,2rooms,2,65.3,4.194189897191817,8.0,11.0,0.7272727272727273,False,False,Адмиралтейский,Технологический институт,Измайловский,59.9184426,30.302795,district,2.3282287750595416,0.951474219962192,True,29561310.0,17.201977003534434,452700.0,13.022987142390022,73,19300000.0,451851.85185185185,325510.20408163266,515585.6263228786,9,26794985.0,477825.03587944503,452700.0,490435.42375627934,7,16706808.0,444330.0,188344.02709804592,456840.0,261,20999000.0,338071.4560122935,216386.55462184874,497250.0
326687169,cian,2026-05-04T21:44:10.932042+00:00,Санкт-Петербург,real_estate_agent,2rooms,2,54.2,4.01096295328305,20.0,20.0,1.0,False,True,Московский,Электросила,unknown,59.8737259,30.310443,house,7.216561774442426,0.9717086444121148,True,18900000.0,16.75467253293992,348708.4870848708,12.761994439305026,115,14600000.0,338071.4560122935,232688.51778861112,440766.12903225806,29,23988000.0,354822.5806451613,263406.94006309146,535535.5355355355,8,19075000.0,350390.51297248725,310177.1663757005,366702.57731958764,261,20999000.0,338071.4560122935,216386.55462184874,497250.0
329546515,cian,2026-05-04T21:44:10.932042+00:00,Санкт-Петербург,realtor,2rooms,2,62.2,4.146304301152812,19.0,21.0,0.9047619047619048,False,False,Пушкинский,Купчино,Шушары,59.8056072,30.3746531,house,15.169408546271324,2.6158868710382284,True,11075000.0,16.220200964188923,178054.6623794212,12.08985149038739,43,7166266.0,202797.2027972028,163053.72914003386,232898.85297184568,7,7400000.0,168269.23076923075,154973.9017398181,178399.31186603912,32,7495000.0,211094.97047056584,198690.38857472915,238287.2080291971,261,20999000.0,338071.4560122935,216386.55462184874,497250.0
328788087,cian,2026-05-04T21:44:10.932042+00:00,Санкт-Петербург,developer,2rooms,2,63.65,4.168988105217866,22.0,23.0,0.9565217391304348,False,False,Приморский,Беговая,Юнтолово,60.0321779,30.1397765,house,14.222839639418028,6.018465700008445,True,16111088.0,16.595018350633893,253120.0,12.441622914248944,119,11000000.0,253120.0,213054.45761967503,301644.1421266091,22,15050000.0,259046.38838475497,211170.17272627258,313750.0,29,9802294.0,240710.82390953152,210180.94089264172,306436.1191162344,261,20999000.0,338071.4560122935,216386.55462184874,497250.0
328879186,cian,2026-05-04T21:44:10.932042+00:00,Санкт-Петербург,real_estate_agent,2rooms,2,67.0,4.219507705176107,10.0,23.0,0.4347826086956521,False,False,Невский,Ломоносовская,Ласточкино гнездо,59.8636699,30.512344,house,13.842986576431604,4.209741248326502,True,12788888.0,16.364087305043988,190878.92537313432,12.159399846369462,75,8462886.0,214129.9972504812,190613.3732947499,276627.69547325105,17,11200000.0,203781.51260504202,185692.5418569254,242950.10845986984,28,7400000.0,202820.86979581014,183649.6889170094,226678.90459640961,261,20999000.0,338071.4560122935,216386.55462184874,497250.0
328465727,cian,2026-05-04T21:44:10.932042+00:00,Санкт-Петербург,real_estate_agent,2rooms,2,61.0,4.127134385045092,3.0,8.0,0.375,False,False,Василеостровский,Василеостровская,unknown,59.9392754,30.2438761,district,3.9122015596226105,2.100112668540487,True,14000000.0,16.454567959008102,229508.19672131148,12.343698380539585,165,23000000.0,425718.0832915203,357142.85714285716,499334.2210386152,35,24500000.0,392490.00175716047,339750.86965418456,458291.5943265122,43,27900960.0,403090.15256588074,244769.5453830423,459065.00739980966,261,20999000.0,338071.4560122935,216386.55462184874,497250.0
323954248,cian,2026-05-04T21:44:10.932042+00:00,Санкт-Петербург,developer,2rooms,2,50.9,3.949318790171843,2.0,5.0,0.4,False,False,Курортный,Зенит,Лисино,60.1235747,30.0672117,district,24.72067342350013,18.639936993307813,True,16797000.0,16.63671091653358,330000.0,12.706850963741102,49,24506160.0,428400.0,344027.3037542662,554200.0,10,26312375.0,495000.0,468987.50772717904,583668.5025167785,3,16797000.0,330000.0,320202.21223643277,337013.65187713306,261,20999000.0,338071.4560122935,216386.55462184874,497250.0
329552438,cian,2026-05-04T21:44:10.932042+00:00,Санкт-Петербург,real_estate_agent,2rooms,2,60.0,4.110873864173311,7.0,19.0,0.3684210526315789,False,False,Московский,Электросила,unknown,59.8687807,30.3113807,house,7.765043192389955,1.4530537123097873,True,23988000.0,16.993064304958047,399800.0,12.898722202295934,115,14600000.0,338071.4560122935,232688.51778861112,440766.12903225806,29,23988000.0,354822.5806451613,263406.94006309146,535535.5355355355,8,19075000.0,350390.51297248725,310177.1663757005,366702.57731958764,261,20999000.0,338071.4560122935,216386.55462184874,497250.0
329395126,cian,2026-05-04T21:44:10.932042+00:00,Санкт-Петербург,real_estate_agent,2rooms,2,55.5,4.034240638152395,10.0,12.0,0.8333333333333334,False,False,Выборгский,Проспект Просвещения,unknown,60.0630897,30.3295983,house,13.86943302012783,1.223899707090711,True,9800000.0,16.097893045681612,176576.57657657657,12.081515586137682,68,11500000.0,242464.8327306462,201785.625,296143.7908496732,14,11500000.0,224130.35881258443,183160.5894105894,312179.5101043724,35,9900000.0,229117.64705882352,178772.9364833445,279693.9024390244,261,20999000.0,338071.4560122935,216386.55462184874,497250.0
324914899,cian,2026-05-04T21:44:10.932042+00:00,Санкт-Петербург,developer,2rooms,2,64.8,4.186619838331271,17.0,17.0,1.0,False,True,Василеостровский,Приморская,Морская набережная.СиВью,59.9322507,30.1943829,house,6.706231020796219,2.7009535079268074,True,30818880.0,17.243638079604636,475600.0,13.072334546403786,165,23000000.0,425718.0832915203,357142.85714285716,499334.2210386152,35,24500000.0,392490.00175716047,339750.86965418456,458291.5943265122,73,22280000.0,414540.0,355671.14093959733,468620.6724137931,261,20999000.0,338071.4560122935,216386.55462184874,497250.0
327071101,cian,2026-05-04T21:44:10.932042+00:00,Санкт-Петербург,real_estate_agent,2rooms,2,53.9,4.005513348515485,2.0,16.0,0.125,False,False,Невский,Ломоносовская,unknown,59.8784045,30.4643409,house,10.72200750599758,1.2263372610016363,True,12090000.0,16.30788930530396,224304.26716141,12.320763202896028,75,8462886.0,214129.9972504812,190613.3732947499,276627.69547325105,17,11200000.0,203781.51260504202,185692.5418569254,242950.10845986984,28,7400000.0,202820.86979581014,183649.6889170094,226678.90459640961,261,20999000.0,338071.4560122935,216386.55462184874,497250.0
327955329,cian,2026-05-04T21:44:10.932042+00:00,Санкт-Петербург,realtor,2rooms,2,47.8,3.8877303128591016,4.0,5.0,0.8,False,False,Выборгский,Лесная,unknown,59.9810243,30.3523077,house,5.174653054767397,0.6408451747314211,True,11500000.0,16.257857680289998,240585.77405857743,12.39083611034917,68,11500000.0,242464.8327306462,201785.625,296143.7908496732,14,11500000.0,224130.35881258443,183160.5894105894,312179.5101043724,37,13355877.0,359100.0,250000.0,393258.42696629214,261,20999000.0,338071.4560122935,216386.55462184874,497250.0
311120812,cian,2026-05-04T21:44:10.932042+00:00,Санкт-Петербург,developer,2rooms,2,52.4,3.977810745966149,8.0,9.0,0.8888888888888888,False,False,Адмиралтейский,Балтийская,Лермонтовский 54,59.9102168,30.3018821,house,3.2286731735675103,0.4304952981660762,True,23919552.0,16.990206799581127,456480.0,13.031302357121408,73,19300000.0,451851.85185185185,325510.20408163266,515585.6263228786,9,26794985.0,477825.03587944503,452700.0,490435.42375627934,24,19487440.0,489918.4408501023,447802.11723439646,572020.1837657281,261,20999000.0,338071.4560122935,216386.55462184874,497250.0
325020361,cian,2026-05-04T21:44:10.932042+00:00,Санкт-Петербург,real_estate_agent,2rooms,2,70.6,4.2710950739666,6.0,7.0,0.8571428571428571,False,False,Выборгский,Проспект Просвещения,Новая Скандинавия,60.062212,30.290037,house,13.809998959178284,2.7808095227812424,True,14449000.0,16.486135835184687,204660.05665722382,12.229110507615905,68,11500000.0,242464.8327306462,201785.625,296143.7908496732,14,11500000.0,224130.35881258443,183160.5894105894,312179.5101043724,35,9900000.0,229117.64705882352,178772.9364833445,279693.9024390244,261,20999000.0,338071.4560122935,216386.55462184874,497250.0
329520372,cian,2026-05-04T21:44:10.932042+00:00,Санкт-Петербург,real_estate_agent,2rooms,2,45.6,3.8416005411316,3.0,5.0,0.6,False,False,Невский,Пролетарская,unknown,59.8987841,30.4194646,house,7.354345203782207,4.705931610577742,True,7950000.0,15.88868261241667,174342.1052631579,12.068780505942781,75,8462886.0,214129.9972504812,190613.3732947499,276627.69547325105,17,11200000.0,203781.51260504202,185692.5418569254,242950.10845986984,4,6675000.0,237295.03562139545,213041.59326139616,267875.3753753754,261,20999000.0,338071.4560122935,216386.55462184874,497250.0
319672723,cian,2026-05-04T21:44:10.932042+00:00,Санкт-Петербург,developer,2rooms,2,62.71,4.154341536128396,7.0,10.0,0.7,False,False,Адмиралтейский,Садовая,Остров первых,59.9229751,30.2775142,street,2.6783220944771378,2.481822067176933,True,29964408.0,17.215520868669742,477825.03587944503,13.077002003555947,73,19300000.0,451851.85185185185,325510.20408163266,515585.6263228786,9,26794985.0,477825.03587944503,452700.0,490435.42375627934,14,19528670.0,463750.0,387982.5,497500.0,261,20999000.0,338071.4560122935,216386.55462184874,497250.0
320124795,cian,2026-05-04T21:44:10.932042+00:00,Санкт-Петербург,real_estate_agent,2rooms,2,84.0,4.442651256490317,2.0,8.0,0.25,False,False,Центральный,Чернышевская,Парадный квартал,59.9416189,30.3694867,house,3.103147757418144,0.4628604223146038,True,47900000.0,17.68462608325797,570238.0952380953,13.253811017189737,121,33000000.0,472702.7027027027,281949.93412384717,660000.0,24,40793354.0,559365.9691809656,362959.79469632165,605192.2549517521,32,49135000.0,503583.5303388495,276041.2961878758,803855.975485189,261,20999000.0,338071.4560122935,216386.55462184874,497250.0
329434111,cian,2026-05-04T21:44:10.932042+00:00,Санкт-Петербург,real_estate_agent,2rooms,2,42.9,3.7819143200811256,1.0,5.0,0.2,True,False,Колпинский,Рыбацкое,unknown,59.9767069,30.5204775,house,12.245256704234247,16.274407909375142,True,5200000.0,15.46416937585933,121212.12121212122,11.705305607583654,11,7500000.0,146086.95652173914,130873.39590877327,169611.3344988345,4,6524725.0,145718.5606060606,117154.6425105144,183411.99324324325,12,6575000.0,189494.43052436158,165480.64611444896,210909.0909090909,261,20999000.0,338071.4560122935,216386.55462184874,497250.0
326074420,cian,2026-05-04T21:44:10.932042+00:00,Санкт-Петербург,developer,2rooms,2,63.06,4.159820144181012,3.0,10.0,0.3,False,False,Центральный,Площадь Александра Невского,Гильдия,59.9368984,30.3844576,house,3.9236329938891537,1.4082635969830763,True,39412500.0,17.489593608208114,625000.0,13.345508528717259,121,33000000.0,472702.7027027027,281949.93412384717,660000.0,24,40793354.0,559365.9691809656,362959.79469632165,605192.2549517521,35,35693422.0,625000.0,555289.7769297812,706503.2363162467,261,20999000.0,338071.4560122935,216386.55462184874,497250.0
328113575,cian,2026-05-04T21:44:10.932042+00:00,Санкт-Петербург,real_estate_agent,2rooms,2,50.2,3.9357395320454622,7.0,9.0,0.7777777777777778,False,False,Невский,Проспект Большевиков,unknown,59.9244875,30.4876418,house,9.794974344327509,1.2189628867070783,True,9999999.0,16.11809565095832,199203.16733067727,12.202085544248533,75,8462886.0,214129.9972504812,190613.3732947499,276627.69547325105,17,11200000.0,203781.51260504202,185692.5418569254,242950.10845986984,13,11950000.0,215652.1739130435,184986.59517426274,279835.39094650204,261,20999000.0,338071.4560122935,216386.55462184874,497250.0
329060250,cian,2026-05-04T21:44:10.932042+00:00,Санкт-Петербург,real_estate_agent,2rooms,2,47.4,3.879499813722586,4.0,9.0,0.4444444444444444,False,False,Кировский,Проспект Ветеранов,unknown,59.8298248,30.2233287,house,13.112692133126004,2.024873403792024,True,8500000.0,15.955576839107596,179324.89451476795,12.096960069214553,23,9549000.0,189523.80952380953,167164.71534237044,209193.37893257206,5,10300000.0,216386.55462184874,208949.67177242888,222807.01754385966,14,8300000.0,177077.9877979245,164294.958968347,214527.33390949378,261,20999000.0,338071.4560122935,216386.55462184874,497250.0
323387959,cian,2026-05-04T21:44:10.932042+00:00,Санкт-Петербург,developer,2rooms,2,51.96,3.9695369116287527,2.0,10.0,0.2,False,False,Василеостровский,Василеостровская,17 линия ЖК,59.9392754,30.2438761,district,3.9122015596226105,2.100112668540487,True,21517500.0,16.884377161979565,414116.62817551964,12.933905338479121,165,23000000.0,425718.0832915203,357142.85714285716,499334.2210386152,35,24500000.0,392490.00175716047,339750.86965418456,458291.5943265122,43,27900960.0,403090.15256588074,244769.5453830423,459065.00739980966,261,20999000.0,338071.4560122935,216386.55462184874,497250.0
327699897,cian,2026-05-04T21:44:10.932042+00:00,Санкт-Петербург,real_estate_agent,2rooms,2,65.3,4.194189897191817,5.0,5.0,1.0,False,True,Центральный,Площадь Восстания,unknown,59.9292044,30.3718836,house,3.3843358179734877,0.7617501710203967,True,17900000.0,16.700311326676903,274119.4486983155,12.521322882566636,121,33000000.0,472702.7027027027,281949.93412384717,660000.0,24,40793354.0,559365.9691809656,362959.79469632165,605192.2549517521,19,23500000.0,286041.1899313501,208990.40969463505,395977.86089159676,261,20999000.0,338071.4560122935,216386.55462184874,497250.0
329277339,cian,2026-05-04T21:44:10.932042+00:00,Санкт-Петербург,homeowner,2rooms,2,55.1,4.027135812528651,4.0,16.0,0.25,False,False,Приморский,Комендантский проспект,unknown,60.0090569,30.2508382,house,8.588890261818344,0.4014800686583013,True,14600000.0,16.496532155171714,264972.77676950995,12.487386144485177,119,11000000.0,253120.0,213054.45761967503,301644.1421266091,22,15050000.0,259046.38838475497,211170.17272627258,313750.0,62,11400000.0,258025.86534804112,212350.63966555786,313750.0,261,20999000.0,338071.4560122935,216386.55462184874,497250.0
329112161,cian,2026-05-04T21:44:10.932042+00:00,Санкт-Петербург,developer,2rooms,2,59.5,4.102643365036796,3.0,14.0,0.2142857142857142,False,False,Красногвардейский,Новочеркасская,Магнифика ЖК,59.9782843,30.4865836,district,10.567148826346545,6.925893961377273,True,24734210.0,17.02369790401512,415701.00840336137,12.93772395660592,65,10300000.0,250000.0,202169.11764705883,415701.00840336137,15,16200000.0,311538.46153846156,193822.72168822723,462315.24831649836,28,25104484.5,444642.74811083125,355837.5,512076.8111093196,261,20999000.0,338071.4560122935,216386.55462184874,497250.0
327841457,cian,2026-05-04T21:44:10.932042+00:00,Санкт-Петербург,real_estate_agent,2rooms,2,51.4,3.958906591326997,6.0,16.0,0.375,False,False,Красносельский,Юго-Западная,Дудергофская линия 3,59.7947134,30.1604159,house,18.154342253938065,8.272822633564479,True,8600000.0,15.9672728775028,167315.17509727628,12.027640565488943,45,8600000.0,223093.96897646284,183937.8238341969,261158.53658536586,7,12250000.0,212199.03691813804,189807.9527740155,260656.1330579148,49,8600000.0,227835.03496503495,191335.74007220217,261158.53658536586,261,20999000.0,338071.4560122935,216386.55462184874,497250.0
308643185,cian,2026-05-04T21:44:10.932042+00:00,Санкт-Петербург,real_estate_agent,2rooms,2,74.53,4.324529928325356,21.0,24.0,0.875,False,False,Красносельский,Юго-Западная,Огни Залива,59.8518998,30.2209631,house,10.95104422944118,1.0771541663750668,True,20630000.0,16.84225693352053,276801.28807191737,12.531058768847258,45,8600000.0,223093.96897646284,183937.8238341969,261158.53658536586,7,12250000.0,212199.03691813804,189807.9527740155,260656.1330579148,49,8600000.0,227835.03496503495,191335.74007220217,261158.53658536586,261,20999000.0,338071.4560122935,216386.55462184874,497250.0
329222119,cian,2026-05-04T21:44:10.932042+00:00,Санкт-Петербург,real_estate_agent,2rooms,2,56.8,4.056988775678332,5.0,5.0,1.0,False,True,Петроградский,Чкаловская,unknown,59.9608415,30.2772664,house,3.2129305704765168,0.7657748722974894,True,34900000.0,17.36799741582595,614436.6197183098,13.328462688951388,215,74551226.0,688500.0,513014.51612903224,950757.9850893903,33,50900000.0,689189.1891891892,480000.0,980049.9999999999,50,65500613.5,676550.1672240803,551580.3395021516,840090.1701805224,261,20999000.0,338071.4560122935,216386.55462184874,497250.0
327750807,cian,2026-05-04T21:44:10.932042+00:00,Санкт-Петербург,realtor,2rooms,2,65.8,4.2017030805426,2.0,7.0,0.2857142857142857,False,False,Василеостровский,Василеостровская,unknown,59.9392754,30.2438761,district,3.9122015596226105,2.100112668540487,True,14900000.0,16.51687183802978,226443.76899696048,12.330256348682047,165,23000000.0,425718.0832915203,357142.85714285716,499334.2210386152,35,24500000.0,392490.00175716047,339750.86965418456,458291.5943265122,43,27900960.0,403090.15256588074,244769.5453830423,459065.00739980966,261,20999000.0,338071.4560122935,216386.55462184874,497250.0
319045275,cian,2026-05-04T21:44:10.932042+00:00,Санкт-Петербург,developer,2rooms,2,54.43,4.0151209634317135,4.0,14.0,0.2857142857142857,False,False,Невский,Улица Дыбенко,Апарт-комплекс Зум на Неве,59.9040938,30.4498862,house,8.484472384652422,1.9125226376565383,True,10571122.0,16.173636596289956,194214.99173250046,12.17672617816636,75,8462886.0,214129.9972504812,190613.3732947499,276627.69547325105,17,11200000.0,203781.51260504202,185692.5418569254,242950.10845986984,23,10571122.0,226660.0,199068.28017997573,283016.46808134136,261,20999000.0,338071.4560122935,216386.55462184874,497250.0
328526926,cian,2026-05-04T21:44:10.932042+00:00,Санкт-Петербург,real_estate_agent,2rooms,2,54.7,4.019980146933238,14.0,14.0,1.0,False,True,Калининский,Выборгская,unknown,59.9764836,30.3948665,house,6.161212272748999,2.643492238071302,True,12650000.0,16.353167852189184,231261.4259597806,12.35130838781119,53,10624445.0,291095.8904109589,210032.36245954694,359100.0,14,11575000.0,227051.32579326077,183828.1052897149,286715.3508984748,11,28000000.0,447906.52385589096,309612.72306890716,480500.0,261,20999000.0,338071.4560122935,216386.55462184874,497250.0
318141172,cian,2026-05-04T21:44:10.932042+00:00,Санкт-Петербург,developer,2rooms,2,48.03,3.892432355663142,4.0,23.0,0.1739130434782608,False,False,Красносельский,Юго-Западная,Морская миля ЖК,59.7817643,30.1211838,district,20.49741872906136,10.665474033915457,True,15315326.0,16.54436464963713,318869.9979179679,12.672541904735695,45,8600000.0,223093.96897646284,183937.8238341969,261158.53658536586,7,12250000.0,212199.03691813804,189807.9527740155,260656.1330579148,49,8600000.0,227835.03496503495,191335.74007220217,261158.53658536586,261,20999000.0,338071.4560122935,216386.55462184874,497250.0
324449238,cian,2026-05-04T21:44:10.932042+00:00,Санкт-Петербург,real_estate_agent,2rooms,2,38.0,3.6635616461296463,1.0,1.0,1.0,True,True,Выборгский,Проспект Просвещения,unknown,60.1116254,30.2490218,house,19.576324713332397,8.154751741823073,True,6500000.0,15.687312888712007,171052.63157894736,12.049732421276238,68,11500000.0,242464.8327306462,201785.625,296143.7908496732,14,11500000.0,224130.35881258443,183160.5894105894,312179.5101043724,35,9900000.0,229117.64705882352,178772.9364833445,279693.9024390244,261,20999000.0,338071.4560122935,216386.55462184874,497250.0
329040185,cian,2026-05-04T21:44:10.932042+00:00,Санкт-Петербург,realtor,2rooms,2,50.2,3.9357395320454622,8.0,10.0,0.8,False,False,Фрунзенский,Купчино,unknown,59.8323021,30.416055,house,13.117230505022055,1.9486191873189185,True,8900000.0,16.001561947061912,177290.83665338645,12.085552448438216,36,11675000.0,275360.4958677686,194624.98710409575,392205.28341254056,11,10500000.0,209580.8383233533,176024.05910339224,361519.99209946534,32,7495000.0,211094.97047056584,198690.38857472915,238287.2080291971,261,20999000.0,338071.4560122935,216386.55462184874,497250.0
305409727,cian,2026-05-04T21:44:10.932042+00:00,Санкт-Петербург,developer,2rooms,2,69.9,4.2612704335380815,4.0,10.0,0.4,False,False,Выборгский,Выборгская,Сампсониевский 32,60.0387013,30.3354758,district,11.194080892055434,7.393443777237688,True,34460700.0,17.355330131283154,492999.99999999994,13.108266481420335,68,11500000.0,242464.8327306462,201785.625,296143.7908496732,14,11500000.0,224130.35881258443,183160.5894105894,312179.5101043724,11,28000000.0,447906.52385589096,309612.72306890716,480500.0,261,20999000.0,338071.4560122935,216386.55462184874,497250.0
327976544,cian,2026-05-04T21:44:10.932042+00:00,Санкт-Петербург,real_estate_agent,2rooms,2,47.6,3.883623530906448,1.0,5.0,0.2,True,False,Невский,Ломоносовская,unknown,59.8799862,30.4318649,house,9.251102005644194,0.6346030892596451,True,9700000.0,16.08763654656639,203781.51260504202,12.224808589440691,75,8462886.0,214129.9972504812,190613.3732947499,276627.69547325105,17,11200000.0,203781.51260504202,185692.5418569254,242950.10845986984,28,7400000.0,202820.86979581014,183649.6889170094,226678.90459640961,261,20999000.0,338071.4560122935,216386.55462184874,497250.0
327697105,cian,2026-05-04T21:44:10.932042+00:00,Санкт-Петербург,real_estate_agent,2rooms,2,83.5,4.436751534363128,5.0,6.0,0.8333333333333334,False,False,Центральный,Чернышевская,unknown,59.9468205,30.3610246,house,2.768654617577125,0.3461947440238665,True,25800000.0,17.065885088651534,308982.0359281437,12.641041654463907,121,33000000.0,472702.7027027027,281949.93412384717,660000.0,24,40793354.0,559365.9691809656,362959.79469632165,605192.2549517521,32,49135000.0,503583.5303388495,276041.2961878758,803855.975485189,261,20999000.0,338071.4560122935,216386.55462184874,497250.0
327096128,cian,2026-05-04T21:44:10.932042+00:00,Санкт-Петербург,developer,2rooms,2,81.51,4.412919498116252,9.0,11.0,0.8181818181818182,False,False,Московский,Московские ворота,Коллекционный Дом 1919,59.8919464,30.3243918,house,5.219272998900943,0.2270682020503592,True,62355150.0,17.948356840952208,765000.0,13.547632419997361,115,14600000.0,338071.4560122935,232688.51778861112,440766.12903225806,29,23988000.0,354822.5806451613,263406.94006309146,535535.5355355355,16,30457890.5,569999.7957895484,441149.1935483871,668525.0,261,20999000.0,338071.4560122935,216386.55462184874,497250.0
324441963,cian,2026-05-04T21:44:10.932042+00:00,Санкт-Петербург,real_estate_agent,2rooms,2,72.4,4.29592393562047,3.0,3.0,1.0,False,True,Василеостровский,Горный институт,unknown,59.9392754,30.2438761,district,3.9122015596226105,1.2135205952657642,True,23990000.0,16.993147676499913,331353.59116022097,12.710944353343788,165,23000000.0,425718.0832915203,357142.85714285716,499334.2210386152,35,24500000.0,392490.00175716047,339750.86965418456,458291.5943265122,49,24258479.0,491000.0,424440.0,576720.0,261,20999000.0,338071.4560122935,216386.55462184874,497250.0
329478764,cian,2026-05-04T21:44:10.932042+00:00,Санкт-Петербург,real_estate_agent,2rooms,2,58.0,4.07753744390572,14.0,17.0,0.8235294117647058,False,False,Невский,Проспект Большевиков,unknown,59.9231064,30.4506231,house,7.798876537083533,1.0940163264293663,True,15790000.0,16.574887449563047,272241.3793103448,12.514448048889552,75,8462886.0,214129.9972504812,190613.3732947499,276627.69547325105,17,11200000.0,203781.51260504202,185692.5418569254,242950.10845986984,13,11950000.0,215652.1739130435,184986.59517426274,279835.39094650204,261,20999000.0,338071.4560122935,216386.55462184874,497250.0
327096114,cian,2026-05-04T21:44:10.932042+00:00,Санкт-Петербург,developer,2rooms,2,53.75,4.00277736869661,4.0,11.0,0.3636363636363636,False,False,Московский,Московские ворота,Коллекционный Дом 1919,59.8919464,30.3243918,house,5.219272998900943,0.2270682020503592,True,30637489.0,17.237734980421063,569999.7953488372,13.253393035158597,115,14600000.0,338071.4560122935,232688.51778861112,440766.12903225806,29,23988000.0,354822.5806451613,263406.94006309146,535535.5355355355,16,30457890.5,569999.7957895484,441149.1935483871,668525.0,261,20999000.0,338071.4560122935,216386.55462184874,497250.0
329142563,cian,2026-05-04T21:44:10.932042+00:00,Санкт-Петербург,real_estate_agent,2rooms,2,51.5,3.960813169597578,10.0,10.0,1.0,False,True,Василеостровский,Горный институт,Авеню на Малом,59.9392754,30.2438761,district,3.9122015596226105,1.2135205952657642,True,18800000.0,16.749367480991666,365048.5436893204,12.807788359488438,165,23000000.0,425718.0832915203,357142.85714285716,499334.2210386152,35,24500000.0,392490.00175716047,339750.86965418456,458291.5943265122,49,24258479.0,491000.0,424440.0,576720.0,261,20999000.0,338071.4560122935,216386.55462184874,497250.0
329523376,cian,2026-05-04T21:44:10.932042+00:00,Санкт-Петербург,real_estate_agent,2rooms,2,59.4,4.100989104940769,10.0,14.0,0.7142857142857143,False,False,Красногвардейский,Гражданский проспект,Новая Охта,60.0325742,30.4493113,house,12.874472412811356,1.6972521863408676,True,10300000.0,16.14765455028724,173400.6734006734,12.063365993804927,65,10300000.0,250000.0,202169.11764705883,415701.00840336137,15,16200000.0,311538.46153846156,193822.72168822723,462315.24831649836,10,9750000.0,198592.87054409005,177648.37891751586,215814.54222778996,261,20999000.0,338071.4560122935,216386.55462184874,497250.0
314345294,cian,2026-05-04T21:44:10.932042+00:00,Санкт-Петербург,developer,2rooms,2,56.42,4.050392674692918,4.0,4.0,1.0,False,True,Кронштадтский,unknown,Кронфорт.Центральный,59.999645,29.7499966,street,32.1174157297947,,False,16465613.0,16.61678476432111,291840.00354484224,12.583964424543806,15,12700000.0,289519.9957228401,255879.99731074355,297840.0049140222,4,19046118.5,292840.0017724211,291260.0015893417,308577.4992328935,47,19900000.0,390000.0,255879.99731074355,517735.35515320336,261,20999000.0,338071.4560122935,216386.55462184874,497250.0
325965400,cian,2026-05-04T21:44:10.932042+00:00,Санкт-Петербург,real_estate_agent,2rooms,2,50.1,3.933784497209659,7.0,12.0,0.5833333333333334,False,False,Красносельский,Юго-Западная,unknown,59.8330658,30.1846216,house,13.77992903959322,3.984713989476469,True,12250000.0,16.32103657658766,244510.97804391218,12.407019576651747,45,8600000.0,223093.96897646284,183937.8238341969,261158.53658536586,7,12250000.0,212199.03691813804,189807.9527740155,260656.1330579148,49,8600000.0,227835.03496503495,191335.74007220217,261158.53658536586,261,20999000.0,338071.4560122935,216386.55462184874,497250.0
324213172,cian,2026-05-04T21:44:10.932042+00:00,Санкт-Петербург,real_estate_agent,2rooms,2,35.9,3.6082115510464816,3.0,9.0,0.3333333333333333,False,False,Красносельский,Юго-Западная,unknown,59.7174643,30.0736519,house,28.02141687945957,18.14157398591192,True,6300000.0,15.656060350091908,175487.4651810585,12.07532859426399,45,8600000.0,223093.96897646284,183937.8238341969,261158.53658536586,7,12250000.0,212199.03691813804,189807.9527740155,260656.1330579148,49,8600000.0,227835.03496503495,191335.74007220217,261158.53658536586,261,20999000.0,338071.4560122935,216386.55462184874,497250.0
314345337,cian,2026-05-04T21:44:10.932042+00:00,Санкт-Петербург,developer,2rooms,2,73.6,4.312140507209715,2.0,4.0,0.5,False,False,Кронштадтский,unknown,Кронфорт.Центральный,59.999645,29.7499966,street,32.1174157297947,,False,21626624.0,16.88943575246768,293840.0,12.590794083700391,15,12700000.0,289519.9957228401,255879.99731074355,297840.0049140222,4,19046118.5,292840.0017724211,291260.0015893417,308577.4992328935,47,19900000.0,390000.0,255879.99731074355,517735.35515320336,261,20999000.0,338071.4560122935,216386.55462184874,497250.0
329281503,cian,2026-05-04T21:44:10.932042+00:00,Санкт-Петербург,real_estate_agent,2rooms,2,56.0,4.04305126783455,8.0,12.0,0.6666666666666666,False,False,Красногвардейский,Новочеркасская,Alter,59.9344057,30.4168908,house,5.744844070589712,0.7292964510387036,True,29000000.0,17.182806422433504,517857.14285714284,13.157456628248218,65,10300000.0,250000.0,202169.11764705883,415701.00840336137,15,16200000.0,311538.46153846156,193822.72168822723,462315.24831649836,28,25104484.5,444642.74811083125,355837.5,512076.8111093196,261,20999000.0,338071.4560122935,216386.55462184874,497250.0
329600370,cian,2026-05-04T21:44:10.932042+00:00,Санкт-Петербург,real_estate_agent,2rooms,2,44.8,3.824284091120139,5.0,5.0,1.0,False,True,Калининский,Гражданский проспект,unknown,60.0427631,30.4219408,house,13.043040933463436,0.8057309876504084,True,8500000.0,15.955576839107596,189732.14285714287,12.153373852613951,53,10624445.0,291095.8904109589,210032.36245954694,359100.0,14,11575000.0,227051.32579326077,183828.1052897149,286715.3508984748,10,9750000.0,198592.87054409005,177648.37891751586,215814.54222778996,261,20999000.0,338071.4560122935,216386.55462184874,497250.0
326049953,cian,2026-05-04T21:44:10.932042+00:00,Санкт-Петербург,developer,2rooms,2,65.18,4.192378302493466,4.0,4.0,1.0,False,True,Кронштадтский,unknown,Кронфорт.Центральный,59.999645,29.7499966,street,32.1174157297947,,False,22994852.0,16.950780966241663,352789.9969315741,12.773631083887727,15,12700000.0,289519.9957228401,255879.99731074355,297840.0049140222,4,19046118.5,292840.0017724211,291260.0015893417,308577.4992328935,47,19900000.0,390000.0,255879.99731074355,517735.35515320336,261,20999000.0,338071.4560122935,216386.55462184874,497250.0
328414692,cian,2026-05-04T21:44:10.932042+00:00,Санкт-Петербург,real_estate_agent,2rooms,2,59.0,4.0943445622221,11.0,13.0,0.8461538461538461,False,False,Приморский,Комендантский проспект,unknown,60.0091106,30.2043267,house,9.938780098387998,2.93857020691408,True,12200000.0,16.316946591670696,206779.66101694916,12.239413901851645,119,11000000.0,253120.0,213054.45761967503,301644.1421266091,22,15050000.0,259046.38838475497,211170.17272627258,313750.0,62,11400000.0,258025.86534804112,212350.63966555786,313750.0,261,20999000.0,338071.4560122935,216386.55462184874,497250.0
328415774,cian,2026-05-04T21:44:10.932042+00:00,Санкт-Петербург,real_estate_agent,2rooms,2,46.1,3.852273001022372,4.0,5.0,0.8,False,False,Калининский,Академическая,unknown,60.0152277,30.4269984,house,10.585607995500128,1.6063144004561691,True,7850000.0,15.876024217147116,170281.9956616052,12.045217012350209,53,10624445.0,291095.8904109589,210032.36245954694,359100.0,14,11575000.0,227051.32579326077,183828.1052897149,286715.3508984748,13,16000000.0,222841.22562674095,186956.52173913043,293733.681462141,261,20999000.0,338071.4560122935,216386.55462184874,497250.0
327104301,cian,2026-05-04T21:44:10.932042+00:00,Санкт-Петербург,developer,2rooms,2,91.93,4.531846521569248,20.0,24.0,0.8333333333333334,False,False,Московский,Московская,Шепилевский,59.849138,30.3330533,house,10.00374684917548,0.6652520961310535,True,79468889.0,18.190876182283898,864450.0054389208,13.66984990862892,115,14600000.0,338071.4560122935,232688.51778861112,440766.12903225806,29,23988000.0,354822.5806451613,263406.94006309146,535535.5355355355,34,19750000.0,368624.6176101299,230362.88470372072,720562.5,261,20999000.0,338071.4560122935,216386.55462184874,497250.0
328767142,cian,2026-05-04T21:44:10.932042+00:00,Санкт-Петербург,real_estate_agent,2rooms,2,54.2,4.01096295328305,2.0,25.0,0.08,False,False,Невский,Проспект Большевиков,Аврора-2,59.909684,30.4559435,house,8.533172516888598,1.2634247900354902,True,15300000.0,16.54336345172214,282287.8228782288,12.55068602039445,75,8462886.0,214129.9972504812,190613.3732947499,276627.69547325105,17,11200000.0,203781.51260504202,185692.5418569254,242950.10845986984,13,11950000.0,215652.1739130435,184986.59517426274,279835.39094650204,261,20999000.0,338071.4560122935,216386.55462184874,497250.0
322620949,cian,2026-05-04T21:44:10.932042+00:00,Санкт-Петербург,developer,2rooms,2,64.13,4.17638527255831,7.0,17.0,0.4117647058823529,False,False,Московский,Звездная,Оро бай Аквилон ЖК,59.8278025,30.3165199,district,12.320876687507392,1.8547404739298703,True,22648015.0,16.93558281223777,353157.88242632156,12.774673326513744,115,14600000.0,338071.4560122935,232688.51778861112,440766.12903225806,29,23988000.0,354822.5806451613,263406.94006309146,535535.5355355355,43,9590757.0,294827.5862068966,224474.7194575878,354639.3791256695,261,20999000.0,338071.4560122935,216386.55462184874,497250.0
329613915,cian,2026-05-04T21:44:10.932042+00:00,Санкт-Петербург,real_estate_agent,2rooms,2,54.4,4.014579593753238,7.0,10.0,0.7,False,False,Красногвардейский,Площадь Ленина,unknown,59.9624843,30.4194141,house,6.43733953938598,3.621848558034612,True,10998000.0,16.213224086975515,202169.11764705883,12.21686478852965,65,10300000.0,250000.0,202169.11764705883,415701.00840336137,15,16200000.0,311538.46153846156,193822.72168822723,462315.24831649836,7,80000000.0,490196.0784313726,310500.6884045804,1162007.8343270256,261,20999000.0,338071.4560122935,216386.55462184874,497250.0
324711917,cian,2026-05-04T21:44:10.932042+00:00,Санкт-Петербург,developer,2rooms,2,65.56,4.198103796512953,2.0,9.0,0.2222222222222222,False,False,Петроградский,Чкаловская,Avant,59.8824022,29.8401575,house,27.150144598488687,26.60346167684475,True,41739666.0,17.546962481622714,636663.60585723,13.363998274476003,215,74551226.0,688500.0,513014.51612903224,950757.9850893903,33,50900000.0,689189.1891891892,480000.0,980049.9999999999,50,65500613.5,676550.1672240803,551580.3395021516,840090.1701805224,261,20999000.0,338071.4560122935,216386.55462184874,497250.0
320005444,cian,2026-05-04T21:44:10.932042+00:00,Санкт-Петербург,real_estate_agent,2rooms,2,84.5,4.448516375942715,2.0,9.0,0.2222222222222222,False,False,Петроградский,Петроградская,Мануфактура,59.963267,30.3318845,house,2.9161271239094715,1.278003549943306,True,36757500.0,17.419852871639282,435000.0,12.983103608918753,215,74551226.0,688500.0,513014.51612903224,950757.9850893903,33,50900000.0,689189.1891891892,480000.0,980049.9999999999,37,50900000.0,459966.6388657214,414269.2750287687,650000.0,261,20999000.0,338071.4560122935,216386.55462184874,497250.0
329330673,cian,2026-05-04T21:44:10.932042+00:00,Санкт-Петербург,realtor,2rooms,2,70.0,4.262679877041316,5.0,5.0,1.0,False,True,Василеостровский,Горный институт,unknown,59.9309561,30.2427495,house,4.064594023608938,1.0386650804358832,True,25000000.0,17.034386422832473,357142.85714285716,12.785893940779196,165,23000000.0,425718.0832915203,357142.85714285716,499334.2210386152,35,24500000.0,392490.00175716047,339750.86965418456,458291.5943265122,49,24258479.0,491000.0,424440.0,576720.0,261,20999000.0,338071.4560122935,216386.55462184874,497250.0
327104328,cian,2026-05-04T21:44:10.932042+00:00,Санкт-Петербург,developer,2rooms,2,86.89,4.4760860325765535,19.0,24.0,0.7916666666666666,False,False,Московский,Московская,Шепилевский,59.849138,30.3330533,house,10.00374684917548,0.6652520961310535,True,73634931.0,18.114630090668083,847450.0057544021,13.649988306246373,115,14600000.0,338071.4560122935,232688.51778861112,440766.12903225806,29,23988000.0,354822.5806451613,263406.94006309146,535535.5355355355,34,19750000.0,368624.6176101299,230362.88470372072,720562.5,261,20999000.0,338071.4560122935,216386.55462184874,497250.0
326966053,cian,2026-05-04T21:44:10.932042+00:00,Санкт-Петербург,real_estate_agent,2rooms,2,62.2,4.146304301152812,7.0,10.0,0.7,False,False,Приморский,Черная речка,Domino,59.9864198,30.3102294,house,5.321689140898379,0.5173535342834916,True,32000000.0,17.281246492014,514469.45337620575,13.150893404766977,119,11000000.0,253120.0,213054.45761967503,301644.1421266091,22,15050000.0,259046.38838475497,211170.17272627258,313750.0,19,44200000.0,500658.7615283267,347389.5582329317,945000.0,261,20999000.0,338071.4560122935,216386.55462184874,497250.0
329345376,cian,2026-05-04T21:44:10.932042+00:00,Санкт-Петербург,real_estate_agent,2rooms,2,52.1,3.972176928247893,22.0,23.0,0.9565217391304348,False,False,Невский,Рыбацкое,Живи! в Рыбацком,59.8294831,30.5363231,house,17.347459157600657,2.033297553066561,True,10800000.0,16.195056784687036,207293.6660268714,12.241896567397566,75,8462886.0,214129.9972504812,190613.3732947499,276627.69547325105,17,11200000.0,203781.51260504202,185692.5418569254,242950.10845986984,12,6575000.0,189494.43052436158,165480.64611444896,210909.0909090909,261,20999000.0,338071.4560122935,216386.55462184874,497250.0
327097094,cian,2026-05-04T21:44:10.932042+00:00,Санкт-Петербург,developer,2rooms,2,48.53,3.902578546600146,4.0,5.0,0.8,False,False,Курортный,Комендантский проспект,BEREG.Курортный,60.0863026,29.9425321,house,26.385229379440663,19.55122660226132,True,22729026.0,16.93915338804931,468350.0103029054,13.056973315788586,49,24506160.0,428400.0,344027.3037542662,554200.0,10,26312375.0,495000.0,468987.50772717904,583668.5025167785,62,11400000.0,258025.86534804112,212350.63966555786,313750.0,261,20999000.0,338071.4560122935,216386.55462184874,497250.0
323692310,cian,2026-05-04T21:44:10.932042+00:00,Санкт-Петербург,real_estate_agent,2rooms,2,86.9,4.476199804691132,5.0,5.0,1.0,False,True,Петроградский,Петроградская,unknown,59.9634566,30.3276346,house,2.8648276118161733,1.049115978737414,True,36000000.0,17.399029524198163,414269.2750287687,12.934273878035013,215,74551226.0,688500.0,513014.51612903224,950757.9850893903,33,50900000.0,689189.1891891892,480000.0,980049.9999999999,37,50900000.0,459966.6388657214,414269.2750287687,650000.0,261,20999000.0,338071.4560122935,216386.55462184874,497250.0
328778656,cian,2026-05-04T21:44:10.932042+00:00,Санкт-Петербург,realtor,2rooms,2,46.0,3.8501476017100575,5.0,5.0,1.0,False,True,Московский,Звездная,unknown,59.8133762,30.2933302,house,13.972428590440447,3.790151037973353,True,6999999.0,15.761420707019589,152173.89130434784,11.932785739081258,115,14600000.0,338071.4560122935,232688.51778861112,440766.12903225806,29,23988000.0,354822.5806451613,263406.94006309146,535535.5355355355,43,9590757.0,294827.5862068966,224474.7194575878,354639.3791256695,261,20999000.0,338071.4560122935,216386.55462184874,497250.0
325558668,cian,2026-05-04T21:44:10.932042+00:00,Санкт-Петербург,developer,2rooms,2,62.47,4.150567353318379,3.0,9.0,0.3333333333333333,False,False,Василеостровский,Горный институт,МОНОДОМ АРТ,59.9044682,29.7789704,street,30.06287842797851,27.052745316729546,True,28114301.0,17.151788972795238,450044.83752201055,13.01710471771903,165,23000000.0,425718.0832915203,357142.85714285716,499334.2210386152,35,24500000.0,392490.00175716047,339750.86965418456,458291.5943265122,49,24258479.0,491000.0,424440.0,576720.0,261,20999000.0,338071.4560122935,216386.55462184874,497250.0
327396290,cian,2026-05-04T21:44:10.932042+00:00,Санкт-Петербург,real_estate_agent,2rooms,2,65.7,4.200204952921578,20.0,23.0,0.8695652173913043,False,False,Невский,Ломоносовская,Ласточкино гнездо,59.8643614,30.5134294,house,13.845294716030734,4.238170803943459,True,12200000.0,16.316946591670696,185692.5418569254,12.13185296944432,75,8462886.0,214129.9972504812,190613.3732947499,276627.69547325105,17,11200000.0,203781.51260504202,185692.5418569254,242950.10845986984,28,7400000.0,202820.86979581014,183649.6889170094,226678.90459640961,261,20999000.0,338071.4560122935,216386.55462184874,497250.0
329242066,cian,2026-05-04T21:44:10.932042+00:00,Санкт-Петербург,homeowner,2rooms,2,43.6,3.7977338590260175,12.0,12.0,1.0,False,True,Красносельский,Юго-Западная,unknown,59.8563539,30.1820881,house,11.740552981918608,2.8204324348415253,True,8900000.0,16.001561947061912,204128.44036697247,12.226509583211785,45,8600000.0,223093.96897646284,183937.8238341969,261158.53658536586,7,12250000.0,212199.03691813804,189807.9527740155,260656.1330579148,49,8600000.0,227835.03496503495,191335.74007220217,261158.53658536586,261,20999000.0,338071.4560122935,216386.55462184874,497250.0
323946399,cian,2026-05-04T21:44:10.932042+00:00,Санкт-Петербург,developer,2rooms,2,146.23,4.991995989877317,5.0,6.0,0.8333333333333334,False,False,Петроградский,Крестовский остров,АСТРУМ,59.974045,30.272808,house,4.562700560591683,0.7963349736984283,True,153541500.0,18.8494814532704,1050000.0,13.864301674514206,215,74551226.0,688500.0,513014.51612903224,950757.9850893903,33,50900000.0,689189.1891891892,480000.0,980049.9999999999,69,105000000.0,775889.9676375405,607500.0,1050000.0,261,20999000.0,338071.4560122935,216386.55462184874,497250.0
328431092,cian,2026-05-04T21:44:10.932042+00:00,Санкт-Петербург,real_estate_agent,2rooms,2,81.0,4.406719247264253,2.0,4.0,0.5,False,False,Центральный,Чернышевская,unknown,59.9427048,30.3557557,house,2.3645789277148936,0.3882873809016717,True,39900000.0,17.50188690692275,492592.5925925926,13.10743975726078,121,33000000.0,472702.7027027027,281949.93412384717,660000.0,24,40793354.0,559365.9691809656,362959.79469632165,605192.2549517521,32,49135000.0,503583.5303388495,276041.2961878758,803855.975485189,261,20999000.0,338071.4560122935,216386.55462184874,497250.0
329453520,cian,2026-05-04T21:44:10.932042+00:00,Санкт-Петербург,real_estate_agent,2rooms,2,71.8,4.28771595520264,6.0,15.0,0.4,False,False,Калининский,Академическая,unknown,60.0180054,30.414426,house,10.445735492846524,1.0321621793501126,True,16000000.0,16.588099342704055,222841.22562674095,12.314219291639809,53,10624445.0,291095.8904109589,210032.36245954694,359100.0,14,11575000.0,227051.32579326077,183828.1052897149,286715.3508984748,13,16000000.0,222841.22562674095,186956.52173913043,293733.681462141,261,20999000.0,338071.4560122935,216386.55462184874,497250.0
323514062,cian,2026-05-04T21:44:10.932042+00:00,Санкт-Петербург,developer,2rooms,2,80.05,4.395066248181685,2.0,8.0,0.25,False,False,Петроградский,Чкаловская,Avant,59.8824022,29.8401575,house,27.150144598488687,26.60346167684475,True,66001227.0,18.005183905878216,824500.0249843848,13.622533664139763,215,74551226.0,688500.0,513014.51612903224,950757.9850893903,33,50900000.0,689189.1891891892,480000.0,980049.9999999999,50,65500613.5,676550.1672240803,551580.3395021516,840090.1701805224,261,20999000.0,338071.4560122935,216386.55462184874,497250.0
329103672,cian,2026-05-04T21:44:10.932042+00:00,Санкт-Петербург,real_estate_agent,2rooms,2,50.5,3.9415818076696905,18.0,26.0,0.6923076923076923,False,False,Красногвардейский,Девяткино,Цветной Город,60.014944,30.4849082,house,12.742634745333984,4.529684416096453,True,9900000.0,16.108045416114916,196039.60396039605,12.186077079820596,65,10300000.0,250000.0,202169.11764705883,415701.00840336137,15,16200000.0,311538.46153846156,193822.72168822723,462315.24831649836,15,4537224.0,207870.37037037036,195758.49544753472,213107.56097560975,261,20999000.0,338071.4560122935,216386.55462184874,497250.0
322159426,cian,2026-05-04T21:44:10.932042+00:00,Санкт-Петербург,real_estate_agent,2rooms,2,57.2,4.063885354737392,4.0,9.0,0.4444444444444444,False,False,Выборгский,Проспект Просвещения,unknown,60.0511531,30.3550667,house,12.720977939094569,1.0544531236582069,True,10350000.0,16.152497174294005,180944.05594405593,12.105948705844677,68,11500000.0,242464.8327306462,201785.625,296143.7908496732,14,11500000.0,224130.35881258443,183160.5894105894,312179.5101043724,35,9900000.0,229117.64705882352,178772.9364833445,279693.9024390244,261,20999000.0,338071.4560122935,216386.55462184874,497250.0
327097145,cian,2026-05-04T21:44:10.932042+00:00,Санкт-Петербург,developer,2rooms,2,62.39,4.149306120296075,5.0,18.0,0.2777777777777778,False,False,Василеостровский,Приморская,Башни Элемент,59.9407329,30.193978,house,6.694866063092209,2.211622373519493,True,46720752.0,17.659699013648883,748850.0080141048,13.526295321502436,165,23000000.0,425718.0832915203,357142.85714285716,499334.2210386152,35,24500000.0,392490.00175716047,339750.86965418456,458291.5943265122,73,22280000.0,414540.0,355671.14093959733,468620.6724137931,261,20999000.0,338071.4560122935,216386.55462184874,497250.0
327109646,cian,2026-05-04T21:44:10.932042+00:00,Санкт-Петербург,real_estate_agent,2rooms,2,75.2,4.333361462692601,8.0,10.0,0.8,False,False,Петроградский,Петроградская,Skandi Klubb,59.9756419,30.3183334,house,4.125613796609531,1.0606320390451558,True,50900000.0,17.745373501167116,676861.7021276596,13.425223727970545,215,74551226.0,688500.0,513014.51612903224,950757.9850893903,33,50900000.0,689189.1891891892,480000.0,980049.9999999999,37,50900000.0,459966.6388657214,414269.2750287687,650000.0,261,20999000.0,338071.4560122935,216386.55462184874,497250.0
324889616,cian,2026-05-04T21:44:10.932042+00:00,Санкт-Петербург,real_estate_agent,2rooms,2,46.0,3.8501476017100575,2.0,5.0,0.4,False,False,Калининский,Академическая,unknown,59.9854258,30.417824,house,7.774516576502997,3.290773665837106,True,8600000.0,15.9672728775028,186956.52173913043,12.138636713557545,53,10624445.0,291095.8904109589,210032.36245954694,359100.0,14,11575000.0,227051.32579326077,183828.1052897149,286715.3508984748,13,16000000.0,222841.22562674095,186956.52173913043,293733.681462141,261,20999000.0,338071.4560122935,216386.55462184874,497250.0
314286083,cian,2026-05-04T21:44:10.932042+00:00,Санкт-Петербург,developer,2rooms,2,64.98,4.189351665800436,2.0,4.0,0.5,False,False,Курортный,unknown,Ранта Резиденс ЖК,60.1235747,30.0672117,district,24.72067342350013,,False,31515300.0,17.265983731891193,484999.99999999994,13.091906231773164,49,24506160.0,428400.0,344027.3037542662,554200.0,10,26312375.0,495000.0,468987.50772717904,583668.5025167785,47,19900000.0,390000.0,255879.99731074355,517735.35515320336,261,20999000.0,338071.4560122935,216386.55462184874,497250.0
329140248,cian,2026-05-04T21:44:10.932042+00:00,Санкт-Петербург,real_estate_agent,2rooms,2,82.5,4.42484663185681,1.0,10.0,0.1,True,False,Василеостровский,Спортивная,Самоцветы,59.9496578,30.262832,house,3.108688634826577,1.6682604980020863,True,20800000.0,16.85046359274847,252121.21212121213,12.4376692176692,165,23000000.0,425718.0832915203,357142.85714285716,499334.2210386152,35,24500000.0,392490.00175716047,339750.86965418456,458291.5943265122,44,38450000.0,636691.4335664336,466248.48787486635,964962.5076891531,261,20999000.0,338071.4560122935,216386.55462184874,497250.0
327192603,cian,2026-05-04T21:44:10.932042+00:00,Санкт-Петербург,real_estate_agent,2rooms,2,75.9,4.342505876511599,9.0,14.0,0.6428571428571429,False,False,Приморский,Черная речка,ЦДС Черная речка,59.9847067,30.3194039,house,5.135331349959892,0.9892296030450878,True,38000000.0,17.453096744006448,500658.7615283267,13.123682030655502,119,11000000.0,253120.0,213054.45761967503,301644.1421266091,22,15050000.0,259046.38838475497,211170.17272627258,313750.0,19,44200000.0,500658.7615283267,347389.5582329317,945000.0,261,20999000.0,338071.4560122935,216386.55462184874,497250.0
327097077,cian,2026-05-04T21:44:10.932042+00:00,Санкт-Петербург,developer,2rooms,2,50.83,3.947969132201615,1.0,5.0,0.2,True,False,Курортный,Комендантский проспект,BEREG.Курортный,60.0863026,29.9425321,house,26.385229379440663,19.55122660226132,True,23935847.0,16.9908878094688,470900.0,13.06240315982251,49,24506160.0,428400.0,344027.3037542662,554200.0,10,26312375.0,495000.0,468987.50772717904,583668.5025167785,62,11400000.0,258025.86534804112,212350.63966555786,313750.0,261,20999000.0,338071.4560122935,216386.55462184874,497250.0
317505269,cian,2026-05-04T21:44:10.932042+00:00,Санкт-Петербург,real_estate_agent,2rooms,2,82.0,4.418840607796598,4.0,5.0,0.8,False,False,Петроградский,Горьковская,Атлант,59.9626008,30.3284134,house,2.7852310029866985,0.8625910342505427,True,39360000.0,17.488260655554832,480000.0,13.081543466215237,215,74551226.0,688500.0,513014.51612903224,950757.9850893903,33,50900000.0,689189.1891891892,480000.0,980049.9999999999,11,44900000.0,464033.850493653,355758.11508745083,568677.0747740346,261,20999000.0,338071.4560122935,216386.55462184874,497250.0
320508543,cian,2026-05-04T21:44:10.932042+00:00,Санкт-Петербург,realtor,2rooms,2,60.5,4.119037174812473,12.0,12.0,1.0,False,True,Приморский,Старая Деревня,unknown,59.9861276,30.2684955,house,5.862837574113398,0.8923354683507773,True,13599999.0,16.42558035070628,224793.37190082646,12.322941360659915,119,11000000.0,253120.0,213054.45761967503,301644.1421266091,22,15050000.0,259046.38838475497,211170.17272627258,313750.0,10,12849999.5,239117.1153240119,215743.79752066117,283249.985,261,20999000.0,338071.4560122935,216386.55462184874,497250.0
327097358,cian,2026-05-04T21:44:10.932042+00:00,Санкт-Петербург,developer,2rooms,2,68.16,4.23642266081509,12.0,18.0,0.6666666666666666,False,False,Василеостровский,Приморская,Башни Элемент,59.9407329,30.193978,house,6.694866063092209,2.211622373519493,True,33892560.0,17.33870610874228,497250.0,13.11685020777503,165,23000000.0,425718.0832915203,357142.85714285716,499334.2210386152,35,24500000.0,392490.00175716047,339750.86965418456,458291.5943265122,73,22280000.0,414540.0,355671.14093959733,468620.6724137931,261,20999000.0,338071.4560122935,216386.55462184874,497250.0
326246222,cian,2026-05-04T21:44:10.932042+00:00,Санкт-Петербург,real_estate_agent,2rooms,2,45.7,3.843744164674852,9.0,9.0,1.0,False,True,Кировский,Проспект Ветеранов,unknown,59.8284643,30.2040168,house,13.700388348168769,2.994220137550235,True,9549000.0,16.071947099655343,208949.67177242888,12.249853482862179,23,9549000.0,189523.80952380953,167164.71534237044,209193.37893257206,5,10300000.0,216386.55462184874,208949.67177242888,222807.01754385966,14,8300000.0,177077.9877979245,164294.958968347,214527.33390949378,261,20999000.0,338071.4560122935,216386.55462184874,497250.0
329497092,cian,2026-05-04T21:44:10.932042+00:00,Санкт-Петербург,real_estate_agent,2rooms,2,41.6,3.751854253275325,2.0,5.0,0.4,False,False,Пушкинский,Купчино,unknown,59.7051513,30.4069522,house,26.472113957456795,13.826324835577635,True,7000000.0,15.76142084987672,168269.23076923075,12.033326482591853,43,7166266.0,202797.2027972028,163053.72914003386,232898.85297184568,7,7400000.0,168269.23076923075,154973.9017398181,178399.31186603912,32,7495000.0,211094.97047056584,198690.38857472915,238287.2080291971,261,20999000.0,338071.4560122935,216386.55462184874,497250.0
327096259,cian,2026-05-04T21:44:10.932042+00:00,Санкт-Петербург,developer,2rooms,2,75.26,4.334148554429418,5.0,8.0,0.625,False,False,Петроградский,Спортивная,17/33 Петровский остров,59.9584536,30.2693359,street,3.329696422532838,1.4795804670455333,True,88727777.0,18.30108356623491,1178950.0,13.980135618011227,215,74551226.0,688500.0,513014.51612903224,950757.9850893903,33,50900000.0,689189.1891891892,480000.0,980049.9999999999,44,38450000.0,636691.4335664336,466248.48787486635,964962.5076891531,261,20999000.0,338071.4560122935,216386.55462184874,497250.0
327282860,cian,2026-05-04T21:44:10.932042+00:00,Санкт-Петербург,real_estate_agent,2rooms,2,70.9,4.275276264727001,5.0,7.0,0.7142857142857143,False,False,Петроградский,Горьковская,unknown,59.9541966,30.3353706,house,2.1001753893558264,0.7829398967718592,True,32900000.0,17.308983246130737,464033.850493653,13.047714937210394,215,74551226.0,688500.0,513014.51612903224,950757.9850893903,33,50900000.0,689189.1891891892,480000.0,980049.9999999999,11,44900000.0,464033.850493653,355758.11508745083,568677.0747740346,261,20999000.0,338071.4560122935,216386.55462184874,497250.0
329021389,cian,2026-05-04T21:44:10.932042+00:00,Санкт-Петербург,real_estate_agent,2rooms,2,46.3,3.856510295497887,8.0,9.0,0.8888888888888888,False,False,Фрунзенский,Проспект Славы,unknown,59.8678571,30.3975033,house,9.138157336628286,1.393087016443188,True,10850000.0,16.19967573011664,234341.25269978403,12.364537944130555,36,11675000.0,275360.4958677686,194624.98710409575,392205.28341254056,11,10500000.0,209580.8383233533,176024.05910339224,361519.99209946534,6,9350000.0,243361.1025403682,197474.2020638349,267095.2380952381,261,20999000.0,338071.4560122935,216386.55462184874,497250.0
327096221,cian,2026-05-04T21:44:10.932042+00:00,Санкт-Петербург,developer,2rooms,2,81.46,4.412313327278754,7.0,8.0,0.875,False,False,Петроградский,Спортивная,17/33 Петровский остров,59.9584536,30.2693359,street,3.329696422532838,1.4795804670455333,True,80873488.0,18.20839662745779,992800.0000000001,13.808285520124244,215,74551226.0,688500.0,513014.51612903224,950757.9850893903,33,50900000.0,689189.1891891892,480000.0,980049.9999999999,44,38450000.0,636691.4335664336,466248.48787486635,964962.5076891531,261,20999000.0,338071.4560122935,216386.55462184874,497250.0
327079519,cian,2026-05-04T21:44:10.932042+00:00,Санкт-Петербург,real_estate_agent,2rooms,2,106.0,4.672828834461906,5.0,8.0,0.625,False,False,Петроградский,Крестовский остров,Петровская Доминанта,59.9642342,30.2858201,district,3.256398622023302,1.6420429248548374,True,75000000.0,18.13299868483392,707547.1698113207,13.469560990720852,215,74551226.0,688500.0,513014.51612903224,950757.9850893903,33,50900000.0,689189.1891891892,480000.0,980049.9999999999,69,105000000.0,775889.9676375405,607500.0,1050000.0,261,20999000.0,338071.4560122935,216386.55462184874,497250.0
328204294,cian,2026-05-04T21:44:10.932042+00:00,Санкт-Петербург,developer,2rooms,2,70.68,4.272211768666675,3.0,8.0,0.375,False,False,Петроградский,Спортивная,17/33 Петровский остров,59.9584536,30.2693359,street,3.329696422532838,1.4795804670455333,True,69269934.0,18.053521531641195,980049.9999999999,13.795359890109005,215,74551226.0,688500.0,513014.51612903224,950757.9850893903,33,50900000.0,689189.1891891892,480000.0,980049.9999999999,44,38450000.0,636691.4335664336,466248.48787486635,964962.5076891531,261,20999000.0,338071.4560122935,216386.55462184874,497250.0
325660085,cian,2026-05-04T21:44:10.932042+00:00,Санкт-Петербург,real_estate_agent,2rooms,2,80.0,4.394449154672439,2.0,9.0,0.2222222222222222,False,False,Петроградский,Крестовский остров,Esper Club,59.9737851,30.2706782,house,4.598966250102434,0.6766644159339608,True,86900000.0,18.2802686017431,1086250.0,13.898242876159705,215,74551226.0,688500.0,513014.51612903224,950757.9850893903,33,50900000.0,689189.1891891892,480000.0,980049.9999999999,69,105000000.0,775889.9676375405,607500.0,1050000.0,261,20999000.0,338071.4560122935,216386.55462184874,497250.0
326504392,cian,2026-05-04T21:44:10.932042+00:00,Санкт-Петербург,real_estate_agent,2rooms,2,52.0,3.970291913552122,12.0,12.0,1.0,False,True,Приморский,Комендантский проспект,unknown,60.0223714,30.2330542,house,10.34872458858436,2.148776556260358,True,10300000.0,16.14765455028724,198076.92307692306,12.196415783149382,119,11000000.0,253120.0,213054.45761967503,301644.1421266091,22,15050000.0,259046.38838475497,211170.17272627258,313750.0,62,11400000.0,258025.86534804112,212350.63966555786,313750.0,261,20999000.0,338071.4560122935,216386.55462184874,497250.0
321932812,cian,2026-05-04T21:44:10.932042+00:00,Санкт-Петербург,developer,2rooms,2,74.74,4.327306422473649,8.0,10.0,0.8,False,False,Центральный,Площадь Александра Невского,Новгородская 8,59.934866,30.3827,house,3.8437740099103066,1.1846185481164042,True,41686708.0,17.545692906947355,557756.3286058336,13.231679251797578,121,33000000.0,472702.7027027027,281949.93412384717,660000.0,24,40793354.0,559365.9691809656,362959.79469632165,605192.2549517521,35,35693422.0,625000.0,555289.7769297812,706503.2363162467,261,20999000.0,338071.4560122935,216386.55462184874,497250.0
327239692,cian,2026-05-04T21:44:10.932042+00:00,Санкт-Петербург,real_estate_agent,2rooms,2,84.0,4.442651256490317,4.0,6.0,0.6666666666666666,False,False,Центральный,Сенная площадь,unknown,59.9264269,30.3279717,house,1.5586631065392178,0.4422048454601986,True,32000000.0,17.281246492014,380952.38095238095,12.850432286917242,121,33000000.0,472702.7027027027,281949.93412384717,660000.0,24,40793354.0,559365.9691809656,362959.79469632165,605192.2549517521,2,50942777.5,400721.5424617501,390836.9617070655,410606.1232164346,261,20999000.0,338071.4560122935,216386.55462184874,497250.0
329543241,cian,2026-05-04T21:44:10.932042+00:00,Санкт-Петербург,homeowner,2rooms,2,59.0,4.0943445622221,21.0,24.0,0.875,False,False,Приморский,Комендантский проспект,Граффити,60.0300353,30.2510764,house,10.754551731960502,2.558415292606263,True,16500000.0,16.61887099947687,279661.0169491525,12.541337070716272,119,11000000.0,253120.0,213054.45761967503,301644.1421266091,22,15050000.0,259046.38838475497,211170.17272627258,313750.0,62,11400000.0,258025.86534804112,212350.63966555786,313750.0,261,20999000.0,338071.4560122935,216386.55462184874,497250.0
327104354,cian,2026-05-04T21:44:10.932042+00:00,Санкт-Петербург,developer,2rooms,2,65.82,4.20200243692861,22.0,24.0,0.9166666666666666,False,False,Московский,Московская,Шепилевский,59.849138,30.3330533,house,10.00374684917548,0.6652520961310535,True,61261965.0,17.9306697515735,930750.0000000001,13.74374706613675,115,14600000.0,338071.4560122935,232688.51778861112,440766.12903225806,29,23988000.0,354822.5806451613,263406.94006309146,535535.5355355355,34,19750000.0,368624.6176101299,230362.88470372072,720562.5,261,20999000.0,338071.4560122935,216386.55462184874,497250.0
328723940,cian,2026-05-04T21:44:10.932042+00:00,Санкт-Петербург,real_estate_agent,2rooms,2,76.0,4.343805421853684,7.0,8.0,0.875,False,False,Петроградский,Чкаловская,Familia,59.9603937,30.2618772,house,3.785295708482384,1.6236409120828428,True,47000000.0,17.665658180950928,618421.052631579,13.33492643640797,215,74551226.0,688500.0,513014.51612903224,950757.9850893903,33,50900000.0,689189.1891891892,480000.0,980049.9999999999,50,65500613.5,676550.1672240803,551580.3395021516,840090.1701805224,261,20999000.0,338071.4560122935,216386.55462184874,497250.0
321932783,cian,2026-05-04T21:44:10.932042+00:00,Санкт-Петербург,developer,2rooms,2,59.07,4.09551054886207,7.0,10.0,0.7,False,False,Центральный,Площадь Александра Невского,Новгородская 8,59.934866,30.3827,house,3.8437740099103066,1.1846185481164042,True,35693422.0,17.390477000085617,604256.3399356696,13.31175544567552,121,33000000.0,472702.7027027027,281949.93412384717,660000.0,24,40793354.0,559365.9691809656,362959.79469632165,605192.2549517521,35,35693422.0,625000.0,555289.7769297812,706503.2363162467,261,20999000.0,338071.4560122935,216386.55462184874,497250.0
322087084,cian,2026-05-04T21:44:10.932042+00:00,Санкт-Петербург,real_estate_agent,2rooms,2,84.4,4.447346100794524,6.0,13.0,0.4615384615384615,False,False,Выборгский,Лесная,Life Лесная,59.9824946,30.3554294,house,5.395866028188363,0.6891450529976498,True,37000000.0,17.426428497635523,438388.625592417,12.990863350085066,68,11500000.0,242464.8327306462,201785.625,296143.7908496732,14,11500000.0,224130.35881258443,183160.5894105894,312179.5101043724,37,13355877.0,359100.0,250000.0,393258.42696629214,261,20999000.0,338071.4560122935,216386.55462184874,497250.0
329355814,cian,2026-05-04T21:44:10.932042+00:00,Санкт-Петербург,real_estate_agent,2rooms,2,48.0,3.8918202981106265,6.0,7.0,0.8571428571428571,False,False,Адмиралтейский,Садовая,unknown,59.9257648,30.3014347,house,1.5921075902201074,1.1133006479926275,True,13900000.0,16.447399470043365,289583.3333333333,12.576201840424476,73,19300000.0,451851.85185185185,325510.20408163266,515585.6263228786,9,26794985.0,477825.03587944503,452700.0,490435.42375627934,14,19528670.0,463750.0,387982.5,497500.0,261,20999000.0,338071.4560122935,216386.55462184874,497250.0
328020817,cian,2026-05-04T21:44:10.932042+00:00,Санкт-Петербург,developer,2rooms,2,63.24,4.162626069638506,2.0,10.0,0.2,False,False,Василеостровский,Горный институт,Легенда Васильевского ЖК,59.8637294,30.258942,house,8.875259754562878,7.658531360896451,True,26255351.0,17.083380411934325,415170.00316255534,12.936445770154538,165,23000000.0,425718.0832915203,357142.85714285716,499334.2210386152,35,24500000.0,392490.00175716047,339750.86965418456,458291.5943265122,49,24258479.0,491000.0,424440.0,576720.0,261,20999000.0,338071.4560122935,216386.55462184874,497250.0
325905749,cian,2026-05-04T21:44:10.932042+00:00,Санкт-Петербург,real_estate_agent,2rooms,2,67.4,4.225372824628505,13.0,25.0,0.52,False,False,Приморский,Комендантский проспект,unknown,60.0037413,30.2038344,house,9.492902048246329,2.9838685015062247,True,17900000.0,16.700311326676903,265578.6350148368,12.489670018248761,119,11000000.0,253120.0,213054.45761967503,301644.1421266091,22,15050000.0,259046.38838475497,211170.17272627258,313750.0,62,11400000.0,258025.86534804112,212350.63966555786,313750.0,261,20999000.0,338071.4560122935,216386.55462184874,497250.0
325264813,cian,2026-05-04T21:44:10.932042+00:00,Санкт-Петербург,real_estate_agent,2rooms,2,56.2,4.046553898385752,1.0,2.0,0.5,True,False,Колпинский,Рыбацкое,unknown,59.8218467,30.1774709,house,15.055349777786102,18.053909302558363,True,5900000.0,15.59046307836746,104982.20640569394,11.561555677354665,11,7500000.0,146086.95652173914,130873.39590877327,169611.3344988345,4,6524725.0,145718.5606060606,117154.6425105144,183411.99324324325,12,6575000.0,189494.43052436158,165480.64611444896,210909.0909090909,261,20999000.0,338071.4560122935,216386.55462184874,497250.0
327917902,cian,2026-05-04T21:44:10.932042+00:00,Санкт-Петербург,developer,2rooms,2,61.71,4.138520924554929,6.0,11.0,0.5454545454545454,False,False,Адмиралтейский,Балтийская,Ставни Обводный ЖК,59.9184426,30.302795,district,2.3282287750595416,1.3424263344821623,True,30264770.0,17.225494920783348,490435.42375627934,13.103050934411002,73,19300000.0,451851.85185185185,325510.20408163266,515585.6263228786,9,26794985.0,477825.03587944503,452700.0,490435.42375627934,24,19487440.0,489918.4408501023,447802.11723439646,572020.1837657281,261,20999000.0,338071.4560122935,216386.55462184874,497250.0
328362065,cian,2026-05-04T21:44:10.932042+00:00,Санкт-Петербург,real_estate_agent,2rooms,2,62.3,4.147885329150131,8.0,8.0,1.0,False,True,Красносельский,Юго-Западная,Английская миля,59.845516,30.1151775,house,15.17386031134738,6.721679315509545,True,13220000.0,16.397241468030778,212199.03691813804,12.265284679140034,45,8600000.0,223093.96897646284,183937.8238341969,261158.53658536586,7,12250000.0,212199.03691813804,189807.9527740155,260656.1330579148,49,8600000.0,227835.03496503495,191335.74007220217,261158.53658536586,261,20999000.0,338071.4560122935,216386.55462184874,497250.0
323387508,cian,2026-05-04T21:44:10.932042+00:00,Санкт-Петербург,developer,2rooms,2,55.48,4.033886593184986,2.0,10.0,0.2,False,False,Василеостровский,Василеостровская,17 линия ЖК,59.9392754,30.2438761,district,3.9122015596226105,2.100112668540487,True,22420000.0,16.92546402021132,404109.5890410959,12.909443854734867,165,23000000.0,425718.0832915203,357142.85714285716,499334.2210386152,35,24500000.0,392490.00175716047,339750.86965418456,458291.5943265122,43,27900960.0,403090.15256588074,244769.5453830423,459065.00739980966,261,20999000.0,338071.4560122935,216386.55462184874,497250.0
327231180,cian,2026-05-04T21:44:10.932042+00:00,Санкт-Петербург,real_estate_agent,2rooms,2,129.2,4.869071729774468,5.0,8.0,0.625,False,False,Петроградский,Спортивная,unknown,59.9558317,30.2894294,house,2.357694820912576,0.4691915021119324,True,46500000.0,17.65496289206296,359907.1207430341,12.793604057699847,215,74551226.0,688500.0,513014.51612903224,950757.9850893903,33,50900000.0,689189.1891891892,480000.0,980049.9999999999,44,38450000.0,636691.4335664336,466248.48787486635,964962.5076891531,261,20999000.0,338071.4560122935,216386.55462184874,497250.0
314482807,cian,2026-05-04T21:44:10.932042+00:00,Санкт-Петербург,developer,2rooms,2,49.06,3.913222286003628,4.0,4.0,1.0,False,True,Курортный,unknown,Ранта Резиденс ЖК,60.1235747,30.0672117,district,24.72067342350013,,False,24775300.0,17.02535778745062,505000.0,13.132315688453556,49,24506160.0,428400.0,344027.3037542662,554200.0,10,26312375.0,495000.0,468987.50772717904,583668.5025167785,47,19900000.0,390000.0,255879.99731074355,517735.35515320336,261,20999000.0,338071.4560122935,216386.55462184874,497250.0
328909886,cian,2026-05-04T21:44:10.932042+00:00,Санкт-Петербург,real_estate_agent,2rooms,2,74.0,4.31748811353631,6.0,6.0,1.0,False,True,Петроградский,Петроградская,unknown,59.9642342,30.2858201,district,3.256398622023302,1.3907336021728751,True,51000000.0,17.747336210296442,689189.1891891892,13.443272548463769,215,74551226.0,688500.0,513014.51612903224,950757.9850893903,33,50900000.0,689189.1891891892,480000.0,980049.9999999999,37,50900000.0,459966.6388657214,414269.2750287687,650000.0,261,20999000.0,338071.4560122935,216386.55462184874,497250.0
328634854,cian,2026-05-04T21:44:10.932042+00:00,Санкт-Петербург,real_estate_agent,2rooms,2,71.2,4.279440045898781,2.0,3.0,0.6666666666666666,False,False,Адмиралтейский,Адмиралтейская,unknown,59.9320762,30.2998775,house,1.0742139505896746,1.0170365395633023,True,18000000.0,16.705882371415992,252808.98876404495,12.440393452990241,73,19300000.0,451851.85185185185,325510.20408163266,515585.6263228786,9,26794985.0,477825.03587944503,452700.0,490435.42375627934,7,64900000.0,408236.99421965313,345764.63505594037,500278.7359000653,261,20999000.0,338071.4560122935,216386.55462184874,497250.0
322620883,cian,2026-05-04T21:44:10.932042+00:00,Санкт-Петербург,developer,2rooms,2,65.92,4.203497876118624,10.0,17.0,0.5882352941176471,False,False,Московский,Звездная,Оро бай Аквилон ЖК,59.8278025,30.3165199,district,12.320876687507392,1.8547404739298703,True,24214612.0,17.002466851862312,367333.3131067961,12.814027647283211,115,14600000.0,338071.4560122935,232688.51778861112,440766.12903225806,29,23988000.0,354822.5806451613,263406.94006309146,535535.5355355355,43,9590757.0,294827.5862068966,224474.7194575878,354639.3791256695,261,20999000.0,338071.4560122935,216386.55462184874,497250.0
325485748,cian,2026-05-04T21:44:10.932042+00:00,Санкт-Петербург,real_estate_agent,2rooms,2,68.2,4.237000862623624,6.0,23.0,0.2608695652173913,False,False,Выборгский,Проспект Просвещения,Струны ЖК,60.0387013,30.3354758,district,11.194080892055434,1.5464240264903968,True,21350000.0,16.876562344477314,313049.853372434,12.65412092716378,68,11500000.0,242464.8327306462,201785.625,296143.7908496732,14,11500000.0,224130.35881258443,183160.5894105894,312179.5101043724,35,9900000.0,229117.64705882352,178772.9364833445,279693.9024390244,261,20999000.0,338071.4560122935,216386.55462184874,497250.0
328553154,cian,2026-05-04T21:44:10.932042+00:00,Санкт-Петербург,homeowner,2rooms,2,55.6,4.036008985209137,3.0,7.0,0.4285714285714285,False,False,Московский,Московская,unknown,59.8634478,30.3214311,house,8.366548593105398,1.6702669770697678,True,24700000.0,17.022313842084035,444244.60431654676,13.004132851351281,115,14600000.0,338071.4560122935,232688.51778861112,440766.12903225806,29,23988000.0,354822.5806451613,263406.94006309146,535535.5355355355,34,19750000.0,368624.6176101299,230362.88470372072,720562.5,261,20999000.0,338071.4560122935,216386.55462184874,497250.0
325558762,cian,2026-05-04T21:44:10.932042+00:00,Санкт-Петербург,developer,2rooms,2,87.09,4.478359019121704,6.0,9.0,0.6666666666666666,False,False,Василеостровский,Горный институт,МОНОДОМ АРТ,59.9044682,29.7789704,street,30.06287842797851,27.052745316729546,True,40630825.0,17.520037597562823,466538.3511310139,13.053097649690532,165,23000000.0,425718.0832915203,357142.85714285716,499334.2210386152,35,24500000.0,392490.00175716047,339750.86965418456,458291.5943265122,49,24258479.0,491000.0,424440.0,576720.0,261,20999000.0,338071.4560122935,216386.55462184874,497250.0
327239691,cian,2026-05-04T21:44:10.932042+00:00,Санкт-Петербург,real_estate_agent,2rooms,2,95.0,4.564348191467836,4.0,5.0,0.8,False,False,Центральный,Чернышевская,unknown,59.9405941,30.3609433,house,2.6185312602535458,0.363571693778188,True,50000000.0,17.72753358339242,526315.7894736842,13.173658571790074,121,33000000.0,472702.7027027027,281949.93412384717,660000.0,24,40793354.0,559365.9691809656,362959.79469632165,605192.2549517521,32,49135000.0,503583.5303388495,276041.2961878758,803855.975485189,261,20999000.0,338071.4560122935,216386.55462184874,497250.0
327858313,cian,2026-05-04T21:44:10.932042+00:00,Санкт-Петербург,real_estate_agent,2rooms,2,45.8,3.845883202923601,2.0,9.0,0.2222222222222222,False,False,Фрунзенский,Купчино,unknown,59.8349531,30.3929993,house,12.336950548730869,0.9204942303714336,True,9570000.0,16.074143867922338,208951.96506550218,12.249864458086469,36,11675000.0,275360.4958677686,194624.98710409575,392205.28341254056,11,10500000.0,209580.8383233533,176024.05910339224,361519.99209946534,32,7495000.0,211094.97047056584,198690.38857472915,238287.2080291971,261,20999000.0,338071.4560122935,216386.55462184874,497250.0
325558696,cian,2026-05-04T21:44:10.932042+00:00,Санкт-Петербург,developer,2rooms,2,62.75,4.154969184038536,6.0,9.0,0.6666666666666666,False,False,Василеостровский,Горный институт,МОНОДОМ АРТ,59.9044682,29.7789704,street,30.06287842797851,27.052745316729546,True,30858952.0,17.244937476909612,491776.12749003986,13.10578089993574,165,23000000.0,425718.0832915203,357142.85714285716,499334.2210386152,35,24500000.0,392490.00175716047,339750.86965418456,458291.5943265122,49,24258479.0,491000.0,424440.0,576720.0,261,20999000.0,338071.4560122935,216386.55462184874,497250.0
329113101,cian,2026-05-04T21:44:10.932042+00:00,Санкт-Петербург,real_estate_agent,2rooms,2,69.9,4.2612704335380815,14.0,15.0,0.9333333333333332,False,False,Василеостровский,Приморская,"Светлый мир ""Я-романтик""",59.9361374,30.2010383,house,6.303799540000275,2.138096361092143,True,18200000.0,16.716932206992077,260371.95994277537,12.469870343459224,165,23000000.0,425718.0832915203,357142.85714285716,499334.2210386152,35,24500000.0,392490.00175716047,339750.86965418456,458291.5943265122,73,22280000.0,414540.0,355671.14093959733,468620.6724137931,261,20999000.0,338071.4560122935,216386.55462184874,497250.0
328978531,cian,2026-05-04T21:44:10.932042+00:00,Санкт-Петербург,real_estate_agent,2rooms,2,54.6,4.018183201256536,3.0,4.0,0.75,False,False,Петродворцовый,Юго-Западная,Любоград,59.848561,30.0845609,house,16.252701402323684,8.334981559017379,True,13700000.0,16.432906463791053,250915.75091575092,12.432876493441013,9,5700000.0,171686.7469879518,164981.2734082397,229916.3179916318,1,13700000.0,250915.75091575092,250915.75091575092,250915.75091575092,49,8600000.0,227835.03496503495,191335.74007220217,261158.53658536586,261,20999000.0,338071.4560122935,216386.55462184874,497250.0
323514093,cian,2026-05-04T21:44:10.932042+00:00,Санкт-Петербург,developer,2rooms,2,55.07,4.026600910135581,6.0,9.0,0.6666666666666666,False,False,Петроградский,Чкаловская,Avant,59.8824022,29.8401575,house,27.150144598488687,26.60346167684475,True,44197730.0,17.60418401088862,802573.6335572908,13.59558013097945,215,74551226.0,688500.0,513014.51612903224,950757.9850893903,33,50900000.0,689189.1891891892,480000.0,980049.9999999999,50,65500613.5,676550.1672240803,551580.3395021516,840090.1701805224,261,20999000.0,338071.4560122935,216386.55462184874,497250.0
329259433,cian,2026-05-04T21:44:10.932042+00:00,Санкт-Петербург,real_estate_agent,2rooms,2,90.0,4.51085950651685,2.0,14.0,0.1428571428571428,False,False,Московский,Фрунзенская,Богемия,59.9047716,30.3230277,house,3.794312801938924,0.2785865897118281,True,45800000.0,17.639794670918473,508888.8888888889,13.13998694381772,115,14600000.0,338071.4560122935,232688.51778861112,440766.12903225806,29,23988000.0,354822.5806451613,263406.94006309146,535535.5355355355,10,14049999.5,438359.34664246824,398405.74954907777,463745.7418279336,261,20999000.0,338071.4560122935,216386.55462184874,497250.0
326232057,cian,2026-05-04T21:44:10.932042+00:00,Санкт-Петербург,homeowner,2rooms,2,63.0,4.158883083359672,23.0,25.0,0.92,False,False,Невский,Проспект Большевиков,Аврора-2,59.909684,30.4559435,house,8.533172516888598,1.2634247900354902,True,15250000.0,16.540090126591462,242063.49206349207,12.39695946576517,75,8462886.0,214129.9972504812,190613.3732947499,276627.69547325105,17,11200000.0,203781.51260504202,185692.5418569254,242950.10845986984,13,11950000.0,215652.1739130435,184986.59517426274,279835.39094650204,261,20999000.0,338071.4560122935,216386.55462184874,497250.0
328020721,cian,2026-05-04T21:44:10.932042+00:00,Санкт-Петербург,developer,2rooms,2,57.95,4.07668962698338,4.0,10.0,0.4,False,False,Василеостровский,Горный институт,Легенда Васильевского ЖК,59.8637294,30.258942,house,8.875259754562878,7.658531360896451,True,24596298.0,17.018106542429813,424440.0,12.958528288030363,165,23000000.0,425718.0832915203,357142.85714285716,499334.2210386152,35,24500000.0,392490.00175716047,339750.86965418456,458291.5943265122,49,24258479.0,491000.0,424440.0,576720.0,261,20999000.0,338071.4560122935,216386.55462184874,497250.0
327467940,cian,2026-05-04T21:44:10.932042+00:00,Санкт-Петербург,real_estate_agent,2rooms,2,67.7,4.229749199228304,21.0,26.0,0.8076923076923077,False,False,Приморский,Беговая,Лыжный пер. 2,59.9963925,30.201288,house,8.984026409476641,0.8736356030648854,True,26000000.0,17.073607134447293,384047.2673559823,12.85852351991029,119,11000000.0,253120.0,213054.45761967503,301644.1421266091,22,15050000.0,259046.38838475497,211170.17272627258,313750.0,29,9802294.0,240710.82390953152,210180.94089264172,306436.1191162344,261,20999000.0,338071.4560122935,216386.55462184874,497250.0
327571816,cian,2026-05-04T21:44:10.932042+00:00,Санкт-Петербург,real_estate_agent,2rooms,2,47.6,3.883623530906448,5.0,10.0,0.5,False,False,Кировский,Проспект Ветеранов,unknown,59.8387577,30.2591164,house,11.517886005675562,0.5962602146655824,True,10300000.0,16.14765455028724,216386.55462184874,12.284826313311035,23,9549000.0,189523.80952380953,167164.71534237044,209193.37893257206,5,10300000.0,216386.55462184874,208949.67177242888,222807.01754385966,14,8300000.0,177077.9877979245,164294.958968347,214527.33390949378,261,20999000.0,338071.4560122935,216386.55462184874,497250.0
327917896,cian,2026-05-04T21:44:10.932042+00:00,Санкт-Петербург,developer,2rooms,2,53.5,3.9982007016692,5.0,11.0,0.4545454545454545,False,False,Адмиралтейский,Балтийская,Ставни Обводный ЖК,59.9184426,30.302795,district,2.3282287750595416,1.3424263344821623,True,26182978.0,17.08062010112456,489401.4579439252,13.10094045234002,73,19300000.0,451851.85185185185,325510.20408163266,515585.6263228786,9,26794985.0,477825.03587944503,452700.0,490435.42375627934,24,19487440.0,489918.4408501023,447802.11723439646,572020.1837657281,261,20999000.0,338071.4560122935,216386.55462184874,497250.0
328540912,cian,2026-05-04T21:44:10.932042+00:00,Санкт-Петербург,real_estate_agent,2rooms,2,118.0,4.77912349311153,3.0,7.0,0.4285714285714285,False,False,Центральный,Чернышевская,Русский дом,59.9402849,30.3515672,house,2.095289346912241,0.7172340843737885,True,69500000.0,18.05683732492351,588983.0508474576,13.286154383909642,121,33000000.0,472702.7027027027,281949.93412384717,660000.0,24,40793354.0,559365.9691809656,362959.79469632165,605192.2549517521,32,49135000.0,503583.5303388495,276041.2961878758,803855.975485189,261,20999000.0,338071.4560122935,216386.55462184874,497250.0
329602564,cian,2026-05-04T21:44:10.932042+00:00,Санкт-Петербург,homeowner,2rooms,2,46.1,3.852273001022372,6.0,9.0,0.6666666666666666,False,False,Невский,Улица Дыбенко,unknown,59.9193349,30.4917385,house,10.126631664403147,1.4325611944757062,True,11200000.0,16.231424425551033,242950.10845986984,12.400615502325678,75,8462886.0,214129.9972504812,190613.3732947499,276627.69547325105,17,11200000.0,203781.51260504202,185692.5418569254,242950.10845986984,23,10571122.0,226660.0,199068.28017997573,283016.46808134136,261,20999000.0,338071.4560122935,216386.55462184874,497250.0
329112085,cian,2026-05-04T21:44:10.932042+00:00,Санкт-Петербург,developer,2rooms,2,59.4,4.100989104940769,5.0,14.0,0.3571428571428571,False,False,Красногвардейский,Новочеркасская,Магнифика ЖК,59.9782843,30.4865836,district,10.567148826346545,6.925893961377273,True,25474759.0,17.053198716027705,428867.99663299666,12.968906782121646,65,10300000.0,250000.0,202169.11764705883,415701.00840336137,15,16200000.0,311538.46153846156,193822.72168822723,462315.24831649836,28,25104484.5,444642.74811083125,355837.5,512076.8111093196,261,20999000.0,338071.4560122935,216386.55462184874,497250.0
325250948,cian,2026-05-04T21:44:10.932042+00:00,Санкт-Петербург,real_estate_agent,2rooms,2,85.5,4.460144413937834,6.0,9.0,0.6666666666666666,False,False,Петроградский,Петроградская,Мануфактура,59.963267,30.3318845,house,2.9161271239094715,1.278003549943306,True,38368000.0,17.462734362872762,448748.5380116959,13.014220189283696,215,74551226.0,688500.0,513014.51612903224,950757.9850893903,33,50900000.0,689189.1891891892,480000.0,980049.9999999999,37,50900000.0,459966.6388657214,414269.2750287687,650000.0,261,20999000.0,338071.4560122935,216386.55462184874,497250.0
326235132,cian,2026-05-04T21:44:10.932042+00:00,Санкт-Петербург,real_estate_agent,2rooms,2,44.3,3.813307032488989,5.0,5.0,1.0,False,True,Московский,Электросила,unknown,59.8748457,30.3028123,house,7.11704420121297,1.1670182119663195,True,8299000.0,15.931645704077024,187336.34311512415,12.140666244507777,115,14600000.0,338071.4560122935,232688.51778861112,440766.12903225806,29,23988000.0,354822.5806451613,263406.94006309146,535535.5355355355,8,19075000.0,350390.51297248725,310177.1663757005,366702.57731958764,261,20999000.0,338071.4560122935,216386.55462184874,497250.0
305677057,cian,2026-05-04T21:44:10.932042+00:00,Санкт-Петербург,developer,2rooms,2,62.28,4.147569323459399,7.0,10.0,0.7,False,False,Центральный,Площадь Александра Невского,Новгородская 8,59.934866,30.3827,house,3.8437740099103066,1.1846185481164042,True,36437723.0,17.411115169568955,585062.9897238278,13.27947650437528,121,33000000.0,472702.7027027027,281949.93412384717,660000.0,24,40793354.0,559365.9691809656,362959.79469632165,605192.2549517521,35,35693422.0,625000.0,555289.7769297812,706503.2363162467,261,20999000.0,338071.4560122935,216386.55462184874,497250.0
328540915,cian,2026-05-04T21:44:10.932042+00:00,Санкт-Петербург,real_estate_agent,2rooms,2,124.1,4.829113417472866,7.0,9.0,0.7777777777777778,False,False,Центральный,Звенигородская,Фонтанка 76,59.9257473,30.3368383,house,1.9097730943459927,0.3487788861112008,True,116000000.0,18.569100757691327,934730.0564061241,13.74801412668709,121,33000000.0,472702.7027027027,281949.93412384717,660000.0,24,40793354.0,559365.9691809656,362959.79469632165,605192.2549517521,4,66745000.0,703716.3795544135,404595.1469180352,1043513.2957292506,261,20999000.0,338071.4560122935,216386.55462184874,497250.0
326448093,cian,2026-05-04T21:44:10.932042+00:00,Санкт-Петербург,homeowner,2rooms,2,66.1,4.206184043977636,21.0,23.0,0.9130434782608696,False,False,Василеостровский,Приморская,"Шкиперский проток, 20",59.9365196,30.2197753,house,5.259206628235826,1.451275186091632,True,20500000.0,16.835935492889124,310136.15733736765,12.644769921636042,165,23000000.0,425718.0832915203,357142.85714285716,499334.2210386152,35,24500000.0,392490.00175716047,339750.86965418456,458291.5943265122,73,22280000.0,414540.0,355671.14093959733,468620.6724137931,261,20999000.0,338071.4560122935,216386.55462184874,497250.0
323946331,cian,2026-05-04T21:44:10.932042+00:00,Санкт-Петербург,developer,2rooms,2,139.69,4.946558888389122,3.0,6.0,0.5,False,False,Петроградский,Крестовский остров,АСТРУМ,59.974045,30.272808,house,4.562700560591683,0.7963349736984283,True,146674500.0,18.803726410690984,1050000.0,13.864301674514206,215,74551226.0,688500.0,513014.51612903224,950757.9850893903,33,50900000.0,689189.1891891892,480000.0,980049.9999999999,69,105000000.0,775889.9676375405,607500.0,1050000.0,261,20999000.0,338071.4560122935,216386.55462184874,497250.0
320324227,cian,2026-05-04T21:44:10.932042+00:00,Санкт-Петербург,real_estate_agent,2rooms,2,82.3,4.422448549172797,5.0,9.0,0.5555555555555556,False,False,Петроградский,Петроградская,Мануфактура,59.963267,30.3318845,house,2.9161271239094715,1.278003549943306,True,36623500.0,17.416200696136272,445000.0,13.005831808336863,215,74551226.0,688500.0,513014.51612903224,950757.9850893903,33,50900000.0,689189.1891891892,480000.0,980049.9999999999,37,50900000.0,459966.6388657214,414269.2750287687,650000.0,261,20999000.0,338071.4560122935,216386.55462184874,497250.0
328887642,cian,2026-05-04T21:44:10.932042+00:00,Санкт-Петербург,real_estate_agent,2rooms,2,54.0,4.007333185232471,2.0,14.0,0.1428571428571428,False,False,Василеостровский,Приморская,unknown,59.9546834,30.2261003,house,5.216591387864912,0.7445976630904181,True,12600000.0,16.349207451286784,233333.33333333334,12.360227611062534,165,23000000.0,425718.0832915203,357142.85714285716,499334.2210386152,35,24500000.0,392490.00175716047,339750.86965418456,458291.5943265122,73,22280000.0,414540.0,355671.14093959733,468620.6724137931,261,20999000.0,338071.4560122935,216386.55462184874,497250.0
323387420,cian,2026-05-04T21:44:10.932042+00:00,Санкт-Петербург,developer,2rooms,2,66.47,4.211683054639334,7.0,10.0,0.7,False,False,Василеостровский,Василеостровская,17 линия ЖК,59.9392754,30.2438761,district,3.9122015596226105,2.100112668540487,True,26030000.0,17.07476031538796,391605.23544456146,12.878012112506006,165,23000000.0,425718.0832915203,357142.85714285716,499334.2210386152,35,24500000.0,392490.00175716047,339750.86965418456,458291.5943265122,43,27900960.0,403090.15256588074,244769.5453830423,459065.00739980966,261,20999000.0,338071.4560122935,216386.55462184874,497250.0
328724495,cian,2026-05-04T21:44:10.932042+00:00,Санкт-Петербург,real_estate_agent,2rooms,2,66.0,4.204692619390966,6.0,25.0,0.24,False,False,Приморский,Проспект Просвещения,Окла,60.0592415,30.2770889,house,13.571653573023632,3.3680062237001462,True,15500000.0,16.5563506464056,234848.48484848486,12.3667000979185,119,11000000.0,253120.0,213054.45761967503,301644.1421266091,22,15050000.0,259046.38838475497,211170.17272627258,313750.0,35,9900000.0,229117.64705882352,178772.9364833445,279693.9024390244,261,20999000.0,338071.4560122935,216386.55462184874,497250.0
324029933,cian,2026-05-04T21:44:10.932042+00:00,Санкт-Петербург,real_estate_agent,2rooms,2,55.7,4.037774210733707,14.0,17.0,0.8235294117647058,False,False,Калининский,Площадь Мужества,unknown,59.9937296,30.3892744,house,7.421769976684362,1.5286826081831162,True,13700000.0,16.432906463791053,245960.50269299818,12.41293030955028,53,10624445.0,291095.8904109589,210032.36245954694,359100.0,14,11575000.0,227051.32579326077,183828.1052897149,286715.3508984748,6,14300000.0,251935.8130849239,247168.78971816134,255577.18615174157,261,20999000.0,338071.4560122935,216386.55462184874,497250.0
327917891,cian,2026-05-04T21:44:10.932042+00:00,Санкт-Петербург,developer,2rooms,2,51.97,3.9697257155564354,9.0,11.0,0.8181818181818182,False,False,Адмиралтейский,Балтийская,Ставни Обводный ЖК,59.9184426,30.302795,district,2.3282287750595416,1.3424263344821623,True,26794985.0,17.103725338425413,515585.6263228786,13.153060611624811,73,19300000.0,451851.85185185185,325510.20408163266,515585.6263228786,9,26794985.0,477825.03587944503,452700.0,490435.42375627934,24,19487440.0,489918.4408501023,447802.11723439646,572020.1837657281,261,20999000.0,338071.4560122935,216386.55462184874,497250.0
327282859,cian,2026-05-04T21:44:10.932042+00:00,Санкт-Петербург,real_estate_agent,2rooms,2,82.0,4.418840607796598,2.0,4.0,0.5,False,False,Центральный,Чернышевская,unknown,59.9462621,30.354305,house,2.3957976314087706,0.5278115958589837,True,46000000.0,17.6441519761925,560975.6097560975,13.237434489796224,121,33000000.0,472702.7027027027,281949.93412384717,660000.0,24,40793354.0,559365.9691809656,362959.79469632165,605192.2549517521,32,49135000.0,503583.5303388495,276041.2961878758,803855.975485189,261,20999000.0,338071.4560122935,216386.55462184874,497250.0
328683450,cian,2026-05-04T21:44:10.932042+00:00,Санкт-Петербург,real_estate_agent,2rooms,2,44.6,3.819907716520341,1.0,5.0,0.2,True,False,Московский,Московская,unknown,59.8510665,30.3130435,house,9.733472921199969,0.5431458163047913,True,8300000.0,15.931766193248746,186098.65470852016,12.134037587220346,115,14600000.0,338071.4560122935,232688.51778861112,440766.12903225806,29,23988000.0,354822.5806451613,263406.94006309146,535535.5355355355,34,19750000.0,368624.6176101299,230362.88470372072,720562.5,261,20999000.0,338071.4560122935,216386.55462184874,497250.0
322621551,cian,2026-05-04T21:44:10.932042+00:00,Санкт-Петербург,developer,2rooms,2,88.7,4.49647076906475,1.0,12.0,0.0833333333333333,True,False,Московский,Звездная,Аквилон Leaves,59.822767,30.3345572,house,12.930540895538847,1.437181124021394,True,28599610.0,17.16890367429898,322430.77790304396,12.68364685145402,115,14600000.0,338071.4560122935,232688.51778861112,440766.12903225806,29,23988000.0,354822.5806451613,263406.94006309146,535535.5355355355,43,9590757.0,294827.5862068966,224474.7194575878,354639.3791256695,261,20999000.0,338071.4560122935,216386.55462184874,497250.0
326554850,cian,2026-05-04T21:44:10.932042+00:00,Санкт-Петербург,realtor,2rooms,2,75.6,4.338597076746545,8.0,9.0,0.8888888888888888,False,False,Центральный,Площадь Александра Невского,Bakunina 33,59.9306989,30.3863366,house,4.1188983333891125,0.7296535964668425,True,42000000.0,17.553180200057167,555555.5555555556,13.227725693060535,121,33000000.0,472702.7027027027,281949.93412384717,660000.0,24,40793354.0,559365.9691809656,362959.79469632165,605192.2549517521,35,35693422.0,625000.0,555289.7769297812,706503.2363162467,261,20999000.0,338071.4560122935,216386.55462184874,497250.0
278407604,cian,2026-05-04T21:44:10.932042+00:00,Санкт-Петербург,homeowner,2rooms,2,54.8,4.021773869387265,12.0,16.0,0.75,False,False,Красногвардейский,Ладожская,unknown,59.9377686,30.474975,house,8.961437736570856,1.9686611661303064,True,10500000.0,16.166885910365842,191605.8394160584,12.163200840207782,65,10300000.0,250000.0,202169.11764705883,415701.00840336137,15,16200000.0,311538.46153846156,193822.72168822723,462315.24831649836,16,8100000.0,244458.12807881774,189389.65874986106,325733.2609125025,261,20999000.0,338071.4560122935,216386.55462184874,497250.0
322621331,cian,2026-05-04T21:44:10.932042+00:00,Санкт-Петербург,developer,2rooms,2,78.17,4.371597439183343,6.0,12.0,0.5,False,False,Московский,Звездная,Аквилон Leaves,59.822767,30.3345572,house,12.930540895538847,1.437181124021394,True,25506781.0,17.054454935551668,326298.84866317,12.695572018784706,115,14600000.0,338071.4560122935,232688.51778861112,440766.12903225806,29,23988000.0,354822.5806451613,263406.94006309146,535535.5355355355,43,9590757.0,294827.5862068966,224474.7194575878,354639.3791256695,261,20999000.0,338071.4560122935,216386.55462184874,497250.0
328840260,cian,2026-05-04T21:44:10.932042+00:00,Санкт-Петербург,real_estate_agent,2rooms,2,53.3,3.9945242269398897,4.0,5.0,0.8,False,False,Выборгский,Лесная,unknown,59.9856284,30.3503821,house,5.605734320852348,0.3478364657925282,True,16500000.0,16.61887099947687,309568.48030018766,12.642937837996824,68,11500000.0,242464.8327306462,201785.625,296143.7908496732,14,11500000.0,224130.35881258443,183160.5894105894,312179.5101043724,37,13355877.0,359100.0,250000.0,393258.42696629214,261,20999000.0,338071.4560122935,216386.55462184874,497250.0
328998645,cian,2026-05-04T21:44:10.932042+00:00,Санкт-Петербург,real_estate_agent,2rooms,2,44.3,3.813307032488989,5.0,5.0,1.0,False,True,Калининский,Гражданский проспект,unknown,60.0269328,30.4175837,house,11.384707485236971,0.9723373493167672,True,10500000.0,16.166885910365842,237020.31602708806,12.37590535711538,53,10624445.0,291095.8904109589,210032.36245954694,359100.0,14,11575000.0,227051.32579326077,183828.1052897149,286715.3508984748,10,9750000.0,198592.87054409005,177648.37891751586,215814.54222778996,261,20999000.0,338071.4560122935,216386.55462184874,497250.0
322620913,cian,2026-05-04T21:44:10.932042+00:00,Санкт-Петербург,developer,2rooms,2,71.17,4.279024447084182,16.0,17.0,0.9411764705882352,False,False,Московский,Звездная,Оро бай Аквилон ЖК,59.8278025,30.3165199,district,12.320876687507392,1.8547404739298703,True,27134067.0,17.116300618105182,381257.08866095264,12.851231822838574,115,14600000.0,338071.4560122935,232688.51778861112,440766.12903225806,29,23988000.0,354822.5806451613,263406.94006309146,535535.5355355355,43,9590757.0,294827.5862068966,224474.7194575878,354639.3791256695,261,20999000.0,338071.4560122935,216386.55462184874,497250.0
326465453,cian,2026-05-04T21:44:10.932042+00:00,Санкт-Петербург,real_estate_agent,2rooms,2,44.5,3.817712325956905,1.0,5.0,0.2,True,False,Московский,Парк Победы,unknown,59.8618057,30.3455003,house,8.716834489636923,1.4767711765197336,True,7300000.0,15.803385043104912,164044.94382022473,12.007901812818256,115,14600000.0,338071.4560122935,232688.51778861112,440766.12903225806,29,23988000.0,354822.5806451613,263406.94006309146,535535.5355355355,3,7400000.0,165919.28251121077,164982.11316571775,182742.72151590907,261,20999000.0,338071.4560122935,216386.55462184874,497250.0
324684642,cian,2026-05-04T21:44:10.932042+00:00,Санкт-Петербург,homeowner,2rooms,2,52.0,3.970291913552122,5.0,5.0,1.0,False,True,Красногвардейский,Новочеркасская,unknown,59.9265932,30.4088131,house,5.442827149823961,0.2774952018333494,True,16200000.0,16.600521861931007,311538.46153846156,12.649281291492576,65,10300000.0,250000.0,202169.11764705883,415701.00840336137,15,16200000.0,311538.46153846156,193822.72168822723,462315.24831649836,28,25104484.5,444642.74811083125,355837.5,512076.8111093196,261,20999000.0,338071.4560122935,216386.55462184874,497250.0
319859152,cian,2026-05-04T21:44:10.932042+00:00,Санкт-Петербург,developer,2rooms,2,58.64,4.088326489896538,8.0,17.0,0.4705882352941176,False,False,Калининский,Лесная,Квартал бизнес-класса Б15,59.9327565,30.2728798,street,2.3863606059545583,7.047975623424182,True,21057624.0,16.862773285281307,359100.0,12.791358964949923,53,10624445.0,291095.8904109589,210032.36245954694,359100.0,14,11575000.0,227051.32579326077,183828.1052897149,286715.3508984748,37,13355877.0,359100.0,250000.0,393258.42696629214,261,20999000.0,338071.4560122935,216386.55462184874,497250.0
328983812,cian,2026-05-04T21:44:10.932042+00:00,Санкт-Петербург,real_estate_agent,2rooms,2,44.4,3.8155121050473024,1.0,5.0,0.2,True,False,Колпинский,Рыбацкое,Юттери,59.7568754,30.6250353,house,26.6443040321626,10.784919125224128,True,9900000.0,16.108045416114916,222972.972972973,12.314810330505066,11,7500000.0,146086.95652173914,130873.39590877327,169611.3344988345,4,6524725.0,145718.5606060606,117154.6425105144,183411.99324324325,12,6575000.0,189494.43052436158,165480.64611444896,210909.0909090909,261,20999000.0,338071.4560122935,216386.55462184874,497250.0
328980256,cian,2026-05-04T21:44:10.932042+00:00,Санкт-Петербург,homeowner,2rooms,2,54.0,4.007333185232471,2.0,3.0,0.6666666666666666,False,False,Василеостровский,Горный институт,unknown,59.9392754,30.2438761,district,3.9122015596226105,1.2135205952657642,True,18800000.0,16.749367480991666,348148.14814814815,12.760386253572204,165,23000000.0,425718.0832915203,357142.85714285716,499334.2210386152,35,24500000.0,392490.00175716047,339750.86965418456,458291.5943265122,49,24258479.0,491000.0,424440.0,576720.0,261,20999000.0,338071.4560122935,216386.55462184874,497250.0
294928457,cian,2026-05-04T21:44:10.932042+00:00,Санкт-Петербург,developer,2rooms,2,52.39,3.977623462512095,5.0,12.0,0.4166666666666667,False,False,Приморский,Комендантский проспект,YE'S Primorsky Комплекс Апартаментов,60.0078982,30.2392157,house,8.760042191878592,0.9946573259478476,True,16450460.0,16.615864059099092,314000.0,12.657151449598695,119,11000000.0,253120.0,213054.45761967503,301644.1421266091,22,15050000.0,259046.38838475497,211170.17272627258,313750.0,62,11400000.0,258025.86534804112,212350.63966555786,313750.0,261,20999000.0,338071.4560122935,216386.55462184874,497250.0
327480400,cian,2026-05-04T21:44:10.932042+00:00,Санкт-Петербург,real_estate_agent,2rooms,2,52.06,3.971423348709594,7.0,12.0,0.5833333333333334,False,False,Московский,Ленинский проспект,Cube,59.8391226,30.3022964,house,11.080978098090078,2.281818196968854,True,17600000.0,16.68340951682656,338071.4560122935,12.731015518392132,115,14600000.0,338071.4560122935,232688.51778861112,440766.12903225806,29,23988000.0,354822.5806451613,263406.94006309146,535535.5355355355,9,9570000.0,254629.62962962964,207011.68614357262,319565.2173913043,261,20999000.0,338071.4560122935,216386.55462184874,497250.0
327288089,cian,2026-05-04T21:44:10.932042+00:00,Санкт-Петербург,real_estate_agent,2rooms,2,44.3,3.813307032488989,6.0,9.0,0.6666666666666666,False,False,Выборгский,Площадь Мужества,unknown,60.0056719,30.3518718,house,7.748564057966012,0.9404823847200192,True,9200000.0,16.034714150714915,207674.94356659145,12.243734180173977,68,11500000.0,242464.8327306462,201785.625,296143.7908496732,14,11500000.0,224130.35881258443,183160.5894105894,312179.5101043724,6,14300000.0,251935.8130849239,247168.78971816134,255577.18615174157,261,20999000.0,338071.4560122935,216386.55462184874,497250.0
309824037,cian,2026-05-04T21:44:10.932042+00:00,Санкт-Петербург,developer,2rooms,2,59.6,4.104294893075269,10.0,12.0,0.8333333333333334,False,False,Курортный,unknown,МФК Морская ривьера,59.998243,30.0984747,house,13.71041802599338,,False,34958857.0,17.369682442314176,586558.0033557047,13.282028544497598,49,24506160.0,428400.0,344027.3037542662,554200.0,10,26312375.0,495000.0,468987.50772717904,583668.5025167785,47,19900000.0,390000.0,255879.99731074355,517735.35515320336,261,20999000.0,338071.4560122935,216386.55462184874,497250.0
323315126,cian,2026-05-04T21:44:10.932042+00:00,Санкт-Петербург,real_estate_agent,2rooms,2,77.0,4.356708826689592,2.0,9.0,0.2222222222222222,False,False,Петроградский,Крестовский остров,unknown,59.9695142,30.259654,house,4.583124475913696,0.180111444974001,True,55000000.0,17.822843761378564,714285.7142857143,13.479039721342081,215,74551226.0,688500.0,513014.51612903224,950757.9850893903,33,50900000.0,689189.1891891892,480000.0,980049.9999999999,69,105000000.0,775889.9676375405,607500.0,1050000.0,261,20999000.0,338071.4560122935,216386.55462184874,497250.0
329064333,cian,2026-05-04T21:44:10.932042+00:00,Санкт-Петербург,real_estate_agent,2rooms,2,75.0,4.330733340286331,18.0,18.0,1.0,False,True,Приморский,Комендантский проспект,Юбилейный квартал,60.0324362,30.2435367,house,11.1478901657242,2.902625169463732,True,15500000.0,16.5563506464056,206666.66666666666,12.238867307051136,119,11000000.0,253120.0,213054.45761967503,301644.1421266091,22,15050000.0,259046.38838475497,211170.17272627258,313750.0,62,11400000.0,258025.86534804112,212350.63966555786,313750.0,261,20999000.0,338071.4560122935,216386.55462184874,497250.0
309823923,cian,2026-05-04T21:44:10.932042+00:00,Санкт-Петербург,developer,2rooms,2,70.7,4.272490747605575,8.0,12.0,0.6666666666666666,False,False,Курортный,unknown,МФК Морская ривьера,59.998243,30.0984747,house,13.71041802599338,,False,40652500.0,17.520570917280747,575000.0,13.26212705890841,49,24506160.0,428400.0,344027.3037542662,554200.0,10,26312375.0,495000.0,468987.50772717904,583668.5025167785,47,19900000.0,390000.0,255879.99731074355,517735.35515320336,261,20999000.0,338071.4560122935,216386.55462184874,497250.0
328529175,cian,2026-05-04T21:44:10.932042+00:00,Санкт-Петербург,real_estate_agent,2rooms,2,57.0,4.060443010546419,4.0,5.0,0.8,False,False,Кировский,Путиловская,unknown,59.8801221,30.274167,house,6.873000397904808,0.4635899399299671,True,12700000.0,16.357112630168974,222807.01754385966,12.314065771773175,23,9549000.0,189523.80952380953,167164.71534237044,209193.37893257206,5,10300000.0,216386.55462184874,208949.67177242888,222807.01754385966,1,12700000.0,222807.01754385966,222807.01754385966,222807.01754385966,261,20999000.0,338071.4560122935,216386.55462184874,497250.0
323514005,cian,2026-05-04T21:44:10.932042+00:00,Санкт-Петербург,developer,2rooms,2,69.88,4.2609883062968255,10.0,11.0,0.9090909090909092,False,False,Красногвардейский,Новочеркасская,Альпен,59.9382662,30.4172837,house,5.74755292021316,1.1483796343225738,True,60944898.0,17.92548071883877,872136.4911276475,13.678702363773509,65,10300000.0,250000.0,202169.11764705883,415701.00840336137,15,16200000.0,311538.46153846156,193822.72168822723,462315.24831649836,28,25104484.5,444642.74811083125,355837.5,512076.8111093196,261,20999000.0,338071.4560122935,216386.55462184874,497250.0
326296404,cian,2026-05-04T21:44:10.932042+00:00,Санкт-Петербург,unknown,2rooms,2,57.0,4.060443010546419,6.0,11.0,0.5454545454545454,False,False,Фрунзенский,Обводный канал,Ligovsky city-Первый квартал,59.9049854,30.3412558,house,4.032524591168112,1.1732247222816463,True,27500000.0,17.129696599000436,482456.1403508772,13.086647367527375,36,11675000.0,275360.4958677686,194624.98710409575,392205.28341254056,11,10500000.0,209580.8383233533,176024.05910339224,361519.99209946534,20,17343499.5,385522.5051466804,295973.35138216015,426557.9919079805,261,20999000.0,338071.4560122935,216386.55462184874,497250.0
326296694,cian,2026-05-04T21:44:10.932042+00:00,Санкт-Петербург,developer,2rooms,2,74.75,4.327438444389479,12.0,12.0,1.0,False,True,Приморский,Комендантский проспект,YE'S Primorsky Комплекс Апартаментов,60.0078982,30.2392157,house,8.760042191878592,0.9946573259478476,True,25415000.0,17.05085014820998,340000.0,12.73670383776449,119,11000000.0,253120.0,213054.45761967503,301644.1421266091,22,15050000.0,259046.38838475497,211170.17272627258,313750.0,62,11400000.0,258025.86534804112,212350.63966555786,313750.0,261,20999000.0,338071.4560122935,216386.55462184874,497250.0
327703902,cian,2026-05-04T21:44:10.932042+00:00,Санкт-Петербург,real_estate_agent,2rooms,2,55.8,4.039536325727106,8.0,16.0,0.5,False,False,Приморский,Удельная,unknown,60.0250244,30.2920711,house,9.687783683897354,1.7322990520238783,True,11990000.0,16.29958361040653,214874.55197132617,12.277814311483834,119,11000000.0,253120.0,213054.45761967503,301644.1421266091,22,15050000.0,259046.38838475497,211170.17272627258,313750.0,8,18100000.0,288199.5219554021,261616.94780547055,316276.9657789333,261,20999000.0,338071.4560122935,216386.55462184874,497250.0
326590976,cian,2026-05-04T21:44:10.932042+00:00,Санкт-Петербург,real_estate_agent,2rooms,2,41.5,3.7495040759303713,6.0,7.0,0.8571428571428571,False,False,Красногвардейский,Новочеркасская,unknown,59.9434346,30.4132747,house,5.549795413627378,1.6935930818379368,True,9400000.0,16.056220353623207,226506.02409638555,12.33053123488745,65,10300000.0,250000.0,202169.11764705883,415701.00840336137,15,16200000.0,311538.46153846156,193822.72168822723,462315.24831649836,28,25104484.5,444642.74811083125,355837.5,512076.8111093196,261,20999000.0,338071.4560122935,216386.55462184874,497250.0
323514000,cian,2026-05-04T21:44:10.932042+00:00,Санкт-Петербург,developer,2rooms,2,52.72,3.9837853716550367,7.0,11.0,0.6363636363636364,False,False,Красногвардейский,Новочеркасская,Альпен,59.9382662,30.4172837,house,5.74755292021316,1.1483796343225738,True,26136599.0,17.078847188840676,495762.5,13.113854277478746,65,10300000.0,250000.0,202169.11764705883,415701.00840336137,15,16200000.0,311538.46153846156,193822.72168822723,462315.24831649836,28,25104484.5,444642.74811083125,355837.5,512076.8111093196,261,20999000.0,338071.4560122935,216386.55462184874,497250.0
327278148,cian,2026-05-04T21:44:10.932042+00:00,Санкт-Петербург,real_estate_agent,2rooms,2,50.1,3.933784497209659,7.0,9.0,0.7777777777777778,False,False,Фрунзенский,Дунайская,unknown,59.8335109,30.4116782,house,12.891200832111998,0.5217999444695359,True,10500000.0,16.166885910365842,209580.8383233533,12.25286957845412,36,11675000.0,275360.4958677686,194624.98710409575,392205.28341254056,11,10500000.0,209580.8383233533,176024.05910339224,361519.99209946534,1,10500000.0,209580.8383233533,209580.8383233533,209580.8383233533,261,20999000.0,338071.4560122935,216386.55462184874,497250.0
328635460,cian,2026-05-04T21:44:10.932042+00:00,Санкт-Петербург,real_estate_agent,2rooms,2,59.8,4.107589788972121,4.0,4.0,1.0,False,True,Центральный,Лиговский проспект,unknown,59.9167005,30.3613148,house,3.5847902807437744,0.6550562702512975,True,11000000.0,16.213405921671733,183946.4882943144,12.122405606154919,121,33000000.0,472702.7027027027,281949.93412384717,660000.0,24,40793354.0,559365.9691809656,362959.79469632165,605192.2549517521,6,9900000.0,210892.16306607611,164627.9706740875,331240.70945945947,261,20999000.0,338071.4560122935,216386.55462184874,497250.0
326190016,cian,2026-05-04T21:44:10.932042+00:00,Санкт-Петербург,developer,2rooms,2,82.24,4.421728001525434,3.0,9.0,0.3333333333333333,False,False,Адмиралтейский,Нарвская,Остров первых,59.9229751,30.2775142,street,2.6783220944771378,2.4169551644469367,True,72988000.0,18.105805615739445,887500.0,13.696164927091637,73,19300000.0,451851.85185185185,325510.20408163266,515585.6263228786,9,26794985.0,477825.03587944503,452700.0,490435.42375627934,7,20544750.0,459300.00000000006,250702.4988213107,494700.0,261,20999000.0,338071.4560122935,216386.55462184874,497250.0
327320041,cian,2026-05-04T21:44:10.932042+00:00,Санкт-Петербург,real_estate_agent,2rooms,2,56.8,4.056988775678332,10.0,25.0,0.4,False,False,Приморский,Проспект Просвещения,Новоорловский,60.0581622,30.2711597,house,13.50740169101804,3.667733341796745,True,14200000.0,16.468752592994022,250000.0,12.429220196836383,119,11000000.0,253120.0,213054.45761967503,301644.1421266091,22,15050000.0,259046.38838475497,211170.17272627258,313750.0,35,9900000.0,229117.64705882352,178772.9364833445,279693.9024390244,261,20999000.0,338071.4560122935,216386.55462184874,497250.0
329301246,cian,2026-05-04T21:44:10.932042+00:00,Санкт-Петербург,real_estate_agent,2rooms,2,52.4,3.977810745966149,6.0,12.0,0.5,False,False,Приморский,Старая Деревня,unknown,60.0009618,30.2356257,house,8.194828488930568,1.6060201264727174,True,11000000.0,16.213405921671733,209923.66412213742,12.254504003060665,119,11000000.0,253120.0,213054.45761967503,301644.1421266091,22,15050000.0,259046.38838475497,211170.17272627258,313750.0,10,12849999.5,239117.1153240119,215743.79752066117,283249.985,261,20999000.0,338071.4560122935,216386.55462184874,497250.0
323563045,cian,2026-05-04T21:44:10.932042+00:00,Санкт-Петербург,developer,2rooms,2,56.91,4.058890081237698,12.0,17.0,0.7058823529411765,False,False,Василеостровский,Приморская,Новая Земля ЖК,59.9592183,30.2196308,street,5.738265656122821,1.351573980586542,True,22336606.0,16.921737460034578,392490.00175716047,12.880268890482345,165,23000000.0,425718.0832915203,357142.85714285716,499334.2210386152,35,24500000.0,392490.00175716047,339750.86965418456,458291.5943265122,73,22280000.0,414540.0,355671.14093959733,468620.6724137931,261,20999000.0,338071.4560122935,216386.55462184874,497250.0
328647660,cian,2026-05-04T21:44:10.932042+00:00,Санкт-Петербург,real_estate_agent,2rooms,2,51.7,3.964615455547317,11.0,16.0,0.6875,False,False,Калининский,Проспект Просвещения,unknown,60.042554,30.377106,house,12.078588706268564,2.526296971445231,True,9450000.0,16.061525405290027,182785.2998065764,12.116072988840047,53,10624445.0,291095.8904109589,210032.36245954694,359100.0,14,11575000.0,227051.32579326077,183828.1052897149,286715.3508984748,35,9900000.0,229117.64705882352,178772.9364833445,279693.9024390244,261,20999000.0,338071.4560122935,216386.55462184874,497250.0
319861474,cian,2026-05-04T21:44:10.932042+00:00,Санкт-Петербург,developer,2rooms,2,58.98,4.094011173320863,2.0,10.0,0.2,False,False,Фрунзенский,Обводный канал,Дом на Курской,59.9106223,30.3567235,house,3.914025843914734,0.5622205224014537,True,23205563.0,16.95990263546871,393447.99932180403,12.882706730617167,36,11675000.0,275360.4958677686,194624.98710409575,392205.28341254056,11,10500000.0,209580.8383233533,176024.05910339224,361519.99209946534,20,17343499.5,385522.5051466804,295973.35138216015,426557.9919079805,261,20999000.0,338071.4560122935,216386.55462184874,497250.0
329456027,cian,2026-05-04T21:44:10.932042+00:00,Санкт-Петербург,real_estate_agent,2rooms,2,66.7,4.215086179918229,8.0,20.0,0.4,False,False,Кировский,Юго-Западная,unknown,59.8614243,30.2427677,house,9.458681665598274,0.6206806800136151,True,18500000.0,16.733281344102608,277361.31934032985,12.533079942525882,23,9549000.0,189523.80952380953,167164.71534237044,209193.37893257206,5,10300000.0,216386.55462184874,208949.67177242888,222807.01754385966,49,8600000.0,227835.03496503495,191335.74007220217,261158.53658536586,261,20999000.0,338071.4560122935,216386.55462184874,497250.0
328906693,cian,2026-05-04T21:44:10.932042+00:00,Санкт-Петербург,real_estate_agent,2rooms,2,61.9,4.141546163706395,2.0,16.0,0.125,False,False,Приморский,Комендантский проспект,unknown,60.0043006,30.2215328,house,8.938892529556865,2.001358899851812,True,12995000.0,16.3800753030104,209935.37964458804,12.25455980972636,119,11000000.0,253120.0,213054.45761967503,301644.1421266091,22,15050000.0,259046.38838475497,211170.17272627258,313750.0,62,11400000.0,258025.86534804112,212350.63966555786,313750.0,261,20999000.0,338071.4560122935,216386.55462184874,497250.0
326828728,cian,2026-05-04T21:44:10.932042+00:00,Санкт-Петербург,developer,2rooms,2,64.73,4.185555442275485,6.0,10.0,0.6,False,False,Василеостровский,Приморская,Северный Ветер ЖК,59.9592183,30.2196308,street,5.738265656122821,1.351573980586542,True,25360000.0,17.048683726965475,391781.2451722539,12.878461467417418,165,23000000.0,425718.0832915203,357142.85714285716,499334.2210386152,35,24500000.0,392490.00175716047,339750.86965418456,458291.5943265122,73,22280000.0,414540.0,355671.14093959733,468620.6724137931,261,20999000.0,338071.4560122935,216386.55462184874,497250.0
284389815,cian,2026-05-04T21:44:10.932042+00:00,Санкт-Петербург,real_estate_agent,2rooms,2,92.8,4.541164856012179,3.0,6.0,0.5,False,False,Центральный,Чернышевская,unknown,59.9405941,30.3609433,house,2.6185312602535458,0.363571693778188,True,23450000.0,16.970381095500485,252693.9655172414,12.439938370412655,121,33000000.0,472702.7027027027,281949.93412384717,660000.0,24,40793354.0,559365.9691809656,362959.79469632165,605192.2549517521,32,49135000.0,503583.5303388495,276041.2961878758,803855.975485189,261,20999000.0,338071.4560122935,216386.55462184874,497250.0
329231825,cian,2026-05-04T21:44:10.932042+00:00,Санкт-Петербург,developer,2rooms,2,56.2,4.046553898385752,3.0,12.0,0.25,False,False,Пушкинский,Купчино,Солар Парк,59.7318379,30.4244923,district,23.803942467635743,11.048014142033765,True,9051511.0,16.01844237354437,161058.91459074733,11.989531715054769,43,7166266.0,202797.2027972028,163053.72914003386,232898.85297184568,7,7400000.0,168269.23076923075,154973.9017398181,178399.31186603912,32,7495000.0,211094.97047056584,198690.38857472915,238287.2080291971,261,20999000.0,338071.4560122935,216386.55462184874,497250.0
327104361,cian,2026-05-04T21:45:05.727665+00:00,Санкт-Петербург,developer,3rooms,3,146.29,4.992403432501452,24.0,24.0,1.0,False,True,Московский,Московская,Шепилевский,59.849138,30.3330533,house,10.00374684917548,0.6652520961310535,True,173836407.0,18.973625231020648,1188300.0,13.988035113816096,115,14600000.0,338071.4560122935,232688.51778861112,440766.12903225806,20,28076550.5,366114.05528722645,201918.5053526095,425404.8361331547,34,19750000.0,368624.6176101299,230362.88470372072,720562.5,255,32901180.0,376046.2225475842,221458.86039886042,532006.0691945107
317260334,cian,2026-05-04T21:45:05.727665+00:00,Санкт-Петербург,real_estate_agent,3rooms,3,126.4,4.847331743138063,22.0,25.0,0.88,False,False,Приморский,Комендантский проспект,Юнтоловская перспектива,60.0233497,30.2202117,house,10.774336140398828,2.7219367061918307,True,32000000.0,17.281246492014,253164.5569620253,12.441798929043442,119,11000000.0,253120.0,213054.45761967503,301644.1421266091,18,17641589.0,218426.67944535988,201216.73486983735,292694.42405561253,62,11400000.0,258025.86534804112,212350.63966555786,313750.0,255,32901180.0,376046.2225475842,221458.86039886042,532006.0691945107
329557468,cian,2026-05-04T21:45:05.727665+00:00,Санкт-Петербург,real_estate_agent,3rooms,3,55.9,4.041295341132285,5.0,5.0,1.0,False,True,Московский,Московская,unknown,59.8548822,30.3091548,house,9.313092140758837,0.98473680730799,True,9300000.0,16.04552506565036,166368.5152057245,12.021966588697055,115,14600000.0,338071.4560122935,232688.51778861112,440766.12903225806,20,28076550.5,366114.05528722645,201918.5053526095,425404.8361331547,34,19750000.0,368624.6176101299,230362.88470372072,720562.5,255,32901180.0,376046.2225475842,221458.86039886042,532006.0691945107
323514189,cian,2026-05-04T21:45:05.727665+00:00,Санкт-Петербург,developer,3rooms,3,152.1,5.031091302663638,1.0,7.0,0.1428571428571428,True,False,Василеостровский,Василеостровская,Амо,59.9392754,30.2438761,district,3.9122015596226105,2.100112668540487,True,66252129.0,18.008978173257173,435582.70216962526,12.984442254670714,165,23000000.0,425718.0832915203,357142.85714285716,499334.2210386152,32,38017655.5,429395.0020052135,337823.9487244068,499983.1651804457,43,27900960.0,403090.15256588074,244769.5453830423,459065.00739980966,255,32901180.0,376046.2225475842,221458.86039886042,532006.0691945107
327531219,cian,2026-05-04T21:45:05.727665+00:00,Санкт-Петербург,real_estate_agent,3rooms,3,135.0,4.912654885736052,3.0,4.0,0.75,False,False,Василеостровский,Горный институт,Гранвиль,59.9343896,30.2762373,house,2.1604503565119124,0.8663716834124094,True,96000000.0,18.379858759848776,711111.1111111111,13.474585377242692,165,23000000.0,425718.0832915203,357142.85714285716,499334.2210386152,32,38017655.5,429395.0020052135,337823.9487244068,499983.1651804457,49,24258479.0,491000.0,424440.0,576720.0,255,32901180.0,376046.2225475842,221458.86039886042,532006.0691945107
329601196,cian,2026-05-04T21:45:05.727665+00:00,Санкт-Петербург,realtor,3rooms,3,57.5,4.069026754237811,4.0,9.0,0.4444444444444444,False,False,Колпинский,Шушары,unknown,59.7392929,30.6112174,house,27.689136728398264,13.470036197687126,True,8400000.0,15.943742382861156,146086.95652173914,11.891964161224903,11,7500000.0,146086.95652173914,130873.39590877327,169611.3344988345,4,9425000.0,145612.922705314,141015.40165809033,148297.61175750155,18,7450000.0,145612.922705314,128822.01343198246,164048.5800516345,255,32901180.0,376046.2225475842,221458.86039886042,532006.0691945107
325166603,cian,2026-05-04T21:45:05.727665+00:00,Санкт-Петербург,developer,3rooms,3,136.6,4.924350925499243,2.0,7.0,0.2857142857142857,False,False,Василеостровский,Василеостровская,Клубный дом Монодом Лайн,59.9392754,30.2438761,district,3.9122015596226105,2.100112668540487,True,51367914.0,17.754524313727973,376046.2225475842,12.837470006367905,165,23000000.0,425718.0832915203,357142.85714285716,499334.2210386152,32,38017655.5,429395.0020052135,337823.9487244068,499983.1651804457,43,27900960.0,403090.15256588074,244769.5453830423,459065.00739980966,255,32901180.0,376046.2225475842,221458.86039886042,532006.0691945107
323493413,cian,2026-05-04T21:45:05.727665+00:00,Санкт-Петербург,real_estate_agent,3rooms,3,248.2,5.518255786913298,3.0,9.0,0.3333333333333333,False,False,Центральный,Звенигородская,Фонтанка 76,59.9257473,30.3368383,house,1.9097730943459927,0.3487788861112008,True,340000000.0,19.644456178515657,1369863.0136986303,14.130222032803708,121,33000000.0,472702.7027027027,281949.93412384717,660000.0,34,57990625.0,558008.4759455165,353212.3355366919,743727.5985663083,4,66745000.0,703716.3795544135,404595.1469180352,1043513.2957292506,255,32901180.0,376046.2225475842,221458.86039886042,532006.0691945107
329587096,cian,2026-05-04T21:45:05.727665+00:00,Санкт-Петербург,homeowner,3rooms,3,55.0,4.02535169073515,2.0,5.0,0.4,False,False,Приморский,Старая Деревня,unknown,59.9869487,30.263715,house,6.063637468046704,0.6173767779594427,True,11700000.0,16.275099485238066,212727.27272727274,12.267770915379165,119,11000000.0,253120.0,213054.45761967503,301644.1421266091,18,17641589.0,218426.67944535988,201216.73486983735,292694.42405561253,10,12849999.5,239117.1153240119,215743.79752066117,283249.985,255,32901180.0,376046.2225475842,221458.86039886042,532006.0691945107
327096130,cian,2026-05-04T21:45:05.727665+00:00,Санкт-Петербург,developer,3rooms,3,112.71,4.733651347636632,11.0,11.0,1.0,False,True,Московский,Московские ворота,Коллекционный Дом 1919,59.8919464,30.3243918,house,5.219272998900943,0.2270682020503592,True,119275358.0,18.5969453192131,1058250.0044361637,13.872128107530996,115,14600000.0,338071.4560122935,232688.51778861112,440766.12903225806,20,28076550.5,366114.05528722645,201918.5053526095,425404.8361331547,16,30457890.5,569999.7957895484,441149.1935483871,668525.0,255,32901180.0,376046.2225475842,221458.86039886042,532006.0691945107
327447435,cian,2026-05-04T21:45:05.727665+00:00,Санкт-Петербург,real_estate_agent,3rooms,3,156.6,5.060060177423779,5.0,8.0,0.625,False,False,Петроградский,Крестовский остров,Grand View,59.9606621,30.2526904,house,4.208397160229705,1.2285636768045898,True,75000000.0,18.13299868483392,478927.2030651341,13.079305975941702,215,74551226.0,688500.0,513014.51612903224,950757.9850893903,52,76671250.0,575235.4166666667,444450.91347119055,896417.8571428572,69,105000000.0,775889.9676375405,607500.0,1050000.0,255,32901180.0,376046.2225475842,221458.86039886042,532006.0691945107
305030794,cian,2026-05-04T21:45:05.727665+00:00,Санкт-Петербург,homeowner,3rooms,3,58.0,4.07753744390572,3.0,12.0,0.25,False,False,Приморский,Пионерская,unknown,59.9971212,30.3228282,house,6.525373382210644,1.5023789914541907,True,11000000.0,16.213405921671733,189655.1724137931,12.152968092929598,119,11000000.0,253120.0,213054.45761967503,301644.1421266091,18,17641589.0,218426.67944535988,201216.73486983735,292694.42405561253,6,10999364.0,250931.05773122894,191239.14657092388,349044.85411604866,255,32901180.0,376046.2225475842,221458.86039886042,532006.0691945107
323618260,cian,2026-05-04T21:45:05.727665+00:00,Санкт-Петербург,developer,3rooms,3,73.99,4.317354771313298,6.0,10.0,0.6,False,False,Адмиралтейский,Нарвская,Остров первых,59.9229751,30.2775142,street,2.6783220944771378,2.4169551644469367,True,33983607.0,17.341388848677298,459300.00000000006,13.037461047537729,73,19300000.0,451851.85185185185,325510.20408163266,515585.6263228786,11,41008590.0,475667.0310116929,456400.0,494222.6890756303,7,20544750.0,459300.00000000006,250702.4988213107,494700.0,255,32901180.0,376046.2225475842,221458.86039886042,532006.0691945107
326781793,cian,2026-05-04T21:45:05.727665+00:00,Санкт-Петербург,real_estate_agent,3rooms,3,111.6,4.72384171570559,1.0,3.0,0.3333333333333333,True,False,Центральный,Чернышевская,unknown,59.9483175,30.3405052,house,1.8248689953257224,1.3187687475800145,True,80900000.0,18.20872439438966,724910.394265233,13.493804711561399,121,33000000.0,472702.7027027027,281949.93412384717,660000.0,34,57990625.0,558008.4759455165,353212.3355366919,743727.5985663083,32,49135000.0,503583.5303388495,276041.2961878758,803855.975485189,255,32901180.0,376046.2225475842,221458.86039886042,532006.0691945107
327096252,cian,2026-05-04T21:45:05.727665+00:00,Санкт-Петербург,developer,3rooms,3,109.17,4.702024627351974,3.0,8.0,0.375,False,False,Петроградский,Спортивная,17/33 Петровский остров,59.9584536,30.2693359,street,3.329696422532838,1.4795804670455333,True,96691869.0,18.387039882431985,885700.0,13.694134700847506,215,74551226.0,688500.0,513014.51612903224,950757.9850893903,52,76671250.0,575235.4166666667,444450.91347119055,896417.8571428572,44,38450000.0,636691.4335664336,466248.48787486635,964962.5076891531,255,32901180.0,376046.2225475842,221458.86039886042,532006.0691945107
327744522,cian,2026-05-04T21:45:05.727665+00:00,Санкт-Петербург,real_estate_agent,3rooms,3,153.4,5.039546637590676,2.0,3.0,0.6666666666666666,False,False,Петроградский,Черная речка,Del Arte,59.9753099,30.2870396,house,4.351067385435871,1.3185900315248,True,177177000.0,18.99265979651526,1155000.0,13.959611767738522,215,74551226.0,688500.0,513014.51612903224,950757.9850893903,52,76671250.0,575235.4166666667,444450.91347119055,896417.8571428572,19,44200000.0,500658.7615283267,347389.5582329317,945000.0,255,32901180.0,376046.2225475842,221458.86039886042,532006.0691945107
328873459,cian,2026-05-04T21:45:05.727665+00:00,Санкт-Петербург,real_estate_agent,3rooms,3,68.4,4.239886867512759,2.0,6.0,0.3333333333333333,False,False,Петроградский,Чкаловская,unknown,59.9606139,30.294888,house,2.671386997896599,0.2201258529613781,True,16500000.0,16.61887099947687,241228.07017543857,12.393502259688256,215,74551226.0,688500.0,513014.51612903224,950757.9850893903,52,76671250.0,575235.4166666667,444450.91347119055,896417.8571428572,50,65500613.5,676550.1672240803,551580.3395021516,840090.1701805224,255,32901180.0,376046.2225475842,221458.86039886042,532006.0691945107
315713731,cian,2026-05-04T21:45:05.727665+00:00,Санкт-Петербург,developer,3rooms,3,74.3,4.321480134805848,2.0,17.0,0.1176470588235294,False,False,Невский,Улица Дыбенко,Апарт-комплекс Зум на Неве,59.9040938,30.4498862,house,8.484472384652422,1.9125226376565383,True,12003908.0,16.300742904707263,161560.0,11.992638059309098,75,8462886.0,214129.9972504812,190613.3732947499,276627.69547325105,11,13500000.0,190548.7804878049,170270.89224262052,214891.08558176234,23,10571122.0,226660.0,199068.28017997573,283016.46808134136,255,32901180.0,376046.2225475842,221458.86039886042,532006.0691945107
327427776,cian,2026-05-04T21:45:05.727665+00:00,Санкт-Петербург,realtor,3rooms,3,94.6,4.560172820057356,9.0,14.0,0.6428571428571429,False,False,Московский,Московские ворота,Квартал Che,59.8971667,30.3310362,house,4.702885920092814,0.8626418512884423,True,36890000.0,17.423451096680477,389957.7167019028,12.873796157892329,115,14600000.0,338071.4560122935,232688.51778861112,440766.12903225806,20,28076550.5,366114.05528722645,201918.5053526095,425404.8361331547,16,30457890.5,569999.7957895484,441149.1935483871,668525.0,255,32901180.0,376046.2225475842,221458.86039886042,532006.0691945107
328628523,cian,2026-05-04T21:45:05.727665+00:00,Санкт-Петербург,real_estate_agent,3rooms,3,63.0,4.158883083359672,5.0,9.0,0.5555555555555556,False,False,Выборгский,Проспект Просвещения,unknown,60.0495775,30.3623019,house,12.627897601886426,1.4823934125801062,True,10600000.0,16.176364653421913,168253.96825396825,12.033235776069327,68,11500000.0,242464.8327306462,201785.625,296143.7908496732,15,15800000.0,224719.1011235955,193256.81492109038,266349.41422838287,35,9900000.0,229117.64705882352,178772.9364833445,279693.9024390244,255,32901180.0,376046.2225475842,221458.86039886042,532006.0691945107
315649997,cian,2026-05-04T21:45:05.727665+00:00,Санкт-Петербург,developer,3rooms,3,74.37,4.322409317855379,2.0,4.0,0.5,False,False,Кронштадтский,unknown,Кронфорт.Центральный,59.999645,29.7499966,street,32.1174157297947,,False,19003022.0,16.76010862973797,255519.99462148713,12.451059855979958,15,12700000.0,289519.9957228401,255879.99731074355,297840.0049140222,3,21924192.0,255519.99462148713,254839.99731074358,259199.99731074355,47,19900000.0,390000.0,255879.99731074355,517735.35515320336,255,32901180.0,376046.2225475842,221458.86039886042,532006.0691945107
313542303,cian,2026-05-04T21:45:05.727665+00:00,Санкт-Петербург,real_estate_agent,3rooms,3,121.9,4.811371016571989,6.0,7.0,0.8571428571428571,False,False,Центральный,Площадь Ленина,Приоритет,59.9497714,30.3504672,house,2.375934349449239,0.7550475437948494,True,195040000.0,19.088715228824388,1600000.0,14.285514812209815,121,33000000.0,472702.7027027027,281949.93412384717,660000.0,34,57990625.0,558008.4759455165,353212.3355366919,743727.5985663083,7,80000000.0,490196.0784313726,310500.6884045804,1162007.8343270256,255,32901180.0,376046.2225475842,221458.86039886042,532006.0691945107
327316931,cian,2026-05-04T21:45:05.727665+00:00,Санкт-Петербург,real_estate_agent,3rooms,3,59.3,4.09933210373314,1.0,7.0,0.1428571428571428,True,False,Василеостровский,Василеостровская,unknown,59.9392754,30.2438761,district,3.9122015596226105,2.100112668540487,True,9800000.0,16.097893045681612,165261.38279932548,12.015289688639221,165,23000000.0,425718.0832915203,357142.85714285716,499334.2210386152,32,38017655.5,429395.0020052135,337823.9487244068,499983.1651804457,43,27900960.0,403090.15256588074,244769.5453830423,459065.00739980966,255,32901180.0,376046.2225475842,221458.86039886042,532006.0691945107
318135801,cian,2026-05-04T21:45:05.727665+00:00,Санкт-Петербург,developer,3rooms,3,84.9,4.45318382899021,13.0,14.0,0.9285714285714286,False,False,Василеостровский,Приморская,Морская набережная.СиВью,59.9322507,30.1943829,house,6.706231020796219,2.7009535079268074,True,31752600.0,17.273485201207453,374000.0,12.832013750189885,165,23000000.0,425718.0832915203,357142.85714285716,499334.2210386152,32,38017655.5,429395.0020052135,337823.9487244068,499983.1651804457,73,22280000.0,414540.0,355671.14093959733,468620.6724137931,255,32901180.0,376046.2225475842,221458.86039886042,532006.0691945107
313402760,cian,2026-05-04T21:45:05.727665+00:00,Санкт-Петербург,real_estate_agent,3rooms,3,180.8,5.202907181743378,7.0,7.0,1.0,False,True,Центральный,Чернышевская,Приоритет,59.9497714,30.3504672,house,2.375934349449239,0.9402311467641334,True,271200000.0,19.418367117717832,1500000.0,14.220976332738882,121,33000000.0,472702.7027027027,281949.93412384717,660000.0,34,57990625.0,558008.4759455165,353212.3355366919,743727.5985663083,32,49135000.0,503583.5303388495,276041.2961878758,803855.975485189,255,32901180.0,376046.2225475842,221458.86039886042,532006.0691945107
324946649,cian,2026-05-04T21:45:05.727665+00:00,Санкт-Петербург,real_estate_agent,3rooms,3,53.0,3.9889840465642745,5.0,5.0,1.0,False,True,Петроградский,Петроградская,unknown,59.9595768,30.3053421,house,2.382950763490073,0.8703615549459568,True,15500000.0,16.5563506464056,292452.8301886792,12.586062087686345,215,74551226.0,688500.0,513014.51612903224,950757.9850893903,52,76671250.0,575235.4166666667,444450.91347119055,896417.8571428572,37,50900000.0,459966.6388657214,414269.2750287687,650000.0,255,32901180.0,376046.2225475842,221458.86039886042,532006.0691945107
329186632,cian,2026-05-04T21:45:05.727665+00:00,Санкт-Петербург,developer,3rooms,3,91.68,4.529152699564175,2.0,11.0,0.1818181818181818,False,False,Красногвардейский,Новочеркасская,Альпен,59.9382662,30.4172837,house,5.74755292021316,1.1483796343225738,True,54212186.0,17.808416293532886,591319.6553228621,13.290113713251682,65,10300000.0,250000.0,202169.11764705883,415701.00840336137,11,26606745.0,350550.0,190146.1072056239,446179.5017584994,28,25104484.5,444642.74811083125,355837.5,512076.8111093196,255,32901180.0,376046.2225475842,221458.86039886042,532006.0691945107
313402766,cian,2026-05-04T21:45:05.727665+00:00,Санкт-Петербург,real_estate_agent,3rooms,3,139.2,4.94306997460049,2.0,7.0,0.2857142857142857,False,False,Центральный,Чернышевская,Приоритет,59.9497714,30.3504672,house,2.375934349449239,0.9402311467641334,True,139200000.0,18.7514223130485,1000000.0000000001,13.815511557963774,121,33000000.0,472702.7027027027,281949.93412384717,660000.0,34,57990625.0,558008.4759455165,353212.3355366919,743727.5985663083,32,49135000.0,503583.5303388495,276041.2961878758,803855.975485189,255,32901180.0,376046.2225475842,221458.86039886042,532006.0691945107
328563614,cian,2026-05-04T21:45:05.727665+00:00,Санкт-Петербург,developer,3rooms,3,62.09,4.144562278382718,4.0,12.0,0.3333333333333333,False,False,Василеостровский,Приморская,Северный Ветер ЖК,59.9592183,30.2196308,street,5.738265656122821,1.351573980586542,True,23440000.0,16.9699545653352,377516.5082944113,12.84137222618356,165,23000000.0,425718.0832915203,357142.85714285716,499334.2210386152,32,38017655.5,429395.0020052135,337823.9487244068,499983.1651804457,73,22280000.0,414540.0,355671.14093959733,468620.6724137931,255,32901180.0,376046.2225475842,221458.86039886042,532006.0691945107
313542867,cian,2026-05-04T21:45:05.727665+00:00,Санкт-Петербург,real_estate_agent,3rooms,3,120.4,4.799090878625398,5.0,7.0,0.7142857142857143,False,False,Центральный,Чернышевская,Приоритет,59.9497714,30.3504672,house,2.375934349449239,0.9402311467641334,True,180600000.0,19.01179520448425,1500000.0,14.220976332738882,121,33000000.0,472702.7027027027,281949.93412384717,660000.0,34,57990625.0,558008.4759455165,353212.3355366919,743727.5985663083,32,49135000.0,503583.5303388495,276041.2961878758,803855.975485189,255,32901180.0,376046.2225475842,221458.86039886042,532006.0691945107
324061596,cian,2026-05-04T21:45:05.727665+00:00,Санкт-Петербург,real_estate_agent,3rooms,3,55.2,4.028916756899646,5.0,5.0,1.0,False,True,Петроградский,Чкаловская,unknown,59.9659471,30.2966089,house,3.193001751980647,0.629732249647264,True,13900000.0,16.447399470043365,251811.59420289853,12.436440416033006,215,74551226.0,688500.0,513014.51612903224,950757.9850893903,52,76671250.0,575235.4166666667,444450.91347119055,896417.8571428572,50,65500613.5,676550.1672240803,551580.3395021516,840090.1701805224,255,32901180.0,376046.2225475842,221458.86039886042,532006.0691945107
305677073,cian,2026-05-04T21:45:05.727665+00:00,Санкт-Петербург,developer,3rooms,3,84.55,4.449101000338202,4.0,10.0,0.4,False,False,Центральный,Площадь Александра Невского,Новгородская 8,59.934866,30.3827,house,3.8437740099103066,1.1846185481164042,True,41250084.0,17.535163731348902,487877.98935541103,13.097822681452634,121,33000000.0,472702.7027027027,281949.93412384717,660000.0,34,57990625.0,558008.4759455165,353212.3355366919,743727.5985663083,35,35693422.0,625000.0,555289.7769297812,706503.2363162467,255,32901180.0,376046.2225475842,221458.86039886042,532006.0691945107
319269697,cian,2026-05-04T21:45:05.727665+00:00,Санкт-Петербург,real_estate_agent,3rooms,3,236.1,5.46848199307136,4.0,4.0,1.0,False,True,Адмиралтейский,Василеостровская,unknown,59.9299382,30.2868677,house,1.7969744080466834,1.5825714004021425,True,129000000.0,18.67532297007788,546378.6531130876,13.211069348465362,73,19300000.0,451851.85185185185,325510.20408163266,515585.6263228786,11,41008590.0,475667.0310116929,456400.0,494222.6890756303,43,27900960.0,403090.15256588074,244769.5453830423,459065.00739980966,255,32901180.0,376046.2225475842,221458.86039886042,532006.0691945107
329605095,cian,2026-05-04T21:45:05.727665+00:00,Санкт-Петербург,realtor,3rooms,3,59.9,4.109233174715851,4.0,5.0,0.8,False,False,Московский,Звездная,unknown,59.8395458,30.3459677,house,11.15687689302071,0.6238312302931797,True,11500000.0,16.257857680289998,191986.6444073456,12.165186296894161,115,14600000.0,338071.4560122935,232688.51778861112,440766.12903225806,20,28076550.5,366114.05528722645,201918.5053526095,425404.8361331547,43,9590757.0,294827.5862068966,224474.7194575878,354639.3791256695,255,32901180.0,376046.2225475842,221458.86039886042,532006.0691945107
318135041,cian,2026-05-04T21:45:05.727665+00:00,Санкт-Петербург,developer,3rooms,3,87.7,4.485259889315534,5.0,8.0,0.625,False,False,Петроградский,Спортивная,NEVA RESIDENCE,59.9581113,30.2677113,house,3.373353959702625,1.5414762901508554,True,49874990.0,17.72503025272316,568700.0,13.251110091689688,215,74551226.0,688500.0,513014.51612903224,950757.9850893903,52,76671250.0,575235.4166666667,444450.91347119055,896417.8571428572,44,38450000.0,636691.4335664336,466248.48787486635,964962.5076891531,255,32901180.0,376046.2225475842,221458.86039886042,532006.0691945107
327533451,cian,2026-05-04T21:45:05.727665+00:00,Санкт-Петербург,real_estate_agent,3rooms,3,100.0,4.61512051684126,9.0,9.0,1.0,False,True,Центральный,Площадь Александра Невского,Grand House,59.9252343,30.3736242,house,3.634009467597505,0.5932276493237544,True,75000000.0,18.13299868483392,750000.0,13.527829818844937,121,33000000.0,472702.7027027027,281949.93412384717,660000.0,34,57990625.0,558008.4759455165,353212.3355366919,743727.5985663083,35,35693422.0,625000.0,555289.7769297812,706503.2363162467,255,32901180.0,376046.2225475842,221458.86039886042,532006.0691945107
329300577,cian,2026-05-04T21:45:05.727665+00:00,Санкт-Петербург,real_estate_agent,3rooms,3,60.7,4.122283930911342,4.0,9.0,0.4444444444444444,False,False,Калининский,Гражданский проспект,unknown,60.0451759,30.4147841,house,13.106867318978878,1.0914351569428895,True,9500000.0,16.066802461833923,156507.41350906095,11.960865047958588,53,10624445.0,291095.8904109589,210032.36245954694,359100.0,12,12450000.0,216593.35288367548,174655.11440107672,323263.305978898,10,9750000.0,198592.87054409005,177648.37891751586,215814.54222778996,255,32901180.0,376046.2225475842,221458.86039886042,532006.0691945107
329112092,cian,2026-05-04T21:45:05.727665+00:00,Санкт-Петербург,developer,3rooms,3,85.3,4.457829598089382,3.0,14.0,0.2142857142857142,False,False,Красногвардейский,Новочеркасская,Магнифика ЖК,59.9782843,30.4865836,district,10.567148826346545,6.925893961377273,True,34846671.0,17.366468195632393,408519.00351699884,12.920296160301158,65,10300000.0,250000.0,202169.11764705883,415701.00840336137,11,26606745.0,350550.0,190146.1072056239,446179.5017584994,28,25104484.5,444642.74811083125,355837.5,512076.8111093196,255,32901180.0,376046.2225475842,221458.86039886042,532006.0691945107
320601016,cian,2026-05-04T21:45:05.727665+00:00,Санкт-Петербург,real_estate_agent,3rooms,3,108.0,4.691347882229144,7.0,10.0,0.7,False,False,Петроградский,Крестовский остров,Леонтьевский мыс,59.9555078,30.2845444,street,2.498691015670225,2.21947450962041,True,89000000.0,18.30414693893237,824074.074074074,13.622016914054605,215,74551226.0,688500.0,513014.51612903224,950757.9850893903,52,76671250.0,575235.4166666667,444450.91347119055,896417.8571428572,69,105000000.0,775889.9676375405,607500.0,1050000.0,255,32901180.0,376046.2225475842,221458.86039886042,532006.0691945107
323514059,cian,2026-05-04T21:45:05.727665+00:00,Санкт-Петербург,developer,3rooms,3,110.68,4.715637639014062,6.0,8.0,0.75,False,False,Петроградский,Чкаловская,Avant,59.8824022,29.8401575,house,27.150144598488687,26.60346167684475,True,117502317.0,18.58196861901348,1061640.0162631008,13.875326397522707,215,74551226.0,688500.0,513014.51612903224,950757.9850893903,52,76671250.0,575235.4166666667,444450.91347119055,896417.8571428572,50,65500613.5,676550.1672240803,551580.3395021516,840090.1701805224,255,32901180.0,376046.2225475842,221458.86039886042,532006.0691945107
322240341,cian,2026-05-04T21:45:05.727665+00:00,Санкт-Петербург,real_estate_agent,3rooms,3,114.0,4.74493212836325,8.0,13.0,0.6153846153846154,False,False,Петроградский,Чкаловская,Премьер Палас,59.9635302,30.2717962,house,3.6376973820088874,1.1056692552103768,True,71500000.0,18.08520802165025,627192.9824561403,13.349011153674065,215,74551226.0,688500.0,513014.51612903224,950757.9850893903,52,76671250.0,575235.4166666667,444450.91347119055,896417.8571428572,50,65500613.5,676550.1672240803,551580.3395021516,840090.1701805224,255,32901180.0,376046.2225475842,221458.86039886042,532006.0691945107
292149080,cian,2026-05-04T21:45:05.727665+00:00,Санкт-Петербург,real_estate_agent,3rooms,3,123.6,4.825108606353353,3.0,10.0,0.3,False,False,Петроградский,Крестовский остров,Леонтьевский мыс,59.9634179,30.2661203,house,3.8408951384594734,0.928668863030636,True,95900000.0,18.3788165502812,775889.9676375405,13.56176728367179,215,74551226.0,688500.0,513014.51612903224,950757.9850893903,52,76671250.0,575235.4166666667,444450.91347119055,896417.8571428572,69,105000000.0,775889.9676375405,607500.0,1050000.0,255,32901180.0,376046.2225475842,221458.86039886042,532006.0691945107
325274960,cian,2026-05-04T21:45:05.727665+00:00,Санкт-Петербург,real_estate_agent,3rooms,3,57.8,4.074141854904581,8.0,9.0,0.8888888888888888,False,False,Невский,Проспект Большевиков,unknown,59.9240033,30.499041,house,10.43066234217612,1.7828292247382962,True,9590000.0,16.076231551134903,165916.95501730105,12.019248698274701,75,8462886.0,214129.9972504812,190613.3732947499,276627.69547325105,11,13500000.0,190548.7804878049,170270.89224262052,214891.08558176234,13,11950000.0,215652.1739130435,184986.59517426274,279835.39094650204,255,32901180.0,376046.2225475842,221458.86039886042,532006.0691945107
328767337,cian,2026-05-04T21:45:05.727665+00:00,Санкт-Петербург,developer,3rooms,3,77.4,4.361823927356363,2.0,18.0,0.1111111111111111,False,False,Невский,Улица Дыбенко,Цивилизация на Неве,59.8707938,30.4660326,district,11.340717509043232,4.155616072935183,True,22576806.0,16.93243369836074,291690.0,12.5834503017631,75,8462886.0,214129.9972504812,190613.3732947499,276627.69547325105,11,13500000.0,190548.7804878049,170270.89224262052,214891.08558176234,23,10571122.0,226660.0,199068.28017997573,283016.46808134136,255,32901180.0,376046.2225475842,221458.86039886042,532006.0691945107
304437618,cian,2026-05-04T21:45:05.727665+00:00,Санкт-Петербург,real_estate_agent,3rooms,3,210.0,5.351858133476067,6.0,6.0,1.0,False,True,Центральный,Гостиный двор,unknown,59.9430407,30.3241372,house,0.7458888793798548,1.0822370075662748,True,135000000.0,18.72078534381011,642857.1428571428,13.37367936123958,121,33000000.0,472702.7027027027,281949.93412384717,660000.0,34,57990625.0,558008.4759455165,353212.3355366919,743727.5985663083,4,115000000.0,463409.2542971048,427233.5875822172,521291.2087912088,255,32901180.0,376046.2225475842,221458.86039886042,532006.0691945107
312232639,cian,2026-05-04T21:45:05.727665+00:00,Санкт-Петербург,real_estate_agent,3rooms,3,82.9,4.429625613473161,9.0,9.0,1.0,False,True,Пушкинский,Шушары,Вариант,59.7564948,30.4646723,house,21.92618729131149,7.283799990937397,True,10097000.0,16.127749007025773,121797.34620024124,11.710122056171016,43,7166266.0,202797.2027972028,163053.72914003386,232898.85297184568,9,12900000.0,181688.3116883117,125636.94267515923,196013.28903654485,18,7450000.0,145612.922705314,128822.01343198246,164048.5800516345,255,32901180.0,376046.2225475842,221458.86039886042,532006.0691945107
326400509,cian,2026-05-04T21:45:05.727665+00:00,Санкт-Петербург,developer,3rooms,3,79.23,4.3848975097655645,2.0,10.0,0.2,False,False,Василеостровский,Горный институт,Легенда Васильевского ЖК,59.8637294,30.258942,house,8.875259754562878,7.658531360896451,True,31082721.0,17.252162660066357,392309.99621355545,12.879810161918382,165,23000000.0,425718.0832915203,357142.85714285716,499334.2210386152,32,38017655.5,429395.0020052135,337823.9487244068,499983.1651804457,49,24258479.0,491000.0,424440.0,576720.0,255,32901180.0,376046.2225475842,221458.86039886042,532006.0691945107
303275552,cian,2026-05-04T21:45:05.727665+00:00,Санкт-Петербург,real_estate_agent,3rooms,3,133.2,4.8993312245375815,23.0,23.0,1.0,False,True,Василеостровский,Приморская,unknown,59.9462026,30.2374836,house,4.350031978035196,0.4519665355912757,True,38250000.0,17.45965414438061,287162.1621621622,12.567805842477409,165,23000000.0,425718.0832915203,357142.85714285716,499334.2210386152,32,38017655.5,429395.0020052135,337823.9487244068,499983.1651804457,73,22280000.0,414540.0,355671.14093959733,468620.6724137931,255,32901180.0,376046.2225475842,221458.86039886042,532006.0691945107
328992239,cian,2026-05-04T21:45:05.727665+00:00,Санкт-Петербург,real_estate_agent,3rooms,3,63.3,4.163559631243574,2.0,4.0,0.5,False,False,Петроградский,Петроградская,unknown,59.96335,30.3114903,house,2.7559116444792213,0.4145439366545386,True,17000000.0,16.648723960844016,268562.4012638231,12.50084229639284,215,74551226.0,688500.0,513014.51612903224,950757.9850893903,52,76671250.0,575235.4166666667,444450.91347119055,896417.8571428572,37,50900000.0,459966.6388657214,414269.2750287687,650000.0,255,32901180.0,376046.2225475842,221458.86039886042,532006.0691945107
322462282,cian,2026-05-04T21:45:05.727665+00:00,Санкт-Петербург,developer,3rooms,3,84.7,4.450852825603734,3.0,12.0,0.25,False,False,Фрунзенский,Обводный канал,Витебский Парк ЖК,59.8661908,30.3921989,district,9.15383191638589,5.859998080474566,True,23607668.0,16.97708217483566,278720.9917355372,12.537970118629415,36,11675000.0,275360.4958677686,194624.98710409575,392205.28341254056,3,23607668.0,278720.9917355372,231953.08846036118,328692.49485754,20,17343499.5,385522.5051466804,295973.35138216015,426557.9919079805,255,32901180.0,376046.2225475842,221458.86039886042,532006.0691945107
322596397,cian,2026-05-04T21:45:05.727665+00:00,Санкт-Петербург,real_estate_agent,3rooms,3,241.0,5.488937726156687,8.0,9.0,0.8888888888888888,False,False,Петроградский,Крестовский остров,Леонтьевский мыс,59.9634179,30.2661203,house,3.8408951384594734,0.928668863030636,True,227000000.0,19.240460579850964,941908.713692946,13.755664703628467,215,74551226.0,688500.0,513014.51612903224,950757.9850893903,52,76671250.0,575235.4166666667,444450.91347119055,896417.8571428572,69,105000000.0,775889.9676375405,607500.0,1050000.0,255,32901180.0,376046.2225475842,221458.86039886042,532006.0691945107
328662093,cian,2026-05-04T21:45:05.727665+00:00,Санкт-Петербург,real_estate_agent,3rooms,3,140.6,4.953006181259619,11.0,12.0,0.9166666666666666,False,False,Петроградский,Чкаловская,Леонтьевский мыс,59.9634179,30.2661203,house,3.8408951384594734,1.4112286278747517,True,77000000.0,18.15931599280497,547652.9160739688,13.213398826413753,215,74551226.0,688500.0,513014.51612903224,950757.9850893903,52,76671250.0,575235.4166666667,444450.91347119055,896417.8571428572,50,65500613.5,676550.1672240803,551580.3395021516,840090.1701805224,255,32901180.0,376046.2225475842,221458.86039886042,532006.0691945107
325558670,cian,2026-05-04T21:45:05.727665+00:00,Санкт-Петербург,developer,3rooms,3,99.65,4.611649152085801,3.0,9.0,0.3333333333333333,False,False,Василеостровский,Горный институт,МОНОДОМ АРТ,59.9044682,29.7789704,street,30.06287842797851,27.052745316729546,True,42422807.0,17.563196700100953,425718.0832915203,12.961534978839499,165,23000000.0,425718.0832915203,357142.85714285716,499334.2210386152,32,38017655.5,429395.0020052135,337823.9487244068,499983.1651804457,49,24258479.0,491000.0,424440.0,576720.0,255,32901180.0,376046.2225475842,221458.86039886042,532006.0691945107
327693962,cian,2026-05-04T21:45:05.727665+00:00,Санкт-Петербург,real_estate_agent,3rooms,3,173.0,5.159055299214529,2.0,9.0,0.2222222222222222,False,False,Петроградский,Чкаловская,NEVA HAUS,59.9606929,30.2676571,house,3.566874646441068,1.3009140599618536,True,86500000.0,18.2756549834628,500000.0,13.122365377402328,215,74551226.0,688500.0,513014.51612903224,950757.9850893903,52,76671250.0,575235.4166666667,444450.91347119055,896417.8571428572,50,65500613.5,676550.1672240803,551580.3395021516,840090.1701805224,255,32901180.0,376046.2225475842,221458.86039886042,532006.0691945107
327741649,cian,2026-05-04T21:45:05.727665+00:00,Санкт-Петербург,real_estate_agent,3rooms,3,63.0,4.158883083359672,1.0,5.0,0.2,True,False,Выборгский,Площадь Мужества,unknown,59.9975559,30.3469705,house,6.806044435468086,1.099540233499436,True,15800000.0,16.575520561288332,250793.6507936508,12.432389758939486,68,11500000.0,242464.8327306462,201785.625,296143.7908496732,15,15800000.0,224719.1011235955,193256.81492109038,266349.41422838287,6,14300000.0,251935.8130849239,247168.78971816134,255577.18615174157,255,32901180.0,376046.2225475842,221458.86039886042,532006.0691945107
290200391,cian,2026-05-04T21:45:05.727665+00:00,Санкт-Петербург,developer,3rooms,3,141.1,4.956531035103055,5.0,7.0,0.7142857142857143,False,False,Василеостровский,Василеостровская,Клубный дом Манхэттен,59.9392754,30.2438761,district,3.9122015596226105,2.100112668540487,True,86962688.0,18.280989722562254,616319.546420978,13.331522474737929,165,23000000.0,425718.0832915203,357142.85714285716,499334.2210386152,32,38017655.5,429395.0020052135,337823.9487244068,499983.1651804457,43,27900960.0,403090.15256588074,244769.5453830423,459065.00739980966,255,32901180.0,376046.2225475842,221458.86039886042,532006.0691945107
328021355,cian,2026-05-04T21:45:05.727665+00:00,Санкт-Петербург,real_estate_agent,3rooms,3,80.0,4.394449154672439,6.0,10.0,0.6,False,False,Центральный,Лиговский проспект,"Днепропетровская, 37",59.916279,30.35918,house,3.531225595981312,0.6362242203889975,True,28990000.0,17.18246153539249,362375.0,12.800437625792416,121,33000000.0,472702.7027027027,281949.93412384717,660000.0,34,57990625.0,558008.4759455165,353212.3355366919,743727.5985663083,6,9900000.0,210892.16306607611,164627.9706740875,331240.70945945947,255,32901180.0,376046.2225475842,221458.86039886042,532006.0691945107
305409886,cian,2026-05-04T21:45:05.727665+00:00,Санкт-Петербург,developer,3rooms,3,106.13,4.6740430502744665,3.0,10.0,0.3,False,False,Выборгский,Выборгская,Сампсониевский 32,60.0387013,30.3354758,district,11.194080892055434,7.393443777237688,True,51260790.0,17.75243670991653,483000.0,13.087774003025942,68,11500000.0,242464.8327306462,201785.625,296143.7908496732,15,15800000.0,224719.1011235955,193256.81492109038,266349.41422838287,11,28000000.0,447906.52385589096,309612.72306890716,480500.0,255,32901180.0,376046.2225475842,221458.86039886042,532006.0691945107
329616802,cian,2026-05-04T21:45:05.727665+00:00,Санкт-Петербург,unknown,3rooms,3,62.6,4.152613470346076,4.0,8.0,0.5,False,False,Московский,Московская,unknown,59.8625181,30.3277646,house,8.494180966520304,1.6088208827973909,True,25200000.0,17.04235459216419,402555.910543131,12.905591758499497,115,14600000.0,338071.4560122935,232688.51778861112,440766.12903225806,20,28076550.5,366114.05528722645,201918.5053526095,425404.8361331547,34,19750000.0,368624.6176101299,230362.88470372072,720562.5,255,32901180.0,376046.2225475842,221458.86039886042,532006.0691945107
329442912,cian,2026-05-04T21:45:05.727665+00:00,Санкт-Петербург,real_estate_agent,3rooms,3,51.5,3.960813169597578,1.0,9.0,0.1111111111111111,True,False,Кировский,Проспект Ветеранов,unknown,59.8268029,30.2159599,house,13.583811338758055,2.556033288333143,True,8000000.0,15.894952224644102,155339.8058252427,11.9533767294537,23,9549000.0,189523.80952380953,167164.71534237044,209193.37893257206,5,10300000.0,164800.0,160202.36087689715,167464.11483253588,14,8300000.0,177077.9877979245,164294.958968347,214527.33390949378,255,32901180.0,376046.2225475842,221458.86039886042,532006.0691945107
327097113,cian,2026-05-04T21:45:05.727665+00:00,Санкт-Петербург,developer,3rooms,3,66.98,4.21921354426797,3.0,5.0,0.6,False,False,Курортный,Комендантский проспект,BEREG.Курортный,60.0863026,29.9425321,house,26.385229379440663,19.55122660226132,True,26795987.0,17.10376273278216,400059.5252314123,12.899371127721981,49,24506160.0,428400.0,344027.3037542662,554200.0,11,36153000.0,400059.5252314123,390000.0,443325.0,62,11400000.0,258025.86534804112,212350.63966555786,313750.0,255,32901180.0,376046.2225475842,221458.86039886042,532006.0691945107
325722220,cian,2026-05-04T21:45:05.727665+00:00,Санкт-Петербург,real_estate_agent,3rooms,3,64.8,4.186619838331271,4.0,14.0,0.2857142857142857,False,False,Красногвардейский,Проспект Большевиков,unknown,59.9368679,30.4905834,house,9.832389983024036,2.323593092803176,True,9200000.0,16.034714150714915,141975.3086419753,11.863415482114496,65,10300000.0,250000.0,202169.11764705883,415701.00840336137,11,26606745.0,350550.0,190146.1072056239,446179.5017584994,13,11950000.0,215652.1739130435,184986.59517426274,279835.39094650204,255,32901180.0,376046.2225475842,221458.86039886042,532006.0691945107
325624207,cian,2026-05-04T21:45:05.727665+00:00,Санкт-Петербург,real_estate_agent,3rooms,3,69.7,4.258445572902527,5.0,5.0,1.0,False,True,Выборгский,Лесная,unknown,59.9829724,30.3427602,street,5.185493593907049,0.2524698785306424,True,13000000.0,16.380459992348886,186513.62984218076,12.136264959183421,68,11500000.0,242464.8327306462,201785.625,296143.7908496732,15,15800000.0,224719.1011235955,193256.81492109038,266349.41422838287,37,13355877.0,359100.0,250000.0,393258.42696629214,255,32901180.0,376046.2225475842,221458.86039886042,532006.0691945107
328922542,cian,2026-05-04T21:45:05.727665+00:00,Санкт-Петербург,developer,3rooms,3,83.1,4.432006566978902,9.0,10.0,0.9,False,False,Василеостровский,Василеостровская,17 линия ЖК,59.9392754,30.2438761,district,3.9122015596226105,2.100112668540487,True,38499700.0,17.46616103299409,463293.6221419976,13.046118463614507,165,23000000.0,425718.0832915203,357142.85714285716,499334.2210386152,32,38017655.5,429395.0020052135,337823.9487244068,499983.1651804457,43,27900960.0,403090.15256588074,244769.5453830423,459065.00739980966,255,32901180.0,376046.2225475842,221458.86039886042,532006.0691945107
328720160,cian,2026-05-04T21:45:05.727665+00:00,Санкт-Петербург,real_estate_agent,3rooms,3,78.5,4.375757021660286,3.0,6.0,0.5,False,False,Центральный,Площадь Восстания,unknown,59.9340475,30.3789277,house,3.6465041390841946,1.1485184871506708,True,25990000.0,17.07322244509401,331082.8025477707,12.710126802217207,121,33000000.0,472702.7027027027,281949.93412384717,660000.0,34,57990625.0,558008.4759455165,353212.3355366919,743727.5985663083,19,23500000.0,286041.1899313501,208990.40969463505,395977.86089159676,255,32901180.0,376046.2225475842,221458.86039886042,532006.0691945107
327533750,cian,2026-05-04T21:45:05.727665+00:00,Санкт-Петербург,real_estate_agent,3rooms,3,80.8,4.404277243608702,3.0,4.0,0.75,False,False,Московский,Электросила,unknown,59.8743765,30.3334779,house,7.222601821161862,1.0905742639608815,True,19250000.0,16.773021670646116,238242.57425742576,12.381048850564806,115,14600000.0,338071.4560122935,232688.51778861112,440766.12903225806,20,28076550.5,366114.05528722645,201918.5053526095,425404.8361331547,8,19075000.0,350390.51297248725,310177.1663757005,366702.57731958764,255,32901180.0,376046.2225475842,221458.86039886042,532006.0691945107
318141143,cian,2026-05-04T21:45:05.727665+00:00,Санкт-Петербург,developer,3rooms,3,72.55,4.297965447047447,23.0,23.0,1.0,False,True,Красносельский,Юго-Западная,Морская миля ЖК,59.7817643,30.1211838,district,20.49741872906136,10.665474033915457,True,27371664.0,17.125018912195472,377280.0,12.840745546878946,45,8600000.0,223093.96897646284,183937.8238341969,261158.53658536586,4,21480832.0,215480.31782156473,196765.38461538462,261640.47673234713,49,8600000.0,227835.03496503495,191335.74007220217,261158.53658536586,255,32901180.0,376046.2225475842,221458.86039886042,532006.0691945107
326587223,cian,2026-05-04T21:45:05.727665+00:00,Санкт-Петербург,real_estate_agent,3rooms,3,57.2,4.063885354737392,1.0,9.0,0.1111111111111111,True,False,Выборгский,Озерки,unknown,60.0412155,30.3340763,house,11.464296137166317,0.8016462625918513,True,9950000.0,16.11308320963728,173951.04895104896,12.066534959476218,68,11500000.0,242464.8327306462,201785.625,296143.7908496732,15,15800000.0,224719.1011235955,193256.81492109038,266349.41422838287,4,11375000.0,196624.64728254202,165091.6650916651,224894.38053547795,255,32901180.0,376046.2225475842,221458.86039886042,532006.0691945107
325800597,cian,2026-05-04T21:45:05.727665+00:00,Санкт-Петербург,developer,3rooms,3,71.1,4.278054044290903,1.0,4.0,0.25,True,False,Пушкинский,Купчино,Пулково Лэйк ЖК,59.7318379,30.4244923,district,23.803942467635743,11.048014142033765,True,17168517.0,16.658587915811232,241470.00000000003,12.394504662048512,43,7166266.0,202797.2027972028,163053.72914003386,232898.85297184568,9,12900000.0,181688.3116883117,125636.94267515923,196013.28903654485,32,7495000.0,211094.97047056584,198690.38857472915,238287.2080291971,255,32901180.0,376046.2225475842,221458.86039886042,532006.0691945107
320297298,cian,2026-05-04T21:45:05.727665+00:00,Санкт-Петербург,real_estate_agent,3rooms,3,175.5,5.173320876373351,9.0,9.0,1.0,False,True,Петроградский,Петроградская,Мануфактура,59.963267,30.3318845,house,2.9161271239094715,1.278003549943306,True,76342500.0,18.15074036607561,435000.0,12.983103608918753,215,74551226.0,688500.0,513014.51612903224,950757.9850893903,52,76671250.0,575235.4166666667,444450.91347119055,896417.8571428572,37,50900000.0,459966.6388657214,414269.2750287687,650000.0,255,32901180.0,376046.2225475842,221458.86039886042,532006.0691945107
326669575,cian,2026-05-04T21:45:05.727665+00:00,Санкт-Петербург,real_estate_agent,3rooms,3,62.5,4.151039905898646,7.0,9.0,0.7777777777777778,False,False,Кировский,Проспект Ветеранов,unknown,59.8470934,30.2535506,house,10.720934422655564,0.603099645526954,True,10300000.0,16.14765455028724,164800.0,12.012493964400264,23,9549000.0,189523.80952380953,167164.71534237044,209193.37893257206,5,10300000.0,164800.0,160202.36087689715,167464.11483253588,14,8300000.0,177077.9877979245,164294.958968347,214527.33390949378,255,32901180.0,376046.2225475842,221458.86039886042,532006.0691945107
318135746,cian,2026-05-04T21:45:05.727665+00:00,Санкт-Петербург,developer,3rooms,3,69.8,4.259859000699674,3.0,10.0,0.3,False,False,Красногвардейский,Новочеркасская,Большая Охта,59.9428726,30.4216421,house,6.008596021197179,1.7065343832385491,True,24493518.0,17.013919109908315,350910.0,12.768287909042352,65,10300000.0,250000.0,202169.11764705883,415701.00840336137,11,26606745.0,350550.0,190146.1072056239,446179.5017584994,28,25104484.5,444642.74811083125,355837.5,512076.8111093196,255,32901180.0,376046.2225475842,221458.86039886042,532006.0691945107
325792096,cian,2026-05-04T21:45:05.727665+00:00,Санкт-Петербург,real_estate_agent,3rooms,3,99.2,4.607168188650764,6.0,6.0,1.0,False,True,Московский,Московская,unknown,59.8602403,30.3203226,house,8.720120446358491,1.314539379038649,True,49000000.0,17.707330876483063,493951.6129032258,13.11019486627182,115,14600000.0,338071.4560122935,232688.51778861112,440766.12903225806,20,28076550.5,366114.05528722645,201918.5053526095,425404.8361331547,34,19750000.0,368624.6176101299,230362.88470372072,720562.5,255,32901180.0,376046.2225475842,221458.86039886042,532006.0691945107
329339071,cian,2026-05-04T21:45:05.727665+00:00,Санкт-Петербург,real_estate_agent,3rooms,3,55.8,4.039536325727106,5.0,5.0,1.0,False,True,Калининский,Лесная,unknown,59.9747574,30.402379,house,6.349577243493446,3.4351665350085363,True,11490000.0,16.256987736857138,205913.97849462368,12.235218636822747,53,10624445.0,291095.8904109589,210032.36245954694,359100.0,12,12450000.0,216593.35288367548,174655.11440107672,323263.305978898,37,13355877.0,359100.0,250000.0,393258.42696629214,255,32901180.0,376046.2225475842,221458.86039886042,532006.0691945107
326661704,cian,2026-05-04T21:45:05.727665+00:00,Санкт-Петербург,developer,3rooms,3,75.18,4.333098961050458,7.0,17.0,0.4117647058823529,False,False,Василеостровский,Приморская,Бульвар Грина,59.9592183,30.2196308,street,5.738265656122821,1.351573980586542,True,32267256.0,17.289563558865883,429199.99999999994,12.96968061965209,165,23000000.0,425718.0832915203,357142.85714285716,499334.2210386152,32,38017655.5,429395.0020052135,337823.9487244068,499983.1651804457,73,22280000.0,414540.0,355671.14093959733,468620.6724137931,255,32901180.0,376046.2225475842,221458.86039886042,532006.0691945107
327445335,cian,2026-05-04T21:45:05.727665+00:00,Санкт-Петербург,real_estate_agent,3rooms,3,107.2,4.6839813664123815,3.0,17.0,0.1764705882352941,False,False,Василеостровский,Приморская,Белый парус,59.9392754,30.2438761,district,3.9122015596226105,1.2528297696159727,True,28500000.0,17.1654146803266,265858.20895522385,12.490722157998611,165,23000000.0,425718.0832915203,357142.85714285716,499334.2210386152,32,38017655.5,429395.0020052135,337823.9487244068,499983.1651804457,73,22280000.0,414540.0,355671.14093959733,468620.6724137931,255,32901180.0,376046.2225475842,221458.86039886042,532006.0691945107
328346398,cian,2026-05-04T21:45:05.727665+00:00,Санкт-Петербург,real_estate_agent,3rooms,3,56.9,4.05871738457895,2.0,8.0,0.25,False,False,Красногвардейский,Новочеркасская,unknown,59.9552132,30.4226465,house,6.3205807850549816,3.0544841661383573,True,8999999.0,16.012735135300492,158172.2144112478,11.97144600526003,65,10300000.0,250000.0,202169.11764705883,415701.00840336137,11,26606745.0,350550.0,190146.1072056239,446179.5017584994,28,25104484.5,444642.74811083125,355837.5,512076.8111093196,255,32901180.0,376046.2225475842,221458.86039886042,532006.0691945107
319859773,cian,2026-05-04T21:45:05.727665+00:00,Санкт-Петербург,developer,3rooms,3,86.88,4.47597224751641,2.0,10.0,0.2,False,False,Калининский,Лесная,Квартал бизнес-класса Б15,59.9327565,30.2728798,street,2.3863606059545583,7.047975623424182,True,27940608.0,17.145591708262774,321600.0,12.68106692573485,53,10624445.0,291095.8904109589,210032.36245954694,359100.0,12,12450000.0,216593.35288367548,174655.11440107672,323263.305978898,37,13355877.0,359100.0,250000.0,393258.42696629214,255,32901180.0,376046.2225475842,221458.86039886042,532006.0691945107
328168004,cian,2026-05-04T21:45:05.727665+00:00,Санкт-Петербург,real_estate_agent,3rooms,3,170.0,5.14166355650266,3.0,6.0,0.5,False,False,Петроградский,Петроградская,Каменноостровская коллекция,59.9731052,30.3032482,house,3.8840806412158666,0.7788919849299917,True,78000000.0,18.17221939747438,458823.5294117647,13.036423127088408,215,74551226.0,688500.0,513014.51612903224,950757.9850893903,52,76671250.0,575235.4166666667,444450.91347119055,896417.8571428572,37,50900000.0,459966.6388657214,414269.2750287687,650000.0,255,32901180.0,376046.2225475842,221458.86039886042,532006.0691945107
329368225,cian,2026-05-04T21:45:05.727665+00:00,Санкт-Петербург,real_estate_agent,3rooms,3,52.0,3.970291913552122,12.0,12.0,1.0,False,True,Калининский,Гражданский проспект,unknown,60.042713,30.4086098,house,12.714124144515242,0.9885310188308464,True,10000000.0,16.118095750958314,192307.6923076923,12.166857132363372,53,10624445.0,291095.8904109589,210032.36245954694,359100.0,12,12450000.0,216593.35288367548,174655.11440107672,323263.305978898,10,9750000.0,198592.87054409005,177648.37891751586,215814.54222778996,255,32901180.0,376046.2225475842,221458.86039886042,532006.0691945107
326074464,cian,2026-05-04T21:45:05.727665+00:00,Санкт-Петербург,developer,3rooms,3,111.58,4.7236640800358805,7.0,10.0,0.7,False,False,Центральный,Площадь Александра Невского,Гильдия,59.9368984,30.3844576,house,3.9236329938891537,1.4082635969830763,True,75316500.0,18.13720980554936,675000.0,13.42246945133505,121,33000000.0,472702.7027027027,281949.93412384717,660000.0,34,57990625.0,558008.4759455165,353212.3355366919,743727.5985663083,35,35693422.0,625000.0,555289.7769297812,706503.2363162467,255,32901180.0,376046.2225475842,221458.86039886042,532006.0691945107
305627187,cian,2026-05-04T21:45:05.727665+00:00,Санкт-Петербург,real_estate_agent,3rooms,3,175.5,5.173320876373351,8.0,9.0,0.8888888888888888,False,False,Центральный,Чернышевская,unknown,59.9464659,30.3794706,house,3.74434490671524,0.9970592080765204,True,77570000.0,18.166691325358634,441994.301994302,12.99905453203118,121,33000000.0,472702.7027027027,281949.93412384717,660000.0,34,57990625.0,558008.4759455165,353212.3355366919,743727.5985663083,32,49135000.0,503583.5303388495,276041.2961878758,803855.975485189,255,32901180.0,376046.2225475842,221458.86039886042,532006.0691945107
326280839,cian,2026-05-04T21:45:05.727665+00:00,Санкт-Петербург,real_estate_agent,3rooms,3,99.5,4.61015772749913,3.0,4.0,0.75,False,False,Центральный,Чернышевская,unknown,59.9495663,30.3517788,house,2.426966762884548,0.8732434569423623,True,25900000.0,17.069753565279804,260301.50753768845,12.469599724196682,121,33000000.0,472702.7027027027,281949.93412384717,660000.0,34,57990625.0,558008.4759455165,353212.3355366919,743727.5985663083,32,49135000.0,503583.5303388495,276041.2961878758,803855.975485189,255,32901180.0,376046.2225475842,221458.86039886042,532006.0691945107
323954848,cian,2026-05-04T21:45:05.727665+00:00,Санкт-Петербург,developer,3rooms,3,86.79,4.474947598938117,3.0,5.0,0.6,False,False,Курортный,Зенит,Лисино,60.1235747,30.0672117,district,24.72067342350013,18.639936993307813,True,26940000.0,17.109122766066015,310404.42447286553,12.645634542888713,49,24506160.0,428400.0,344027.3037542662,554200.0,11,36153000.0,400059.5252314123,390000.0,443325.0,3,16797000.0,330000.0,320202.21223643277,337013.65187713306,255,32901180.0,376046.2225475842,221458.86039886042,532006.0691945107
328306000,cian,2026-05-04T21:45:05.727665+00:00,Санкт-Петербург,real_estate_agent,3rooms,3,119.9,4.794963757620747,3.0,6.0,0.5,False,False,Петроградский,Петроградская,unknown,59.9642342,30.2858201,district,3.256398622023302,1.3907336021728751,True,55150000.0,17.82556732179615,459966.6388657214,13.03891141569867,215,74551226.0,688500.0,513014.51612903224,950757.9850893903,52,76671250.0,575235.4166666667,444450.91347119055,896417.8571428572,37,50900000.0,459966.6388657214,414269.2750287687,650000.0,255,32901180.0,376046.2225475842,221458.86039886042,532006.0691945107
327136708,cian,2026-05-04T21:45:05.727665+00:00,Санкт-Петербург,homeowner,3rooms,3,77.0,4.356708826689592,4.0,5.0,0.8,False,False,Пушкинский,Шушары,unknown,59.7360721,30.4584519,house,23.920689735614143,9.435221527377362,True,13990000.0,16.45385341812129,181688.3116883117,12.110053428704212,43,7166266.0,202797.2027972028,163053.72914003386,232898.85297184568,9,12900000.0,181688.3116883117,125636.94267515923,196013.28903654485,18,7450000.0,145612.922705314,128822.01343198246,164048.5800516345,255,32901180.0,376046.2225475842,221458.86039886042,532006.0691945107
318140413,cian,2026-05-04T21:45:05.727665+00:00,Санкт-Петербург,developer,3rooms,3,118.7,4.784988612563928,8.0,9.0,0.8888888888888888,False,False,Петроградский,Крестовский остров,NEVA HAUS,59.9624914,30.2594126,house,4.04100950912093,0.9611241158472662,True,64145480.0,17.976664202273366,540400.0,13.200066735547594,215,74551226.0,688500.0,513014.51612903224,950757.9850893903,52,76671250.0,575235.4166666667,444450.91347119055,896417.8571428572,69,105000000.0,775889.9676375405,607500.0,1050000.0,255,32901180.0,376046.2225475842,221458.86039886042,532006.0691945107
326070830,cian,2026-05-04T21:45:05.727665+00:00,Санкт-Петербург,real_estate_agent,3rooms,3,79.7,4.390738575275903,4.0,9.0,0.4444444444444444,False,False,Петроградский,Чкаловская,Квадрия,59.9623146,30.2815085,house,3.201046407016305,0.5484950902421117,True,44900000.0,17.619948374984197,563362.6097867001,13.241680541970418,215,74551226.0,688500.0,513014.51612903224,950757.9850893903,52,76671250.0,575235.4166666667,444450.91347119055,896417.8571428572,50,65500613.5,676550.1672240803,551580.3395021516,840090.1701805224,255,32901180.0,376046.2225475842,221458.86039886042,532006.0691945107
323374665,cian,2026-05-04T21:45:05.727665+00:00,Санкт-Петербург,real_estate_agent,3rooms,3,71.0,4.276666119016055,2.0,5.0,0.4,False,False,Центральный,Площадь Восстания,unknown,59.9303542,30.3682305,house,3.15179655595476,0.5302334738974204,True,14000000.0,16.454567959008102,197183.0985915493,12.191893081953928,121,33000000.0,472702.7027027027,281949.93412384717,660000.0,34,57990625.0,558008.4759455165,353212.3355366919,743727.5985663083,19,23500000.0,286041.1899313501,208990.40969463505,395977.86089159676,255,32901180.0,376046.2225475842,221458.86039886042,532006.0691945107
325496299,cian,2026-05-04T21:45:05.727665+00:00,Санкт-Петербург,developer,3rooms,3,86.8,4.475061500641071,3.0,7.0,0.4285714285714285,False,False,Адмиралтейский,Балтийская,Лермонтовский 54,59.9102168,30.3018821,house,3.2286731735675103,0.4304952981660762,True,41499080.0,17.54118184037742,478100.0,13.07757728622464,73,19300000.0,451851.85185185185,325510.20408163266,515585.6263228786,11,41008590.0,475667.0310116929,456400.0,494222.6890756303,24,19487440.0,489918.4408501023,447802.11723439646,572020.1837657281,255,32901180.0,376046.2225475842,221458.86039886042,532006.0691945107
326471085,cian,2026-05-04T21:45:05.727665+00:00,Санкт-Петербург,real_estate_agent,3rooms,3,241.0,5.488937726156687,8.0,9.0,0.8888888888888888,False,False,Петроградский,Чкаловская,Леонтьевский мыс,59.9634179,30.2661203,house,3.8408951384594734,1.4112286278747517,True,227000000.0,19.240460579850964,941908.713692946,13.755664703628467,215,74551226.0,688500.0,513014.51612903224,950757.9850893903,52,76671250.0,575235.4166666667,444450.91347119055,896417.8571428572,50,65500613.5,676550.1672240803,551580.3395021516,840090.1701805224,255,32901180.0,376046.2225475842,221458.86039886042,532006.0691945107
328986266,cian,2026-05-04T21:45:05.727665+00:00,Санкт-Петербург,realtor,3rooms,3,78.6,4.377014092850337,3.0,5.0,0.6,False,False,Приморский,Черная речка,unknown,59.9859553,30.3126573,house,5.266288653436445,0.630622475858952,True,17500000.0,16.677711496036597,222646.31043257,12.313344230877068,119,11000000.0,253120.0,213054.45761967503,301644.1421266091,18,17641589.0,218426.67944535988,201216.73486983735,292694.42405561253,19,44200000.0,500658.7615283267,347389.5582329317,945000.0,255,32901180.0,376046.2225475842,221458.86039886042,532006.0691945107
328459035,cian,2026-05-04T21:45:05.727665+00:00,Санкт-Петербург,developer,3rooms,3,90.61,4.517540436027117,3.0,4.0,0.75,False,False,Курортный,unknown,Ранта Резиденс,60.2109482,29.6903459,house,45.98140254850656,,False,35790950.0,17.39320565405725,395000.0,12.886643575525625,49,24506160.0,428400.0,344027.3037542662,554200.0,11,36153000.0,400059.5252314123,390000.0,443325.0,47,19900000.0,390000.0,255879.99731074355,517735.35515320336,255,32901180.0,376046.2225475842,221458.86039886042,532006.0691945107
328306654,cian,2026-05-04T21:45:05.727665+00:00,Санкт-Петербург,real_estate_agent,3rooms,3,113.9,4.74406218485471,3.0,6.0,0.5,False,False,Петроградский,Петроградская,unknown,59.9642342,30.2858201,district,3.256398622023302,1.3907336021728751,True,53900000.0,17.8026410544321,473222.1246707638,13.067322278596398,215,74551226.0,688500.0,513014.51612903224,950757.9850893903,52,76671250.0,575235.4166666667,444450.91347119055,896417.8571428572,37,50900000.0,459966.6388657214,414269.2750287687,650000.0,255,32901180.0,376046.2225475842,221458.86039886042,532006.0691945107
327991375,cian,2026-05-04T21:45:05.727665+00:00,Санкт-Петербург,real_estate_agent,3rooms,3,147.5,5.000584958242754,4.0,5.0,0.8,False,False,Петроградский,Крестовский остров,unknown,59.9754799,30.2517632,house,5.372138171030261,0.6559101534444226,True,153000000.0,18.845948485892656,1037288.1355932204,13.852121267628657,215,74551226.0,688500.0,513014.51612903224,950757.9850893903,52,76671250.0,575235.4166666667,444450.91347119055,896417.8571428572,69,105000000.0,775889.9676375405,607500.0,1050000.0,255,32901180.0,376046.2225475842,221458.86039886042,532006.0691945107
310645774,cian,2026-05-04T21:45:05.727665+00:00,Санкт-Петербург,developer,3rooms,3,75.5,4.33729074083249,9.0,12.0,0.75,False,False,Курортный,unknown,МФК Морская ривьера,59.998243,30.0984747,house,13.71041802599338,,False,42975500.0,17.576140767105898,569211.9205298013,13.252009844395232,49,24506160.0,428400.0,344027.3037542662,554200.0,11,36153000.0,400059.5252314123,390000.0,443325.0,47,19900000.0,390000.0,255879.99731074355,517735.35515320336,255,32901180.0,376046.2225475842,221458.86039886042,532006.0691945107
327017514,cian,2026-05-04T21:45:05.727665+00:00,Санкт-Петербург,real_estate_agent,3rooms,3,60.5,4.119037174812473,2.0,9.0,0.2222222222222222,False,False,Василеостровский,Приморская,unknown,59.9323399,30.2364281,house,4.382423456676899,1.8129480267459832,True,12600000.0,16.349207451286784,208264.46280991734,12.246568808460685,165,23000000.0,425718.0832915203,357142.85714285716,499334.2210386152,32,38017655.5,429395.0020052135,337823.9487244068,499983.1651804457,73,22280000.0,414540.0,355671.14093959733,468620.6724137931,255,32901180.0,376046.2225475842,221458.86039886042,532006.0691945107
328562960,cian,2026-05-04T21:45:05.727665+00:00,Санкт-Петербург,realtor,3rooms,3,68.7,4.244200317766478,1.0,12.0,0.0833333333333333,True,False,Приморский,Комендантский проспект,unknown,60.0249055,30.2246961,house,10.808885074058884,2.6647167120666846,True,11900000.0,16.29204904211537,173216.885007278,12.062305531946034,119,11000000.0,253120.0,213054.45761967503,301644.1421266091,18,17641589.0,218426.67944535988,201216.73486983735,292694.42405561253,62,11400000.0,258025.86534804112,212350.63966555786,313750.0,255,32901180.0,376046.2225475842,221458.86039886042,532006.0691945107
329448327,cian,2026-05-04T21:45:05.727665+00:00,Санкт-Петербург,real_estate_agent,3rooms,3,166.97,5.123785392028911,18.0,20.0,0.9,False,False,Красносельский,Юго-Западная,Огни Залива,59.8615796,30.156289,house,12.27981118141554,4.239136275890082,True,37250000.0,17.43316252963548,223093.96897646284,12.315352829635039,45,8600000.0,223093.96897646284,183937.8238341969,261158.53658536586,4,21480832.0,215480.31782156473,196765.38461538462,261640.47673234713,49,8600000.0,227835.03496503495,191335.74007220217,261158.53658536586,255,32901180.0,376046.2225475842,221458.86039886042,532006.0691945107
326675451,cian,2026-05-04T21:45:05.727665+00:00,Санкт-Петербург,real_estate_agent,3rooms,3,80.1,4.395682961121367,1.0,9.0,0.1111111111111111,True,False,Пушкинский,Шушары,unknown,59.7417625,30.4786818,house,23.74015276929845,9.074343280559283,True,12900000.0,16.372737946851277,161048.6891385768,11.989468224540635,43,7166266.0,202797.2027972028,163053.72914003386,232898.85297184568,9,12900000.0,181688.3116883117,125636.94267515923,196013.28903654485,18,7450000.0,145612.922705314,128822.01343198246,164048.5800516345,255,32901180.0,376046.2225475842,221458.86039886042,532006.0691945107
328665237,cian,2026-05-04T21:45:05.727665+00:00,Санкт-Петербург,realtor,3rooms,3,55.5,4.034240638152395,5.0,5.0,1.0,False,True,Адмиралтейский,Пушкинская,unknown,59.9172009,30.3258981,house,2.4686110966163124,0.373457812870542,True,14990000.0,16.52289393678992,270090.0900900901,12.50651455178785,73,19300000.0,451851.85185185185,325510.20408163266,515585.6263228786,11,41008590.0,475667.0310116929,456400.0,494222.6890756303,4,15745000.0,225448.55568790948,214089.50720192053,237556.76909786498,255,32901180.0,376046.2225475842,221458.86039886042,532006.0691945107
327104311,cian,2026-05-04T21:45:05.727665+00:00,Санкт-Петербург,developer,3rooms,3,145.19,4.9849071455235245,22.0,24.0,0.9166666666666666,False,False,Московский,Московская,Шепилевский,59.849138,30.3330533,house,10.00374684917548,0.6652520961310535,True,135135593.0,18.72178923233052,930750.0034437634,13.743747069836733,115,14600000.0,338071.4560122935,232688.51778861112,440766.12903225806,20,28076550.5,366114.05528722645,201918.5053526095,425404.8361331547,34,19750000.0,368624.6176101299,230362.88470372072,720562.5,255,32901180.0,376046.2225475842,221458.86039886042,532006.0691945107
328662790,cian,2026-05-04T21:45:05.727665+00:00,Санкт-Петербург,real_estate_agent,3rooms,3,59.8,4.107589788972121,10.0,10.0,1.0,False,True,Выборгский,Политехническая,unknown,60.0095336,30.3464235,house,8.089919397509894,1.282610664923629,True,13200000.0,16.395727463314174,220735.78595317726,12.304726256892781,68,11500000.0,242464.8327306462,201785.625,296143.7908496732,15,15800000.0,224719.1011235955,193256.81492109038,266349.41422838287,3,8540000.0,220735.78595317726,217610.2328094577,285367.8929765886,255,32901180.0,376046.2225475842,221458.86039886042,532006.0691945107
329329924,cian,2026-05-04T21:45:05.727665+00:00,Санкт-Петербург,real_estate_agent,3rooms,3,56.1,4.044804116661965,1.0,5.0,0.2,True,False,Московский,Московская,unknown,59.8456005,30.3307006,house,10.382460216055502,0.615469615595103,True,10200000.0,16.13789837629371,181818.18181818182,12.110767965710725,115,14600000.0,338071.4560122935,232688.51778861112,440766.12903225806,20,28076550.5,366114.05528722645,201918.5053526095,425404.8361331547,34,19750000.0,368624.6176101299,230362.88470372072,720562.5,255,32901180.0,376046.2225475842,221458.86039886042,532006.0691945107
329533112,cian,2026-05-04T21:45:05.727665+00:00,Санкт-Петербург,developer,3rooms,3,99.74,4.612542940317504,3.0,18.0,0.1666666666666666,False,False,Василеостровский,Приморская,Башни Элемент,59.9407329,30.193978,house,6.694866063092209,2.211622373519493,True,42847307.0,17.573153377230597,429590.00401042716,12.970588881572127,165,23000000.0,425718.0832915203,357142.85714285716,499334.2210386152,32,38017655.5,429395.0020052135,337823.9487244068,499983.1651804457,73,22280000.0,414540.0,355671.14093959733,468620.6724137931,255,32901180.0,376046.2225475842,221458.86039886042,532006.0691945107
270930303,cian,2026-05-04T21:45:05.727665+00:00,Санкт-Петербург,real_estate_agent,3rooms,3,70.0,4.262679877041316,1.0,2.0,0.5,True,False,Красногвардейский,Ладожская,unknown,59.9776762,30.5169373,house,12.098680738433105,6.555395053059086,True,7900000.0,15.88237344401952,112857.14285714286,11.633886936108128,65,10300000.0,250000.0,202169.11764705883,415701.00840336137,11,26606745.0,350550.0,190146.1072056239,446179.5017584994,16,8100000.0,244458.12807881774,189389.65874986106,325733.2609125025,255,32901180.0,376046.2225475842,221458.86039886042,532006.0691945107
327097365,cian,2026-05-04T21:45:05.727665+00:00,Санкт-Петербург,developer,3rooms,3,98.55,4.600660030510205,4.0,18.0,0.2222222222222222,False,False,Василеостровский,Приморская,Башни Элемент,59.9407329,30.193978,house,6.694866063092209,2.211622373519493,True,44731845.0,17.616196244398726,453900.0,13.025634391570572,165,23000000.0,425718.0832915203,357142.85714285716,499334.2210386152,32,38017655.5,429395.0020052135,337823.9487244068,499983.1651804457,73,22280000.0,414540.0,355671.14093959733,468620.6724137931,255,32901180.0,376046.2225475842,221458.86039886042,532006.0691945107
329551341,cian,2026-05-04T21:45:05.727665+00:00,Санкт-Петербург,real_estate_agent,3rooms,3,85.0,4.454347296253507,3.0,4.0,0.75,False,False,Петроградский,Петроградская,unknown,59.9651365,30.3071818,house,2.9757640865750585,0.2678055721776575,True,37800000.0,17.44781968704484,444705.8823529412,13.00517065277422,215,74551226.0,688500.0,513014.51612903224,950757.9850893903,52,76671250.0,575235.4166666667,444450.91347119055,896417.8571428572,37,50900000.0,459966.6388657214,414269.2750287687,650000.0,255,32901180.0,376046.2225475842,221458.86039886042,532006.0691945107
328114667,cian,2026-05-04T21:45:05.727665+00:00,Санкт-Петербург,real_estate_agent,3rooms,3,58.3,4.08260930600368,2.0,9.0,0.2222222222222222,False,False,Колпинский,Шушары,unknown,59.737293,30.615095,house,27.997324599802862,13.7802393079397,True,7500000.0,15.830413711839864,128644.93996569469,11.764819258453214,11,7500000.0,146086.95652173914,130873.39590877327,169611.3344988345,4,9425000.0,145612.922705314,141015.40165809033,148297.61175750155,18,7450000.0,145612.922705314,128822.01343198246,164048.5800516345,255,32901180.0,376046.2225475842,221458.86039886042,532006.0691945107
327096240,cian,2026-05-04T21:45:05.727665+00:00,Санкт-Петербург,developer,3rooms,3,218.34,5.390623037332063,3.0,8.0,0.375,False,False,Петроградский,Спортивная,17/33 Петровский остров,59.9584536,30.2693359,street,3.329696422532838,1.4795804670455333,True,190599903.0,19.06568704551164,872950.0,13.679634704953246,215,74551226.0,688500.0,513014.51612903224,950757.9850893903,52,76671250.0,575235.4166666667,444450.91347119055,896417.8571428572,44,38450000.0,636691.4335664336,466248.48787486635,964962.5076891531,255,32901180.0,376046.2225475842,221458.86039886042,532006.0691945107
324600103,cian,2026-05-04T21:45:05.727665+00:00,Санкт-Петербург,real_estate_agent,3rooms,3,92.6,4.539030383483547,2.0,3.0,0.6666666666666666,False,False,Центральный,Невский проспект,unknown,59.9360533,30.3325632,house,1.0667268644415129,0.2023873781668897,True,53300000.0,17.7914469078978,575593.9524838013,13.263159484818265,121,33000000.0,472702.7027027027,281949.93412384717,660000.0,34,57990625.0,558008.4759455165,353212.3355366919,743727.5985663083,1,53300000.0,575593.9524838013,575593.9524838013,575593.9524838013,255,32901180.0,376046.2225475842,221458.86039886042,532006.0691945107
327942389,cian,2026-05-04T21:45:05.727665+00:00,Санкт-Петербург,real_estate_agent,3rooms,3,85.0,4.454347296253507,3.0,5.0,0.6,False,False,Центральный,Адмиралтейская,unknown,59.9357164,30.3140372,house,0.3206612149668136,0.1630553143191486,True,37900000.0,17.450461696437877,445882.35294117645,13.007812656303887,121,33000000.0,472702.7027027027,281949.93412384717,660000.0,34,57990625.0,558008.4759455165,353212.3355366919,743727.5985663083,7,64900000.0,408236.99421965313,345764.63505594037,500278.7359000653,255,32901180.0,376046.2225475842,221458.86039886042,532006.0691945107
327104310,cian,2026-05-04T21:45:05.727665+00:00,Санкт-Петербург,developer,3rooms,3,85.12,4.4557416724961625,22.0,24.0,0.9166666666666666,False,False,Московский,Московская,Шепилевский,59.849138,30.3330533,house,10.00374684917548,0.6652520961310535,True,79225440.0,18.187808029950503,930750.0,13.74374706613675,115,14600000.0,338071.4560122935,232688.51778861112,440766.12903225806,20,28076550.5,366114.05528722645,201918.5053526095,425404.8361331547,34,19750000.0,368624.6176101299,230362.88470372072,720562.5,255,32901180.0,376046.2225475842,221458.86039886042,532006.0691945107
328978165,cian,2026-05-04T21:45:05.727665+00:00,Санкт-Петербург,real_estate_agent,3rooms,3,59.9,4.109233174715851,5.0,5.0,1.0,False,True,Кировский,Ленинский проспект,unknown,59.8540829,30.2725838,house,9.678917909136556,0.3017039732457907,True,12400000.0,16.333207111220425,207011.68614357262,12.240535356087355,23,9549000.0,189523.80952380953,167164.71534237044,209193.37893257206,5,10300000.0,164800.0,160202.36087689715,167464.11483253588,9,9570000.0,254629.62962962964,207011.68614357262,319565.2173913043,255,32901180.0,376046.2225475842,221458.86039886042,532006.0691945107
328608852,cian,2026-05-04T21:45:05.727665+00:00,Санкт-Петербург,homeowner,3rooms,3,62.7,4.154184562578117,2.0,9.0,0.2222222222222222,False,False,Кировский,Ленинский проспект,unknown,59.8538912,30.2555953,house,9.968347500871491,0.8412999268146504,True,10500000.0,16.166885910365842,167464.11483253588,12.02853033889962,23,9549000.0,189523.80952380953,167164.71534237044,209193.37893257206,5,10300000.0,164800.0,160202.36087689715,167464.11483253588,9,9570000.0,254629.62962962964,207011.68614357262,319565.2173913043,255,32901180.0,376046.2225475842,221458.86039886042,532006.0691945107
327917912,cian,2026-05-04T21:45:05.727665+00:00,Санкт-Петербург,developer,3rooms,3,78.68,4.378018613276343,5.0,11.0,0.4545454545454545,False,False,Адмиралтейский,Балтийская,Ставни Обводный ЖК,59.9184426,30.302795,district,2.3282287750595416,1.3424263344821623,True,37425482.0,17.43786239399831,475667.0310116929,13.072475476066414,73,19300000.0,451851.85185185185,325510.20408163266,515585.6263228786,11,41008590.0,475667.0310116929,456400.0,494222.6890756303,24,19487440.0,489918.4408501023,447802.11723439646,572020.1837657281,255,32901180.0,376046.2225475842,221458.86039886042,532006.0691945107
329022834,cian,2026-05-04T21:45:05.727665+00:00,Санкт-Петербург,real_estate_agent,3rooms,3,82.9,4.429625613473161,1.0,4.0,0.25,True,False,Приморский,Беговая,unknown,59.8745741,30.4437416,house,10.145476471231648,18.41389458837649,True,17424000.0,16.67335918154698,210180.94089264172,12.255728819807636,119,11000000.0,253120.0,213054.45761967503,301644.1421266091,18,17641589.0,218426.67944535988,201216.73486983735,292694.42405561253,29,9802294.0,240710.82390953152,210180.94089264172,306436.1191162344,255,32901180.0,376046.2225475842,221458.86039886042,532006.0691945107
321424751,cian,2026-05-04T21:45:05.727665+00:00,Санкт-Петербург,real_estate_agent,3rooms,3,80.0,4.394449154672439,7.0,14.0,0.5,False,False,Приморский,Лесная,ЦДС Черная речка,59.9845539,30.3224508,house,5.1309456126819,1.2119930473363243,True,36900000.0,17.423722136111028,461250.0,13.041697642356205,119,11000000.0,253120.0,213054.45761967503,301644.1421266091,18,17641589.0,218426.67944535988,201216.73486983735,292694.42405561253,37,13355877.0,359100.0,250000.0,393258.42696629214,255,32901180.0,376046.2225475842,221458.86039886042,532006.0691945107
327097357,cian,2026-05-04T21:45:05.727665+00:00,Санкт-Петербург,developer,3rooms,3,74.74,4.327306422473649,11.0,18.0,0.6111111111111112,False,False,Василеостровский,Приморская,Башни Элемент,59.9407329,30.193978,house,6.694866063092209,2.211622373519493,True,58764325.0,17.889045528071254,786250.0,13.575031358856075,165,23000000.0,425718.0832915203,357142.85714285716,499334.2210386152,32,38017655.5,429395.0020052135,337823.9487244068,499983.1651804457,73,22280000.0,414540.0,355671.14093959733,468620.6724137931,255,32901180.0,376046.2225475842,221458.86039886042,532006.0691945107
319560711,cian,2026-05-04T21:45:05.727665+00:00,Санкт-Петербург,real_estate_agent,3rooms,3,86.2,4.468204330914934,3.0,4.0,0.75,False,False,Центральный,Чернышевская,unknown,59.9470397,30.3438449,house,1.903948829493928,1.0942665481445055,True,30900000.0,17.24626677423043,358468.67749419954,12.78959935383845,121,33000000.0,472702.7027027027,281949.93412384717,660000.0,34,57990625.0,558008.4759455165,353212.3355366919,743727.5985663083,32,49135000.0,503583.5303388495,276041.2961878758,803855.975485189,255,32901180.0,376046.2225475842,221458.86039886042,532006.0691945107
329242480,cian,2026-05-04T21:45:05.727665+00:00,Санкт-Петербург,real_estate_agent,3rooms,3,67.5,4.22683374526818,4.0,4.0,1.0,False,True,Фрунзенский,Проспект Славы,unknown,59.8630966,30.414011,house,10.076069882221333,1.3208034841529708,True,12500000.0,16.341239282272525,185185.1851851852,12.129117004379465,36,11675000.0,275360.4958677686,194624.98710409575,392205.28341254056,3,23607668.0,278720.9917355372,231953.08846036118,328692.49485754,6,9350000.0,243361.1025403682,197474.2020638349,267095.2380952381,255,32901180.0,376046.2225475842,221458.86039886042,532006.0691945107
327497178,cian,2026-05-04T21:45:05.727665+00:00,Санкт-Петербург,developer,3rooms,3,79.25,4.385146762010125,7.0,12.0,0.5833333333333334,False,False,Московский,Звездная,Аквилон Leaves,59.822767,30.3345572,house,12.930540895538847,1.437181124021394,True,27745998.0,17.138602207581577,350107.2302839117,12.76599761504665,115,14600000.0,338071.4560122935,232688.51778861112,440766.12903225806,20,28076550.5,366114.05528722645,201918.5053526095,425404.8361331547,43,9590757.0,294827.5862068966,224474.7194575878,354639.3791256695,255,32901180.0,376046.2225475842,221458.86039886042,532006.0691945107
329450378,cian,2026-05-04T21:45:05.727665+00:00,Санкт-Петербург,real_estate_agent,3rooms,3,59.3,4.09933210373314,3.0,9.0,0.3333333333333333,False,False,Кировский,Проспект Ветеранов,unknown,59.8374014,30.2650128,house,11.581183536242513,0.9542437678837764,True,9500000.0,16.066802461833923,160202.36087689715,11.984199292652871,23,9549000.0,189523.80952380953,167164.71534237044,209193.37893257206,5,10300000.0,164800.0,160202.36087689715,167464.11483253588,14,8300000.0,177077.9877979245,164294.958968347,214527.33390949378,255,32901180.0,376046.2225475842,221458.86039886042,532006.0691945107
329023373,cian,2026-05-04T21:45:05.727665+00:00,Санкт-Петербург,real_estate_agent,3rooms,3,71.6,4.28496492183075,3.0,6.0,0.5,False,False,Центральный,Чернышевская,unknown,59.9450107,30.3454777,house,1.8873825255892387,0.9515475091092732,True,19450000.0,16.78335767944261,271648.04469273746,12.512266235289287,121,33000000.0,472702.7027027027,281949.93412384717,660000.0,34,57990625.0,558008.4759455165,353212.3355366919,743727.5985663083,32,49135000.0,503583.5303388495,276041.2961878758,803855.975485189,255,32901180.0,376046.2225475842,221458.86039886042,532006.0691945107
323959933,cian,2026-05-04T21:45:05.727665+00:00,Санкт-Петербург,developer,3rooms,3,78.59,4.376888456817758,7.0,17.0,0.4117647058823529,False,False,Московский,Звездная,Оро бай Аквилон ЖК,59.8278025,30.3165199,district,12.320876687507392,1.8547404739298703,True,29445060.0,17.19803674601769,374666.75149510114,12.83379491621303,115,14600000.0,338071.4560122935,232688.51778861112,440766.12903225806,20,28076550.5,366114.05528722645,201918.5053526095,425404.8361331547,43,9590757.0,294827.5862068966,224474.7194575878,354639.3791256695,255,32901180.0,376046.2225475842,221458.86039886042,532006.0691945107
329009278,cian,2026-05-04T21:45:05.727665+00:00,Санкт-Петербург,real_estate_agent,3rooms,3,103.5,4.6491870714048655,5.0,8.0,0.625,False,False,Василеостровский,Горный институт,unknown,59.9392754,30.2438761,district,3.9122015596226105,1.2135205952657642,True,35000000.0,17.370858648025116,338164.25120772945,12.731289963886748,165,23000000.0,425718.0832915203,357142.85714285716,499334.2210386152,32,38017655.5,429395.0020052135,337823.9487244068,499983.1651804457,49,24258479.0,491000.0,424440.0,576720.0,255,32901180.0,376046.2225475842,221458.86039886042,532006.0691945107
324659050,cian,2026-05-04T21:45:05.727665+00:00,Санкт-Петербург,real_estate_agent,3rooms,3,57.8,4.074141854904581,3.0,9.0,0.3333333333333333,False,False,Приморский,Комендантский проспект,unknown,60.0123515,30.2489913,house,8.96527508452075,0.7255313727035633,True,11000000.0,16.213405921671733,190311.4186851211,12.156422309615962,119,11000000.0,253120.0,213054.45761967503,301644.1421266091,18,17641589.0,218426.67944535988,201216.73486983735,292694.42405561253,62,11400000.0,258025.86534804112,212350.63966555786,313750.0,255,32901180.0,376046.2225475842,221458.86039886042,532006.0691945107
323514055,cian,2026-05-04T21:45:05.727665+00:00,Санкт-Петербург,developer,3rooms,3,111.69,4.724640685964258,3.0,8.0,0.375,False,False,Петроградский,Чкаловская,Avant,59.8824022,29.8401575,house,27.150144598488687,26.60346167684475,True,85917915.0,18.268902933309622,769253.4246575342,13.553177045078742,215,74551226.0,688500.0,513014.51612903224,950757.9850893903,52,76671250.0,575235.4166666667,444450.91347119055,896417.8571428572,50,65500613.5,676550.1672240803,551580.3395021516,840090.1701805224,255,32901180.0,376046.2225475842,221458.86039886042,532006.0691945107
328638745,cian,2026-05-04T21:45:05.727665+00:00,Санкт-Петербург,real_estate_agent,3rooms,3,57.4,4.067315889834181,8.0,10.0,0.8,False,False,Приморский,Комендантский проспект,unknown,60.0101851,30.2473004,house,8.784903398167767,0.6346357822418922,True,11500000.0,16.257857680289998,200348.43205574914,12.207818281299849,119,11000000.0,253120.0,213054.45761967503,301644.1421266091,18,17641589.0,218426.67944535988,201216.73486983735,292694.42405561253,62,11400000.0,258025.86534804112,212350.63966555786,313750.0,255,32901180.0,376046.2225475842,221458.86039886042,532006.0691945107
327497133,cian,2026-05-04T21:45:05.727665+00:00,Санкт-Петербург,developer,3rooms,3,79.89,4.393090207029862,8.0,12.0,0.6666666666666666,False,False,Московский,Звездная,Аквилон Leaves,59.822767,30.3345572,house,12.930540895538847,1.437181124021394,True,30762736.0,17.241814677837063,385063.662535987,12.861166553806047,115,14600000.0,338071.4560122935,232688.51778861112,440766.12903225806,20,28076550.5,366114.05528722645,201918.5053526095,425404.8361331547,43,9590757.0,294827.5862068966,224474.7194575878,354639.3791256695,255,32901180.0,376046.2225475842,221458.86039886042,532006.0691945107
322303301,cian,2026-05-04T21:45:05.727665+00:00,Санкт-Петербург,realtor,3rooms,3,104.1,4.6549122778829055,15.0,17.0,0.8823529411764706,False,False,Приморский,Беговая,Золотая гавань,59.9833042,30.2149873,house,7.426046456944746,0.8465381457248876,True,31900000.0,17.278116599103036,306436.1191162344,12.632767855451709,119,11000000.0,253120.0,213054.45761967503,301644.1421266091,18,17641589.0,218426.67944535988,201216.73486983735,292694.42405561253,29,9802294.0,240710.82390953152,210180.94089264172,306436.1191162344,255,32901180.0,376046.2225475842,221458.86039886042,532006.0691945107
325667528,cian,2026-05-04T21:45:05.727665+00:00,Санкт-Петербург,developer,3rooms,3,92.18,4.5345331063886505,2.0,11.0,0.1818181818181818,False,False,Адмиралтейский,Балтийская,Ставни Обводный ЖК,59.9184426,30.302795,district,2.3282287750595416,1.3424263344821623,True,41008590.0,17.529292139304225,444875.1356042525,13.005551175445937,73,19300000.0,451851.85185185185,325510.20408163266,515585.6263228786,11,41008590.0,475667.0310116929,456400.0,494222.6890756303,24,19487440.0,489918.4408501023,447802.11723439646,572020.1837657281,255,32901180.0,376046.2225475842,221458.86039886042,532006.0691945107
327478413,cian,2026-05-04T21:45:05.727665+00:00,Санкт-Петербург,real_estate_agent,3rooms,3,55.4,4.032469158504013,3.0,7.0,0.4285714285714285,False,False,Центральный,Площадь Александра Невского,unknown,59.926387,30.3759451,house,3.703425061468449,0.5126630563156603,True,17900000.0,16.700311326676903,323104.69314079423,12.685734772025024,121,33000000.0,472702.7027027027,281949.93412384717,660000.0,34,57990625.0,558008.4759455165,353212.3355366919,743727.5985663083,35,35693422.0,625000.0,555289.7769297812,706503.2363162467,255,32901180.0,376046.2225475842,221458.86039886042,532006.0691945107
328223395,cian,2026-05-04T21:45:05.727665+00:00,Санкт-Петербург,real_estate_agent,3rooms,3,52.8,3.9852734671677386,2.0,14.0,0.1428571428571428,False,False,Калининский,Лесная,unknown,59.9837506,30.3998328,house,6.926675903252087,3.097689452795846,True,12000000.0,16.300417291085605,227272.7272727273,12.33391041703038,53,10624445.0,291095.8904109589,210032.36245954694,359100.0,12,12450000.0,216593.35288367548,174655.11440107672,323263.305978898,37,13355877.0,359100.0,250000.0,393258.42696629214,255,32901180.0,376046.2225475842,221458.86039886042,532006.0691945107
327096200,cian,2026-05-04T21:45:05.727665+00:00,Санкт-Петербург,developer,3rooms,3,130.24,4.877027708092901,6.0,8.0,0.75,False,False,Петроградский,Спортивная,17/33 Петровский остров,59.9584536,30.2693359,street,3.329696422532838,1.4795804670455333,True,148786176.0,18.818020779542746,1142400.0,13.948642745917214,215,74551226.0,688500.0,513014.51612903224,950757.9850893903,52,76671250.0,575235.4166666667,444450.91347119055,896417.8571428572,44,38450000.0,636691.4335664336,466248.48787486635,964962.5076891531,255,32901180.0,376046.2225475842,221458.86039886042,532006.0691945107
327240427,cian,2026-05-04T21:45:05.727665+00:00,Санкт-Петербург,real_estate_agent,3rooms,3,78.8,4.379523504455763,11.0,18.0,0.6111111111111112,False,False,Невский,Рыбацкое,unknown,59.8441475,30.4889639,house,14.33332545091018,1.6170556415718726,True,14850000.0,16.51351049055305,188451.7766497462,12.146602732732378,75,8462886.0,214129.9972504812,190613.3732947499,276627.69547325105,11,13500000.0,190548.7804878049,170270.89224262052,214891.08558176234,12,6575000.0,189494.43052436158,165480.64611444896,210909.0909090909,255,32901180.0,376046.2225475842,221458.86039886042,532006.0691945107
325558792,cian,2026-05-04T21:45:05.727665+00:00,Санкт-Петербург,developer,3rooms,3,85.78,4.463376180370204,2.0,9.0,0.2222222222222222,False,False,Василеостровский,Горный институт,МОНОДОМ АРТ,59.9044682,29.7789704,street,30.06287842797851,27.052745316729546,True,37785311.0,17.447431013647805,440490.91862905107,12.995647378285545,165,23000000.0,425718.0832915203,357142.85714285716,499334.2210386152,32,38017655.5,429395.0020052135,337823.9487244068,499983.1651804457,49,24258479.0,491000.0,424440.0,576720.0,255,32901180.0,376046.2225475842,221458.86039886042,532006.0691945107
327279570,cian,2026-05-04T21:45:05.727665+00:00,Санкт-Петербург,real_estate_agent,3rooms,3,140.0,4.948759890378168,2.0,4.0,0.5,False,False,Адмиралтейский,Садовая,unknown,59.9233088,30.2960861,house,1.9744089529256448,1.4808597014497051,True,96000000.0,18.379858759848776,685714.2857142857,13.438217785155077,73,19300000.0,451851.85185185185,325510.20408163266,515585.6263228786,11,41008590.0,475667.0310116929,456400.0,494222.6890756303,14,19528670.0,463750.0,387982.5,497500.0,255,32901180.0,376046.2225475842,221458.86039886042,532006.0691945107
329222659,cian,2026-05-04T21:45:05.727665+00:00,Санкт-Петербург,homeowner,3rooms,3,63.3,4.163559631243574,2.0,5.0,0.4,False,False,Выборгский,Удельная,unknown,60.0164875,30.322871,house,8.674443134286093,0.243486132156296,True,17700000.0,16.68907525404123,279620.8530805687,12.541193444658719,68,11500000.0,242464.8327306462,201785.625,296143.7908496732,15,15800000.0,224719.1011235955,193256.81492109038,266349.41422838287,8,18100000.0,288199.5219554021,261616.94780547055,316276.9657789333,255,32901180.0,376046.2225475842,221458.86039886042,532006.0691945107
327096244,cian,2026-05-04T21:45:05.727665+00:00,Санкт-Петербург,developer,3rooms,3,231.21,5.4476421346586,5.0,8.0,0.625,False,False,Петроградский,Спортивная,17/33 Петровский остров,59.9584536,30.2693359,street,3.329696422532838,1.4795804670455333,True,285359382.0,19.469259936831467,1234200.0,14.025934355110227,215,74551226.0,688500.0,513014.51612903224,950757.9850893903,52,76671250.0,575235.4166666667,444450.91347119055,896417.8571428572,44,38450000.0,636691.4335664336,466248.48787486635,964962.5076891531,255,32901180.0,376046.2225475842,221458.86039886042,532006.0691945107
329643380,cian,2026-05-04T21:45:05.727665+00:00,Санкт-Петербург,realtor,3rooms,3,74.3,4.321480134805848,3.0,10.0,0.3,False,False,Калининский,Гражданский проспект,unknown,60.0332407,30.4168142,house,11.97434869286331,0.3014103669371278,True,12900000.0,16.372737946851277,173620.45760430687,12.064632677281523,53,10624445.0,291095.8904109589,210032.36245954694,359100.0,12,12450000.0,216593.35288367548,174655.11440107672,323263.305978898,10,9750000.0,198592.87054409005,177648.37891751586,215814.54222778996,255,32901180.0,376046.2225475842,221458.86039886042,532006.0691945107
324346816,cian,2026-05-04T21:45:05.727665+00:00,Санкт-Петербург,developer,3rooms,3,90.9,4.520701029361642,18.0,19.0,0.9473684210526316,False,False,Василеостровский,Приморская,GloraX Premium Василеостровский,59.942244,30.1841512,house,7.249173876477034,2.677164931361112,True,48199999.0,17.690869579020827,530253.0143014301,13.181111442980884,165,23000000.0,425718.0832915203,357142.85714285716,499334.2210386152,32,38017655.5,429395.0020052135,337823.9487244068,499983.1651804457,73,22280000.0,414540.0,355671.14093959733,468620.6724137931,255,32901180.0,376046.2225475842,221458.86039886042,532006.0691945107
323388230,cian,2026-05-04T21:45:05.727665+00:00,Санкт-Петербург,developer,3rooms,3,89.68,4.507336825639328,6.0,10.0,0.6,False,False,Василеостровский,Василеостровская,17 линия ЖК,59.9392754,30.2438761,district,3.9122015596226105,2.100112668540487,True,38819280.0,17.474427614152884,432864.40677966096,12.97818211981817,165,23000000.0,425718.0832915203,357142.85714285716,499334.2210386152,32,38017655.5,429395.0020052135,337823.9487244068,499983.1651804457,43,27900960.0,403090.15256588074,244769.5453830423,459065.00739980966,255,32901180.0,376046.2225475842,221458.86039886042,532006.0691945107
327239683,cian,2026-05-04T21:45:05.727665+00:00,Санкт-Петербург,real_estate_agent,3rooms,3,138.1,4.935193098929397,5.0,6.0,0.8333333333333334,False,False,Петроградский,Петроградская,unknown,59.9753249,30.3039746,house,4.122348099693234,0.9859252757174845,True,60000000.0,17.909855136853043,434467.77697320783,12.981879361435146,215,74551226.0,688500.0,513014.51612903224,950757.9850893903,52,76671250.0,575235.4166666667,444450.91347119055,896417.8571428572,37,50900000.0,459966.6388657214,414269.2750287687,650000.0,255,32901180.0,376046.2225475842,221458.86039886042,532006.0691945107
327992391,cian,2026-05-04T21:45:05.727665+00:00,Санкт-Петербург,real_estate_agent,3rooms,3,71.14,4.278608675475393,2.0,15.0,0.1333333333333333,False,False,Московский,Звездная,ЦДС Московский,59.814256,30.3463009,house,13.942724869563426,2.1938640352486667,True,14600000.0,16.496532155171714,205229.1256676975,12.231887192749124,115,14600000.0,338071.4560122935,232688.51778861112,440766.12903225806,20,28076550.5,366114.05528722645,201918.5053526095,425404.8361331547,43,9590757.0,294827.5862068966,224474.7194575878,354639.3791256695,255,32901180.0,376046.2225475842,221458.86039886042,532006.0691945107
305677095,cian,2026-05-04T21:45:05.727665+00:00,Санкт-Петербург,developer,3rooms,3,84.35,4.4467604492404496,9.0,10.0,0.9,False,False,Центральный,Площадь Александра Невского,Новгородская 8,59.934866,30.3827,house,3.8437740099103066,1.1846185481164042,True,45584680.0,17.635082275060675,540422.9994072318,13.200109294532162,121,33000000.0,472702.7027027027,281949.93412384717,660000.0,34,57990625.0,558008.4759455165,353212.3355366919,743727.5985663083,35,35693422.0,625000.0,555289.7769297812,706503.2363162467,255,32901180.0,376046.2225475842,221458.86039886042,532006.0691945107
327519211,cian,2026-05-04T21:45:05.727665+00:00,Санкт-Петербург,real_estate_agent,3rooms,3,75.0,4.330733340286331,18.0,24.0,0.75,False,False,Красносельский,Юго-Западная,unknown,59.8632817,30.1779213,house,11.30520535830487,3.051356098568504,True,15590000.0,16.56214030517764,207866.66666666666,12.244656938262215,45,8600000.0,223093.96897646284,183937.8238341969,261158.53658536586,4,21480832.0,215480.31782156473,196765.38461538462,261640.47673234713,49,8600000.0,227835.03496503495,191335.74007220217,261158.53658536586,255,32901180.0,376046.2225475842,221458.86039886042,532006.0691945107
323563849,cian,2026-05-04T21:45:05.727665+00:00,Санкт-Петербург,homeowner,3rooms,3,57.0,4.060443010546419,3.0,9.0,0.3333333333333333,False,False,Выборгский,Озерки,unknown,60.0343218,30.334138,house,10.701985098729446,0.6808235038306379,True,12500000.0,16.341239282272525,219298.24561403508,12.298192494427582,68,11500000.0,242464.8327306462,201785.625,296143.7908496732,15,15800000.0,224719.1011235955,193256.81492109038,266349.41422838287,4,11375000.0,196624.64728254202,165091.6650916651,224894.38053547795,255,32901180.0,376046.2225475842,221458.86039886042,532006.0691945107
323387991,cian,2026-05-04T21:45:05.727665+00:00,Санкт-Петербург,developer,3rooms,3,83.79,4.440177611315912,9.0,10.0,0.9,False,False,Василеостровский,Василеостровская,17 линия ЖК,59.9392754,30.2438761,district,3.9122015596226105,2.100112668540487,True,36052500.0,17.40048679515569,430272.1088435374,12.972175422901138,165,23000000.0,425718.0832915203,357142.85714285716,499334.2210386152,32,38017655.5,429395.0020052135,337823.9487244068,499983.1651804457,43,27900960.0,403090.15256588074,244769.5453830423,459065.00739980966,255,32901180.0,376046.2225475842,221458.86039886042,532006.0691945107
327748150,cian,2026-05-04T21:45:05.727665+00:00,Санкт-Петербург,real_estate_agent,3rooms,3,79.4,4.387014176184921,1.0,16.0,0.0625,True,False,Приморский,Комендантский проспект,unknown,60.0202543,30.2355535,house,10.076341448150616,1.8783919091075996,True,14950000.0,16.5202219246906,188287.15365239294,12.145728800570565,119,11000000.0,253120.0,213054.45761967503,301644.1421266091,18,17641589.0,218426.67944535988,201216.73486983735,292694.42405561253,62,11400000.0,258025.86534804112,212350.63966555786,313750.0,255,32901180.0,376046.2225475842,221458.86039886042,532006.0691945107
311349596,cian,2026-05-04T21:45:05.727665+00:00,Санкт-Петербург,real_estate_agent,3rooms,3,84.1,4.443827035579329,4.0,16.0,0.25,False,False,Московский,Звездная,unknown,59.8334809,30.3516746,house,11.875208482081542,0.2478350282505668,True,15500000.0,16.5563506464056,184304.39952437577,12.124349440702305,115,14600000.0,338071.4560122935,232688.51778861112,440766.12903225806,20,28076550.5,366114.05528722645,201918.5053526095,425404.8361331547,43,9590757.0,294827.5862068966,224474.7194575878,354639.3791256695,255,32901180.0,376046.2225475842,221458.86039886042,532006.0691945107
321998064,cian,2026-05-04T21:45:05.727665+00:00,Санкт-Петербург,developer,3rooms,3,93.85,4.552296696381023,4.0,4.0,1.0,False,True,Кронштадтский,unknown,Кронфорт.Центральный,59.999645,29.7499966,street,32.1174157297947,,False,23852916.0,16.98741707389951,254160.00000000003,12.445723203465088,15,12700000.0,289519.9957228401,255879.99731074355,297840.0049140222,3,21924192.0,255519.99462148713,254839.99731074358,259199.99731074355,47,19900000.0,390000.0,255879.99731074355,517735.35515320336,255,32901180.0,376046.2225475842,221458.86039886042,532006.0691945107
327239682,cian,2026-05-04T21:45:05.727665+00:00,Санкт-Петербург,real_estate_agent,3rooms,3,111.2,4.720282993088596,3.0,6.0,0.5,False,False,Петроградский,Спортивная,unknown,59.9559167,30.2918483,house,2.28977523708581,0.4485713866837834,True,34900000.0,17.36799741582595,313848.92086330935,12.656670191597517,215,74551226.0,688500.0,513014.51612903224,950757.9850893903,52,76671250.0,575235.4166666667,444450.91347119055,896417.8571428572,44,38450000.0,636691.4335664336,466248.48787486635,964962.5076891531,255,32901180.0,376046.2225475842,221458.86039886042,532006.0691945107
323775578,cian,2026-05-04T21:45:05.727665+00:00,Санкт-Петербург,real_estate_agent,3rooms,3,60.2,4.11414718951828,3.0,7.0,0.4285714285714285,False,False,Пушкинский,Купчино,unknown,59.7391563,30.398557,house,22.67355127992748,10.01725266027201,True,11800000.0,16.283610174181653,196013.28903654485,12.185942838803019,43,7166266.0,202797.2027972028,163053.72914003386,232898.85297184568,9,12900000.0,181688.3116883117,125636.94267515923,196013.28903654485,32,7495000.0,211094.97047056584,198690.38857472915,238287.2080291971,255,32901180.0,376046.2225475842,221458.86039886042,532006.0691945107
327097105,cian,2026-05-04T21:45:05.727665+00:00,Санкт-Петербург,developer,3rooms,3,79.28,4.385520523928138,1.0,5.0,0.2,True,False,Курортный,Комендантский проспект,BEREG.Курортный,60.0863026,29.9425321,house,26.385229379440663,19.55122660226132,True,32901180.0,17.309019111747865,414999.74772956606,12.936035600969202,49,24506160.0,428400.0,344027.3037542662,554200.0,11,36153000.0,400059.5252314123,390000.0,443325.0,62,11400000.0,258025.86534804112,212350.63966555786,313750.0,255,32901180.0,376046.2225475842,221458.86039886042,532006.0691945107
322726634,cian,2026-05-04T21:45:05.727665+00:00,Санкт-Петербург,real_estate_agent,3rooms,3,83.0,4.430816798843313,11.0,12.0,0.9166666666666666,False,False,Приморский,Черная речка,ЦДС Черная речка,59.9855901,30.3219231,house,5.243180888660543,1.1340595380967116,True,39600000.0,17.494339701477234,477108.4337349398,13.07550116438551,119,11000000.0,253120.0,213054.45761967503,301644.1421266091,18,17641589.0,218426.67944535988,201216.73486983735,292694.42405561253,19,44200000.0,500658.7615283267,347389.5582329317,945000.0,255,32901180.0,376046.2225475842,221458.86039886042,532006.0691945107
324367077,cian,2026-05-04T21:45:05.727665+00:00,Санкт-Петербург,real_estate_agent,3rooms,3,75.1,4.33204826486764,2.0,5.0,0.4,False,False,Василеостровский,Горный институт,Гранвиль,59.9343896,30.2762373,house,2.1604503565119124,0.8663716834124094,True,37500000.0,17.439851517607305,499334.2210386152,13.121032934835211,165,23000000.0,425718.0832915203,357142.85714285716,499334.2210386152,32,38017655.5,429395.0020052135,337823.9487244068,499983.1651804457,49,24258479.0,491000.0,424440.0,576720.0,255,32901180.0,376046.2225475842,221458.86039886042,532006.0691945107
327097066,cian,2026-05-04T21:45:05.727665+00:00,Санкт-Петербург,developer,3rooms,3,84.9,4.45318382899021,1.0,5.0,0.2,True,False,Курортный,Комендантский проспект,BEREG.Курортный,60.0863026,29.9425321,house,26.385229379440663,19.55122660226132,True,39618585.0,17.494808909551875,466649.99999999994,13.053336933925273,49,24506160.0,428400.0,344027.3037542662,554200.0,11,36153000.0,400059.5252314123,390000.0,443325.0,62,11400000.0,258025.86534804112,212350.63966555786,313750.0,255,32901180.0,376046.2225475842,221458.86039886042,532006.0691945107
327362992,cian,2026-05-04T21:45:05.727665+00:00,Санкт-Петербург,real_estate_agent,3rooms,3,108.33,4.694370831446394,3.0,5.0,0.6,False,False,Центральный,Достоевская,unknown,59.9299425,30.3472609,house,2.083111035410853,0.2447897736621589,True,28350000.0,17.160137623411405,261700.36001107728,12.47495928533728,121,33000000.0,472702.7027027027,281949.93412384717,660000.0,34,57990625.0,558008.4759455165,353212.3355366919,743727.5985663083,3,28350000.0,261700.36001107728,238681.50530674346,434850.1800055386,255,32901180.0,376046.2225475842,221458.86039886042,532006.0691945107
321376884,cian,2026-05-04T21:45:05.727665+00:00,Санкт-Петербург,developer,3rooms,3,98.78,4.602967762432892,2.0,4.0,0.5,False,False,Курортный,unknown,Ранта Резиденс ЖК,60.1235747,30.0672117,district,24.72067342350013,,False,41487600.0,17.540905169475618,420000.0,12.948012371209098,49,24506160.0,428400.0,344027.3037542662,554200.0,11,36153000.0,400059.5252314123,390000.0,443325.0,47,19900000.0,390000.0,255879.99731074355,517735.35515320336,255,32901180.0,376046.2225475842,221458.86039886042,532006.0691945107
329158907,cian,2026-05-04T21:45:05.727665+00:00,Санкт-Петербург,real_estate_agent,3rooms,3,122.8,4.818667360250496,18.0,24.0,0.75,False,False,Выборгский,Площадь Ленина,unknown,59.9573866,30.3437719,house,2.6634278211879847,0.676794545460154,True,49800000.0,17.723525562075203,405537.45928338764,12.912970992142252,68,11500000.0,242464.8327306462,201785.625,296143.7908496732,15,15800000.0,224719.1011235955,193256.81492109038,266349.41422838287,7,80000000.0,490196.0784313726,310500.6884045804,1162007.8343270256,255,32901180.0,376046.2225475842,221458.86039886042,532006.0691945107
323514122,cian,2026-05-04T21:45:05.727665+00:00,Санкт-Петербург,developer,3rooms,3,106.96,4.681760788149804,5.0,9.0,0.5555555555555556,False,False,Петроградский,Чкаловская,Avant,59.8824022,29.8401575,house,27.150144598488687,26.60346167684475,True,74551226.0,18.12699705779209,697000.9910246822,13.45454354630197,215,74551226.0,688500.0,513014.51612903224,950757.9850893903,52,76671250.0,575235.4166666667,444450.91347119055,896417.8571428572,50,65500613.5,676550.1672240803,551580.3395021516,840090.1701805224,255,32901180.0,376046.2225475842,221458.86039886042,532006.0691945107
328307300,cian,2026-05-04T21:45:05.727665+00:00,Санкт-Петербург,real_estate_agent,3rooms,3,96.1,4.575741375297279,4.0,6.0,0.6666666666666666,False,False,Петроградский,Петроградская,unknown,59.9753249,30.3039746,house,4.122348099693234,0.9859252757174845,True,41500000.0,17.541204009297314,431841.83142559836,12.97581698488465,215,74551226.0,688500.0,513014.51612903224,950757.9850893903,52,76671250.0,575235.4166666667,444450.91347119055,896417.8571428572,37,50900000.0,459966.6388657214,414269.2750287687,650000.0,255,32901180.0,376046.2225475842,221458.86039886042,532006.0691945107
329212838,cian,2026-05-04T21:45:05.727665+00:00,Санкт-Петербург,realtor,3rooms,3,72.3,4.294560608892605,4.0,6.0,0.6666666666666666,False,False,Петроградский,Горьковская,unknown,59.9601845,30.3318349,house,2.595310836346113,0.7619739635618386,True,24000000.0,16.993564429978885,331950.2074688797,12.712743271642964,215,74551226.0,688500.0,513014.51612903224,950757.9850893903,52,76671250.0,575235.4166666667,444450.91347119055,896417.8571428572,11,44900000.0,464033.850493653,355758.11508745083,568677.0747740346,255,32901180.0,376046.2225475842,221458.86039886042,532006.0691945107
323514164,cian,2026-05-04T21:45:05.727665+00:00,Санкт-Петербург,developer,3rooms,3,112.91,4.735408662911821,4.0,9.0,0.4444444444444444,False,False,Петроградский,Чкаловская,Avant,59.8824022,29.8401575,house,27.150144598488687,26.60346167684475,True,80272350.0,18.20093579832966,710941.0149676733,13.474346151265102,215,74551226.0,688500.0,513014.51612903224,950757.9850893903,52,76671250.0,575235.4166666667,444450.91347119055,896417.8571428572,50,65500613.5,676550.1672240803,551580.3395021516,840090.1701805224,255,32901180.0,376046.2225475842,221458.86039886042,532006.0691945107
329365542,cian,2026-05-04T21:45:05.727665+00:00,Санкт-Петербург,real_estate_agent,3rooms,3,109.6,4.705920089088234,4.0,10.0,0.4,False,False,Петроградский,Спортивная,Леонтьевский мыс,59.9634179,30.2661203,house,3.8408951384594734,1.9472403795455984,True,58500000.0,17.8845373292961,533759.1240875913,13.187701811190689,215,74551226.0,688500.0,513014.51612903224,950757.9850893903,52,76671250.0,575235.4166666667,444450.91347119055,896417.8571428572,44,38450000.0,636691.4335664336,466248.48787486635,964962.5076891531,255,32901180.0,376046.2225475842,221458.86039886042,532006.0691945107
326733837,cian,2026-05-04T21:45:05.727665+00:00,Санкт-Петербург,real_estate_agent,3rooms,3,73.3,4.308110951723713,2.0,9.0,0.2222222222222222,False,False,Невский,Улица Дыбенко,unknown,59.9090219,30.4735674,house,9.475510673477851,0.6015970348669468,True,12800000.0,16.36495580701484,174624.82946793997,12.070400846543343,75,8462886.0,214129.9972504812,190613.3732947499,276627.69547325105,11,13500000.0,190548.7804878049,170270.89224262052,214891.08558176234,23,10571122.0,226660.0,199068.28017997573,283016.46808134136,255,32901180.0,376046.2225475842,221458.86039886042,532006.0691945107
323266897,cian,2026-05-04T21:45:05.727665+00:00,Санкт-Петербург,real_estate_agent,3rooms,3,55.4,4.032469158504013,1.0,5.0,0.2,True,False,Московский,Московская,unknown,59.8447148,30.3276796,house,10.46701585185368,0.5480032859820478,True,9300000.0,16.04552506565036,167870.03610108304,12.030951321341751,115,14600000.0,338071.4560122935,232688.51778861112,440766.12903225806,20,28076550.5,366114.05528722645,201918.5053526095,425404.8361331547,34,19750000.0,368624.6176101299,230362.88470372072,720562.5,255,32901180.0,376046.2225475842,221458.86039886042,532006.0691945107
328856845,cian,2026-05-04T21:45:05.727665+00:00,Санкт-Петербург,real_estate_agent,3rooms,3,82.9,4.429625613473161,3.0,3.0,1.0,False,True,Приморский,Беговая,unknown,60.0062308,30.1531895,house,11.692817080067082,3.4430572190769086,True,26500000.0,17.0926553286923,319662.2436670687,12.675023357112195,119,11000000.0,253120.0,213054.45761967503,301644.1421266091,18,17641589.0,218426.67944535988,201216.73486983735,292694.42405561253,29,9802294.0,240710.82390953152,210180.94089264172,306436.1191162344,255,32901180.0,376046.2225475842,221458.86039886042,532006.0691945107
322621451,cian,2026-05-04T21:45:05.727665+00:00,Санкт-Петербург,developer,3rooms,3,76.93,4.355810987855469,1.0,12.0,0.0833333333333333,True,False,Московский,Звездная,Аквилон Leaves,59.822767,30.3345572,house,12.930540895538847,1.437181124021394,True,28407103.0,17.1621498126965,369259.10568048875,12.819256568145027,115,14600000.0,338071.4560122935,232688.51778861112,440766.12903225806,20,28076550.5,366114.05528722645,201918.5053526095,425404.8361331547,43,9590757.0,294827.5862068966,224474.7194575878,354639.3791256695,255,32901180.0,376046.2225475842,221458.86039886042,532006.0691945107
327049926,cian,2026-05-04T21:45:05.727665+00:00,Санкт-Петербург,real_estate_agent,3rooms,3,82.2,4.421247347827163,3.0,5.0,0.6,False,False,Центральный,Площадь Восстания,unknown,59.727815,30.4533786,house,24.69654468854136,23.25040474059045,True,33000000.0,17.312018149733785,401459.85401459853,12.902865308274608,121,33000000.0,472702.7027027027,281949.93412384717,660000.0,34,57990625.0,558008.4759455165,353212.3355366919,743727.5985663083,19,23500000.0,286041.1899313501,208990.40969463505,395977.86089159676,255,32901180.0,376046.2225475842,221458.86039886042,532006.0691945107
318392468,cian,2026-05-04T21:45:05.727665+00:00,Санкт-Петербург,real_estate_agent,3rooms,3,126.6,4.848900370910689,3.0,7.0,0.4285714285714285,False,False,Курортный,unknown,Crystal,60.1635845,29.8586427,house,35.5680675260432,,False,92700000.0,18.34487904132357,732227.4881516588,13.503847886520868,49,24506160.0,428400.0,344027.3037542662,554200.0,11,36153000.0,400059.5252314123,390000.0,443325.0,47,19900000.0,390000.0,255879.99731074355,517735.35515320336,255,32901180.0,376046.2225475842,221458.86039886042,532006.0691945107
323196496,cian,2026-05-04T21:45:05.727665+00:00,Санкт-Петербург,developer,3rooms,3,93.91,4.5529290741424,1.0,4.0,0.25,True,False,Курортный,unknown,Ранта Резиденс ЖК,60.1235747,30.0672117,district,24.72067342350013,,False,36624900.0,17.41623892222618,390000.0,12.873904582205107,49,24506160.0,428400.0,344027.3037542662,554200.0,11,36153000.0,400059.5252314123,390000.0,443325.0,47,19900000.0,390000.0,255879.99731074355,517735.35515320336,255,32901180.0,376046.2225475842,221458.86039886042,532006.0691945107
326444622,cian,2026-05-04T21:45:05.727665+00:00,Санкт-Петербург,real_estate_agent,3rooms,3,75.9,4.342505876511599,2.0,4.0,0.5,False,False,Центральный,Маяковская,unknown,59.9369602,30.3554402,house,2.309942886272266,0.5628284309904173,True,21400000.0,16.87890152672105,281949.93412384717,12.549488342313177,121,33000000.0,472702.7027027027,281949.93412384717,660000.0,34,57990625.0,558008.4759455165,353212.3355366919,743727.5985663083,4,28150000.0,316705.0778373516,267055.442506632,355261.8328298087,255,32901180.0,376046.2225475842,221458.86039886042,532006.0691945107
326147805,cian,2026-05-04T21:45:05.727665+00:00,Санкт-Петербург,real_estate_agent,3rooms,3,68.0,4.23410650459726,13.0,16.0,0.8125,False,False,Невский,Улица Дыбенко,unknown,59.9186793,30.4958809,house,10.367753009681405,1.456235821905454,True,19200000.0,16.770420889081343,282352.9411764706,12.550916673482298,75,8462886.0,214129.9972504812,190613.3732947499,276627.69547325105,11,13500000.0,190548.7804878049,170270.89224262052,214891.08558176234,23,10571122.0,226660.0,199068.28017997573,283016.46808134136,255,32901180.0,376046.2225475842,221458.86039886042,532006.0691945107
323946364,cian,2026-05-04T21:45:05.727665+00:00,Санкт-Петербург,developer,3rooms,3,135.5,4.916324614625014,1.0,6.0,0.1666666666666666,True,False,Петроградский,Крестовский остров,АСТРУМ,59.974045,30.272808,house,4.562700560591683,0.7963349736984283,True,135500000.0,18.724482205664103,1000000.0,13.815511557963774,215,74551226.0,688500.0,513014.51612903224,950757.9850893903,52,76671250.0,575235.4166666667,444450.91347119055,896417.8571428572,69,105000000.0,775889.9676375405,607500.0,1050000.0,255,32901180.0,376046.2225475842,221458.86039886042,532006.0691945107
328705414,cian,2026-05-04T21:45:05.727665+00:00,Санкт-Петербург,real_estate_agent,3rooms,3,96.0,4.574710978503383,4.0,5.0,0.8,False,False,Невский,Ломоносовская,unknown,59.8831527,30.4533384,house,9.912821983286287,0.8504449519000251,True,13500000.0,16.41820031748273,140625.0,11.853859163026648,75,8462886.0,214129.9972504812,190613.3732947499,276627.69547325105,11,13500000.0,190548.7804878049,170270.89224262052,214891.08558176234,28,7400000.0,202820.86979581014,183649.6889170094,226678.90459640961,255,32901180.0,376046.2225475842,221458.86039886042,532006.0691945107
328243506,cian,2026-05-04T21:45:05.727665+00:00,Санкт-Петербург,real_estate_agent,3rooms,3,81.2,4.409155302062135,2.0,5.0,0.4,False,False,Василеостровский,Василеостровская,unknown,59.9392754,30.2438761,district,3.9122015596226105,2.100112668540487,True,23000000.0,16.951004817371683,283251.23152709357,12.554093057154342,165,23000000.0,425718.0832915203,357142.85714285716,499334.2210386152,32,38017655.5,429395.0020052135,337823.9487244068,499983.1651804457,43,27900960.0,403090.15256588074,244769.5453830423,459065.00739980966,255,32901180.0,376046.2225475842,221458.86039886042,532006.0691945107
309206937,cian,2026-05-04T21:45:05.727665+00:00,Санкт-Петербург,developer,3rooms,3,92.7,4.540098189244376,2.0,4.0,0.5,False,False,Курортный,unknown,Ранта Резиденс ЖК,60.1235747,30.0672117,district,24.72067342350013,,False,36153000.0,17.40327051833786,390000.0,12.873904582205107,49,24506160.0,428400.0,344027.3037542662,554200.0,11,36153000.0,400059.5252314123,390000.0,443325.0,47,19900000.0,390000.0,255879.99731074355,517735.35515320336,255,32901180.0,376046.2225475842,221458.86039886042,532006.0691945107
299153381,cian,2026-05-04T21:45:05.727665+00:00,Санкт-Петербург,real_estate_agent,3rooms,3,230.0,5.442417710521793,4.0,4.0,1.0,False,True,Адмиралтейский,Садовая,unknown,59.9278481,30.2950029,house,1.6003846412046625,1.439626506386119,True,115000000.0,18.560442695023177,500000.0,13.122365377402328,73,19300000.0,451851.85185185185,325510.20408163266,515585.6263228786,11,41008590.0,475667.0310116929,456400.0,494222.6890756303,14,19528670.0,463750.0,387982.5,497500.0,255,32901180.0,376046.2225475842,221458.86039886042,532006.0691945107
325552424,cian,2026-05-04T21:45:05.727665+00:00,Санкт-Петербург,real_estate_agent,3rooms,3,146.5,4.993828175779875,11.0,11.0,1.0,False,True,Петроградский,Чкаловская,Премьер Палас,59.9635302,30.2717962,house,3.6376973820088874,1.1056692552103768,True,65000000.0,17.989897843244528,443686.0068259386,13.002874653246403,215,74551226.0,688500.0,513014.51612903224,950757.9850893903,52,76671250.0,575235.4166666667,444450.91347119055,896417.8571428572,50,65500613.5,676550.1672240803,551580.3395021516,840090.1701805224,255,32901180.0,376046.2225475842,221458.86039886042,532006.0691945107
327200335,cian,2026-05-04T21:45:05.727665+00:00,Санкт-Петербург,developer,3rooms,3,85.5,4.460144413937834,6.0,14.0,0.4285714285714285,False,False,Красногвардейский,Новочеркасская,Магнифика ЖК,59.9782843,30.4865836,district,10.567148826346545,6.925893961377273,True,41368320.0,17.53802595264905,483840.0,13.089511619330057,65,10300000.0,250000.0,202169.11764705883,415701.00840336137,11,26606745.0,350550.0,190146.1072056239,446179.5017584994,28,25104484.5,444642.74811083125,355837.5,512076.8111093196,255,32901180.0,376046.2225475842,221458.86039886042,532006.0691945107
329622517,cian,2026-05-04T21:45:05.727665+00:00,Санкт-Петербург,real_estate_agent,3rooms,3,80.0,4.394449154672439,4.0,4.0,1.0,False,True,Василеостровский,Горный институт,LOFT NA SREDNEM,59.9392754,30.2438761,district,3.9122015596226105,1.2135205952657642,True,54800000.0,17.819200770166418,685000.0,13.437175577097312,165,23000000.0,425718.0832915203,357142.85714285716,499334.2210386152,32,38017655.5,429395.0020052135,337823.9487244068,499983.1651804457,49,24258479.0,491000.0,424440.0,576720.0,255,32901180.0,376046.2225475842,221458.86039886042,532006.0691945107
327355369,cian,2026-05-04T21:45:05.727665+00:00,Санкт-Петербург,unknown,3rooms,3,70.2,4.26549281841793,2.0,5.0,0.4,False,False,Центральный,Площадь Восстания,unknown,59.9362815,30.3691405,house,3.076721782047459,0.7802631354015127,True,15500000.0,16.5563506464056,220797.7207977208,12.305006799879711,121,33000000.0,472702.7027027027,281949.93412384717,660000.0,34,57990625.0,558008.4759455165,353212.3355366919,743727.5985663083,19,23500000.0,286041.1899313501,208990.40969463505,395977.86089159676,255,32901180.0,376046.2225475842,221458.86039886042,532006.0691945107
323946090,cian,2026-05-04T21:45:05.727665+00:00,Санкт-Петербург,developer,3rooms,3,192.08,5.2631046107922925,2.0,6.0,0.3333333333333333,False,False,Петроградский,Крестовский остров,АСТРУМ,59.974045,30.272808,house,4.562700560591683,0.7963349736984283,True,230496000.0,19.255744071009698,1200000.0,13.997832948091215,215,74551226.0,688500.0,513014.51612903224,950757.9850893903,52,76671250.0,575235.4166666667,444450.91347119055,896417.8571428572,69,105000000.0,775889.9676375405,607500.0,1050000.0,255,32901180.0,376046.2225475842,221458.86039886042,532006.0691945107
326555639,cian,2026-05-04T21:45:05.727665+00:00,Санкт-Петербург,real_estate_agent,3rooms,3,95.2,4.566429357671661,2.0,4.0,0.5,False,False,Адмиралтейский,Балтийская,Созидатели,59.9129606,30.3022137,street,2.926899691453427,0.7337638529485886,True,46500000.0,17.65496289206296,488445.3781512605,13.098984976069998,73,19300000.0,451851.85185185185,325510.20408163266,515585.6263228786,11,41008590.0,475667.0310116929,456400.0,494222.6890756303,24,19487440.0,489918.4408501023,447802.11723439646,572020.1837657281,255,32901180.0,376046.2225475842,221458.86039886042,532006.0691945107
322347804,cian,2026-05-04T21:45:05.727665+00:00,Санкт-Петербург,real_estate_agent,3rooms,3,59.9,4.109233174715851,5.0,9.0,0.5555555555555556,False,False,Выборгский,Проспект Просвещения,unknown,60.0595327,30.3170596,house,13.448128036035747,1.316647154150114,True,9900000.0,16.108045416114916,165275.4590984975,12.01537486047016,68,11500000.0,242464.8327306462,201785.625,296143.7908496732,15,15800000.0,224719.1011235955,193256.81492109038,266349.41422838287,35,9900000.0,229117.64705882352,178772.9364833445,279693.9024390244,255,32901180.0,376046.2225475842,221458.86039886042,532006.0691945107
326400544,cian,2026-05-04T21:45:05.727665+00:00,Санкт-Петербург,developer,3rooms,3,88.7,4.49647076906475,10.0,10.0,1.0,False,True,Василеостровский,Горный институт,Легенда Васильевского ЖК,59.8637294,30.258942,house,8.875259754562878,7.658531360896451,True,46309383.0,17.650855176705758,522090.0,13.16559718117307,165,23000000.0,425718.0832915203,357142.85714285716,499334.2210386152,32,38017655.5,429395.0020052135,337823.9487244068,499983.1651804457,49,24258479.0,491000.0,424440.0,576720.0,255,32901180.0,376046.2225475842,221458.86039886042,532006.0691945107
327534963,cian,2026-05-04T21:45:05.727665+00:00,Санкт-Петербург,real_estate_agent,3rooms,3,94.5,4.5591262474866845,12.0,25.0,0.48,False,False,Приморский,Старая Деревня,unknown,59.9984204,30.2153873,house,8.626879717792509,2.3651178695261,True,21500000.0,16.88356353960952,227513.22751322752,12.334968053937372,119,11000000.0,253120.0,213054.45761967503,301644.1421266091,18,17641589.0,218426.67944535988,201216.73486983735,292694.42405561253,10,12849999.5,239117.1153240119,215743.79752066117,283249.985,255,32901180.0,376046.2225475842,221458.86039886042,532006.0691945107
321997996,cian,2026-05-04T21:45:05.727665+00:00,Санкт-Петербург,developer,3rooms,3,83.4,4.435567401601912,1.0,4.0,0.25,True,False,Кронштадтский,unknown,Кронфорт.Центральный,59.999645,29.7499966,street,32.1174157297947,,False,21924192.0,16.90310128824751,262880.0,12.479456737280902,15,12700000.0,289519.9957228401,255879.99731074355,297840.0049140222,3,21924192.0,255519.99462148713,254839.99731074358,259199.99731074355,47,19900000.0,390000.0,255879.99731074355,517735.35515320336,255,32901180.0,376046.2225475842,221458.86039886042,532006.0691945107
327976543,cian,2026-05-04T21:45:05.727665+00:00,Санкт-Петербург,real_estate_agent,3rooms,3,73.0,4.30406509320417,5.0,5.0,1.0,False,True,Петроградский,Петроградская,unknown,59.9643848,30.3122035,house,2.869086754521162,0.3139037491383164,True,22600000.0,16.933460508490302,309589.0410958904,12.643004253177402,215,74551226.0,688500.0,513014.51612903224,950757.9850893903,52,76671250.0,575235.4166666667,444450.91347119055,896417.8571428572,37,50900000.0,459966.6388657214,414269.2750287687,650000.0,255,32901180.0,376046.2225475842,221458.86039886042,532006.0691945107
326827442,cian,2026-05-04T21:45:05.727665+00:00,Санкт-Петербург,real_estate_agent,3rooms,3,57.5,4.069026754237811,5.0,9.0,0.5555555555555556,False,False,Выборгский,Проспект Просвещения,unknown,60.0494633,30.3263991,house,12.34641081673222,0.6508328981671031,True,11500000.0,16.257857680289998,200000.0,12.206077645517674,68,11500000.0,242464.8327306462,201785.625,296143.7908496732,15,15800000.0,224719.1011235955,193256.81492109038,266349.41422838287,35,9900000.0,229117.64705882352,178772.9364833445,279693.9024390244,255,32901180.0,376046.2225475842,221458.86039886042,532006.0691945107
328021933,cian,2026-05-04T21:45:05.727665+00:00,Санкт-Петербург,developer,3rooms,3,83.54,4.437224795138644,8.0,10.0,0.8,False,False,Василеостровский,Горный институт,Легенда Васильевского ЖК,59.8637294,30.258942,house,8.875259754562878,7.658531360896451,True,41931232.0,17.551541524867705,501929.99760593724,13.126217934257815,165,23000000.0,425718.0832915203,357142.85714285716,499334.2210386152,32,38017655.5,429395.0020052135,337823.9487244068,499983.1651804457,49,24258479.0,491000.0,424440.0,576720.0,255,32901180.0,376046.2225475842,221458.86039886042,532006.0691945107
328519488,cian,2026-05-04T21:45:05.727665+00:00,Санкт-Петербург,real_estate_agent,3rooms,3,153.0,5.0369526024136295,7.0,11.0,0.6363636363636364,False,False,Петроградский,Петроградская,Песочная наб. 18,59.9728292,30.2916048,house,4.006859560180157,1.2189421998856496,True,149990000.0,18.82607918983865,980326.7973856209,13.795642281846591,215,74551226.0,688500.0,513014.51612903224,950757.9850893903,52,76671250.0,575235.4166666667,444450.91347119055,896417.8571428572,37,50900000.0,459966.6388657214,414269.2750287687,650000.0,255,32901180.0,376046.2225475842,221458.86039886042,532006.0691945107
327200322,cian,2026-05-04T21:45:05.727665+00:00,Санкт-Петербург,developer,3rooms,3,88.6,4.4953553199808844,10.0,14.0,0.7142857142857143,False,False,Красногвардейский,Новочеркасская,Магнифика ЖК,59.9782843,30.4865836,district,10.567148826346545,6.925893961377273,True,45199293.0,17.626592025211448,510150.0338600452,13.142462105681904,65,10300000.0,250000.0,202169.11764705883,415701.00840336137,11,26606745.0,350550.0,190146.1072056239,446179.5017584994,28,25104484.5,444642.74811083125,355837.5,512076.8111093196,255,32901180.0,376046.2225475842,221458.86039886042,532006.0691945107
327519224,cian,2026-05-04T21:45:05.727665+00:00,Санкт-Петербург,real_estate_agent,3rooms,3,130.0,4.875197323201151,11.0,12.0,0.9166666666666666,False,False,Петроградский,Чкаловская,Lumiere,59.9697161,30.3017105,house,3.528044857159571,1.1350736055255466,True,68000000.0,18.035018277846262,523076.92307692306,13.167485724447676,215,74551226.0,688500.0,513014.51612903224,950757.9850893903,52,76671250.0,575235.4166666667,444450.91347119055,896417.8571428572,50,65500613.5,676550.1672240803,551580.3395021516,840090.1701805224,255,32901180.0,376046.2225475842,221458.86039886042,532006.0691945107
301127642,cian,2026-05-04T21:45:05.727665+00:00,Санкт-Петербург,developer,3rooms,3,105.0,4.663439094112067,14.0,14.0,1.0,False,True,Красногвардейский,Ладожская,GloraX Заневский,59.9312273,30.4327002,house,6.65751651590545,0.4961372922373157,True,29749999.0,17.208339689955913,283333.32380952383,12.554382835590598,65,10300000.0,250000.0,202169.11764705883,415701.00840336137,11,26606745.0,350550.0,190146.1072056239,446179.5017584994,16,8100000.0,244458.12807881774,189389.65874986106,325733.2609125025,255,32901180.0,376046.2225475842,221458.86039886042,532006.0691945107
318351039,cian,2026-05-04T21:45:05.727665+00:00,Санкт-Петербург,real_estate_agent,3rooms,3,122.6,4.817050545023591,22.0,22.0,1.0,False,True,Московский,Московская,Москва,59.8364424,30.313357,house,11.35949815020569,1.4032775589388875,True,44500000.0,17.61099976960838,362969.00489396416,12.802075478686742,115,14600000.0,338071.4560122935,232688.51778861112,440766.12903225806,20,28076550.5,366114.05528722645,201918.5053526095,425404.8361331547,34,19750000.0,368624.6176101299,230362.88470372072,720562.5,255,32901180.0,376046.2225475842,221458.86039886042,532006.0691945107
328942772,cian,2026-05-04T21:45:05.727665+00:00,Санкт-Петербург,realtor,3rooms,3,59.4,4.100989104940769,5.0,5.0,1.0,False,True,Калининский,Академическая,unknown,60.0139578,30.4163373,house,10.127704237326595,1.002653495953223,True,9700000.0,16.08763654656639,163299.6632996633,12.003348340797602,53,10624445.0,291095.8904109589,210032.36245954694,359100.0,12,12450000.0,216593.35288367548,174655.11440107672,323263.305978898,13,16000000.0,222841.22562674095,186956.52173913043,293733.681462141,255,32901180.0,376046.2225475842,221458.86039886042,532006.0691945107
319861490,cian,2026-05-04T21:45:05.727665+00:00,Санкт-Петербург,developer,3rooms,3,79.19,4.384398818818937,6.0,10.0,0.6,False,False,Фрунзенский,Обводный канал,Дом на Курской,59.9106223,30.3567235,house,3.914025843914734,0.5622205224014537,True,29986402.0,17.216254603551825,378663.9979795429,12.84440718284125,36,11675000.0,275360.4958677686,194624.98710409575,392205.28341254056,3,23607668.0,278720.9917355372,231953.08846036118,328692.49485754,20,17343499.5,385522.5051466804,295973.35138216015,426557.9919079805,255,32901180.0,376046.2225475842,221458.86039886042,532006.0691945107
327489303,cian,2026-05-04T21:45:05.727665+00:00,Санкт-Петербург,real_estate_agent,3rooms,3,85.3,4.457829598089382,6.0,12.0,0.5,False,False,Калининский,Выборгская,Ландыши,59.9788017,30.3718801,house,5.50712781446146,1.500477230510927,True,28000000.0,17.147715103853763,328253.223915592,12.701543660065775,53,10624445.0,291095.8904109589,210032.36245954694,359100.0,12,12450000.0,216593.35288367548,174655.11440107672,323263.305978898,11,28000000.0,447906.52385589096,309612.72306890716,480500.0,255,32901180.0,376046.2225475842,221458.86039886042,532006.0691945107
324034497,cian,2026-05-04T21:45:05.727665+00:00,Санкт-Петербург,real_estate_agent,3rooms,3,130.0,4.875197323201151,4.0,6.0,0.6666666666666666,False,False,Петроградский,Чкаловская,ЛДМ ЖК,59.9642342,30.2858201,district,3.256398622023302,0.4595738783432546,True,89990000.0,18.31520912212248,692230.7692307692,13.447676105158461,215,74551226.0,688500.0,513014.51612903224,950757.9850893903,52,76671250.0,575235.4166666667,444450.91347119055,896417.8571428572,50,65500613.5,676550.1672240803,551580.3395021516,840090.1701805224,255,32901180.0,376046.2225475842,221458.86039886042,532006.0691945107
324853805,cian,2026-05-04T21:45:05.727665+00:00,Санкт-Петербург,real_estate_agent,3rooms,3,108.0,4.691347882229144,6.0,14.0,0.4285714285714285,False,False,Московский,Ленинский проспект,unknown,59.8505951,30.2954269,house,9.84097788968246,1.4246009480206252,True,27500000.0,17.129696599000436,254629.62962962964,12.447569262777595,115,14600000.0,338071.4560122935,232688.51778861112,440766.12903225806,20,28076550.5,366114.05528722645,201918.5053526095,425404.8361331547,9,9570000.0,254629.62962962964,207011.68614357262,319565.2173913043,255,32901180.0,376046.2225475842,221458.86039886042,532006.0691945107
319672667,cian,2026-05-04T21:45:05.727665+00:00,Санкт-Петербург,developer,3rooms,3,82.8,4.428433007488037,5.0,10.0,0.5,False,False,Адмиралтейский,Нарвская,Остров первых,59.9229751,30.2775142,street,2.6783220944771378,2.4169551644469367,True,39073320.0,17.480950464698605,471900.0,13.064524496805262,73,19300000.0,451851.85185185185,325510.20408163266,515585.6263228786,11,41008590.0,475667.0310116929,456400.0,494222.6890756303,7,20544750.0,459300.00000000006,250702.4988213107,494700.0,255,32901180.0,376046.2225475842,221458.86039886042,532006.0691945107
327282870,cian,2026-05-04T21:45:05.727665+00:00,Санкт-Петербург,real_estate_agent,3rooms,3,103.0,4.6443908991413725,7.0,7.0,1.0,False,True,Центральный,Новочеркасская,Смольный проспект,59.9432511,30.3960208,house,4.591943209525144,1.911102844225884,True,61800000.0,17.93941393860915,600000.0,13.304686600863562,121,33000000.0,472702.7027027027,281949.93412384717,660000.0,34,57990625.0,558008.4759455165,353212.3355366919,743727.5985663083,28,25104484.5,444642.74811083125,355837.5,512076.8111093196,255,32901180.0,376046.2225475842,221458.86039886042,532006.0691945107
327769733,cian,2026-05-04T21:45:05.727665+00:00,Санкт-Петербург,real_estate_agent,3rooms,3,60.0,4.110873864173311,3.0,5.0,0.6,False,False,Калининский,Лесная,unknown,59.9842116,30.403202,house,7.093724483947672,3.2828754925204198,True,10500000.0,16.166885910365842,175000.0,12.07254696717504,53,10624445.0,291095.8904109589,210032.36245954694,359100.0,12,12450000.0,216593.35288367548,174655.11440107672,323263.305978898,37,13355877.0,359100.0,250000.0,393258.42696629214,255,32901180.0,376046.2225475842,221458.86039886042,532006.0691945107
328221345,cian,2026-05-04T21:45:05.727665+00:00,Санкт-Петербург,developer,3rooms,3,70.65,4.271793154274181,11.0,11.0,1.0,False,True,Пушкинский,Шушары,Полет,59.7550076,30.4704728,house,22.20450090287166,7.531476445990883,True,8876250.0,15.998889841138622,125636.94267515923,11.741159578758559,43,7166266.0,202797.2027972028,163053.72914003386,232898.85297184568,9,12900000.0,181688.3116883117,125636.94267515923,196013.28903654485,18,7450000.0,145612.922705314,128822.01343198246,164048.5800516345,255,32901180.0,376046.2225475842,221458.86039886042,532006.0691945107
328723367,cian,2026-05-04T21:45:05.727665+00:00,Санкт-Петербург,real_estate_agent,3rooms,3,138.4,4.937347498326424,4.0,5.0,0.8,False,False,Центральный,Адмиралтейская,unknown,59.9371635,30.3148016,house,0.1644430260825257,0.2288108007448047,True,56500000.0,17.849751213815786,408236.99421965313,12.919605602487621,121,33000000.0,472702.7027027027,281949.93412384717,660000.0,34,57990625.0,558008.4759455165,353212.3355366919,743727.5985663083,7,64900000.0,408236.99421965313,345764.63505594037,500278.7359000653,255,32901180.0,376046.2225475842,221458.86039886042,532006.0691945107
326758666,cian,2026-05-04T21:45:05.727665+00:00,Санкт-Петербург,realtor,3rooms,3,73.1,4.3054155323020415,4.0,6.0,0.6666666666666666,False,False,Выборгский,Площадь Мужества,unknown,59.9969962,30.3503917,house,6.800221501998004,0.9477088436644128,True,18500000.0,16.733281344102608,253077.97537619702,12.441456874636366,68,11500000.0,242464.8327306462,201785.625,296143.7908496732,15,15800000.0,224719.1011235955,193256.81492109038,266349.41422838287,6,14300000.0,251935.8130849239,247168.78971816134,255577.18615174157,255,32901180.0,376046.2225475842,221458.86039886042,532006.0691945107
326190033,cian,2026-05-04T21:45:05.727665+00:00,Санкт-Петербург,developer,3rooms,3,81.62,4.414251781968619,5.0,10.0,0.5,False,False,Адмиралтейский,Садовая,Остров первых,59.9229751,30.2775142,street,2.6783220944771378,2.481822067176933,True,37014670.0,17.4268249055313,453500.0,13.024752753606561,73,19300000.0,451851.85185185185,325510.20408163266,515585.6263228786,11,41008590.0,475667.0310116929,456400.0,494222.6890756303,14,19528670.0,463750.0,387982.5,497500.0,255,32901180.0,376046.2225475842,221458.86039886042,532006.0691945107
325272736,cian,2026-05-04T21:45:05.727665+00:00,Санкт-Петербург,real_estate_agent,3rooms,3,109.7,4.706823839714591,2.0,8.0,0.25,False,False,Центральный,Чернышевская,Русский дом,59.9402849,30.3515672,house,2.095289346912241,0.7172340843737885,True,108000000.0,18.49764179434776,984503.1905195989,13.799893433547535,121,33000000.0,472702.7027027027,281949.93412384717,660000.0,34,57990625.0,558008.4759455165,353212.3355366919,743727.5985663083,32,49135000.0,503583.5303388495,276041.2961878758,803855.975485189,255,32901180.0,376046.2225475842,221458.86039886042,532006.0691945107
324993137,cian,2026-05-04T21:45:05.727665+00:00,Санкт-Петербург,developer,3rooms,3,64.0,4.174387269895637,10.0,20.0,0.5,False,False,Красногвардейский,Девяткино,Ручьи ЖК,59.9782843,30.4865836,district,10.567148826346545,8.317755168677987,True,14215680.0,16.469856209060072,222120.0,12.310977557416361,65,10300000.0,250000.0,202169.11764705883,415701.00840336137,11,26606745.0,350550.0,190146.1072056239,446179.5017584994,15,4537224.0,207870.37037037036,195758.49544753472,213107.56097560975,255,32901180.0,376046.2225475842,221458.86039886042,532006.0691945107
327115704,cian,2026-05-04T21:45:05.727665+00:00,Санкт-Петербург,developer,3rooms,3,110.48,4.713845202613747,4.0,10.0,0.4,False,False,Василеостровский,Приморская,Северный Ветер ЖК,59.9592183,30.2196308,street,5.738265656122821,1.351573980586542,True,37210000.0,17.4320881271973,336803.0412744388,12.727256560311691,165,23000000.0,425718.0832915203,357142.85714285716,499334.2210386152,32,38017655.5,429395.0020052135,337823.9487244068,499983.1651804457,73,22280000.0,414540.0,355671.14093959733,468620.6724137931,255,32901180.0,376046.2225475842,221458.86039886042,532006.0691945107
327469521,cian,2026-05-04T21:45:05.727665+00:00,Санкт-Петербург,real_estate_agent,3rooms,3,140.0,4.948759890378168,1.0,5.0,0.2,True,False,Петроградский,Крестовский остров,unknown,59.9642342,30.2858201,district,3.256398622023302,1.6420429248548374,True,105000000.0,18.46947091764561,750000.0,13.527829818844937,215,74551226.0,688500.0,513014.51612903224,950757.9850893903,52,76671250.0,575235.4166666667,444450.91347119055,896417.8571428572,69,105000000.0,775889.9676375405,607500.0,1050000.0,255,32901180.0,376046.2225475842,221458.86039886042,532006.0691945107
327574441,cian,2026-05-04T21:45:05.727665+00:00,Санкт-Петербург,realtor,3rooms,3,57.5,4.069026754237811,3.0,10.0,0.3,False,False,Невский,Проспект Большевиков,unknown,59.9264543,30.4762458,house,9.133686667160982,0.9209163445097126,True,12400000.0,16.333207111220425,215652.1739130435,12.281426719857983,75,8462886.0,214129.9972504812,190613.3732947499,276627.69547325105,11,13500000.0,190548.7804878049,170270.89224262052,214891.08558176234,13,11950000.0,215652.1739130435,184986.59517426274,279835.39094650204,255,32901180.0,376046.2225475842,221458.86039886042,532006.0691945107
326074450,cian,2026-05-04T21:45:05.727665+00:00,Санкт-Петербург,developer,3rooms,3,91.41,4.526235197899949,5.0,10.0,0.5,False,False,Центральный,Площадь Александра Невского,Гильдия,59.9368984,30.3844576,house,3.9236329938891537,1.4082635969830763,True,59873550.0,17.907745412984983,655000.0,13.39239204133378,121,33000000.0,472702.7027027027,281949.93412384717,660000.0,34,57990625.0,558008.4759455165,353212.3355366919,743727.5985663083,35,35693422.0,625000.0,555289.7769297812,706503.2363162467,255,32901180.0,376046.2225475842,221458.86039886042,532006.0691945107
328466673,cian,2026-05-04T21:45:05.727665+00:00,Санкт-Петербург,real_estate_agent,3rooms,3,127.0,4.852030263919617,2.0,8.0,0.25,False,False,Петроградский,Крестовский остров,"Петровская коса, 1",59.9642342,30.2858201,district,3.256398622023302,1.6420429248548374,True,139700000.0,18.755007831385388,1100000.0,13.910821646859095,215,74551226.0,688500.0,513014.51612903224,950757.9850893903,52,76671250.0,575235.4166666667,444450.91347119055,896417.8571428572,69,105000000.0,775889.9676375405,607500.0,1050000.0,255,32901180.0,376046.2225475842,221458.86039886042,532006.0691945107
326074343,cian,2026-05-04T21:45:05.727665+00:00,Санкт-Петербург,developer,3rooms,3,95.17,4.56611745872439,2.0,10.0,0.2,False,False,Центральный,Площадь Александра Невского,Гильдия,59.9368984,30.3844576,house,3.9236329938891537,1.4082635969830763,True,59481250.0,17.90117171161481,625000.0,13.345508528717259,121,33000000.0,472702.7027027027,281949.93412384717,660000.0,34,57990625.0,558008.4759455165,353212.3355366919,743727.5985663083,35,35693422.0,625000.0,555289.7769297812,706503.2363162467,255,32901180.0,376046.2225475842,221458.86039886042,532006.0691945107
323119087,cian,2026-05-04T21:45:05.727665+00:00,Санкт-Петербург,real_estate_agent,3rooms,3,88.8,4.497584975308154,1.0,23.0,0.0434782608695652,True,False,Невский,Проспект Большевиков,Ладожский парк,59.9300013,30.4580922,house,8.078287818531342,1.343468249687214,True,17200000.0,16.660419999923214,193693.6936936937,12.174038454562927,75,8462886.0,214129.9972504812,190613.3732947499,276627.69547325105,11,13500000.0,190548.7804878049,170270.89224262052,214891.08558176234,13,11950000.0,215652.1739130435,184986.59517426274,279835.39094650204,255,32901180.0,376046.2225475842,221458.86039886042,532006.0691945107
325672831,cian,2026-05-04T21:45:05.727665+00:00,Санкт-Петербург,developer,3rooms,3,117.9,4.778282803696737,2.0,6.0,0.3333333333333333,False,False,Пушкинский,Шушары,Полет,59.7543572,30.475953,house,22.392858828246677,7.694466839499542,True,10656000.0,16.181633765606147,90381.67938931298,11.411807928346963,43,7166266.0,202797.2027972028,163053.72914003386,232898.85297184568,9,12900000.0,181688.3116883117,125636.94267515923,196013.28903654485,18,7450000.0,145612.922705314,128822.01343198246,164048.5800516345,255,32901180.0,376046.2225475842,221458.86039886042,532006.0691945107
328540914,cian,2026-05-04T21:45:05.727665+00:00,Санкт-Петербург,real_estate_agent,3rooms,3,154.0,5.043425116919247,7.0,8.0,0.875,False,False,Центральный,Чернышевская,Смольный парк,59.9521332,30.3916044,house,4.570974566909795,1.873277988255464,True,105000000.0,18.46947091764561,681818.1818181818,13.432519772373759,121,33000000.0,472702.7027027027,281949.93412384717,660000.0,34,57990625.0,558008.4759455165,353212.3355366919,743727.5985663083,32,49135000.0,503583.5303388495,276041.2961878758,803855.975485189,255,32901180.0,376046.2225475842,221458.86039886042,532006.0691945107
326113182,cian,2026-05-04T21:45:05.727665+00:00,Санкт-Петербург,real_estate_agent,3rooms,3,99.3,4.60816569496789,5.0,5.0,1.0,False,True,Центральный,Маяковская,unknown,59.9298761,30.3549027,house,2.4713777470193867,0.225656448492214,True,34900000.0,17.36799741582595,351460.221550856,12.769854661389687,121,33000000.0,472702.7027027027,281949.93412384717,660000.0,34,57990625.0,558008.4759455165,353212.3355366919,743727.5985663083,4,28150000.0,316705.0778373516,267055.442506632,355261.8328298087,255,32901180.0,376046.2225475842,221458.86039886042,532006.0691945107
329249975,cian,2026-05-04T21:45:05.727665+00:00,Санкт-Петербург,developer,3rooms,3,96.11,4.575844356606263,7.0,8.0,0.875,False,False,Василеостровский,Приморская,Северный Ветер ЖК,59.9592183,30.2196308,street,5.738265656122821,1.351573980586542,True,37050000.0,17.427778936696924,385495.7860784518,12.86228813492989,165,23000000.0,425718.0832915203,357142.85714285716,499334.2210386152,32,38017655.5,429395.0020052135,337823.9487244068,499983.1651804457,73,22280000.0,414540.0,355671.14093959733,468620.6724137931,255,32901180.0,376046.2225475842,221458.86039886042,532006.0691945107
325436181,cian,2026-05-04T21:45:05.727665+00:00,Санкт-Петербург,real_estate_agent,3rooms,3,122.6,4.817050545023591,6.0,15.0,0.4,False,False,Петроградский,Горьковская,Серебряные зеркала,59.9595094,30.3210365,house,2.356886772263437,0.432222410688145,True,44900000.0,17.619948374984197,366231.64763458405,12.811024059718893,215,74551226.0,688500.0,513014.51612903224,950757.9850893903,52,76671250.0,575235.4166666667,444450.91347119055,896417.8571428572,11,44900000.0,464033.850493653,355758.11508745083,568677.0747740346,255,32901180.0,376046.2225475842,221458.86039886042,532006.0691945107
327978804,cian,2026-05-04T21:45:05.727665+00:00,Санкт-Петербург,real_estate_agent,3rooms,3,72.0,4.290459441148391,6.0,9.0,0.6666666666666666,False,False,Колпинский,Шушары,unknown,59.7307024,30.5821817,house,27.545886096086527,13.016076315365728,True,10450000.0,16.16211263206887,145138.88888888888,11.885453307287456,11,7500000.0,146086.95652173914,130873.39590877327,169611.3344988345,4,9425000.0,145612.922705314,141015.40165809033,148297.61175750155,18,7450000.0,145612.922705314,128822.01343198246,164048.5800516345,255,32901180.0,376046.2225475842,221458.86039886042,532006.0691945107
328616176,cian,2026-05-04T21:45:05.727665+00:00,Санкт-Петербург,real_estate_agent,3rooms,3,140.0,4.948759890378168,2.0,8.0,0.25,False,False,Петроградский,Крестовский остров,Grand View,59.9606621,30.2526904,house,4.208397160229705,1.2285636768045898,True,130000000.0,18.683045016112164,928571.4285714285,13.741403662733049,215,74551226.0,688500.0,513014.51612903224,950757.9850893903,52,76671250.0,575235.4166666667,444450.91347119055,896417.8571428572,69,105000000.0,775889.9676375405,607500.0,1050000.0,255,32901180.0,376046.2225475842,221458.86039886042,532006.0691945107
329024493,cian,2026-05-04T21:45:05.727665+00:00,Санкт-Петербург,homeowner,3rooms,3,65.6,4.198704577546343,4.0,9.0,0.4444444444444444,False,False,Невский,Улица Дыбенко,unknown,59.9162954,30.4874524,house,9.972427378771169,1.043588502705749,True,12500000.0,16.341239282272525,190548.7804878049,12.157668754308716,75,8462886.0,214129.9972504812,190613.3732947499,276627.69547325105,11,13500000.0,190548.7804878049,170270.89224262052,214891.08558176234,23,10571122.0,226660.0,199068.28017997573,283016.46808134136,255,32901180.0,376046.2225475842,221458.86039886042,532006.0691945107
325431557,cian,2026-05-04T21:45:05.727665+00:00,Санкт-Петербург,real_estate_agent,3rooms,3,120.0,4.795790545596741,2.0,7.0,0.2857142857142857,False,False,Центральный,Чернышевская,Приоритет,59.9497714,30.3504672,house,2.375934349449239,0.9402311467641334,True,122800000.0,18.62606758182064,1023333.3333333334,13.83857680809349,121,33000000.0,472702.7027027027,281949.93412384717,660000.0,34,57990625.0,558008.4759455165,353212.3355366919,743727.5985663083,32,49135000.0,503583.5303388495,276041.2961878758,803855.975485189,255,32901180.0,376046.2225475842,221458.86039886042,532006.0691945107
326255601,cian,2026-05-04T21:45:05.727665+00:00,Санкт-Петербург,real_estate_agent,3rooms,3,71.2,4.279440045898781,4.0,5.0,0.8,False,False,Выборгский,Лесная,unknown,59.9881597,30.333451,house,5.615061392338825,0.6870797066733777,True,16000000.0,16.588099342704055,224719.1011235955,12.322610911776223,68,11500000.0,242464.8327306462,201785.625,296143.7908496732,15,15800000.0,224719.1011235955,193256.81492109038,266349.41422838287,37,13355877.0,359100.0,250000.0,393258.42696629214,255,32901180.0,376046.2225475842,221458.86039886042,532006.0691945107
320458374,cian,2026-05-04T21:45:05.727665+00:00,Санкт-Петербург,developer,3rooms,3,74.92,4.3296801543016725,13.0,17.0,0.7647058823529411,False,False,Калининский,Лесная,Аурум ЖК,59.9327565,30.2728798,street,2.3863606059545583,7.047975623424182,True,32073315.0,17.28353496513914,428100.84089695674,12.967116392280197,53,10624445.0,291095.8904109589,210032.36245954694,359100.0,12,12450000.0,216593.35288367548,174655.11440107672,323263.305978898,37,13355877.0,359100.0,250000.0,393258.42696629214,255,32901180.0,376046.2225475842,221458.86039886042,532006.0691945107
325668741,cian,2026-05-04T21:45:05.727665+00:00,Санкт-Петербург,real_estate_agent,3rooms,3,90.8,4.519612297626445,1.0,9.0,0.1111111111111111,True,False,Приморский,Комендантский проспект,Приморский бастион,60.0047518,30.2704453,house,7.746482830356653,0.7931927790128175,True,19450000.0,16.78335767944261,214207.04845814977,12.274703010791047,119,11000000.0,253120.0,213054.45761967503,301644.1421266091,18,17641589.0,218426.67944535988,201216.73486983735,292694.42405561253,62,11400000.0,258025.86534804112,212350.63966555786,313750.0,255,32901180.0,376046.2225475842,221458.86039886042,532006.0691945107
319045142,cian,2026-05-04T21:45:05.727665+00:00,Санкт-Петербург,developer,3rooms,3,72.74,4.300545392805998,9.0,14.0,0.6428571428571429,False,False,Невский,Улица Дыбенко,Апарт-комплекс Зум на Неве,59.9040938,30.4498862,house,8.484472384652422,1.9125226376565383,True,15575816.0,16.56123007712078,214129.9972504812,12.274343243409243,75,8462886.0,214129.9972504812,190613.3732947499,276627.69547325105,11,13500000.0,190548.7804878049,170270.89224262052,214891.08558176234,23,10571122.0,226660.0,199068.28017997573,283016.46808134136,255,32901180.0,376046.2225475842,221458.86039886042,532006.0691945107
317214147,cian,2026-05-04T21:45:05.727665+00:00,Санкт-Петербург,real_estate_agent,3rooms,3,66.0,4.204692619390966,3.0,8.0,0.375,False,False,Петроградский,Спортивная,17/33 Петровский остров,59.9584536,30.2693359,street,3.329696422532838,1.4795804670455333,True,42000000.0,17.553180200057167,636363.6363636364,13.363527005648553,215,74551226.0,688500.0,513014.51612903224,950757.9850893903,52,76671250.0,575235.4166666667,444450.91347119055,896417.8571428572,44,38450000.0,636691.4335664336,466248.48787486635,964962.5076891531,255,32901180.0,376046.2225475842,221458.86039886042,532006.0691945107
329626957,cian,2026-05-04T21:45:05.727665+00:00,Санкт-Петербург,homeowner,3rooms,3,78.5,4.375757021660286,12.0,12.0,1.0,False,True,Приморский,Комендантский проспект,unknown,60.0056839,30.2649531,house,7.944902662077745,0.470964292318921,True,15999999.0,16.588099280204055,203821.64331210192,12.225005499153962,119,11000000.0,253120.0,213054.45761967503,301644.1421266091,18,17641589.0,218426.67944535988,201216.73486983735,292694.42405561253,62,11400000.0,258025.86534804112,212350.63966555786,313750.0,255,32901180.0,376046.2225475842,221458.86039886042,532006.0691945107
329581670,cian,2026-05-04T21:45:05.727665+00:00,Санкт-Петербург,developer,3rooms,3,88.97,4.499476281429027,15.0,25.0,0.6,False,False,Приморский,Пионерская,Приморский квартал,60.0008094,30.3038091,house,6.941043794473661,0.3685820402126863,True,27213347.0,17.11921814618916,305871.04642014165,12.63092214453208,119,11000000.0,253120.0,213054.45761967503,301644.1421266091,18,17641589.0,218426.67944535988,201216.73486983735,292694.42405561253,6,10999364.0,250931.05773122894,191239.14657092388,349044.85411604866,255,32901180.0,376046.2225475842,221458.86039886042,532006.0691945107
326482813,cian,2026-05-04T21:45:05.727665+00:00,Санкт-Петербург,real_estate_agent,3rooms,3,76.65,4.3522115495946965,4.0,4.0,1.0,False,True,Курортный,Беговая,Лисино,60.024624,30.0117913,house,19.34701370214013,11.417665962199145,True,24700000.0,17.022313842084035,322243.9660795825,12.683067299514434,49,24506160.0,428400.0,344027.3037542662,554200.0,11,36153000.0,400059.5252314123,390000.0,443325.0,29,9802294.0,240710.82390953152,210180.94089264172,306436.1191162344,255,32901180.0,376046.2225475842,221458.86039886042,532006.0691945107
323398911,cian,2026-05-04T21:45:05.727665+00:00,Санкт-Петербург,realtor,3rooms,3,86.0,4.465908118654584,1.0,6.0,0.1666666666666666,True,False,Василеостровский,Горный институт,unknown,59.9392754,30.2438761,district,3.9122015596226105,1.2135205952657642,True,17820000.0,16.695832036123658,207209.3023255814,12.241489509779944,165,23000000.0,425718.0832915203,357142.85714285716,499334.2210386152,32,38017655.5,429395.0020052135,337823.9487244068,499983.1651804457,49,24258479.0,491000.0,424440.0,576720.0,255,32901180.0,376046.2225475842,221458.86039886042,532006.0691945107
325507196,cian,2026-05-04T21:45:05.727665+00:00,Санкт-Петербург,developer,3rooms,3,77.7,4.365643155423357,25.0,25.0,1.0,False,True,Приморский,Проспект Просвещения,Friends,60.0556901,30.2736961,house,13.212240102641392,3.4915272533309607,True,17783178.0,16.69376356846831,228869.72972972973,12.340912624150018,119,11000000.0,253120.0,213054.45761967503,301644.1421266091,18,17641589.0,218426.67944535988,201216.73486983735,292694.42405561253,35,9900000.0,229117.64705882352,178772.9364833445,279693.9024390244,255,32901180.0,376046.2225475842,221458.86039886042,532006.0691945107
328540919,cian,2026-05-04T21:45:05.727665+00:00,Санкт-Петербург,real_estate_agent,3rooms,3,140.2,4.950177325059141,2.0,5.0,0.4,False,False,Петроградский,Крестовский остров,unknown,59.9737746,30.2752409,house,4.469655231907652,0.911539526196462,True,137500000.0,18.739134482343623,980741.7974322397,13.796065520106254,215,74551226.0,688500.0,513014.51612903224,950757.9850893903,52,76671250.0,575235.4166666667,444450.91347119055,896417.8571428572,69,105000000.0,775889.9676375405,607500.0,1050000.0,255,32901180.0,376046.2225475842,221458.86039886042,532006.0691945107
326627534,cian,2026-05-04T21:45:05.727665+00:00,Санкт-Петербург,real_estate_agent,3rooms,3,65.2,4.192680462942962,6.0,6.0,1.0,False,True,Василеостровский,Василеостровская,unknown,59.9392754,30.2438761,district,3.9122015596226105,2.100112668540487,True,15200000.0,16.536806051605975,233128.8343558282,12.359350806348383,165,23000000.0,425718.0832915203,357142.85714285716,499334.2210386152,32,38017655.5,429395.0020052135,337823.9487244068,499983.1651804457,43,27900960.0,403090.15256588074,244769.5453830423,459065.00739980966,255,32901180.0,376046.2225475842,221458.86039886042,532006.0691945107
305409849,cian,2026-05-04T21:45:05.727665+00:00,Санкт-Петербург,developer,3rooms,3,98.85,4.603669059861824,2.0,7.0,0.2857142857142857,False,False,Выборгский,Выборгская,Сампсониевский 32,60.0387013,30.3354758,district,11.194080892055434,7.393443777237688,True,47250300.0,17.670969582254106,478000.0,13.077368103521614,68,11500000.0,242464.8327306462,201785.625,296143.7908496732,15,15800000.0,224719.1011235955,193256.81492109038,266349.41422838287,11,28000000.0,447906.52385589096,309612.72306890716,480500.0,255,32901180.0,376046.2225475842,221458.86039886042,532006.0691945107
328540918,cian,2026-05-04T21:45:05.727665+00:00,Санкт-Петербург,real_estate_agent,3rooms,3,100.0,4.61512051684126,9.0,9.0,1.0,False,True,Центральный,Площадь Александра Невского,Grand House,59.9252343,30.3736242,house,3.634009467597505,0.5932276493237544,True,75000000.0,18.13299868483392,750000.0,13.527829818844937,121,33000000.0,472702.7027027027,281949.93412384717,660000.0,34,57990625.0,558008.4759455165,353212.3355366919,743727.5985663083,35,35693422.0,625000.0,555289.7769297812,706503.2363162467,255,32901180.0,376046.2225475842,221458.86039886042,532006.0691945107
324564067,cian,2026-05-04T21:45:05.727665+00:00,Санкт-Петербург,developer,3rooms,3,105.8,4.670957926526095,4.0,13.0,0.3076923076923077,False,False,Выборгский,Проспект Просвещения,Руднева 15,60.0445701,30.3673918,house,12.150333418948804,1.943767718581536,True,25900000.0,17.069753565279804,244801.5122873346,12.408207092179309,68,11500000.0,242464.8327306462,201785.625,296143.7908496732,15,15800000.0,224719.1011235955,193256.81492109038,266349.41422838287,35,9900000.0,229117.64705882352,178772.9364833445,279693.9024390244,255,32901180.0,376046.2225475842,221458.86039886042,532006.0691945107
327389792,cian,2026-05-04T21:45:05.727665+00:00,Санкт-Петербург,real_estate_agent,3rooms,3,96.0,4.574710978503383,2.0,10.0,0.2,False,False,Петроградский,Чкаловская,ОСТРОВ,59.9596089,30.2738415,house,3.23768298897728,0.969014888128365,True,55850000.0,17.838180101384587,581770.8333333334,13.273833610900054,215,74551226.0,688500.0,513014.51612903224,950757.9850893903,52,76671250.0,575235.4166666667,444450.91347119055,896417.8571428572,50,65500613.5,676550.1672240803,551580.3395021516,840090.1701805224,255,32901180.0,376046.2225475842,221458.86039886042,532006.0691945107
329278372,cian,2026-05-04T21:45:05.727665+00:00,Санкт-Петербург,real_estate_agent,3rooms,3,41.6,3.751854253275325,1.0,5.0,0.2,True,False,Красносельский,Проспект Ветеранов,unknown,59.8267481,30.1474946,house,15.52732659348239,5.994901062244307,True,6800000.0,15.732433317205148,163461.53846153847,12.004339120507463,45,8600000.0,223093.96897646284,183937.8238341969,261158.53658536586,4,21480832.0,215480.31782156473,196765.38461538462,261640.47673234713,14,8300000.0,177077.9877979245,164294.958968347,214527.33390949378,255,32901180.0,376046.2225475842,221458.86039886042,532006.0691945107
328771392,cian,2026-05-04T21:45:05.727665+00:00,Санкт-Петербург,developer,3rooms,3,75.4,4.335982696172475,8.0,12.0,0.6666666666666666,False,False,Пушкинский,Звездная,Ол ин 3.0,59.8125734,30.3545023,house,14.193764392476208,2.413502436213449,True,22284308.0,16.919393356477972,295547.85145888594,12.596589420130554,43,7166266.0,202797.2027972028,163053.72914003386,232898.85297184568,9,12900000.0,181688.3116883117,125636.94267515923,196013.28903654485,43,9590757.0,294827.5862068966,224474.7194575878,354639.3791256695,255,32901180.0,376046.2225475842,221458.86039886042,532006.0691945107
328616173,cian,2026-05-04T21:45:05.727665+00:00,Санкт-Петербург,real_estate_agent,3rooms,3,128.5,4.863680881139593,4.0,7.0,0.5714285714285714,False,False,Василеостровский,Горный институт,Империал Клаб ЖК,59.9392754,30.2438761,district,3.9122015596226105,1.2135205952657642,True,119300000.0,18.597151895450374,928404.6692607003,13.741224059848802,165,23000000.0,425718.0832915203,357142.85714285716,499334.2210386152,32,38017655.5,429395.0020052135,337823.9487244068,499983.1651804457,49,24258479.0,491000.0,424440.0,576720.0,255,32901180.0,376046.2225475842,221458.86039886042,532006.0691945107
326562806,cian,2026-05-04T21:45:05.727665+00:00,Санкт-Петербург,real_estate_agent,3rooms,3,100.4,4.619073091157083,8.0,15.0,0.5333333333333333,False,False,Калининский,Академическая,unknown,60.0125593,30.3939876,house,9.34821945093853,0.2578284312391088,True,25000000.0,17.034386422832473,249003.984063745,12.425228191566783,53,10624445.0,291095.8904109589,210032.36245954694,359100.0,12,12450000.0,216593.35288367548,174655.11440107672,323263.305978898,13,16000000.0,222841.22562674095,186956.52173913043,293733.681462141,255,32901180.0,376046.2225475842,221458.86039886042,532006.0691945107
329231942,cian,2026-05-04T21:45:05.727665+00:00,Санкт-Петербург,developer,3rooms,3,74.48,4.32386772050035,11.0,12.0,0.9166666666666666,False,False,Пушкинский,Купчино,Солар Парк,59.7318379,30.4244923,district,23.803942467635743,11.048014142033765,True,14526850.0,16.49150928803915,195043.63587540278,12.180983713276978,43,7166266.0,202797.2027972028,163053.72914003386,232898.85297184568,9,12900000.0,181688.3116883117,125636.94267515923,196013.28903654485,32,7495000.0,211094.97047056584,198690.38857472915,238287.2080291971,255,32901180.0,376046.2225475842,221458.86039886042,532006.0691945107
325995620,cian,2026-05-04T21:45:05.727665+00:00,Санкт-Петербург,real_estate_agent,3rooms,3,153.0,5.0369526024136295,9.0,9.0,1.0,False,True,Петроградский,Крестовский остров,NEVA HAUS,59.9624914,30.2594126,house,4.04100950912093,0.9611241158472662,True,83900000.0,18.245136183356387,548366.0130718955,13.21470007364286,215,74551226.0,688500.0,513014.51612903224,950757.9850893903,52,76671250.0,575235.4166666667,444450.91347119055,896417.8571428572,69,105000000.0,775889.9676375405,607500.0,1050000.0,255,32901180.0,376046.2225475842,221458.86039886042,532006.0691945107
329427950,cian,2026-05-04T21:45:05.727665+00:00,Санкт-Петербург,real_estate_agent,3rooms,3,71.0,4.276666119016055,9.0,12.0,0.75,False,False,Колпинский,Рыбацкое,unknown,59.8105201,30.5621703,house,19.861920165129423,4.136257371574473,True,11000000.0,16.213405921671733,154929.57746478874,11.950732408245953,11,7500000.0,146086.95652173914,130873.39590877327,169611.3344988345,4,9425000.0,145612.922705314,141015.40165809033,148297.61175750155,12,6575000.0,189494.43052436158,165480.64611444896,210909.0909090909,255,32901180.0,376046.2225475842,221458.86039886042,532006.0691945107
318876649,cian,2026-05-04T21:45:05.727665+00:00,Санкт-Петербург,developer,3rooms,3,75.9,4.342505876511599,4.0,12.0,0.3333333333333333,False,False,Красногвардейский,Ладожская,Большая Охта,59.9428726,30.4216421,house,6.008596021197179,1.5850025238758634,True,26606745.0,17.09667535062115,350550.0,12.76726148129115,65,10300000.0,250000.0,202169.11764705883,415701.00840336137,11,26606745.0,350550.0,190146.1072056239,446179.5017584994,16,8100000.0,244458.12807881774,189389.65874986106,325733.2609125025,255,32901180.0,376046.2225475842,221458.86039886042,532006.0691945107
328720693,cian,2026-05-04T21:45:05.727665+00:00,Санкт-Петербург,real_estate_agent,3rooms,3,144.0,4.976733742420574,5.0,8.0,0.625,False,False,Петроградский,Крестовский остров,Петровский квартал на воде,59.9602408,30.2578407,house,3.950199994319192,1.215783263201416,True,91900000.0,18.33621159820731,638194.4444444445,13.366399854669254,215,74551226.0,688500.0,513014.51612903224,950757.9850893903,52,76671250.0,575235.4166666667,444450.91347119055,896417.8571428572,69,105000000.0,775889.9676375405,607500.0,1050000.0,255,32901180.0,376046.2225475842,221458.86039886042,532006.0691945107
327375253,cian,2026-05-04T21:45:05.727665+00:00,Санкт-Петербург,real_estate_agent,3rooms,3,89.71,4.507667604626853,2.0,6.0,0.3333333333333333,False,False,Петроградский,Петроградская,ID Petrogradskaya,59.9702849,30.2928553,house,3.716441865638088,1.0302463510485302,True,35435450.0,17.383223317674776,395000.0,12.886643575525625,215,74551226.0,688500.0,513014.51612903224,950757.9850893903,52,76671250.0,575235.4166666667,444450.91347119055,896417.8571428572,37,50900000.0,459966.6388657214,414269.2750287687,650000.0,255,32901180.0,376046.2225475842,221458.86039886042,532006.0691945107
325507623,cian,2026-05-04T21:45:05.727665+00:00,Санкт-Петербург,developer,3rooms,3,97.44,4.589447225522855,4.0,13.0,0.3076923076923077,False,False,Калининский,Лесная,Respect,59.9795102,30.3666433,house,5.408189712658903,1.3952962461670648,True,34512437.0,17.356830338768372,354191.67692939244,12.777596329157774,53,10624445.0,291095.8904109589,210032.36245954694,359100.0,12,12450000.0,216593.35288367548,174655.11440107672,323263.305978898,37,13355877.0,359100.0,250000.0,393258.42696629214,255,32901180.0,376046.2225475842,221458.86039886042,532006.0691945107
323513958,cian,2026-05-04T21:45:59.274940+00:00,Санкт-Петербург,developer,4rooms,4,128.88,4.866610947234645,7.0,9.0,0.7777777777777778,False,False,Петроградский,Чкаловская,Avant,59.8824022,29.8401575,house,27.150144598488687,26.60346167684475,True,122090279.0,18.62027132903253,947317.4968963377,13.761390637584892,215,74551226.0,688500.0,513014.51612903224,950757.9850893903,86,99137000.0,717505.2995391705,520825.00000000006,1013368.6913652276,50,65500613.5,676550.1672240803,551580.3395021516,840090.1701805224,263,50900000.0,378150.3013029316,210093.366242963,658019.1756512275
325983166,cian,2026-05-04T21:45:59.274940+00:00,Санкт-Петербург,real_estate_agent,4rooms,4,84.0,4.442651256490317,7.0,7.0,1.0,False,True,Курортный,unknown,unknown,59.6929066,30.4324278,house,28.109409000375543,,False,20000000.0,16.811242881518265,238095.2380952381,12.380430232666132,49,24506160.0,428400.0,344027.3037542662,554200.0,4,37062781.5,371922.62165858515,227467.92781039356,544349.178733075,47,19900000.0,390000.0,255879.99731074355,517735.35515320336,263,50900000.0,378150.3013029316,210093.366242963,658019.1756512275
322717851,cian,2026-05-04T21:45:59.274940+00:00,Санкт-Петербург,realtor,4rooms,4,102.8,4.642465970731788,4.0,5.0,0.8,False,False,Выборгский,Лесная,unknown,59.9887236,30.3338757,house,5.68114335384391,0.7004447982839818,True,17700000.0,16.68907525404123,172178.98832684825,12.05629565241573,68,11500000.0,242464.8327306462,201785.625,296143.7908496732,11,23000000.0,202380.8333333333,184672.42693003925,257692.3076923077,37,13355877.0,359100.0,250000.0,393258.42696629214,263,50900000.0,378150.3013029316,210093.366242963,658019.1756512275
328717353,cian,2026-05-04T21:45:59.274940+00:00,Санкт-Петербург,developer,4rooms,4,142.17,4.964032735372236,9.0,10.0,0.9,False,False,Центральный,Площадь Александра Невского,Новгородская 8,59.934866,30.3827,house,3.8437740099103066,1.1846185481164042,True,107506537.0,18.493062222287268,756182.9992262785,13.536040010768238,121,33000000.0,472702.7027027027,281949.93412384717,660000.0,36,45750000.0,313741.31568639574,199026.43034878396,513204.5289877664,35,35693422.0,625000.0,555289.7769297812,706503.2363162467,263,50900000.0,378150.3013029316,210093.366242963,658019.1756512275
327386234,cian,2026-05-04T21:45:59.274940+00:00,Санкт-Петербург,real_estate_agent,4rooms,4,98.0,4.59511985013459,2.0,4.0,0.5,False,False,Адмиралтейский,Спасская,unknown,59.9241078,30.3258662,house,1.739691257762885,8.503438502701847,True,31900000.0,17.278116599103036,325510.20408163266,12.693152161180096,73,19300000.0,451851.85185185185,325510.20408163266,515585.6263228786,19,21700000.0,226712.32876712328,180842.2890600164,345764.63505594037,2,24449500.0,244955.295464414,204677.8411558047,285232.74977302336,263,50900000.0,378150.3013029316,210093.366242963,658019.1756512275
326239753,cian,2026-05-04T21:45:59.274940+00:00,Санкт-Петербург,real_estate_agent,4rooms,4,81.5,4.412798293340635,5.0,5.0,1.0,False,True,Адмиралтейский,Пушкинская,unknown,59.9232473,30.3270181,house,1.85265512316703,0.3191522876291752,True,14980000.0,16.52222660280902,183803.6809815951,12.12162895637918,73,19300000.0,451851.85185185185,325510.20408163266,515585.6263228786,19,21700000.0,226712.32876712328,180842.2890600164,345764.63505594037,4,15745000.0,225448.55568790948,214089.50720192053,237556.76909786498,263,50900000.0,378150.3013029316,210093.366242963,658019.1756512275
326074457,cian,2026-05-04T21:45:59.274940+00:00,Санкт-Петербург,developer,4rooms,4,144.73,4.981755594545605,6.0,10.0,0.6,False,False,Центральный,Площадь Александра Невского,Гильдия,59.9368984,30.3844576,house,3.9236329938891537,1.4082635969830763,True,96245450.0,18.382412267677605,665000.0,13.407543823396258,121,33000000.0,472702.7027027027,281949.93412384717,660000.0,36,45750000.0,313741.31568639574,199026.43034878396,513204.5289877664,35,35693422.0,625000.0,555289.7769297812,706503.2363162467,263,50900000.0,378150.3013029316,210093.366242963,658019.1756512275
324592690,cian,2026-05-04T21:45:59.274940+00:00,Санкт-Петербург,real_estate_agent,4rooms,4,146.0,4.990432586778736,2.0,9.0,0.2222222222222222,False,False,Петроградский,Крестовский остров,Петровская Доминанта,59.9642342,30.2858201,district,3.256398622023302,1.6420429248548374,True,79000000.0,18.18495842308952,541095.8904109589,13.201353636822518,215,74551226.0,688500.0,513014.51612903224,950757.9850893903,86,99137000.0,717505.2995391705,520825.00000000006,1013368.6913652276,69,105000000.0,775889.9676375405,607500.0,1050000.0,263,50900000.0,378150.3013029316,210093.366242963,658019.1756512275
319299237,cian,2026-05-04T21:45:59.274940+00:00,Санкт-Петербург,real_estate_agent,4rooms,4,105.0,4.663439094112067,9.0,9.0,1.0,False,True,Кировский,Нарвская,unknown,59.8915373,30.2711816,house,5.7540218750989895,1.0971836780913071,True,19900000.0,16.806230339945976,189523.80952380953,12.152275215905187,23,9549000.0,189523.80952380953,167164.71534237044,209193.37893257206,8,12175000.0,174327.60598021332,166391.349414612,179368.53002070394,7,20544750.0,459300.00000000006,250702.4988213107,494700.0,263,50900000.0,378150.3013029316,210093.366242963,658019.1756512275
327097312,cian,2026-05-04T21:45:59.274940+00:00,Санкт-Петербург,developer,4rooms,4,111.28,4.720995751493682,10.0,18.0,0.5555555555555556,False,False,Василеостровский,Приморская,Башни Элемент,59.9407329,30.193978,house,6.694866063092209,2.211622373519493,True,83710380.0,18.24287355405343,752250.0,13.530825323836705,165,23000000.0,425718.0832915203,357142.85714285716,499334.2210386152,33,51917243.0,451006.70182166825,219000.0,658684.201754386,73,22280000.0,414540.0,355671.14093959733,468620.6724137931,263,50900000.0,378150.3013029316,210093.366242963,658019.1756512275
320518172,cian,2026-05-04T21:45:59.274940+00:00,Санкт-Петербург,real_estate_agent,4rooms,4,225.3,5.421861552639491,3.0,3.0,1.0,False,True,Петроградский,Черная речка,Del Arte,59.9753099,30.2870396,house,4.351067385435871,1.3185900315248,True,212908500.0,19.17637305861093,945000.0,13.758941264676379,215,74551226.0,688500.0,513014.51612903224,950757.9850893903,86,99137000.0,717505.2995391705,520825.00000000006,1013368.6913652276,19,44200000.0,500658.7615283267,347389.5582329317,945000.0,263,50900000.0,378150.3013029316,210093.366242963,658019.1756512275
328968966,cian,2026-05-04T21:45:59.274940+00:00,Санкт-Петербург,real_estate_agent,4rooms,4,48.8,3.9080149840306073,4.0,5.0,0.8,False,False,Фрунзенский,Международная,unknown,59.8705275,30.3866809,house,8.583271191978245,0.3472152235990605,True,9800000.0,16.097893045681612,200819.67213114756,12.210167610361138,36,11675000.0,275360.4958677686,194624.98710409575,392205.28341254056,7,26500000.0,252380.95238095237,183635.6425171867,356298.06813114096,3,7890000.0,200819.67213114756,185431.3877897117,227563.39411800823,263,50900000.0,378150.3013029316,210093.366242963,658019.1756512275
327096250,cian,2026-05-04T21:45:59.274940+00:00,Санкт-Петербург,developer,4rooms,4,413.1,6.026107490551522,5.0,8.0,0.625,False,False,Петроградский,Спортивная,17/33 Петровский остров,59.9584536,30.2693359,street,3.329696422532838,1.4795804670455333,True,496153755.0,20.02239642858711,1201050.0,13.998707564773348,215,74551226.0,688500.0,513014.51612903224,950757.9850893903,86,99137000.0,717505.2995391705,520825.00000000006,1013368.6913652276,44,38450000.0,636691.4335664336,466248.48787486635,964962.5076891531,263,50900000.0,378150.3013029316,210093.366242963,658019.1756512275
327744531,cian,2026-05-04T21:45:59.274940+00:00,Санкт-Петербург,real_estate_agent,4rooms,4,230.0,5.442417710521793,3.0,3.0,1.0,False,True,Петроградский,Черная речка,Del Arte,59.9753099,30.2870396,house,4.351067385435871,1.3185900315248,True,236670000.0,19.282177327964675,1029000.0,13.844098986633012,215,74551226.0,688500.0,513014.51612903224,950757.9850893903,86,99137000.0,717505.2995391705,520825.00000000006,1013368.6913652276,19,44200000.0,500658.7615283267,347389.5582329317,945000.0,263,50900000.0,378150.3013029316,210093.366242963,658019.1756512275
323092627,cian,2026-05-04T21:45:59.274940+00:00,Санкт-Петербург,realtor,4rooms,4,73.0,4.30406509320417,3.0,4.0,0.75,False,False,Адмиралтейский,Пушкинская,unknown,59.9231517,30.3232956,house,1.7925465913522989,0.3977055615640347,True,16550000.0,16.621896720210305,226712.32876712328,12.33144162950536,73,19300000.0,451851.85185185185,325510.20408163266,515585.6263228786,19,21700000.0,226712.32876712328,180842.2890600164,345764.63505594037,4,15745000.0,225448.55568790948,214089.50720192053,237556.76909786498,263,50900000.0,378150.3013029316,210093.366242963,658019.1756512275
329246973,cian,2026-05-04T21:45:59.274940+00:00,Санкт-Петербург,developer,4rooms,4,136.2,4.921439715291784,14.0,14.0,1.0,False,True,Красногвардейский,Новочеркасская,Магнифика ЖК,59.9782843,30.4865836,district,10.567148826346545,6.925893961377273,True,77637882.0,18.16756604902059,570028.5022026432,13.253443396721572,65,10300000.0,250000.0,202169.11764705883,415701.00840336137,7,46550000.0,389539.7489539749,257334.29362126847,481045.29806370847,28,25104484.5,444642.74811083125,355837.5,512076.8111093196,263,50900000.0,378150.3013029316,210093.366242963,658019.1756512275
329429003,cian,2026-05-04T21:45:59.274940+00:00,Санкт-Петербург,real_estate_agent,4rooms,4,303.2,5.717685379825192,1.0,7.0,0.1428571428571428,True,False,Петроградский,Крестовский остров,Diadema Club House,59.9738659,30.2681651,house,4.681542322819386,0.5589908014079028,True,363840000.0,19.712224771274908,1200000.0,13.997832948091215,215,74551226.0,688500.0,513014.51612903224,950757.9850893903,86,99137000.0,717505.2995391705,520825.00000000006,1013368.6913652276,69,105000000.0,775889.9676375405,607500.0,1050000.0,263,50900000.0,378150.3013029316,210093.366242963,658019.1756512275
324396646,cian,2026-05-04T21:45:59.274940+00:00,Санкт-Петербург,real_estate_agent,4rooms,4,99.9,4.614129927359564,3.0,20.0,0.15,False,False,Красносельский,Автово,unknown,59.8657163,30.1794405,house,11.048205997098604,4.328100563486227,True,14500000.0,16.489659276356317,145145.14514514513,11.885496411367734,45,8600000.0,223093.96897646284,183937.8238341969,261158.53658536586,9,28700000.0,236701.03092783506,184977.5784753363,252835.97790830192,3,8500000.0,173824.1308793456,159484.63801224536,182792.74725785461,263,50900000.0,378150.3013029316,210093.366242963,658019.1756512275
326433772,cian,2026-05-04T21:45:59.274940+00:00,Санкт-Петербург,developer,4rooms,4,116.8,4.768988271217486,2.0,8.0,0.25,False,False,Петроградский,Спортивная,NEVA RESIDENCE,59.9581113,30.2677113,house,3.373353959702625,1.5414762901508554,True,49336320.0,17.71417110203736,422400.0,12.953710378795629,215,74551226.0,688500.0,513014.51612903224,950757.9850893903,86,99137000.0,717505.2995391705,520825.00000000006,1013368.6913652276,44,38450000.0,636691.4335664336,466248.48787486635,964962.5076891531,263,50900000.0,378150.3013029316,210093.366242963,658019.1756512275
319660970,cian,2026-05-04T21:45:59.274940+00:00,Санкт-Петербург,real_estate_agent,4rooms,4,255.6,5.547518452181536,7.0,7.0,1.0,False,True,Центральный,Площадь Ленина,Приоритет,59.9497714,30.3504672,house,2.375934349449239,0.7550475437948494,True,300000000.0,19.519293035953808,1173708.9201877934,13.975680162116733,121,33000000.0,472702.7027027027,281949.93412384717,660000.0,36,45750000.0,313741.31568639574,199026.43034878396,513204.5289877664,7,80000000.0,490196.0784313726,310500.6884045804,1162007.8343270256,263,50900000.0,378150.3013029316,210093.366242963,658019.1756512275
321938434,cian,2026-05-04T21:45:59.274940+00:00,Санкт-Петербург,real_estate_agent,4rooms,4,117.9,4.778282803696737,2.0,7.0,0.2857142857142857,False,False,Центральный,Лиговский проспект,unknown,59.9203535,30.3488802,house,2.8056452859218117,0.3369032246280619,True,18650420.0,16.74137927752586,158188.46480067854,11.971548737917912,121,33000000.0,472702.7027027027,281949.93412384717,660000.0,36,45750000.0,313741.31568639574,199026.43034878396,513204.5289877664,6,9900000.0,210892.16306607611,164627.9706740875,331240.70945945947,263,50900000.0,378150.3013029316,210093.366242963,658019.1756512275
326934701,cian,2026-05-04T21:45:59.274940+00:00,Санкт-Петербург,developer,4rooms,4,213.2,5.366910158013648,6.0,7.0,0.8571428571428571,False,False,Василеостровский,Василеостровская,Амо,59.9392754,30.2438761,district,3.9122015596226105,2.100112668540487,True,131118000.0,18.691608246707062,615000.0,13.329379172803593,165,23000000.0,425718.0832915203,357142.85714285716,499334.2210386152,33,51917243.0,451006.70182166825,219000.0,658684.201754386,43,27900960.0,403090.15256588074,244769.5453830423,459065.00739980966,263,50900000.0,378150.3013029316,210093.366242963,658019.1756512275
307484511,cian,2026-05-04T21:45:59.274940+00:00,Санкт-Петербург,real_estate_agent,4rooms,4,163.0,5.099866427824199,1.0,5.0,0.2,True,False,Петроградский,Крестовский остров,unknown,59.9754799,30.2517632,house,5.372138171030261,0.6559101534444226,True,130000000.0,18.683045016112164,797546.0122699386,13.589296061458462,215,74551226.0,688500.0,513014.51612903224,950757.9850893903,86,99137000.0,717505.2995391705,520825.00000000006,1013368.6913652276,69,105000000.0,775889.9676375405,607500.0,1050000.0,263,50900000.0,378150.3013029316,210093.366242963,658019.1756512275
327642769,cian,2026-05-04T21:45:59.274940+00:00,Санкт-Петербург,real_estate_agent,4rooms,4,73.6,4.312140507209715,2.0,5.0,0.4,False,False,Адмиралтейский,Пушкинская,unknown,59.9232473,30.3270181,house,1.85265512316703,0.3191522876291752,True,16500000.0,16.61887099947687,224184.78260869568,12.320230373732091,73,19300000.0,451851.85185185185,325510.20408163266,515585.6263228786,19,21700000.0,226712.32876712328,180842.2890600164,345764.63505594037,4,15745000.0,225448.55568790948,214089.50720192053,237556.76909786498,263,50900000.0,378150.3013029316,210093.366242963,658019.1756512275
327097080,cian,2026-05-04T21:45:59.274940+00:00,Санкт-Петербург,developer,4rooms,4,95.75,4.572130331909891,1.0,5.0,0.2,True,False,Курортный,Комендантский проспект,BEREG.Курортный,60.0863026,29.9425321,house,26.385229379440663,19.55122660226132,True,48425563.0,17.69553841406612,505750.00522193214,13.133799742614634,49,24506160.0,428400.0,344027.3037542662,554200.0,4,37062781.5,371922.62165858515,227467.92781039356,544349.178733075,62,11400000.0,258025.86534804112,212350.63966555786,313750.0,263,50900000.0,378150.3013029316,210093.366242963,658019.1756512275
323392605,cian,2026-05-04T21:45:59.274940+00:00,Санкт-Петербург,real_estate_agent,4rooms,4,175.0,5.170483995038151,5.0,6.0,0.8333333333333334,False,False,Петроградский,Крестовский остров,Крестовский de luxe,59.9658698,30.2706823,house,3.877947658222955,0.8449148615934193,True,255000000.0,19.35677410704427,1457142.857142857,14.19198881547346,215,74551226.0,688500.0,513014.51612903224,950757.9850893903,86,99137000.0,717505.2995391705,520825.00000000006,1013368.6913652276,69,105000000.0,775889.9676375405,607500.0,1050000.0,263,50900000.0,378150.3013029316,210093.366242963,658019.1756512275
327000459,cian,2026-05-04T21:45:59.274940+00:00,Санкт-Петербург,real_estate_agent,4rooms,4,68.2,4.237000862623624,5.0,6.0,0.8333333333333334,False,False,Центральный,Владимирская,unknown,59.8915179,30.3202066,street,5.246351563530125,4.438932686156411,True,12300000.0,16.325109901643454,180351.90615835777,12.102670800193305,121,33000000.0,472702.7027027027,281949.93412384717,660000.0,36,45750000.0,313741.31568639574,199026.43034878396,513204.5289877664,4,9300000.0,354651.16279069765,307587.97653958946,362658.5623678647,263,50900000.0,378150.3013029316,210093.366242963,658019.1756512275
328976382,cian,2026-05-04T21:45:59.274940+00:00,Санкт-Петербург,developer,4rooms,4,127.55,4.856317933711899,9.0,10.0,0.9,False,False,Василеостровский,Приморская,Северный Ветер ЖК,59.9592183,30.2196308,street,5.738265656122821,1.351573980586542,True,47620000.0,17.67876342002257,373343.78675029404,12.830257632928014,165,23000000.0,425718.0832915203,357142.85714285716,499334.2210386152,33,51917243.0,451006.70182166825,219000.0,658684.201754386,73,22280000.0,414540.0,355671.14093959733,468620.6724137931,263,50900000.0,378150.3013029316,210093.366242963,658019.1756512275
313820161,cian,2026-05-04T21:45:59.274940+00:00,Санкт-Петербург,real_estate_agent,4rooms,4,157.8,5.067645548813036,4.0,9.0,0.4444444444444444,False,False,Петроградский,Чкаловская,Lumiere,59.9697161,30.3017105,house,3.528044857159571,1.1350736055255466,True,79000000.0,18.18495842308952,500633.71356147015,13.12363199948588,215,74551226.0,688500.0,513014.51612903224,950757.9850893903,86,99137000.0,717505.2995391705,520825.00000000006,1013368.6913652276,50,65500613.5,676550.1672240803,551580.3395021516,840090.1701805224,263,50900000.0,378150.3013029316,210093.366242963,658019.1756512275
328722539,cian,2026-05-04T21:45:59.274940+00:00,Санкт-Петербург,real_estate_agent,4rooms,4,48.3,3.897924081048645,1.0,5.0,0.2,True,False,Московский,Московская,unknown,59.8535334,30.300265,house,9.490406724561817,1.3010900264108507,True,7300000.0,15.803385043104912,151138.71635610767,11.92595996187656,115,14600000.0,338071.4560122935,232688.51778861112,440766.12903225806,10,32575000.0,286295.51198356494,204714.4386253297,444500.0,34,19750000.0,368624.6176101299,230362.88470372072,720562.5,263,50900000.0,378150.3013029316,210093.366242963,658019.1756512275
328605150,cian,2026-05-04T21:45:59.274940+00:00,Санкт-Петербург,developer,4rooms,4,123.9,4.827513417131532,16.0,16.0,1.0,False,True,Василеостровский,Приморская,Морская набережная.СиВью,59.9322507,30.1943829,house,6.706231020796219,2.7009535079268074,True,51728250.0,17.76151463123994,417500.0,12.94204221847976,165,23000000.0,425718.0832915203,357142.85714285716,499334.2210386152,33,51917243.0,451006.70182166825,219000.0,658684.201754386,73,22280000.0,414540.0,355671.14093959733,468620.6724137931,263,50900000.0,378150.3013029316,210093.366242963,658019.1756512275
321666202,cian,2026-05-04T21:45:59.274940+00:00,Санкт-Петербург,real_estate_agent,4rooms,4,136.9,4.926528784799256,9.0,9.0,1.0,False,True,Петроградский,Крестовский остров,NEVA HAUS,59.9624914,30.2594126,house,4.04100950912093,0.9611241158472662,True,77000000.0,18.15931599280497,562454.34623813,13.240067025444052,215,74551226.0,688500.0,513014.51612903224,950757.9850893903,86,99137000.0,717505.2995391705,520825.00000000006,1013368.6913652276,69,105000000.0,775889.9676375405,607500.0,1050000.0,263,50900000.0,378150.3013029316,210093.366242963,658019.1756512275
325142033,cian,2026-05-04T21:45:59.274940+00:00,Санкт-Петербург,real_estate_agent,4rooms,4,101.0,4.624972813284271,4.0,6.0,0.6666666666666666,False,False,Адмиралтейский,Технологический институт,unknown,59.9130657,30.3262801,house,2.919279844254052,0.6036505619729703,True,15000000.0,16.52356082573315,148514.8514851485,11.90844697553589,73,19300000.0,451851.85185185185,325510.20408163266,515585.6263228786,19,21700000.0,226712.32876712328,180842.2890600164,345764.63505594037,7,16706808.0,444330.0,188344.02709804592,456840.0,263,50900000.0,378150.3013029316,210093.366242963,658019.1756512275
290200438,cian,2026-05-04T21:45:59.274940+00:00,Санкт-Петербург,developer,4rooms,4,159.3,5.077047059615508,2.0,7.0,0.2857142857142857,False,False,Василеостровский,Василеостровская,Клубный дом Манхэттен,59.9392754,30.2438761,district,3.9122015596226105,2.100112668540487,True,89282169.0,18.307312361857456,560465.5932203389,13.236524917970263,165,23000000.0,425718.0832915203,357142.85714285716,499334.2210386152,33,51917243.0,451006.70182166825,219000.0,658684.201754386,43,27900960.0,403090.15256588074,244769.5453830423,459065.00739980966,263,50900000.0,378150.3013029316,210093.366242963,658019.1756512275
322974286,cian,2026-05-04T21:45:59.274940+00:00,Санкт-Петербург,real_estate_agent,4rooms,4,157.2,5.063860055333554,9.0,9.0,1.0,False,True,Петроградский,Крестовский остров,NEVA HAUS,59.9624914,30.2594126,house,4.04100950912093,0.9611241158472662,True,150000000.0,18.8261458587272,954198.4732824428,13.768628020064874,215,74551226.0,688500.0,513014.51612903224,950757.9850893903,86,99137000.0,717505.2995391705,520825.00000000006,1013368.6913652276,69,105000000.0,775889.9676375405,607500.0,1050000.0,263,50900000.0,378150.3013029316,210093.366242963,658019.1756512275
282242656,cian,2026-05-04T21:45:59.274940+00:00,Санкт-Петербург,real_estate_agent,4rooms,4,120.8,4.802380355275797,3.0,7.0,0.4285714285714285,False,False,Кировский,Кировский завод,unknown,59.8757922,30.2565057,house,7.686751146545048,0.5913637169001775,True,25300000.0,17.04631499322344,209437.08609271524,12.252183442889192,23,9549000.0,189523.80952380953,167164.71534237044,209193.37893257206,8,12175000.0,174327.60598021332,166391.349414612,179368.53002070394,4,9929741.0,218716.24732651326,198794.14353258768,233205.85874581485,263,50900000.0,378150.3013029316,210093.366242963,658019.1756512275
318140423,cian,2026-05-04T21:45:59.274940+00:00,Санкт-Петербург,developer,4rooms,4,204.0,5.3230099791384085,1.0,8.0,0.125,True,False,Петроградский,Крестовский остров,NEVA HAUS,59.9624914,30.2594126,house,4.04100950912093,0.9611241158472662,True,106386000.0,18.482584556666914,521500.0,13.164466470966667,215,74551226.0,688500.0,513014.51612903224,950757.9850893903,86,99137000.0,717505.2995391705,520825.00000000006,1013368.6913652276,69,105000000.0,775889.9676375405,607500.0,1050000.0,263,50900000.0,378150.3013029316,210093.366242963,658019.1756512275
324362935,cian,2026-05-04T21:45:59.274940+00:00,Санкт-Петербург,real_estate_agent,4rooms,4,260.0,5.564520407322694,7.0,13.0,0.5384615384615384,False,False,Петроградский,Крестовский остров,Леонтьевский мыс,59.9634179,30.2661203,house,3.8408951384594734,0.928668863030636,True,270000000.0,19.41393252066636,1038461.5384615385,13.85325184890962,215,74551226.0,688500.0,513014.51612903224,950757.9850893903,86,99137000.0,717505.2995391705,520825.00000000006,1013368.6913652276,69,105000000.0,775889.9676375405,607500.0,1050000.0,263,50900000.0,378150.3013029316,210093.366242963,658019.1756512275
329016197,cian,2026-05-04T21:45:59.274940+00:00,Санкт-Петербург,realtor,4rooms,4,73.4,4.309455941839047,5.0,6.0,0.8333333333333334,False,False,Центральный,Звенигородская,unknown,59.8314593,30.0947131,house,17.08047405276926,16.800138030767137,True,14700000.0,16.503358119776173,200272.4795640327,12.207439109313308,121,33000000.0,472702.7027027027,281949.93412384717,660000.0,36,45750000.0,313741.31568639574,199026.43034878396,513204.5289877664,4,66745000.0,703716.3795544135,404595.1469180352,1043513.2957292506,263,50900000.0,378150.3013029316,210093.366242963,658019.1756512275
315713740,cian,2026-05-04T21:45:59.274940+00:00,Санкт-Петербург,developer,4rooms,4,108.9,4.699570861409576,2.0,17.0,0.1176470588235294,False,False,Невский,Улица Дыбенко,Апарт-комплекс Зум на Неве,59.9040938,30.4498862,house,8.484472384652422,1.9125226376565383,True,16358958.0,16.610286256307504,150220.0,11.919862822121054,75,8462886.0,214129.9972504812,190613.3732947499,276627.69547325105,4,20179479.0,209452.36191461678,176294.94638069705,263510.8856478546,23,10571122.0,226660.0,199068.28017997573,283016.46808134136,263,50900000.0,378150.3013029316,210093.366242963,658019.1756512275
324359031,cian,2026-05-04T21:45:59.274940+00:00,Санкт-Петербург,real_estate_agent,4rooms,4,280.0,5.638354669333745,3.0,4.0,0.75,False,False,Петроградский,Крестовский остров,unknown,59.9642342,30.2858201,district,3.256398622023302,1.6420429248548374,True,239000000.0,19.291974114079885,853571.4285714285,13.657185678273965,215,74551226.0,688500.0,513014.51612903224,950757.9850893903,86,99137000.0,717505.2995391705,520825.00000000006,1013368.6913652276,69,105000000.0,775889.9676375405,607500.0,1050000.0,263,50900000.0,378150.3013029316,210093.366242963,658019.1756512275
329603560,cian,2026-05-04T21:45:59.274940+00:00,Санкт-Петербург,realtor,4rooms,4,81.1,4.407938016458383,3.0,7.0,0.4285714285714285,False,False,Московский,Электросила,unknown,59.8718896,30.3219284,house,7.430699129999063,1.0450238755836816,True,27100000.0,17.115044322750297,334155.36374845874,12.719364317344011,115,14600000.0,338071.4560122935,232688.51778861112,440766.12903225806,10,32575000.0,286295.51198356494,204714.4386253297,444500.0,8,19075000.0,350390.51297248725,310177.1663757005,366702.57731958764,263,50900000.0,378150.3013029316,210093.366242963,658019.1756512275
319520416,cian,2026-05-04T21:45:59.274940+00:00,Санкт-Петербург,real_estate_agent,4rooms,4,161.0,5.087596335232384,2.0,7.0,0.2857142857142857,False,False,Петроградский,Крестовский остров,NEVA HAUS,59.962702,30.2623163,house,3.936518419401703,0.9485030180780856,True,120000000.0,18.603002309079653,745341.6149068323,13.521599277427624,215,74551226.0,688500.0,513014.51612903224,950757.9850893903,86,99137000.0,717505.2995391705,520825.00000000006,1013368.6913652276,69,105000000.0,775889.9676375405,607500.0,1050000.0,263,50900000.0,378150.3013029316,210093.366242963,658019.1756512275
324906010,cian,2026-05-04T21:45:59.274940+00:00,Санкт-Петербург,realtor,4rooms,4,100.0,4.61512051684126,4.0,4.0,1.0,False,True,Центральный,Чернышевская,unknown,59.9420294,30.3440367,house,1.7104582023298354,1.0404287135872416,True,19500000.0,16.785925074816024,195000.0,12.180759965737863,121,33000000.0,472702.7027027027,281949.93412384717,660000.0,36,45750000.0,313741.31568639574,199026.43034878396,513204.5289877664,32,49135000.0,503583.5303388495,276041.2961878758,803855.975485189,263,50900000.0,378150.3013029316,210093.366242963,658019.1756512275
318998095,cian,2026-05-04T21:45:59.274940+00:00,Санкт-Петербург,developer,4rooms,4,119.1,4.788324729085938,9.0,9.0,1.0,False,True,Адмиралтейский,Балтийская,Лермонтовский 54,59.9102168,30.3018821,house,3.2286731735675103,0.4304952981660762,True,69161370.0,18.051953042180333,580700.0,13.271991273418243,73,19300000.0,451851.85185185185,325510.20408163266,515585.6263228786,19,21700000.0,226712.32876712328,180842.2890600164,345764.63505594037,24,19487440.0,489918.4408501023,447802.11723439646,572020.1837657281,263,50900000.0,378150.3013029316,210093.366242963,658019.1756512275
320518164,cian,2026-05-04T21:45:59.274940+00:00,Санкт-Петербург,real_estate_agent,4rooms,4,244.9,5.504924949222147,2.0,3.0,0.6666666666666666,False,False,Петроградский,Черная речка,Del Arte,59.9753099,30.2870396,house,4.351067385435871,1.3185900315248,True,231430500.0,19.259790174754954,945000.0,13.758941264676379,215,74551226.0,688500.0,513014.51612903224,950757.9850893903,86,99137000.0,717505.2995391705,520825.00000000006,1013368.6913652276,19,44200000.0,500658.7615283267,347389.5582329317,945000.0,263,50900000.0,378150.3013029316,210093.366242963,658019.1756512275
320554730,cian,2026-05-04T21:45:59.274940+00:00,Санкт-Петербург,real_estate_agent,4rooms,4,87.2,4.4796069630127455,6.0,6.0,1.0,False,True,Василеостровский,Спортивная,unknown,59.9392754,30.2438761,district,3.9122015596226105,3.047726456600526,True,16300000.0,16.60667572712668,186926.60550458715,12.138476684540999,165,23000000.0,425718.0832915203,357142.85714285716,499334.2210386152,33,51917243.0,451006.70182166825,219000.0,658684.201754386,44,38450000.0,636691.4335664336,466248.48787486635,964962.5076891531,263,50900000.0,378150.3013029316,210093.366242963,658019.1756512275
323137343,cian,2026-05-04T21:45:59.274940+00:00,Санкт-Петербург,real_estate_agent,4rooms,4,114.07,4.745540638835367,12.0,24.0,0.5,False,False,Красносельский,Юго-Западная,Огни Залива,59.8631341,30.1721362,house,11.536322803964296,3.370135225096723,True,28841000.0,17.177308578516552,252835.97790830192,12.44050020392938,45,8600000.0,223093.96897646284,183937.8238341969,261158.53658536586,9,28700000.0,236701.03092783506,184977.5784753363,252835.97790830192,49,8600000.0,227835.03496503495,191335.74007220217,261158.53658536586,263,50900000.0,378150.3013029316,210093.366242963,658019.1756512275
326555243,cian,2026-05-04T21:45:59.274940+00:00,Санкт-Петербург,real_estate_agent,4rooms,4,195.0,5.278114659230517,5.0,5.0,1.0,False,True,Петроградский,Крестовский остров,unknown,59.9755974,30.2495471,house,5.462474253962015,0.7533808668836326,True,250000000.0,19.33697147982652,1282051.282051282,14.06397269726247,215,74551226.0,688500.0,513014.51612903224,950757.9850893903,86,99137000.0,717505.2995391705,520825.00000000006,1013368.6913652276,69,105000000.0,775889.9676375405,607500.0,1050000.0,263,50900000.0,378150.3013029316,210093.366242963,658019.1756512275
328804096,cian,2026-05-04T21:45:59.274940+00:00,Санкт-Петербург,real_estate_agent,4rooms,4,186.0,5.231108616854587,6.0,6.0,1.0,False,True,Петроградский,Петроградская,unknown,59.9628175,30.3085822,house,2.7103365239452835,0.4756909701953316,True,96000000.0,18.379858759848776,516129.03225806454,13.154114013217033,215,74551226.0,688500.0,513014.51612903224,950757.9850893903,86,99137000.0,717505.2995391705,520825.00000000006,1013368.6913652276,37,50900000.0,459966.6388657214,414269.2750287687,650000.0,263,50900000.0,378150.3013029316,210093.366242963,658019.1756512275
327490181,cian,2026-05-04T21:45:59.274940+00:00,Санкт-Петербург,developer,4rooms,4,178.98,5.192845733605802,3.0,8.0,0.375,False,False,Петроградский,Спортивная,17/33 Петровский остров,59.9584536,30.2693359,street,3.329696422532838,1.4795804670455333,True,179060541.0,19.00323453008405,1000450.0,13.815961456294342,215,74551226.0,688500.0,513014.51612903224,950757.9850893903,86,99137000.0,717505.2995391705,520825.00000000006,1013368.6913652276,44,38450000.0,636691.4335664336,466248.48787486635,964962.5076891531,263,50900000.0,378150.3013029316,210093.366242963,658019.1756512275
321258298,cian,2026-05-04T21:45:59.274940+00:00,Санкт-Петербург,real_estate_agent,4rooms,4,153.7,5.04148775757902,4.0,11.0,0.3636363636363636,False,False,Петроградский,Чкаловская,Премьер Палас,59.9635302,30.2717962,house,3.6376973820088874,1.1056692552103768,True,68900000.0,18.048166750497675,448275.86206896557,13.01316631620608,215,74551226.0,688500.0,513014.51612903224,950757.9850893903,86,99137000.0,717505.2995391705,520825.00000000006,1013368.6913652276,50,65500613.5,676550.1672240803,551580.3395021516,840090.1701805224,263,50900000.0,378150.3013029316,210093.366242963,658019.1756512275
315876632,cian,2026-05-04T21:45:59.274940+00:00,Санкт-Петербург,real_estate_agent,4rooms,4,82.4,4.423648309364701,1.0,5.0,0.2,True,False,Красногвардейский,Новочеркасская,unknown,59.9469701,30.4097828,house,5.409591736265695,2.0922601274939705,True,11990000.0,16.29958361040653,145509.70873786407,11.888004962458318,65,10300000.0,250000.0,202169.11764705883,415701.00840336137,7,46550000.0,389539.7489539749,257334.29362126847,481045.29806370847,28,25104484.5,444642.74811083125,355837.5,512076.8111093196,263,50900000.0,378150.3013029316,210093.366242963,658019.1756512275
327096249,cian,2026-05-04T21:45:59.274940+00:00,Санкт-Петербург,developer,4rooms,4,271.34,5.607051285696429,3.0,8.0,0.375,False,False,Петроградский,Спортивная,17/33 Петровский остров,59.9584536,30.2693359,street,3.329696422532838,1.4795804670455333,True,343315608.0,19.65416072491542,1265259.8511093094,14.05078886529666,215,74551226.0,688500.0,513014.51612903224,950757.9850893903,86,99137000.0,717505.2995391705,520825.00000000006,1013368.6913652276,44,38450000.0,636691.4335664336,466248.48787486635,964962.5076891531,263,50900000.0,378150.3013029316,210093.366242963,658019.1756512275
256066239,cian,2026-05-04T21:45:59.274940+00:00,Санкт-Петербург,real_estate_agent,4rooms,4,107.0,4.68213122712422,16.0,18.0,0.8888888888888888,False,False,Приморский,Комендантский проспект,Шуваловский,60.0368221,30.255193,house,11.402637764353852,3.29301776767975,True,27000000.0,17.11134746100564,252336.44859813084,12.438522552461807,119,11000000.0,253120.0,213054.45761967503,301644.1421266091,20,25664732.0,238028.8926499033,181470.97166302908,283369.54770755884,62,11400000.0,258025.86534804112,212350.63966555786,313750.0,263,50900000.0,378150.3013029316,210093.366242963,658019.1756512275
323305020,cian,2026-05-04T21:45:59.274940+00:00,Санкт-Петербург,real_estate_agent,4rooms,4,95.8,4.572646994282532,4.0,4.0,1.0,False,True,Петроградский,Спортивная,unknown,59.9553975,30.2874556,house,2.3854028202473407,0.4788934612827161,True,28650000.0,17.170664036029034,299060.5427974948,12.608404659947155,215,74551226.0,688500.0,513014.51612903224,950757.9850893903,86,99137000.0,717505.2995391705,520825.00000000006,1013368.6913652276,44,38450000.0,636691.4335664336,466248.48787486635,964962.5076891531,263,50900000.0,378150.3013029316,210093.366242963,658019.1756512275
328204293,cian,2026-05-04T21:45:59.274940+00:00,Санкт-Петербург,developer,4rooms,4,161.24,5.089076720402819,3.0,8.0,0.375,False,False,Петроградский,Спортивная,17/33 Петровский остров,59.9584536,30.2693359,street,3.329696422532838,1.4795804670455333,True,156515668.0,18.86866668433841,970700.0,13.785773769884191,215,74551226.0,688500.0,513014.51612903224,950757.9850893903,86,99137000.0,717505.2995391705,520825.00000000006,1013368.6913652276,44,38450000.0,636691.4335664336,466248.48787486635,964962.5076891531,263,50900000.0,378150.3013029316,210093.366242963,658019.1756512275
327992865,cian,2026-05-04T21:45:59.274940+00:00,Санкт-Петербург,real_estate_agent,4rooms,4,110.0,4.709530201312334,2.0,6.0,0.3333333333333333,False,False,Центральный,Чернышевская,Смольный парк,59.953733,30.3938319,house,4.748273359142044,2.0712350198029847,True,87000000.0,18.28141868811311,790909.0909090909,13.580939575193458,121,33000000.0,472702.7027027027,281949.93412384717,660000.0,36,45750000.0,313741.31568639574,199026.43034878396,513204.5289877664,32,49135000.0,503583.5303388495,276041.2961878758,803855.975485189,263,50900000.0,378150.3013029316,210093.366242963,658019.1756512275
326672131,cian,2026-05-04T21:45:59.274940+00:00,Санкт-Петербург,real_estate_agent,4rooms,4,89.6,4.506454213048934,5.0,6.0,0.8333333333333334,False,False,Центральный,Площадь Восстания,unknown,59.936809,30.3616989,house,2.658832590229592,0.6142757104773785,True,21500000.0,16.88356353960952,239955.35714285716,12.388212340550183,121,33000000.0,472702.7027027027,281949.93412384717,660000.0,36,45750000.0,313741.31568639574,199026.43034878396,513204.5289877664,19,23500000.0,286041.1899313501,208990.40969463505,395977.86089159676,263,50900000.0,378150.3013029316,210093.366242963,658019.1756512275
305677071,cian,2026-05-04T21:45:59.274940+00:00,Санкт-Петербург,developer,4rooms,4,94.34,4.55744944977668,3.0,10.0,0.3,False,False,Центральный,Площадь Александра Невского,Новгородская 8,59.934866,30.3827,house,3.8437740099103066,1.1846185481164042,True,52360964.0,17.773671928935453,555023.9983040068,13.226768433703413,121,33000000.0,472702.7027027027,281949.93412384717,660000.0,36,45750000.0,313741.31568639574,199026.43034878396,513204.5289877664,35,35693422.0,625000.0,555289.7769297812,706503.2363162467,263,50900000.0,378150.3013029316,210093.366242963,658019.1756512275
326529894,cian,2026-05-04T21:45:59.274940+00:00,Санкт-Петербург,real_estate_agent,4rooms,4,160.0,5.081404364984463,5.0,6.0,0.8333333333333334,False,False,Петроградский,Крестовский остров,Крестовский de luxe,59.9658698,30.2706823,house,3.877947658222955,0.8449148615934193,True,160000000.0,18.8906843794481,1000000.0,13.815511557963774,215,74551226.0,688500.0,513014.51612903224,950757.9850893903,86,99137000.0,717505.2995391705,520825.00000000006,1013368.6913652276,69,105000000.0,775889.9676375405,607500.0,1050000.0,263,50900000.0,378150.3013029316,210093.366242963,658019.1756512275
328676260,cian,2026-05-04T21:45:59.274940+00:00,Санкт-Петербург,realtor,4rooms,4,107.0,4.68213122712422,3.0,3.0,1.0,False,True,Центральный,unknown,unknown,59.9294599,30.3399869,house,1.7642667698166743,,False,19900000.0,16.806230339945976,185981.30841121497,12.133406832102782,121,33000000.0,472702.7027027027,281949.93412384717,660000.0,36,45750000.0,313741.31568639574,199026.43034878396,513204.5289877664,47,19900000.0,390000.0,255879.99731074355,517735.35515320336,263,50900000.0,378150.3013029316,210093.366242963,658019.1756512275
321371040,cian,2026-05-04T21:45:59.274940+00:00,Санкт-Петербург,developer,4rooms,4,148.1,5.004617221770693,19.0,19.0,1.0,False,True,Василеостровский,Приморская,GloraX Premium Василеостровский,59.942244,30.1841512,house,7.249173876477034,2.677164931361112,True,91119999.0,18.3276878771032,615259.9527346388,13.329801770182842,165,23000000.0,425718.0832915203,357142.85714285716,499334.2210386152,33,51917243.0,451006.70182166825,219000.0,658684.201754386,73,22280000.0,414540.0,355671.14093959733,468620.6724137931,263,50900000.0,378150.3013029316,210093.366242963,658019.1756512275
328580217,cian,2026-05-04T21:45:59.274940+00:00,Санкт-Петербург,real_estate_agent,4rooms,4,121.7,4.809742351716865,8.0,9.0,0.8888888888888888,False,False,Петроградский,Горьковская,Мироздание,59.9618964,30.3276235,house,2.6976694361535394,0.7729285260432807,True,80000000.0,18.19753720513816,657354.149548069,13.395979713893517,215,74551226.0,688500.0,513014.51612903224,950757.9850893903,86,99137000.0,717505.2995391705,520825.00000000006,1013368.6913652276,11,44900000.0,464033.850493653,355758.11508745083,568677.0747740346,263,50900000.0,378150.3013029316,210093.366242963,658019.1756512275
305062796,cian,2026-05-04T21:45:59.274940+00:00,Санкт-Петербург,real_estate_agent,4rooms,4,109.0,4.700480365792417,5.0,6.0,0.8333333333333334,False,False,Василеостровский,Василеостровская,unknown,59.9392754,30.2438761,district,3.9122015596226105,2.100112668540487,True,15990000.0,16.587474147349223,146697.24770642203,11.896133019318235,165,23000000.0,425718.0832915203,357142.85714285716,499334.2210386152,33,51917243.0,451006.70182166825,219000.0,658684.201754386,43,27900960.0,403090.15256588074,244769.5453830423,459065.00739980966,263,50900000.0,378150.3013029316,210093.366242963,658019.1756512275
320361587,cian,2026-05-04T21:45:59.274940+00:00,Санкт-Петербург,developer,4rooms,4,114.0,4.74493212836325,3.0,19.0,0.1578947368421052,False,False,Василеостровский,Приморская,GloraX Premium Василеостровский,59.942244,30.1841512,house,7.249173876477034,2.677164931361112,True,75089999.0,18.134197952076068,658684.201754386,13.398001008541273,165,23000000.0,425718.0832915203,357142.85714285716,499334.2210386152,33,51917243.0,451006.70182166825,219000.0,658684.201754386,73,22280000.0,414540.0,355671.14093959733,468620.6724137931,263,50900000.0,378150.3013029316,210093.366242963,658019.1756512275
326364932,cian,2026-05-04T21:45:59.274940+00:00,Санкт-Петербург,real_estate_agent,4rooms,4,110.7,4.715816706075155,1.0,7.0,0.1428571428571428,True,False,Василеостровский,Василеостровская,unknown,59.9392754,30.2438761,district,3.9122015596226105,2.100112668540487,True,18600000.0,16.73867219244687,168021.68021680217,12.031854250564031,165,23000000.0,425718.0832915203,357142.85714285716,499334.2210386152,33,51917243.0,451006.70182166825,219000.0,658684.201754386,43,27900960.0,403090.15256588074,244769.5453830423,459065.00739980966,263,50900000.0,378150.3013029316,210093.366242963,658019.1756512275
329272353,cian,2026-05-04T21:45:59.274940+00:00,Санкт-Петербург,real_estate_agent,4rooms,4,74.0,4.31748811353631,1.0,10.0,0.1,True,False,Выборгский,Озерки,unknown,60.0337972,30.3445427,house,10.720029978313326,1.2478321118217688,True,10250000.0,16.142788361109663,138513.51351351352,11.838730389830657,68,11500000.0,242464.8327306462,201785.625,296143.7908496732,11,23000000.0,202380.8333333333,184672.42693003925,257692.3076923077,4,11375000.0,196624.64728254202,165091.6650916651,224894.38053547795,263,50900000.0,378150.3013029316,210093.366242963,658019.1756512275
324679567,cian,2026-05-04T21:45:59.274940+00:00,Санкт-Петербург,developer,4rooms,4,172.33,5.155197291953219,7.0,7.0,1.0,False,True,Василеостровский,Приморская,Северный Ветер ЖК,59.9592183,30.2196308,street,5.738265656122821,1.351573980586542,True,58910000.0,17.891521430472917,341844.13625021756,12.7421130955099,165,23000000.0,425718.0832915203,357142.85714285716,499334.2210386152,33,51917243.0,451006.70182166825,219000.0,658684.201754386,73,22280000.0,414540.0,355671.14093959733,468620.6724137931,263,50900000.0,378150.3013029316,210093.366242963,658019.1756512275
327282874,cian,2026-05-04T21:45:59.274940+00:00,Санкт-Петербург,real_estate_agent,4rooms,4,110.9,4.71760561531788,3.0,5.0,0.6,False,False,Петроградский,Петроградская,unknown,59.9630868,30.327921,house,2.829473200533174,1.0798864128462466,True,30950000.0,17.247883589405056,279080.25247971143,12.539258245930846,215,74551226.0,688500.0,513014.51612903224,950757.9850893903,86,99137000.0,717505.2995391705,520825.00000000006,1013368.6913652276,37,50900000.0,459966.6388657214,414269.2750287687,650000.0,263,50900000.0,378150.3013029316,210093.366242963,658019.1756512275
311158760,cian,2026-05-04T21:45:59.274940+00:00,Санкт-Петербург,real_estate_agent,4rooms,4,96.3,4.577798989191959,2.0,5.0,0.4,False,False,Адмиралтейский,Василеостровская,unknown,59.9307112,30.2839072,house,1.8969614017984175,1.4685697976186287,True,19300000.0,16.775615705688583,200415.36863966772,12.208152324695892,73,19300000.0,451851.85185185185,325510.20408163266,515585.6263228786,19,21700000.0,226712.32876712328,180842.2890600164,345764.63505594037,43,27900960.0,403090.15256588074,244769.5453830423,459065.00739980966,263,50900000.0,378150.3013029316,210093.366242963,658019.1756512275
319861608,cian,2026-05-04T21:45:59.274940+00:00,Санкт-Петербург,developer,4rooms,4,119.85,4.794550107149492,9.0,10.0,0.9,False,False,Фрунзенский,Обводный канал,Дом на Курской,59.9106223,30.3567235,house,3.914025843914734,0.5622205224014537,True,49243009.0,17.712277986575497,410871.9983312474,12.926039439232712,36,11675000.0,275360.4958677686,194624.98710409575,392205.28341254056,7,26500000.0,252380.95238095237,183635.6425171867,356298.06813114096,20,17343499.5,385522.5051466804,295973.35138216015,426557.9919079805,263,50900000.0,378150.3013029316,210093.366242963,658019.1756512275
328755008,cian,2026-05-04T21:45:59.274940+00:00,Санкт-Петербург,real_estate_agent,4rooms,4,125.7,4.841822087327094,7.0,8.0,0.875,False,False,Петроградский,Чкаловская,Familia,59.9603937,30.2618772,house,3.785295708482384,1.6236409120828428,True,65000000.0,17.989897843244528,517104.2163882259,13.156001646107994,215,74551226.0,688500.0,513014.51612903224,950757.9850893903,86,99137000.0,717505.2995391705,520825.00000000006,1013368.6913652276,50,65500613.5,676550.1672240803,551580.3395021516,840090.1701805224,263,50900000.0,378150.3013029316,210093.366242963,658019.1756512275
328139551,cian,2026-05-04T21:45:59.274940+00:00,Санкт-Петербург,real_estate_agent,4rooms,4,83.9,4.441474093317302,2.0,5.0,0.4,False,False,Кировский,Кировский завод,unknown,59.889826,30.2705093,house,5.942860615766194,1.168576538019337,True,14000000.0,16.454567959008102,166865.315852205,12.024948266945557,23,9549000.0,189523.80952380953,167164.71534237044,209193.37893257206,8,12175000.0,174327.60598021332,166391.349414612,179368.53002070394,4,9929741.0,218716.24732651326,198794.14353258768,233205.85874581485,263,50900000.0,378150.3013029316,210093.366242963,658019.1756512275
326510989,cian,2026-05-04T21:45:59.274940+00:00,Санкт-Петербург,real_estate_agent,4rooms,4,109.0,4.700480365792417,13.0,14.0,0.9285714285714286,False,False,Приморский,Комендантский проспект,unknown,60.002036,30.2438353,house,8.064995655702257,0.934291877377946,True,21500000.0,16.88356353960952,197247.70642201835,12.192220680623338,119,11000000.0,253120.0,213054.45761967503,301644.1421266091,20,25664732.0,238028.8926499033,181470.97166302908,283369.54770755884,62,11400000.0,258025.86534804112,212350.63966555786,313750.0,263,50900000.0,378150.3013029316,210093.366242963,658019.1756512275
329589899,cian,2026-05-04T21:45:59.274940+00:00,Санкт-Петербург,realtor,4rooms,4,62.3,4.147885329150131,1.0,8.0,0.125,True,False,Петроградский,Горьковская,unknown,59.9569052,30.3113449,house,2.041221836379383,0.5883523937211779,True,22700000.0,16.937875526504495,364365.97110754414,12.80591680114785,215,74551226.0,688500.0,513014.51612903224,950757.9850893903,86,99137000.0,717505.2995391705,520825.00000000006,1013368.6913652276,11,44900000.0,464033.850493653,355758.11508745083,568677.0747740346,263,50900000.0,378150.3013029316,210093.366242963,658019.1756512275
290200473,cian,2026-05-04T21:45:59.274940+00:00,Санкт-Петербург,developer,4rooms,4,152.8,5.035653057071544,5.0,7.0,0.7142857142857143,False,False,Василеостровский,Василеостровская,Клубный дом Манхэттен,59.9392754,30.2438761,district,3.9122015596226105,2.100112668540487,True,101941965.0,18.439914248544625,667159.4568062826,13.410785860893618,165,23000000.0,425718.0832915203,357142.85714285716,499334.2210386152,33,51917243.0,451006.70182166825,219000.0,658684.201754386,43,27900960.0,403090.15256588074,244769.5453830423,459065.00739980966,263,50900000.0,378150.3013029316,210093.366242963,658019.1756512275
328853278,cian,2026-05-04T21:45:59.274940+00:00,Санкт-Петербург,real_estate_agent,4rooms,4,119.5,4.791649752930709,3.0,11.0,0.2727272727272727,False,False,Красногвардейский,Новочеркасская,Alter,59.9344057,30.4168908,house,5.744844070589712,0.7292964510387036,True,46550000.0,17.656037583169628,389539.7489539749,12.872723757444605,65,10300000.0,250000.0,202169.11764705883,415701.00840336137,7,46550000.0,389539.7489539749,257334.29362126847,481045.29806370847,28,25104484.5,444642.74811083125,355837.5,512076.8111093196,263,50900000.0,378150.3013029316,210093.366242963,658019.1756512275
329376040,cian,2026-05-04T21:45:59.274940+00:00,Санкт-Петербург,real_estate_agent,4rooms,4,81.5,4.412798293340635,4.0,4.0,1.0,False,True,Петроградский,Петроградская,unknown,59.9636221,30.3046446,house,2.831706083931234,0.4875355341244527,True,17890000.0,16.699752511382048,219509.20245398773,12.299153990845372,215,74551226.0,688500.0,513014.51612903224,950757.9850893903,86,99137000.0,717505.2995391705,520825.00000000006,1013368.6913652276,37,50900000.0,459966.6388657214,414269.2750287687,650000.0,263,50900000.0,378150.3013029316,210093.366242963,658019.1756512275
326074406,cian,2026-05-04T21:45:59.274940+00:00,Санкт-Петербург,developer,4rooms,4,155.91,5.055672392570977,9.0,10.0,0.9,False,False,Центральный,Площадь Александра Невского,Гильдия,59.9368984,30.3844576,house,3.9236329938891537,1.4082635969830763,True,103680150.0,18.4568212469715,665000.0,13.407543823396258,121,33000000.0,472702.7027027027,281949.93412384717,660000.0,36,45750000.0,313741.31568639574,199026.43034878396,513204.5289877664,35,35693422.0,625000.0,555289.7769297812,706503.2363162467,263,50900000.0,378150.3013029316,210093.366242963,658019.1756512275
329230182,cian,2026-05-04T21:45:59.274940+00:00,Санкт-Петербург,real_estate_agent,4rooms,4,310.0,5.739792912179234,7.0,7.0,1.0,False,True,Центральный,Площадь Александра Невского,Grand House,59.9252343,30.3736242,house,3.634009467597505,0.5932276493237544,True,290000000.0,19.48539148439307,935483.8709677419,13.748820252430548,121,33000000.0,472702.7027027027,281949.93412384717,660000.0,36,45750000.0,313741.31568639574,199026.43034878396,513204.5289877664,35,35693422.0,625000.0,555289.7769297812,706503.2363162467,263,50900000.0,378150.3013029316,210093.366242963,658019.1756512275
324313548,cian,2026-05-04T21:45:59.274940+00:00,Санкт-Петербург,real_estate_agent,4rooms,4,84.1,4.443827035579329,1.0,5.0,0.2,True,False,Адмиралтейский,Балтийская,unknown,60.0908677,29.9776388,street,25.2247582758665,27.24183144538196,True,13500000.0,16.41820031748273,160523.1866825208,11.986199906039982,73,19300000.0,451851.85185185185,325510.20408163266,515585.6263228786,19,21700000.0,226712.32876712328,180842.2890600164,345764.63505594037,24,19487440.0,489918.4408501023,447802.11723439646,572020.1837657281,263,50900000.0,378150.3013029316,210093.366242963,658019.1756512275
323357661,cian,2026-05-04T21:45:59.274940+00:00,Санкт-Петербург,real_estate_agent,4rooms,4,267.0,5.5909869805108565,4.0,5.0,0.8,False,False,Центральный,Гостиный двор,unknown,59.9417361,30.3227354,house,0.5940891558711913,0.998122367859036,True,99000000.0,18.410630418199872,370786.5168539326,12.823384446664674,121,33000000.0,472702.7027027027,281949.93412384717,660000.0,36,45750000.0,313741.31568639574,199026.43034878396,513204.5289877664,4,115000000.0,463409.2542971048,427233.5875822172,521291.2087912088,263,50900000.0,378150.3013029316,210093.366242963,658019.1756512275
306230987,cian,2026-05-04T21:45:59.274940+00:00,Санкт-Петербург,real_estate_agent,4rooms,4,121.4,4.807294370078226,7.0,7.0,1.0,False,True,Адмиралтейский,Садовая,unknown,59.927222,30.3166524,house,1.2731432742267923,0.2553953232161662,True,16000000.0,16.588099342704055,131795.71663920922,11.789015989049872,73,19300000.0,451851.85185185185,325510.20408163266,515585.6263228786,19,21700000.0,226712.32876712328,180842.2890600164,345764.63505594037,14,19528670.0,463750.0,387982.5,497500.0,263,50900000.0,378150.3013029316,210093.366242963,658019.1756512275
327079493,cian,2026-05-04T21:45:59.274940+00:00,Санкт-Петербург,real_estate_agent,4rooms,4,153.0,5.0369526024136295,13.0,17.0,0.7647058823529411,False,False,Приморский,Черная речка,Riverside,59.982296,30.3138328,house,4.858802990656379,0.728411772149608,True,79800000.0,18.19503407495137,521568.6274509804,13.164598058318997,119,11000000.0,253120.0,213054.45761967503,301644.1421266091,20,25664732.0,238028.8926499033,181470.97166302908,283369.54770755884,19,44200000.0,500658.7615283267,347389.5582329317,945000.0,263,50900000.0,378150.3013029316,210093.366242963,658019.1756512275
329508522,cian,2026-05-04T21:45:59.274940+00:00,Санкт-Петербург,realtor,4rooms,4,100.0,4.61512051684126,3.0,7.0,0.4285714285714285,False,False,Василеостровский,Василеостровская,unknown,59.9392754,30.2438761,district,3.9122015596226105,2.100112668540487,True,19700000.0,16.796129244469636,197000.0,12.190964083849375,165,23000000.0,425718.0832915203,357142.85714285716,499334.2210386152,33,51917243.0,451006.70182166825,219000.0,658684.201754386,43,27900960.0,403090.15256588074,244769.5453830423,459065.00739980966,263,50900000.0,378150.3013029316,210093.366242963,658019.1756512275
322558900,cian,2026-05-04T21:45:59.274940+00:00,Санкт-Петербург,developer,4rooms,4,108.5,4.695924549256556,14.0,14.0,1.0,False,True,Василеостровский,Приморская,Морская набережная.СиВью,59.9322507,30.1943829,house,6.706231020796219,2.7009535079268074,True,52069150.0,17.768083220032082,479900.0,13.081335111611617,165,23000000.0,425718.0832915203,357142.85714285716,499334.2210386152,33,51917243.0,451006.70182166825,219000.0,658684.201754386,73,22280000.0,414540.0,355671.14093959733,468620.6724137931,263,50900000.0,378150.3013029316,210093.366242963,658019.1756512275
324312874,cian,2026-05-04T21:45:59.274940+00:00,Санкт-Петербург,real_estate_agent,4rooms,4,94.3,4.557029810660157,3.0,8.0,0.375,False,False,Приморский,Черная речка,"Черная речка, 41",59.9850336,30.3087675,house,5.17171236306053,0.3997546748528182,True,44200000.0,17.60423536967236,468716.8610816543,13.057756290890401,119,11000000.0,253120.0,213054.45761967503,301644.1421266091,20,25664732.0,238028.8926499033,181470.97166302908,283369.54770755884,19,44200000.0,500658.7615283267,347389.5582329317,945000.0,263,50900000.0,378150.3013029316,210093.366242963,658019.1756512275
328204969,cian,2026-05-04T21:45:59.274940+00:00,Санкт-Петербург,realtor,4rooms,4,118.0,4.77912349311153,3.0,4.0,0.75,False,False,Василеостровский,Спортивная,unknown,59.9473928,30.2848271,house,1.9010057763643196,0.656590553413779,True,23000000.0,16.951004817371683,194915.25423728814,12.18032527984938,165,23000000.0,425718.0832915203,357142.85714285716,499334.2210386152,33,51917243.0,451006.70182166825,219000.0,658684.201754386,44,38450000.0,636691.4335664336,466248.48787486635,964962.5076891531,263,50900000.0,378150.3013029316,210093.366242963,658019.1756512275
327282873,cian,2026-05-04T21:45:59.274940+00:00,Санкт-Петербург,real_estate_agent,4rooms,4,145.2,4.984975547315679,3.0,5.0,0.6,False,False,Центральный,Площадь Восстания,unknown,59.9372069,30.3728169,house,3.2743075655650733,1.0018991607752663,True,56700000.0,17.853284786334665,390495.86776859505,12.875175227150567,121,33000000.0,472702.7027027027,281949.93412384717,660000.0,36,45750000.0,313741.31568639574,199026.43034878396,513204.5289877664,19,23500000.0,286041.1899313501,208990.40969463505,395977.86089159676,263,50900000.0,378150.3013029316,210093.366242963,658019.1756512275
327784366,cian,2026-05-04T21:45:59.274940+00:00,Санкт-Петербург,real_estate_agent,4rooms,4,100.0,4.61512051684126,3.0,6.0,0.5,False,False,Василеостровский,Горный институт,unknown,59.930729,30.240232,house,4.207033056540305,1.1811793578001628,True,21900000.0,16.90199724044883,219000.0,12.296831574998258,165,23000000.0,425718.0832915203,357142.85714285716,499334.2210386152,33,51917243.0,451006.70182166825,219000.0,658684.201754386,49,24258479.0,491000.0,424440.0,576720.0,263,50900000.0,378150.3013029316,210093.366242963,658019.1756512275
324245385,cian,2026-05-04T21:45:59.274940+00:00,Санкт-Петербург,real_estate_agent,4rooms,4,136.0,4.919980925828125,8.0,8.0,1.0,False,True,Центральный,Площадь Восстания,4-я Советская 9,59.9339881,30.3676347,house,3.0258999980372105,0.55875250552912,True,67900000.0,18.033546607256465,499264.70588235295,13.120893709736375,121,33000000.0,472702.7027027027,281949.93412384717,660000.0,36,45750000.0,313741.31568639574,199026.43034878396,513204.5289877664,19,23500000.0,286041.1899313501,208990.40969463505,395977.86089159676,263,50900000.0,378150.3013029316,210093.366242963,658019.1756512275
325796464,cian,2026-05-04T21:45:59.274940+00:00,Санкт-Петербург,realtor,4rooms,4,60.3,4.115779842942166,1.0,10.0,0.1,True,False,Приморский,Пионерская,unknown,59.997441,30.2946819,house,6.63147095633377,0.5530386303642838,True,10499000.0,16.16679066774424,174112.76948590382,12.06746421215158,119,11000000.0,253120.0,213054.45761967503,301644.1421266091,20,25664732.0,238028.8926499033,181470.97166302908,283369.54770755884,6,10999364.0,250931.05773122894,191239.14657092388,349044.85411604866,263,50900000.0,378150.3013029316,210093.366242963,658019.1756512275
314890160,cian,2026-05-04T21:45:59.274940+00:00,Санкт-Петербург,developer,4rooms,4,100.14,4.616505695651837,3.0,6.0,0.5,False,False,Петроградский,Петроградская,ID Petrogradskaya,59.9702849,30.2928553,house,3.716441865638088,1.0302463510485302,True,65091000.0,17.991296864136725,650000.0,13.384729180332174,215,74551226.0,688500.0,513014.51612903224,950757.9850893903,86,99137000.0,717505.2995391705,520825.00000000006,1013368.6913652276,37,50900000.0,459966.6388657214,414269.2750287687,650000.0,263,50900000.0,378150.3013029316,210093.366242963,658019.1756512275
327239695,cian,2026-05-04T21:45:59.274940+00:00,Санкт-Петербург,real_estate_agent,4rooms,4,123.8,4.826712455935327,3.0,6.0,0.5,False,False,Центральный,Чернышевская,unknown,59.938869,30.3759662,house,3.446106604066382,0.9330257556225352,True,31900000.0,17.278116599103036,257673.66720516962,12.45945308837479,121,33000000.0,472702.7027027027,281949.93412384717,660000.0,36,45750000.0,313741.31568639574,199026.43034878396,513204.5289877664,32,49135000.0,503583.5303388495,276041.2961878758,803855.975485189,263,50900000.0,378150.3013029316,210093.366242963,658019.1756512275
319963167,cian,2026-05-04T21:45:59.274940+00:00,Санкт-Петербург,real_estate_agent,4rooms,4,306.3,5.727824469136439,6.0,6.0,1.0,False,True,Центральный,Чернышевская,unknown,59.9460478,30.3609142,house,2.7356559008547787,0.2648775783155834,True,85000000.0,18.258161826219297,277505.71335292194,12.53360040413878,121,33000000.0,472702.7027027027,281949.93412384717,660000.0,36,45750000.0,313741.31568639574,199026.43034878396,513204.5289877664,32,49135000.0,503583.5303388495,276041.2961878758,803855.975485189,263,50900000.0,378150.3013029316,210093.366242963,658019.1756512275
302588479,cian,2026-05-04T21:45:59.274940+00:00,Санкт-Петербург,real_estate_agent,4rooms,4,98.52,4.600358628990869,7.0,24.0,0.2916666666666667,False,False,Красносельский,Юго-Западная,Огни Залива,59.8631341,30.1721362,house,11.536322803964296,3.370135225096723,True,24983000.0,17.033706191554828,253583.0288266342,12.443450521749066,45,8600000.0,223093.96897646284,183937.8238341969,261158.53658536586,9,28700000.0,236701.03092783506,184977.5784753363,252835.97790830192,49,8600000.0,227835.03496503495,191335.74007220217,261158.53658536586,263,50900000.0,378150.3013029316,210093.366242963,658019.1756512275
317292616,cian,2026-05-04T21:45:59.274940+00:00,Санкт-Петербург,real_estate_agent,4rooms,4,178.0,5.187385805840755,5.0,7.0,0.7142857142857143,False,False,Петроградский,Крестовский остров,unknown,59.9741638,30.2593722,house,4.992079728193499,0.3375510114532219,True,133000000.0,18.705859693704824,747191.011235955,13.524077474238911,215,74551226.0,688500.0,513014.51612903224,950757.9850893903,86,99137000.0,717505.2995391705,520825.00000000006,1013368.6913652276,69,105000000.0,775889.9676375405,607500.0,1050000.0,263,50900000.0,378150.3013029316,210093.366242963,658019.1756512275
329445687,cian,2026-05-04T21:45:59.274940+00:00,Санкт-Петербург,real_estate_agent,4rooms,4,74.6,4.325456283185488,13.0,14.0,0.9285714285714286,False,False,Невский,Проспект Большевиков,unknown,59.929153,30.4699516,house,8.745594380702308,1.1182843462418566,True,13800000.0,16.440179222591198,184986.59517426274,12.128044048700207,75,8462886.0,214129.9972504812,190613.3732947499,276627.69547325105,4,20179479.0,209452.36191461678,176294.94638069705,263510.8856478546,13,11950000.0,215652.1739130435,184986.59517426274,279835.39094650204,263,50900000.0,378150.3013029316,210093.366242963,658019.1756512275
329477098,cian,2026-05-04T21:45:59.274940+00:00,Санкт-Петербург,developer,4rooms,4,159.26,5.076797496349925,2.0,3.0,0.6666666666666666,False,False,Пушкинский,Купчино,VI Квартал,59.9285641,30.3129347,house,1.1178293473579046,11.735869069578683,True,66391731.0,18.011083088621355,416876.37197036296,12.940547385519768,43,7166266.0,202797.2027972028,163053.72914003386,232898.85297184568,2,67380618.5,423085.6366947131,419981.004332538,426190.2690568882,32,7495000.0,211094.97047056584,198690.38857472915,238287.2080291971,263,50900000.0,378150.3013029316,210093.366242963,658019.1756512275
329571923,cian,2026-05-04T21:45:59.274940+00:00,Санкт-Петербург,real_estate_agent,4rooms,4,111.0,4.718498871295094,3.0,5.0,0.6,False,False,Петроградский,Петроградская,unknown,59.9692297,30.306916,house,3.429276735666943,0.3055837723021943,True,29790000.0,17.209683358257777,268378.3783783784,12.500156849452766,215,74551226.0,688500.0,513014.51612903224,950757.9850893903,86,99137000.0,717505.2995391705,520825.00000000006,1013368.6913652276,37,50900000.0,459966.6388657214,414269.2750287687,650000.0,263,50900000.0,378150.3013029316,210093.366242963,658019.1756512275
329330304,cian,2026-05-04T21:45:59.274940+00:00,Санкт-Петербург,real_estate_agent,4rooms,4,49.1,3.914021008090819,1.0,5.0,0.2,True,False,Кировский,Проспект Ветеранов,unknown,59.838515,30.2432778,house,11.809424401169125,0.5499606425854611,True,8100000.0,15.90737474309945,164969.45010183298,12.013521646552215,23,9549000.0,189523.80952380953,167164.71534237044,209193.37893257206,8,12175000.0,174327.60598021332,166391.349414612,179368.53002070394,14,8300000.0,177077.9877979245,164294.958968347,214527.33390949378,263,50900000.0,378150.3013029316,210093.366242963,658019.1756512275
324319100,cian,2026-05-04T21:45:59.274940+00:00,Санкт-Петербург,developer,4rooms,4,104.3,4.6568134191399295,18.0,19.0,0.9473684210526316,False,False,Василеостровский,Приморская,GloraX Premium Василеостровский,59.942244,30.1841512,house,7.249173876477034,2.677164931361112,True,47039999.0,17.666508861554647,451006.70182166825,13.01923969554891,165,23000000.0,425718.0832915203,357142.85714285716,499334.2210386152,33,51917243.0,451006.70182166825,219000.0,658684.201754386,73,22280000.0,414540.0,355671.14093959733,468620.6724137931,263,50900000.0,378150.3013029316,210093.366242963,658019.1756512275
327239677,cian,2026-05-04T21:45:59.274940+00:00,Санкт-Петербург,real_estate_agent,4rooms,4,132.0,4.890349128221754,3.0,5.0,0.6,False,False,Петроградский,Горьковская,unknown,59.9579575,30.3078354,house,2.180543192943966,0.8088700619843161,True,29990000.0,17.21637458406964,227196.9696969697,12.33357702959629,215,74551226.0,688500.0,513014.51612903224,950757.9850893903,86,99137000.0,717505.2995391705,520825.00000000006,1013368.6913652276,11,44900000.0,464033.850493653,355758.11508745083,568677.0747740346,263,50900000.0,378150.3013029316,210093.366242963,658019.1756512275
328037699,cian,2026-05-04T21:45:59.274940+00:00,Санкт-Петербург,real_estate_agent,4rooms,4,118.9,4.786658062033468,4.0,6.0,0.6666666666666666,False,False,Московский,Московская,unknown,59.8588358,30.3216953,house,8.879495039706846,1.1576921455722853,True,28350000.0,17.160137623411405,238435.66021867114,12.381858978436032,115,14600000.0,338071.4560122935,232688.51778861112,440766.12903225806,10,32575000.0,286295.51198356494,204714.4386253297,444500.0,34,19750000.0,368624.6176101299,230362.88470372072,720562.5,263,50900000.0,378150.3013029316,210093.366242963,658019.1756512275
328380452,cian,2026-05-04T21:45:59.274940+00:00,Санкт-Петербург,real_estate_agent,4rooms,4,176.0,5.176149732573829,3.0,7.0,0.4285714285714285,False,False,Петроградский,Крестовский остров,unknown,59.9737253,30.2636093,house,4.812067901881749,0.3599819175858772,True,180000000.0,19.00846741441004,1022727.2727272727,13.837984391593633,215,74551226.0,688500.0,513014.51612903224,950757.9850893903,86,99137000.0,717505.2995391705,520825.00000000006,1013368.6913652276,69,105000000.0,775889.9676375405,607500.0,1050000.0,263,50900000.0,378150.3013029316,210093.366242963,658019.1756512275
328999056,cian,2026-05-04T21:45:59.274940+00:00,Санкт-Петербург,real_estate_agent,4rooms,4,72.5,4.297285406218791,3.0,10.0,0.3,False,False,Красногвардейский,Проспект Большевиков,unknown,59.9404943,30.5014295,house,10.43620939786357,3.000096752839395,True,9970000.0,16.11509124223892,137517.24137931035,11.831511851866399,65,10300000.0,250000.0,202169.11764705883,415701.00840336137,7,46550000.0,389539.7489539749,257334.29362126847,481045.29806370847,13,11950000.0,215652.1739130435,184986.59517426274,279835.39094650204,263,50900000.0,378150.3013029316,210093.366242963,658019.1756512275
321286374,cian,2026-05-04T21:45:59.274940+00:00,Санкт-Петербург,real_estate_agent,4rooms,4,113.0,4.736198448394496,6.0,6.0,1.0,False,True,Василеостровский,Приморская,Amber Club,59.9565187,30.2501911,house,4.078610151855765,1.4155567382565093,True,55950086.0,17.839970547680785,495133.50442477874,13.112584730750639,165,23000000.0,425718.0832915203,357142.85714285716,499334.2210386152,33,51917243.0,451006.70182166825,219000.0,658684.201754386,73,22280000.0,414540.0,355671.14093959733,468620.6724137931,263,50900000.0,378150.3013029316,210093.366242963,658019.1756512275
324853293,cian,2026-05-04T21:45:59.274940+00:00,Санкт-Петербург,real_estate_agent,4rooms,4,187.7,5.240158452374504,3.0,3.0,1.0,False,True,Адмиралтейский,Адмиралтейская,unknown,59.9322506,30.3040903,house,0.899658643284223,0.7941123973464645,True,64900000.0,17.98835819708264,345764.5178476292,12.75351613021943,73,19300000.0,451851.85185185185,325510.20408163266,515585.6263228786,19,21700000.0,226712.32876712328,180842.2890600164,345764.63505594037,7,64900000.0,408236.99421965313,345764.63505594037,500278.7359000653,263,50900000.0,378150.3013029316,210093.366242963,658019.1756512275
329533382,cian,2026-05-04T21:45:59.274940+00:00,Санкт-Петербург,real_estate_agent,4rooms,4,48.3,3.897924081048645,1.0,5.0,0.2,True,False,Кировский,Ленинский проспект,unknown,59.8506421,30.2719985,house,10.058424267710793,0.1613978524278854,True,8500000.0,15.955576839107596,175983.4368530021,12.078150843138815,23,9549000.0,189523.80952380953,167164.71534237044,209193.37893257206,8,12175000.0,174327.60598021332,166391.349414612,179368.53002070394,9,9570000.0,254629.62962962964,207011.68614357262,319565.2173913043,263,50900000.0,378150.3013029316,210093.366242963,658019.1756512275
327079977,cian,2026-05-04T21:45:59.274940+00:00,Санкт-Петербург,developer,4rooms,4,122.8,4.818667360250496,22.0,23.0,0.9565217391304348,False,False,Выборгский,Проспект Просвещения,Струны ЖК,60.0387013,30.3354758,district,11.194080892055434,1.5464240264903968,True,46436857.0,17.65360405531304,378150.3013029316,12.843049662513033,68,11500000.0,242464.8327306462,201785.625,296143.7908496732,11,23000000.0,202380.8333333333,184672.42693003925,257692.3076923077,35,9900000.0,229117.64705882352,178772.9364833445,279693.9024390244,263,50900000.0,378150.3013029316,210093.366242963,658019.1756512275
328253868,cian,2026-05-04T21:45:59.274940+00:00,Санкт-Петербург,real_estate_agent,4rooms,4,120.0,4.795790545596741,9.0,10.0,0.9,False,False,Петроградский,Чкаловская,Аристократ,59.9625111,30.2824617,house,3.1894475218956977,0.5042215592359588,True,95000000.0,18.36938746009113,791666.6666666666,13.581896969939866,215,74551226.0,688500.0,513014.51612903224,950757.9850893903,86,99137000.0,717505.2995391705,520825.00000000006,1013368.6913652276,50,65500613.5,676550.1672240803,551580.3395021516,840090.1701805224,263,50900000.0,378150.3013029316,210093.366242963,658019.1756512275
322536943,cian,2026-05-04T21:45:59.274940+00:00,Санкт-Петербург,real_estate_agent,4rooms,4,73.4,4.309455941839047,4.0,10.0,0.4,False,False,Приморский,Комендантский проспект,unknown,60.0051271,30.2379165,house,8.526062633021171,1.0892707655130385,True,11300000.0,16.24031337217814,153950.9536784741,11.944395843616224,119,11000000.0,253120.0,213054.45761967503,301644.1421266091,20,25664732.0,238028.8926499033,181470.97166302908,283369.54770755884,62,11400000.0,258025.86534804112,212350.63966555786,313750.0,263,50900000.0,378150.3013029316,210093.366242963,658019.1756512275
322651950,cian,2026-05-04T21:45:59.274940+00:00,Санкт-Петербург,real_estate_agent,4rooms,4,167.77,5.128536841248393,2.0,6.0,0.3333333333333333,False,False,Василеостровский,Горный институт,Империал Клаб ЖК,59.9392754,30.2438761,district,3.9122015596226105,1.2135205952657642,True,166092300.0,18.92805422191383,989999.9999999999,13.805461232211272,165,23000000.0,425718.0832915203,357142.85714285716,499334.2210386152,33,51917243.0,451006.70182166825,219000.0,658684.201754386,49,24258479.0,491000.0,424440.0,576720.0,263,50900000.0,378150.3013029316,210093.366242963,658019.1756512275
316597606,cian,2026-05-04T21:45:59.274940+00:00,Санкт-Петербург,real_estate_agent,4rooms,4,129.0,4.867534450455582,3.0,6.0,0.5,False,False,Петроградский,Петроградская,unknown,59.9642342,30.2858201,district,3.256398622023302,1.3907336021728751,True,59500000.0,17.90148688732258,461240.3100775194,13.041676634219062,215,74551226.0,688500.0,513014.51612903224,950757.9850893903,86,99137000.0,717505.2995391705,520825.00000000006,1013368.6913652276,37,50900000.0,459966.6388657214,414269.2750287687,650000.0,263,50900000.0,378150.3013029316,210093.366242963,658019.1756512275
327252132,cian,2026-05-04T21:45:59.274940+00:00,Санкт-Петербург,real_estate_agent,4rooms,4,82.7,4.4272389774954295,2.0,6.0,0.3333333333333333,False,False,Центральный,Чернышевская,unknown,59.9474722,30.3853286,house,4.087784317204249,1.3418374220316576,True,22300000.0,16.920097281273396,269649.33494558645,12.504881342914004,121,33000000.0,472702.7027027027,281949.93412384717,660000.0,36,45750000.0,313741.31568639574,199026.43034878396,513204.5289877664,32,49135000.0,503583.5303388495,276041.2961878758,803855.975485189,263,50900000.0,378150.3013029316,210093.366242963,658019.1756512275
318140407,cian,2026-05-04T21:45:59.274940+00:00,Санкт-Петербург,developer,4rooms,4,155.5,5.053056009980208,1.0,7.0,0.1428571428571428,True,False,Петроградский,Крестовский остров,NEVA HAUS,59.962702,30.2623163,house,3.936518419401703,0.9485030180780856,True,91387350.0,18.330617635162465,587700.0,13.283973594147703,215,74551226.0,688500.0,513014.51612903224,950757.9850893903,86,99137000.0,717505.2995391705,520825.00000000006,1013368.6913652276,69,105000000.0,775889.9676375405,607500.0,1050000.0,263,50900000.0,378150.3013029316,210093.366242963,658019.1756512275
326997087,cian,2026-05-04T21:45:59.274940+00:00,Санкт-Петербург,real_estate_agent,4rooms,4,126.4,4.847331743138063,4.0,8.0,0.5,False,False,Петроградский,Крестовский остров,The One,59.9605107,30.2547766,house,4.104559337811625,1.2129813834140006,True,74900000.0,18.131664461838582,592563.2911392405,13.29221465435671,215,74551226.0,688500.0,513014.51612903224,950757.9850893903,86,99137000.0,717505.2995391705,520825.00000000006,1013368.6913652276,69,105000000.0,775889.9676375405,607500.0,1050000.0,263,50900000.0,378150.3013029316,210093.366242963,658019.1756512275
318006277,cian,2026-05-04T21:45:59.274940+00:00,Санкт-Петербург,real_estate_agent,4rooms,4,89.6,4.506454213048934,2.0,5.0,0.4,False,False,Приморский,Черная речка,unknown,59.9870778,30.3008177,house,5.440952723541916,0.2725999191514116,True,21000000.0,16.860033043306743,234375.00000000003,12.364681942364378,119,11000000.0,253120.0,213054.45761967503,301644.1421266091,20,25664732.0,238028.8926499033,181470.97166302908,283369.54770755884,19,44200000.0,500658.7615283267,347389.5582329317,945000.0,263,50900000.0,378150.3013029316,210093.366242963,658019.1756512275
314890254,cian,2026-05-04T21:45:59.274940+00:00,Санкт-Петербург,developer,4rooms,4,124.28,4.830551232242493,5.0,6.0,0.8333333333333334,False,False,Петроградский,Петроградская,ID Petrogradskaya,59.9702849,30.2928553,house,3.716441865638088,1.0302463510485302,True,78296400.0,18.17601219566454,630000.0,13.353476685668044,215,74551226.0,688500.0,513014.51612903224,950757.9850893903,86,99137000.0,717505.2995391705,520825.00000000006,1013368.6913652276,37,50900000.0,459966.6388657214,414269.2750287687,650000.0,263,50900000.0,378150.3013029316,210093.366242963,658019.1756512275
326582581,cian,2026-05-04T21:45:59.274940+00:00,Санкт-Петербург,real_estate_agent,4rooms,4,146.0,4.990432586778736,2.0,9.0,0.2222222222222222,False,False,Петроградский,Крестовский остров,Петровская Доминанта,59.9642342,30.2858201,district,3.256398622023302,1.6420429248548374,True,79000000.0,18.18495842308952,541095.8904109589,13.201353636822518,215,74551226.0,688500.0,513014.51612903224,950757.9850893903,86,99137000.0,717505.2995391705,520825.00000000006,1013368.6913652276,69,105000000.0,775889.9676375405,607500.0,1050000.0,263,50900000.0,378150.3013029316,210093.366242963,658019.1756512275
328911555,cian,2026-05-04T21:45:59.274940+00:00,Санкт-Петербург,real_estate_agent,4rooms,4,97.0,4.584967478670572,3.0,5.0,0.6,False,False,Калининский,Площадь Ленина,unknown,59.9532713,30.3608804,house,3.073770224496623,0.4252414483442493,True,20900000.0,16.855259764781927,215463.9175257732,12.280553379569211,53,10624445.0,291095.8904109589,210032.36245954694,359100.0,4,38000000.0,271866.8407310705,241365.9793814433,298861.7136105722,7,80000000.0,490196.0784313726,310500.6884045804,1162007.8343270256,263,50900000.0,378150.3013029316,210093.366242963,658019.1756512275
322032799,cian,2026-05-04T21:45:59.274940+00:00,Санкт-Петербург,developer,4rooms,4,110.1,4.710430696645584,9.0,9.0,1.0,False,True,Петроградский,Чкаловская,Клубный дом,59.962439,30.279807,street,3.266903712170805,0.6436228553397717,True,146363064.0,18.801600839410085,1329364.795640327,14.100212541087808,215,74551226.0,688500.0,513014.51612903224,950757.9850893903,86,99137000.0,717505.2995391705,520825.00000000006,1013368.6913652276,50,65500613.5,676550.1672240803,551580.3395021516,840090.1701805224,263,50900000.0,378150.3013029316,210093.366242963,658019.1756512275
328662352,cian,2026-05-04T21:45:59.274940+00:00,Санкт-Петербург,real_estate_agent,4rooms,4,108.5,4.695924549256556,1.0,8.0,0.125,True,False,Петроградский,Крестовский остров,The One,59.9605107,30.2547766,house,4.104559337811625,1.2129813834140006,True,79000000.0,18.18495842308952,728110.599078341,13.49820961086756,215,74551226.0,688500.0,513014.51612903224,950757.9850893903,86,99137000.0,717505.2995391705,520825.00000000006,1013368.6913652276,69,105000000.0,775889.9676375405,607500.0,1050000.0,263,50900000.0,378150.3013029316,210093.366242963,658019.1756512275
327236032,cian,2026-05-04T21:45:59.274940+00:00,Санкт-Петербург,real_estate_agent,4rooms,4,166.2,5.119190700650601,3.0,4.0,0.75,False,False,Адмиралтейский,Сенная площадь,unknown,59.9300085,30.3185065,house,0.9863666541012922,0.242609654164558,True,69885555.0,18.06236954779709,420490.7039711192,12.949180029237665,73,19300000.0,451851.85185185185,325510.20408163266,515585.6263228786,19,21700000.0,226712.32876712328,180842.2890600164,345764.63505594037,2,50942777.5,400721.5424617501,390836.9617070655,410606.1232164346,263,50900000.0,378150.3013029316,210093.366242963,658019.1756512275
318140415,cian,2026-05-04T21:45:59.274940+00:00,Санкт-Петербург,developer,4rooms,4,188.5,5.244389024522481,9.0,9.0,1.0,False,True,Петроградский,Крестовский остров,NEVA HAUS,59.9624914,30.2594126,house,4.04100950912093,0.9611241158472662,True,126785100.0,18.65800409306373,672600.0,13.418907565054967,215,74551226.0,688500.0,513014.51612903224,950757.9850893903,86,99137000.0,717505.2995391705,520825.00000000006,1013368.6913652276,69,105000000.0,775889.9676375405,607500.0,1050000.0,263,50900000.0,378150.3013029316,210093.366242963,658019.1756512275
325180687,cian,2026-05-04T21:45:59.274940+00:00,Санкт-Петербург,real_estate_agent,4rooms,4,221.0,5.402677381872279,13.0,14.0,0.9285714285714286,False,False,Петроградский,Крестовский остров,Леонтьевский мыс,59.9634179,30.2661203,house,3.8408951384594734,0.928668863030636,True,309400000.0,19.5501454993353,1400000.0,14.151983508870947,215,74551226.0,688500.0,513014.51612903224,950757.9850893903,86,99137000.0,717505.2995391705,520825.00000000006,1013368.6913652276,69,105000000.0,775889.9676375405,607500.0,1050000.0,263,50900000.0,378150.3013029316,210093.366242963,658019.1756512275
321746218,cian,2026-05-04T21:45:59.274940+00:00,Санкт-Петербург,real_estate_agent,4rooms,4,89.2,4.502029427068578,1.0,10.0,0.1,True,False,Красносельский,Юго-Западная,unknown,59.8594456,30.2080251,house,10.604755844907343,1.3466092002861678,True,16500000.0,16.61887099947687,184977.5784753363,12.127995305330838,45,8600000.0,223093.96897646284,183937.8238341969,261158.53658536586,9,28700000.0,236701.03092783506,184977.5784753363,252835.97790830192,49,8600000.0,227835.03496503495,191335.74007220217,261158.53658536586,263,50900000.0,378150.3013029316,210093.366242963,658019.1756512275
329477085,cian,2026-05-04T21:45:59.274940+00:00,Санкт-Петербург,developer,4rooms,4,159.26,5.076797496349925,2.0,3.0,0.6666666666666666,False,False,Пушкинский,Купчино,VI Квартал,59.7267457,30.406149,house,24.112144890764966,11.434668370622743,True,68369506.0,18.040437479099023,429294.9014190632,12.969901707041672,43,7166266.0,202797.2027972028,163053.72914003386,232898.85297184568,2,67380618.5,423085.6366947131,419981.004332538,426190.2690568882,32,7495000.0,211094.97047056584,198690.38857472915,238287.2080291971,263,50900000.0,378150.3013029316,210093.366242963,658019.1756512275
329368518,cian,2026-05-04T21:45:59.274940+00:00,Санкт-Петербург,real_estate_agent,4rooms,4,111.0,4.718498871295094,4.0,5.0,0.8,False,False,Центральный,Чернышевская,unknown,59.9393104,30.3583889,house,2.468160838588994,0.5448887344520149,True,37900000.0,17.450461696437877,341441.4414414414,12.740934397495927,121,33000000.0,472702.7027027027,281949.93412384717,660000.0,36,45750000.0,313741.31568639574,199026.43034878396,513204.5289877664,32,49135000.0,503583.5303388495,276041.2961878758,803855.975485189,263,50900000.0,378150.3013029316,210093.366242963,658019.1756512275
320690540,cian,2026-05-04T21:45:59.274940+00:00,Санкт-Петербург,real_estate_agent,4rooms,4,100.2,4.617098756853365,2.0,5.0,0.4,False,False,Василеостровский,Василеостровская,unknown,59.9392754,30.2438761,district,3.9122015596226105,2.100112668540487,True,16200000.0,16.600521861931007,161676.64670658682,11.993359796717906,165,23000000.0,425718.0832915203,357142.85714285716,499334.2210386152,33,51917243.0,451006.70182166825,219000.0,658684.201754386,43,27900960.0,403090.15256588074,244769.5453830423,459065.00739980966,263,50900000.0,378150.3013029316,210093.366242963,658019.1756512275
327637930,cian,2026-05-04T21:45:59.274940+00:00,Санкт-Петербург,real_estate_agent,4rooms,4,74.0,4.31748811353631,6.0,6.0,1.0,False,True,Московский,Фрунзенская,unknown,59.9079146,30.3204109,house,3.4301418080158346,0.3032935747903295,True,15000000.0,16.52356082573315,202702.7027027027,12.219500599183478,115,14600000.0,338071.4560122935,232688.51778861112,440766.12903225806,10,32575000.0,286295.51198356494,204714.4386253297,444500.0,10,14049999.5,438359.34664246824,398405.74954907777,463745.7418279336,263,50900000.0,378150.3013029316,210093.366242963,658019.1756512275
327490138,cian,2026-05-04T21:45:59.274940+00:00,Санкт-Петербург,homeowner,4rooms,4,90.7,4.51852237926242,2.0,5.0,0.4,False,False,Адмиралтейский,Балтийская,unknown,59.9206267,30.28403,house,2.6078823156321262,1.8157356640290925,True,22800000.0,16.942271137784317,251378.16979051818,12.43471771486584,73,19300000.0,451851.85185185185,325510.20408163266,515585.6263228786,19,21700000.0,226712.32876712328,180842.2890600164,345764.63505594037,24,19487440.0,489918.4408501023,447802.11723439646,572020.1837657281,263,50900000.0,378150.3013029316,210093.366242963,658019.1756512275
327375248,cian,2026-05-04T21:45:59.274940+00:00,Санкт-Петербург,real_estate_agent,4rooms,4,101.3,4.627909672957581,6.0,6.0,1.0,False,True,Петроградский,Петроградская,ID Petrogradskaya,59.9702849,30.2928553,house,3.716441865638088,1.0302463510485302,True,99274000.0,18.413394271974525,980000.0,13.795308871054397,215,74551226.0,688500.0,513014.51612903224,950757.9850893903,86,99137000.0,717505.2995391705,520825.00000000006,1013368.6913652276,37,50900000.0,459966.6388657214,414269.2750287687,650000.0,263,50900000.0,378150.3013029316,210093.366242963,658019.1756512275
312929415,cian,2026-05-04T21:45:59.274940+00:00,Санкт-Петербург,real_estate_agent,4rooms,4,193.0,5.267858159063328,3.0,6.0,0.5,False,False,Петроградский,Горьковская,unknown,59.9583943,30.3190985,house,2.2185578831787587,0.3372487839682606,True,67000000.0,18.02020319228061,347150.2590673575,12.757515869043221,215,74551226.0,688500.0,513014.51612903224,950757.9850893903,86,99137000.0,717505.2995391705,520825.00000000006,1013368.6913652276,11,44900000.0,464033.850493653,355758.11508745083,568677.0747740346,263,50900000.0,378150.3013029316,210093.366242963,658019.1756512275
326556803,cian,2026-05-04T21:45:59.274940+00:00,Санкт-Петербург,real_estate_agent,4rooms,4,48.9,3.910021002757473,5.0,5.0,1.0,False,True,Кировский,Автово,unknown,59.8663483,30.2761818,house,8.307602164657398,1.125663498414992,True,8500000.0,15.955576839107596,173824.1308793456,12.065805077904347,23,9549000.0,189523.80952380953,167164.71534237044,209193.37893257206,8,12175000.0,174327.60598021332,166391.349414612,179368.53002070394,3,8500000.0,173824.1308793456,159484.63801224536,182792.74725785461,263,50900000.0,378150.3013029316,210093.366242963,658019.1756512275
326937129,cian,2026-05-04T21:45:59.274940+00:00,Санкт-Петербург,realtor,4rooms,4,183.0,5.214935757608986,2.0,4.0,0.5,False,False,Петроградский,Черная речка,unknown,59.9801494,30.2938377,house,4.755777318114985,0.662476250089755,True,160000000.0,18.8906843794481,874316.9398907104,13.681199364106027,215,74551226.0,688500.0,513014.51612903224,950757.9850893903,86,99137000.0,717505.2995391705,520825.00000000006,1013368.6913652276,19,44200000.0,500658.7615283267,347389.5582329317,945000.0,263,50900000.0,378150.3013029316,210093.366242963,658019.1756512275
318135106,cian,2026-05-04T21:45:59.274940+00:00,Санкт-Петербург,developer,4rooms,4,113.0,4.736198448394496,6.0,8.0,0.75,False,False,Петроградский,Спортивная,NEVA RESIDENCE,59.9581113,30.2677113,house,3.373353959702625,1.5414762901508554,True,55788100.0,17.837071160884264,493700.0,13.109685349766474,215,74551226.0,688500.0,513014.51612903224,950757.9850893903,86,99137000.0,717505.2995391705,520825.00000000006,1013368.6913652276,44,38450000.0,636691.4335664336,466248.48787486635,964962.5076891531,263,50900000.0,378150.3013029316,210093.366242963,658019.1756512275
307225371,cian,2026-05-04T21:45:59.274940+00:00,Санкт-Петербург,real_estate_agent,4rooms,4,139.5,4.945207488773801,5.0,5.0,1.0,False,True,Центральный,Площадь Восстания,unknown,59.9376627,30.359451,house,2.5282673913103606,0.6906276541522947,True,23500000.0,16.97251102166758,168458.78136200717,12.034452314005561,121,33000000.0,472702.7027027027,281949.93412384717,660000.0,36,45750000.0,313741.31568639574,199026.43034878396,513204.5289877664,19,23500000.0,286041.1899313501,208990.40969463505,395977.86089159676,263,50900000.0,378150.3013029316,210093.366242963,658019.1756512275
329536888,cian,2026-05-04T21:45:59.274940+00:00,Санкт-Петербург,real_estate_agent,4rooms,4,108.5,4.695924549256556,10.0,11.0,0.9090909090909092,False,False,Приморский,Старая Деревня,unknown,60.0040921,30.2024095,house,9.57395930779952,3.2902876409704795,True,18300000.0,16.722411672456456,168663.59447004608,12.035667373775308,119,11000000.0,253120.0,213054.45761967503,301644.1421266091,20,25664732.0,238028.8926499033,181470.97166302908,283369.54770755884,10,12849999.5,239117.1153240119,215743.79752066117,283249.985,263,50900000.0,378150.3013029316,210093.366242963,658019.1756512275
328467342,cian,2026-05-04T21:45:59.274940+00:00,Санкт-Петербург,real_estate_agent,4rooms,4,126.2,4.845760650906022,3.0,5.0,0.6,False,False,Адмиралтейский,Адмиралтейская,unknown,59.9285671,30.2951866,house,1.5345227282415812,1.4276523728740664,True,70000000.0,18.064005814299342,554675.118858954,13.226139652762038,73,19300000.0,451851.85185185185,325510.20408163266,515585.6263228786,19,21700000.0,226712.32876712328,180842.2890600164,345764.63505594037,7,64900000.0,408236.99421965313,345764.63505594037,500278.7359000653,263,50900000.0,378150.3013029316,210093.366242963,658019.1756512275
307663842,cian,2026-05-04T21:45:59.274940+00:00,Санкт-Петербург,real_estate_agent,4rooms,4,163.2,5.101085197018328,9.0,10.0,0.9,False,False,Красногвардейский,Площадь Ленина,Дом на излучине Невы,60.0075248,30.4511935,house,10.813361189661803,7.811534299163438,True,80000000.0,18.19753720513816,490196.0784313726,13.102562790106068,65,10300000.0,250000.0,202169.11764705883,415701.00840336137,7,46550000.0,389539.7489539749,257334.29362126847,481045.29806370847,7,80000000.0,490196.0784313726,310500.6884045804,1162007.8343270256,263,50900000.0,378150.3013029316,210093.366242963,658019.1756512275
325668760,cian,2026-05-04T21:45:59.274940+00:00,Санкт-Петербург,real_estate_agent,4rooms,4,97.2,4.58700621536042,5.0,6.0,0.8333333333333334,False,False,Петроградский,Петроградская,ID Petrogradskaya,59.9702849,30.2928553,house,3.716441865638088,1.0302463510485302,True,59875200.0,17.907772970683457,616000.0,13.331003865890963,215,74551226.0,688500.0,513014.51612903224,950757.9850893903,86,99137000.0,717505.2995391705,520825.00000000006,1013368.6913652276,37,50900000.0,459966.6388657214,414269.2750287687,650000.0,263,50900000.0,378150.3013029316,210093.366242963,658019.1756512275
329147965,cian,2026-05-04T21:45:59.274940+00:00,Санкт-Петербург,real_estate_agent,4rooms,4,260.0,5.564520407322694,5.0,5.0,1.0,False,True,Центральный,Гостиный двор,unknown,59.9393757,30.3228461,house,0.4947351780604291,0.7930320851062855,True,125000000.0,18.643824303266577,480769.23076923075,13.083144744248884,121,33000000.0,472702.7027027027,281949.93412384717,660000.0,36,45750000.0,313741.31568639574,199026.43034878396,513204.5289877664,4,115000000.0,463409.2542971048,427233.5875822172,521291.2087912088,263,50900000.0,378150.3013029316,210093.366242963,658019.1756512275
325243541,cian,2026-05-04T21:45:59.274940+00:00,Санкт-Петербург,realtor,4rooms,4,103.4,4.648229675448539,4.0,4.0,1.0,False,True,Адмиралтейский,Спасская,unknown,59.9247423,30.3229955,house,1.6186433328937089,8.478906149569912,True,16999000.0,16.648665135587894,164400.38684719536,12.010066197378826,73,19300000.0,451851.85185185185,325510.20408163266,515585.6263228786,19,21700000.0,226712.32876712328,180842.2890600164,345764.63505594037,2,24449500.0,244955.295464414,204677.8411558047,285232.74977302336,263,50900000.0,378150.3013029316,210093.366242963,658019.1756512275
303270565,cian,2026-05-04T21:45:59.274940+00:00,Санкт-Петербург,developer,4rooms,4,104.4,4.657762636107262,6.0,23.0,0.2608695652173913,False,False,Выборгский,Парнас,Прагма city,60.066917,30.3338899,street,14.310571727165238,0.1293225753958055,True,21128559.0,16.86613623771955,202380.8333333333,12.21791145610888,68,11500000.0,242464.8327306462,201785.625,296143.7908496732,11,23000000.0,202380.8333333333,184672.42693003925,257692.3076923077,14,7850000.0,225945.53060701783,203626.49866103235,261172.79510923312,263,50900000.0,378150.3013029316,210093.366242963,658019.1756512275
305144691,cian,2026-05-04T21:45:59.274940+00:00,Санкт-Петербург,real_estate_agent,4rooms,4,136.5,4.923623917106626,1.0,7.0,0.1428571428571428,True,False,Петроградский,Крестовский остров,Венеция,59.9744882,30.2701084,house,4.682157521717499,0.6873623883132735,True,168000000.0,18.93947454331992,1230769.2307692308,14.023150735242188,215,74551226.0,688500.0,513014.51612903224,950757.9850893903,86,99137000.0,717505.2995391705,520825.00000000006,1013368.6913652276,69,105000000.0,775889.9676375405,607500.0,1050000.0,263,50900000.0,378150.3013029316,210093.366242963,658019.1756512275
326367466,cian,2026-05-04T21:45:59.274940+00:00,Санкт-Петербург,real_estate_agent,4rooms,4,93.6,4.549657476057832,3.0,5.0,0.6,False,False,Адмиралтейский,Садовая,unknown,59.9523401,30.2138191,house,5.789781213230566,6.53861477783188,True,21700000.0,16.892822864593636,231837.60683760684,12.353796748381894,73,19300000.0,451851.85185185185,325510.20408163266,515585.6263228786,19,21700000.0,226712.32876712328,180842.2890600164,345764.63505594037,14,19528670.0,463750.0,387982.5,497500.0,263,50900000.0,378150.3013029316,210093.366242963,658019.1756512275
303270566,cian,2026-05-04T21:45:59.274940+00:00,Санкт-Петербург,developer,4rooms,4,130.3,4.877484781308751,20.0,23.0,0.8695652173913043,False,False,Выборгский,Парнас,Прагма city,60.066917,30.3338899,street,14.310571727165238,0.1293225753958055,True,26975248.0,17.1104302998351,207024.15963161932,12.240595608975722,68,11500000.0,242464.8327306462,201785.625,296143.7908496732,11,23000000.0,202380.8333333333,184672.42693003925,257692.3076923077,14,7850000.0,225945.53060701783,203626.49866103235,261172.79510923312,263,50900000.0,378150.3013029316,210093.366242963,658019.1756512275
323770629,cian,2026-05-04T21:45:59.274940+00:00,Санкт-Петербург,real_estate_agent,4rooms,4,194.5,5.27556037942542,5.0,5.0,1.0,False,True,Петроградский,Крестовский остров,unknown,59.9754799,30.2517632,house,5.372138171030261,0.6559101534444226,True,250000000.0,19.33697147982652,1285347.0437017996,14.066540090767717,215,74551226.0,688500.0,513014.51612903224,950757.9850893903,86,99137000.0,717505.2995391705,520825.00000000006,1013368.6913652276,69,105000000.0,775889.9676375405,607500.0,1050000.0,263,50900000.0,378150.3013029316,210093.366242963,658019.1756512275
307136420,cian,2026-05-04T21:45:59.274940+00:00,Санкт-Петербург,developer,4rooms,4,107.4,4.685828089005546,13.0,13.0,1.0,False,True,Василеостровский,Приморская,Шкиперский 19 ЖК,59.9044682,29.7789704,street,30.06287842797851,25.636578030983184,True,46542000.0,17.655865710187033,433351.95530726254,12.979307814216778,165,23000000.0,425718.0832915203,357142.85714285716,499334.2210386152,33,51917243.0,451006.70182166825,219000.0,658684.201754386,73,22280000.0,414540.0,355671.14093959733,468620.6724137931,263,50900000.0,378150.3013029316,210093.366242963,658019.1756512275
313344760,cian,2026-05-04T21:45:59.274940+00:00,Санкт-Петербург,real_estate_agent,4rooms,4,163.6,5.103518288242969,4.0,7.0,0.5714285714285714,False,False,Курортный,unknown,Crystal,60.1635845,29.8586427,house,35.5680675260432,,False,108000000.0,18.49764179434776,660146.6992665037,13.400218875733515,49,24506160.0,428400.0,344027.3037542662,554200.0,4,37062781.5,371922.62165858515,227467.92781039356,544349.178733075,47,19900000.0,390000.0,255879.99731074355,517735.35515320336,263,50900000.0,378150.3013029316,210093.366242963,658019.1756512275
328640878,cian,2026-05-04T21:45:59.274940+00:00,Санкт-Петербург,real_estate_agent,4rooms,4,87.4,4.481871969643598,5.0,7.0,0.7142857142857143,False,False,Центральный,Площадь Восстания,unknown,59.9376912,30.3718568,house,3.218725120562256,0.9979555925599324,True,25000000.0,17.034386422832473,286041.1899313501,12.563894596164873,121,33000000.0,472702.7027027027,281949.93412384717,660000.0,36,45750000.0,313741.31568639574,199026.43034878396,513204.5289877664,19,23500000.0,286041.1899313501,208990.40969463505,395977.86089159676,263,50900000.0,378150.3013029316,210093.366242963,658019.1756512275
327390233,cian,2026-05-04T21:45:59.274940+00:00,Санкт-Петербург,real_estate_agent,4rooms,4,126.72,4.849840367846581,6.0,6.0,1.0,False,True,Петроградский,Петроградская,ID Petrogradskaya,59.9702849,30.2928553,house,3.716441865638088,1.0302463510485302,True,88070400.0,18.2936470639676,695000.0,13.451668563394815,215,74551226.0,688500.0,513014.51612903224,950757.9850893903,86,99137000.0,717505.2995391705,520825.00000000006,1013368.6913652276,37,50900000.0,459966.6388657214,414269.2750287687,650000.0,263,50900000.0,378150.3013029316,210093.366242963,658019.1756512275
329101861,cian,2026-05-04T21:45:59.274940+00:00,Санкт-Петербург,real_estate_agent,4rooms,4,113.3,4.738826570800765,3.0,17.0,0.1764705882352941,False,False,Красносельский,Юго-Западная,unknown,59.8629612,30.170302,house,11.620671286348284,3.46994197577263,True,19490000.0,16.785412122792106,172021.18270079436,12.055378716670443,45,8600000.0,223093.96897646284,183937.8238341969,261158.53658536586,9,28700000.0,236701.03092783506,184977.5784753363,252835.97790830192,49,8600000.0,227835.03496503495,191335.74007220217,261158.53658536586,263,50900000.0,378150.3013029316,210093.366242963,658019.1756512275
329387905,cian,2026-05-04T21:45:59.274940+00:00,Санкт-Петербург,homeowner,4rooms,4,153.2,5.038250461129229,9.0,18.0,0.5,False,False,Калининский,Академическая,unknown,60.0242766,30.3958687,house,10.557024384936533,1.2204840344922174,True,45000000.0,17.622173069956816,293733.681462141,12.590432194866752,53,10624445.0,291095.8904109589,210032.36245954694,359100.0,4,38000000.0,271866.8407310705,241365.9793814433,298861.7136105722,13,16000000.0,222841.22562674095,186956.52173913043,293733.681462141,263,50900000.0,378150.3013029316,210093.366242963,658019.1756512275
318055970,cian,2026-05-04T21:45:59.274940+00:00,Санкт-Петербург,developer,4rooms,4,97.81,4.593198814206872,4.0,6.0,0.6666666666666666,False,False,Петроградский,Петроградская,ID Petrogradskaya,59.9702849,30.2928553,house,3.716441865638088,1.0302463510485302,True,68467000.0,18.04186244993352,700000.0,13.45883704259595,215,74551226.0,688500.0,513014.51612903224,950757.9850893903,86,99137000.0,717505.2995391705,520825.00000000006,1013368.6913652276,37,50900000.0,459966.6388657214,414269.2750287687,650000.0,263,50900000.0,378150.3013029316,210093.366242963,658019.1756512275
323515930,cian,2026-05-04T21:45:59.274940+00:00,Санкт-Петербург,real_estate_agent,4rooms,4,175.0,5.170483995038151,5.0,6.0,0.8333333333333334,False,False,Петроградский,Крестовский остров,Крестовский de luxe,59.9658698,30.2706823,house,3.877947658222955,0.8449148615934193,True,255000000.0,19.35677410704427,1457142.857142857,14.19198881547346,215,74551226.0,688500.0,513014.51612903224,950757.9850893903,86,99137000.0,717505.2995391705,520825.00000000006,1013368.6913652276,69,105000000.0,775889.9676375405,607500.0,1050000.0,263,50900000.0,378150.3013029316,210093.366242963,658019.1756512275
328627368,cian,2026-05-04T21:45:59.274940+00:00,Санкт-Петербург,real_estate_agent,4rooms,4,99.2,4.607168188650764,2.0,4.0,0.5,False,False,Фрунзенский,Обводный канал,unknown,59.915233,30.3449983,house,3.1169317524546867,0.3054491888628969,True,16200000.0,16.600521861931007,163306.4516129032,12.003389909349828,36,11675000.0,275360.4958677686,194624.98710409575,392205.28341254056,7,26500000.0,252380.95238095237,183635.6425171867,356298.06813114096,20,17343499.5,385522.5051466804,295973.35138216015,426557.9919079805,263,50900000.0,378150.3013029316,210093.366242963,658019.1756512275
318140497,cian,2026-05-04T21:45:59.274940+00:00,Санкт-Петербург,developer,4rooms,4,183.7,5.218732887205194,1.0,8.0,0.125,True,False,Петроградский,Крестовский остров,NEVA HAUS,59.962702,30.2623163,house,3.936518419401703,0.9485030180780856,True,89498640.0,18.30973399877226,487200.00000000006,13.096432047920874,215,74551226.0,688500.0,513014.51612903224,950757.9850893903,86,99137000.0,717505.2995391705,520825.00000000006,1013368.6913652276,69,105000000.0,775889.9676375405,607500.0,1050000.0,263,50900000.0,378150.3013029316,210093.366242963,658019.1756512275
323773588,cian,2026-05-04T21:45:59.274940+00:00,Санкт-Петербург,real_estate_agent,4rooms,4,190.0,5.25227342804663,2.0,5.0,0.4,False,False,Петроградский,Крестовский остров,unknown,59.9754799,30.2517632,house,5.372138171030261,0.6559101534444226,True,240000000.0,19.29614948547293,1263157.894736842,14.049126200812132,215,74551226.0,688500.0,513014.51612903224,950757.9850893903,86,99137000.0,717505.2995391705,520825.00000000006,1013368.6913652276,69,105000000.0,775889.9676375405,607500.0,1050000.0,263,50900000.0,378150.3013029316,210093.366242963,658019.1756512275
328994310,cian,2026-05-04T21:45:59.274940+00:00,Санкт-Петербург,realtor,4rooms,4,94.0,4.553876891600541,10.0,10.0,1.0,False,True,Василеостровский,Приморская,unknown,59.9493887,30.2241845,house,5.149236109481493,0.3761600058053626,True,25500000.0,17.05418904934434,271276.59574468085,12.510897914126366,165,23000000.0,425718.0832915203,357142.85714285716,499334.2210386152,33,51917243.0,451006.70182166825,219000.0,658684.201754386,73,22280000.0,414540.0,355671.14093959733,468620.6724137931,263,50900000.0,378150.3013029316,210093.366242963,658019.1756512275
318140392,cian,2026-05-04T21:45:59.274940+00:00,Санкт-Петербург,developer,4rooms,4,146.3,4.9924713234685845,9.0,9.0,1.0,False,True,Петроградский,Крестовский остров,NEVA HAUS,59.9606929,30.2676571,house,3.566874646441068,1.2418928544852768,True,88877250.0,18.302766773474392,607500.0,13.317109100286022,215,74551226.0,688500.0,513014.51612903224,950757.9850893903,86,99137000.0,717505.2995391705,520825.00000000006,1013368.6913652276,69,105000000.0,775889.9676375405,607500.0,1050000.0,263,50900000.0,378150.3013029316,210093.366242963,658019.1756512275
328396143,cian,2026-05-04T21:45:59.274940+00:00,Санкт-Петербург,real_estate_agent,4rooms,4,107.9,4.690430029938915,16.0,17.0,0.9411764705882352,False,False,Приморский,Черная речка,unknown,59.9906765,30.3171905,house,5.793204726228961,1.094378490441091,True,39000000.0,17.479072229734946,361445.7831325301,12.797870098492671,119,11000000.0,253120.0,213054.45761967503,301644.1421266091,20,25664732.0,238028.8926499033,181470.97166302908,283369.54770755884,19,44200000.0,500658.7615283267,347389.5582329317,945000.0,263,50900000.0,378150.3013029316,210093.366242963,658019.1756512275
322651948,cian,2026-05-04T21:45:59.274940+00:00,Санкт-Петербург,real_estate_agent,4rooms,4,144.73,4.981755594545605,3.0,6.0,0.5,False,False,Василеостровский,Горный институт,Империал Клаб ЖК,59.9392754,30.2438761,district,3.9122015596226105,1.2135205952657642,True,117231300.0,18.57965947282828,810000.0,13.60479076121576,165,23000000.0,425718.0832915203,357142.85714285716,499334.2210386152,33,51917243.0,451006.70182166825,219000.0,658684.201754386,49,24258479.0,491000.0,424440.0,576720.0,263,50900000.0,378150.3013029316,210093.366242963,658019.1756512275
328952178,cian,2026-05-04T21:45:59.274940+00:00,Санкт-Петербург,realtor,4rooms,4,144.1,4.977423159890142,8.0,8.0,1.0,False,True,Красногвардейский,Новочеркасская,Новый город,59.931884,30.4054021,house,5.140638242195484,0.5731150094838445,True,68000000.0,18.035018277846262,471894.5176960444,13.064512879250307,65,10300000.0,250000.0,202169.11764705883,415701.00840336137,7,46550000.0,389539.7489539749,257334.29362126847,481045.29806370847,28,25104484.5,444642.74811083125,355837.5,512076.8111093196,263,50900000.0,378150.3013029316,210093.366242963,658019.1756512275
303270575,cian,2026-05-04T21:45:59.274940+00:00,Санкт-Петербург,developer,4rooms,4,110.4,4.713127327493184,10.0,23.0,0.4347826086956521,False,False,Выборгский,Парнас,Прагма city,60.066917,30.3338899,street,14.310571727165238,0.1293225753958055,True,22342844.0,16.922016693541764,202380.8333333333,12.21791145610888,68,11500000.0,242464.8327306462,201785.625,296143.7908496732,11,23000000.0,202380.8333333333,184672.42693003925,257692.3076923077,14,7850000.0,225945.53060701783,203626.49866103235,261172.79510923312,263,50900000.0,378150.3013029316,210093.366242963,658019.1756512275
327616280,cian,2026-05-04T21:45:59.274940+00:00,Санкт-Петербург,real_estate_agent,4rooms,4,77.5,4.363098624788363,1.0,9.0,0.1111111111111111,True,False,Фрунзенский,Ломоносовская,unknown,59.8673062,30.417651,house,9.807411474104628,1.8100578725824232,True,12900000.0,16.372737946851277,166451.61290322582,12.02246594070649,36,11675000.0,275360.4958677686,194624.98710409575,392205.28341254056,7,26500000.0,252380.95238095237,183635.6425171867,356298.06813114096,28,7400000.0,202820.86979581014,183649.6889170094,226678.90459640961,263,50900000.0,378150.3013029316,210093.366242963,658019.1756512275
327765353,cian,2026-05-04T21:45:59.274940+00:00,Санкт-Петербург,homeowner,4rooms,4,144.0,4.976733742420574,11.0,11.0,1.0,False,True,Выборгский,Выборгская,Нейшлотская крепость,59.9671156,30.3463624,house,3.644243002394042,0.606620767058155,True,41900000.0,17.550796408758714,290972.22222222225,12.580986522064636,68,11500000.0,242464.8327306462,201785.625,296143.7908496732,11,23000000.0,202380.8333333333,184672.42693003925,257692.3076923077,11,28000000.0,447906.52385589096,309612.72306890716,480500.0,263,50900000.0,378150.3013029316,210093.366242963,658019.1756512275
318140441,cian,2026-05-04T21:45:59.274940+00:00,Санкт-Петербург,developer,4rooms,4,159.6,5.078916801512661,1.0,9.0,0.1111111111111111,True,False,Петроградский,Крестовский остров,NEVA HAUS,59.962702,30.2623163,house,3.936518419401703,0.9485030180780856,True,83135640.0,18.235984060777525,520900.0,13.163315283485712,215,74551226.0,688500.0,513014.51612903224,950757.9850893903,86,99137000.0,717505.2995391705,520825.00000000006,1013368.6913652276,69,105000000.0,775889.9676375405,607500.0,1050000.0,263,50900000.0,378150.3013029316,210093.366242963,658019.1756512275
322181836,cian,2026-05-04T21:45:59.274940+00:00,Санкт-Петербург,realtor,4rooms,4,91.6,4.528289141652134,4.0,4.0,1.0,False,True,Приморский,Черная речка,unknown,59.985992,30.293919,house,5.3881468872275615,0.4532401959728339,True,19400000.0,16.780783675579947,211790.39301310046,12.26335707399181,119,11000000.0,253120.0,213054.45761967503,301644.1421266091,20,25664732.0,238028.8926499033,181470.97166302908,283369.54770755884,19,44200000.0,500658.7615283267,347389.5582329317,945000.0,263,50900000.0,378150.3013029316,210093.366242963,658019.1756512275
328455023,cian,2026-05-04T21:45:59.274940+00:00,Санкт-Петербург,developer,4rooms,4,97.86,4.593704707878813,6.0,7.0,0.8571428571428571,False,False,Приморский,Проспект Просвещения,Окла ЖК,60.02342,30.194757,district,11.533884516342445,8.503565317636365,True,27293154.0,17.122146496115782,278900.0,12.538612159123673,119,11000000.0,253120.0,213054.45761967503,301644.1421266091,20,25664732.0,238028.8926499033,181470.97166302908,283369.54770755884,35,9900000.0,229117.64705882352,178772.9364833445,279693.9024390244,263,50900000.0,378150.3013029316,210093.366242963,658019.1756512275
326600263,cian,2026-05-04T21:45:59.274940+00:00,Санкт-Петербург,real_estate_agent,4rooms,4,195.2,5.279134547131263,8.0,9.0,0.8888888888888888,False,False,Петроградский,Чкаловская,Идеальный мир,59.9586367,30.2803455,house,2.9149153641174093,0.6507090486952624,True,165000000.0,18.92145603792546,845286.8852459016,13.647432540915466,215,74551226.0,688500.0,513014.51612903224,950757.9850893903,86,99137000.0,717505.2995391705,520825.00000000006,1013368.6913652276,50,65500613.5,676550.1672240803,551580.3395021516,840090.1701805224,263,50900000.0,378150.3013029316,210093.366242963,658019.1756512275
321953367,cian,2026-05-04T21:45:59.274940+00:00,Санкт-Петербург,real_estate_agent,4rooms,4,103.4,4.648229675448539,3.0,3.0,1.0,False,True,Приморский,Озерки,unknown,60.036766,30.2960217,house,10.96178812229328,1.4891372005085766,True,24990000.0,17.03398634282714,241682.78529980656,12.395385478383309,119,11000000.0,253120.0,213054.45761967503,301644.1421266091,20,25664732.0,238028.8926499033,181470.97166302908,283369.54770755884,4,11375000.0,196624.64728254202,165091.6650916651,224894.38053547795,263,50900000.0,378150.3013029316,210093.366242963,658019.1756512275
329327333,cian,2026-05-04T21:45:59.274940+00:00,Санкт-Петербург,real_estate_agent,4rooms,4,428.5,6.06262174142431,3.0,3.0,1.0,False,True,Петроградский,Чкаловская,ЛДМ ЖК,59.9642342,30.2858201,district,3.256398622023302,0.4595738783432546,True,436073704.0,19.89332183519141,1017674.9218203034,13.833032077491962,215,74551226.0,688500.0,513014.51612903224,950757.9850893903,86,99137000.0,717505.2995391705,520825.00000000006,1013368.6913652276,50,65500613.5,676550.1672240803,551580.3395021516,840090.1701805224,263,50900000.0,378150.3013029316,210093.366242963,658019.1756512275
325862235,cian,2026-05-04T21:45:59.274940+00:00,Санкт-Петербург,real_estate_agent,4rooms,4,187.7,5.240158452374504,3.0,3.0,1.0,False,True,Адмиралтейский,Адмиралтейская,unknown,59.9322506,30.3040903,house,0.899658643284223,0.7941123973464645,True,64900044.0,17.9883588750485,345764.75226425147,12.75351680818334,73,19300000.0,451851.85185185185,325510.20408163266,515585.6263228786,19,21700000.0,226712.32876712328,180842.2890600164,345764.63505594037,7,64900000.0,408236.99421965313,345764.63505594037,500278.7359000653,263,50900000.0,378150.3013029316,210093.366242963,658019.1756512275
324889926,cian,2026-05-04T21:45:59.274940+00:00,Санкт-Петербург,realtor,4rooms,4,144.0,4.976733742420574,3.0,3.0,1.0,False,True,Адмиралтейский,Василеостровская,unknown,59.9277169,30.2859459,house,1.9810412555249424,1.8147810916598692,True,49990000.0,17.727333563393753,347152.77777777775,12.757523124385719,73,19300000.0,451851.85185185185,325510.20408163266,515585.6263228786,19,21700000.0,226712.32876712328,180842.2890600164,345764.63505594037,43,27900960.0,403090.15256588074,244769.5453830423,459065.00739980966,263,50900000.0,378150.3013029316,210093.366242963,658019.1756512275
314890377,cian,2026-05-04T21:45:59.274940+00:00,Санкт-Петербург,developer,4rooms,4,104.23,4.656148430752721,6.0,6.0,1.0,False,True,Петроградский,Петроградская,ID Petrogradskaya,59.9702849,30.2928553,house,3.716441865638088,1.0302463510485302,True,104230000.0,18.462110563309672,1000000.0,13.815511557963774,215,74551226.0,688500.0,513014.51612903224,950757.9850893903,86,99137000.0,717505.2995391705,520825.00000000006,1013368.6913652276,37,50900000.0,459966.6388657214,414269.2750287687,650000.0,263,50900000.0,378150.3013029316,210093.366242963,658019.1756512275
328800571,cian,2026-05-04T21:45:59.274940+00:00,Санкт-Петербург,real_estate_agent,4rooms,4,70.7,4.272490747605575,1.0,4.0,0.25,True,False,Московский,Звездная,unknown,59.8126765,30.2935532,house,14.0489449238935,3.8279045416419137,True,14900000.0,16.51687183802978,210749.64639321074,12.258430942968346,115,14600000.0,338071.4560122935,232688.51778861112,440766.12903225806,10,32575000.0,286295.51198356494,204714.4386253297,444500.0,43,9590757.0,294827.5862068966,224474.7194575878,354639.3791256695,263,50900000.0,378150.3013029316,210093.366242963,658019.1756512275
293745730,cian,2026-05-04T21:45:59.274940+00:00,Санкт-Петербург,real_estate_agent,4rooms,4,150.0,5.017279836814924,24.0,24.0,1.0,False,True,Московский,Московская,Граф Орлов,59.8866557,30.3193948,street,5.783486996948717,4.252061859057263,True,115000000.0,18.560442695023177,766666.6666666666,13.549808696578244,115,14600000.0,338071.4560122935,232688.51778861112,440766.12903225806,10,32575000.0,286295.51198356494,204714.4386253297,444500.0,34,19750000.0,368624.6176101299,230362.88470372072,720562.5,263,50900000.0,378150.3013029316,210093.366242963,658019.1756512275
329327539,cian,2026-05-04T21:45:59.274940+00:00,Санкт-Петербург,real_estate_agent,4rooms,4,138.2,4.935911747900319,8.0,8.0,1.0,False,True,Петроградский,Чкаловская,ЛДМ ЖК,59.9642342,30.2858201,district,3.256398622023302,0.4595738783432546,True,255937920.0,19.36044547694316,1851938.6396526773,14.431744101676935,215,74551226.0,688500.0,513014.51612903224,950757.9850893903,86,99137000.0,717505.2995391705,520825.00000000006,1013368.6913652276,50,65500613.5,676550.1672240803,551580.3395021516,840090.1701805224,263,50900000.0,378150.3013029316,210093.366242963,658019.1756512275
325940751,cian,2026-05-04T21:45:59.274940+00:00,Санкт-Петербург,real_estate_agent,4rooms,4,131.4,4.885827643502908,1.0,4.0,0.25,True,False,Курортный,Беговая,Петербургское Садовое кольцо,60.0553342,30.0064806,house,21.47202940191576,13.25204581878418,True,25700000.0,17.062001588775953,195585.99695585997,12.183760556642335,49,24506160.0,428400.0,344027.3037542662,554200.0,4,37062781.5,371922.62165858515,227467.92781039356,544349.178733075,29,9802294.0,240710.82390953152,210180.94089264172,306436.1191162344,263,50900000.0,378150.3013029316,210093.366242963,658019.1756512275
329517970,cian,2026-05-04T21:45:59.274940+00:00,Санкт-Петербург,real_estate_agent,4rooms,4,166.0,5.117993812416755,2.0,10.0,0.2,False,False,Невский,Елизаровская,Эталон на Неве,59.9005804,30.4316001,house,7.794648078405699,0.7053017700949513,True,58480000.0,17.88419539050566,352289.156626506,12.772210423622516,75,8462886.0,214129.9972504812,190613.3732947499,276627.69547325105,4,20179479.0,209452.36191461678,176294.94638069705,263510.8856478546,4,7150000.0,317727.2727272727,293872.0761996624,343072.2891566265,263,50900000.0,378150.3013029316,210093.366242963,658019.1756512275
329327471,cian,2026-05-04T21:45:59.274940+00:00,Санкт-Петербург,real_estate_agent,4rooms,4,141.2,4.95723451736914,3.0,9.0,0.3333333333333333,False,False,Петроградский,Чкаловская,ЛДМ ЖК,59.9642342,30.2858201,district,3.256398622023302,0.4595738783432546,True,198438967.0,19.1059921448192,1405375.1203966006,14.155815526274264,215,74551226.0,688500.0,513014.51612903224,950757.9850893903,86,99137000.0,717505.2995391705,520825.00000000006,1013368.6913652276,50,65500613.5,676550.1672240803,551580.3395021516,840090.1701805224,263,50900000.0,378150.3013029316,210093.366242963,658019.1756512275
329165885,cian,2026-05-04T21:45:59.274940+00:00,Санкт-Петербург,real_estate_agent,4rooms,4,124.0,4.8283137373023015,17.0,17.0,1.0,False,True,Калининский,Академическая,Орбита,60.0125953,30.387671,house,9.189903280617962,0.5988360590587598,True,31000000.0,17.249497794707484,250000.0,12.429220196836383,53,10624445.0,291095.8904109589,210032.36245954694,359100.0,4,38000000.0,271866.8407310705,241365.9793814433,298861.7136105722,13,16000000.0,222841.22562674095,186956.52173913043,293733.681462141,263,50900000.0,378150.3013029316,210093.366242963,658019.1756512275
323095897,cian,2026-05-04T21:45:59.274940+00:00,Санкт-Петербург,real_estate_agent,4rooms,4,136.47,4.923405711483329,5.0,6.0,0.8333333333333334,False,False,Василеостровский,Горный институт,Империал Клаб ЖК,59.9392754,30.2438761,district,3.9122015596226105,1.2135205952657642,True,165811050.0,18.92635945103777,1215000.0,14.010255457801716,165,23000000.0,425718.0832915203,357142.85714285716,499334.2210386152,33,51917243.0,451006.70182166825,219000.0,658684.201754386,49,24258479.0,491000.0,424440.0,576720.0,263,50900000.0,378150.3013029316,210093.366242963,658019.1756512275
323116809,cian,2026-05-04T21:45:59.274940+00:00,Санкт-Петербург,real_estate_agent,4rooms,4,122.0,4.812184355372417,10.0,11.0,0.9090909090909092,False,False,Василеостровский,Приморская,Docklands 2,59.9565057,30.2469976,house,4.233990211218257,1.282809056023204,True,54900000.0,17.821023924694696,450000.0,13.017005083966255,165,23000000.0,425718.0832915203,357142.85714285716,499334.2210386152,33,51917243.0,451006.70182166825,219000.0,658684.201754386,73,22280000.0,414540.0,355671.14093959733,468620.6724137931,263,50900000.0,378150.3013029316,210093.366242963,658019.1756512275
326474991,cian,2026-05-04T21:45:59.274940+00:00,Санкт-Петербург,real_estate_agent,4rooms,4,191.1,5.258016069774511,6.0,7.0,0.8571428571428571,False,False,Петроградский,Крестовский остров,Diadema Club House,59.9738659,30.2681651,house,4.681542322819386,0.5589908014079028,True,285000000.0,19.467999741741696,1491365.7770800628,14.215203557512789,215,74551226.0,688500.0,513014.51612903224,950757.9850893903,86,99137000.0,717505.2995391705,520825.00000000006,1013368.6913652276,69,105000000.0,775889.9676375405,607500.0,1050000.0,263,50900000.0,378150.3013029316,210093.366242963,658019.1756512275
329573739,cian,2026-05-04T21:45:59.274940+00:00,Санкт-Петербург,developer,4rooms,4,122.5,4.816241156068032,7.0,9.0,0.7777777777777778,False,False,Петроградский,Чкаловская,Клубный дом,59.962439,30.279807,street,3.266903712170805,0.6436228553397717,True,75287618.0,18.13682625694053,614592.8,13.328716840765615,215,74551226.0,688500.0,513014.51612903224,950757.9850893903,86,99137000.0,717505.2995391705,520825.00000000006,1013368.6913652276,50,65500613.5,676550.1672240803,551580.3395021516,840090.1701805224,263,50900000.0,378150.3013029316,210093.366242963,658019.1756512275
329085186,cian,2026-05-04T21:45:59.274940+00:00,Санкт-Петербург,real_estate_agent,4rooms,4,121.3,4.806477042693127,2.0,8.0,0.25,False,False,Центральный,Площадь Восстания,МИРЪ,59.9259826,30.3687275,house,3.351191293674838,0.8160684911669317,True,55400000.0,17.830090169768052,456718.8788128607,13.031825525295798,121,33000000.0,472702.7027027027,281949.93412384717,660000.0,36,45750000.0,313741.31568639574,199026.43034878396,513204.5289877664,19,23500000.0,286041.1899313501,208990.40969463505,395977.86089159676,263,50900000.0,378150.3013029316,210093.366242963,658019.1756512275
312506827,cian,2026-05-04T21:45:59.274940+00:00,Санкт-Петербург,real_estate_agent,4rooms,4,101.5,4.629862798578463,3.0,4.0,0.75,False,False,Центральный,Площадь Восстания,unknown,59.9375153,30.3752621,house,3.4089620126577915,1.1302717081002225,True,19000000.0,16.759949589762293,187192.118226601,12.139896080739867,121,33000000.0,472702.7027027027,281949.93412384717,660000.0,36,45750000.0,313741.31568639574,199026.43034878396,513204.5289877664,19,23500000.0,286041.1899313501,208990.40969463505,395977.86089159676,263,50900000.0,378150.3013029316,210093.366242963,658019.1756512275
322272745,cian,2026-05-04T21:45:59.274940+00:00,Санкт-Петербург,developer,4rooms,4,124.6,4.833102254034098,4.0,6.0,0.6666666666666666,False,False,Петроградский,Петроградская,ID Petrogradskaya,59.9702849,30.2928553,house,3.716441865638088,1.0302463510485302,True,78498000.0,18.17858371746025,630000.0,13.353476685668044,215,74551226.0,688500.0,513014.51612903224,950757.9850893903,86,99137000.0,717505.2995391705,520825.00000000006,1013368.6913652276,37,50900000.0,459966.6388657214,414269.2750287687,650000.0,263,50900000.0,378150.3013029316,210093.366242963,658019.1756512275
328332879,cian,2026-05-04T21:45:59.274940+00:00,Санкт-Петербург,real_estate_agent,4rooms,4,74.1,4.318820558770089,7.0,12.0,0.5833333333333334,False,False,Кронштадтский,unknown,unknown,60.0082609,29.7182904,house,34.0449124996259,,False,12700000.0,16.357112630168974,171390.01349527665,12.051702853755426,15,12700000.0,289519.9957228401,255879.99731074355,297840.0049140222,1,12700000.0,171390.01349527665,171390.01349527665,171390.01349527665,47,19900000.0,390000.0,255879.99731074355,517735.35515320336,263,50900000.0,378150.3013029316,210093.366242963,658019.1756512275
329571922,cian,2026-05-04T21:45:59.274940+00:00,Санкт-Петербург,real_estate_agent,4rooms,4,184.4,5.2225156531317545,4.0,4.0,1.0,False,True,Московский,Парк Победы,unknown,59.8607344,30.3276909,house,8.69138058232143,0.6986279833077524,True,36800000.0,17.421008430313073,199566.16052060737,12.203906102873677,115,14600000.0,338071.4560122935,232688.51778861112,440766.12903225806,10,32575000.0,286295.51198356494,204714.4386253297,444500.0,3,7400000.0,165919.28251121077,164982.11316571775,182742.72151590907,263,50900000.0,378150.3013029316,210093.366242963,658019.1756512275
318140412,cian,2026-05-04T21:45:59.274940+00:00,Санкт-Петербург,developer,4rooms,4,154.6,5.047288611744291,7.0,9.0,0.7777777777777778,False,False,Петроградский,Крестовский остров,NEVA HAUS,59.9624914,30.2594126,house,4.04100950912093,0.9611241158472662,True,85200060.0,18.26051270776173,551100.0,13.219673374422394,215,74551226.0,688500.0,513014.51612903224,950757.9850893903,86,99137000.0,717505.2995391705,520825.00000000006,1013368.6913652276,69,105000000.0,775889.9676375405,607500.0,1050000.0,263,50900000.0,378150.3013029316,210093.366242963,658019.1756512275
299897940,cian,2026-05-04T21:45:59.274940+00:00,Санкт-Петербург,realtor,4rooms,4,159.5,5.07829394257007,4.0,25.0,0.16,False,False,Приморский,Старая Деревня,unknown,59.9845929,30.2608045,house,5.912294196537977,0.6981850983759342,True,39990000.0,17.504140005829253,250721.00313479625,12.432100047087273,119,11000000.0,253120.0,213054.45761967503,301644.1421266091,20,25664732.0,238028.8926499033,181470.97166302908,283369.54770755884,10,12849999.5,239117.1153240119,215743.79752066117,283249.985,263,50900000.0,378150.3013029316,210093.366242963,658019.1756512275
327921670,cian,2026-05-04T21:45:59.274940+00:00,Санкт-Петербург,real_estate_agent,4rooms,4,59.2,4.097672352314776,2.0,5.0,0.4,False,False,Кировский,Проспект Ветеранов,unknown,59.8447179,30.2520565,house,10.997921964316514,0.3261506866237825,True,10350000.0,16.152497174294005,174831.08108108107,12.071581255576097,23,9549000.0,189523.80952380953,167164.71534237044,209193.37893257206,8,12175000.0,174327.60598021332,166391.349414612,179368.53002070394,14,8300000.0,177077.9877979245,164294.958968347,214527.33390949378,263,50900000.0,378150.3013029316,210093.366242963,658019.1756512275
303270584,cian,2026-05-04T21:45:59.274940+00:00,Санкт-Петербург,developer,4rooms,4,129.4,4.870606649492553,9.0,23.0,0.391304347826087,False,False,Выборгский,Парнас,Прагма city,60.066917,30.3338899,street,14.310571727165238,0.1293225753958055,True,25513263.0,17.054709031756712,197165.86553323027,12.191805682353584,68,11500000.0,242464.8327306462,201785.625,296143.7908496732,11,23000000.0,202380.8333333333,184672.42693003925,257692.3076923077,14,7850000.0,225945.53060701783,203626.49866103235,261172.79510923312,263,50900000.0,378150.3013029316,210093.366242963,658019.1756512275
319524774,cian,2026-05-04T21:45:59.274940+00:00,Санкт-Петербург,real_estate_agent,4rooms,4,102.2,4.636668853047462,8.0,10.0,0.8,False,False,Центральный,Чернышевская,Монополист,59.9398032,30.3908959,house,4.279599646670747,1.6483169842816854,True,42000000.0,17.553180200057167,410958.90410958906,12.926250931808411,121,33000000.0,472702.7027027027,281949.93412384717,660000.0,36,45750000.0,313741.31568639574,199026.43034878396,513204.5289877664,32,49135000.0,503583.5303388495,276041.2961878758,803855.975485189,263,50900000.0,378150.3013029316,210093.366242963,658019.1756512275
320675707,cian,2026-05-04T21:45:59.274940+00:00,Санкт-Петербург,real_estate_agent,4rooms,4,161.3,5.089446474520545,4.0,4.0,1.0,False,True,Центральный,Площадь Восстания,unknown,59.9307394,30.366905,house,3.068734866666948,0.4491563226312635,True,31500000.0,17.265498135541893,195288.2827030378,12.182237239286508,121,33000000.0,472702.7027027027,281949.93412384717,660000.0,36,45750000.0,313741.31568639574,199026.43034878396,513204.5289877664,19,23500000.0,286041.1899313501,208990.40969463505,395977.86089159676,263,50900000.0,378150.3013029316,210093.366242963,658019.1756512275
329649858,cian,2026-05-04T21:45:59.274940+00:00,Санкт-Петербург,real_estate_agent,4rooms,4,126.15,4.845367491868129,6.0,20.0,0.3,False,False,Красносельский,Юго-Западная,Огни Залива,59.8625229,30.1548626,house,12.264267661833848,4.324710184924439,True,30865000.0,17.24513344620929,244669.04478795084,12.407665825868449,45,8600000.0,223093.96897646284,183937.8238341969,261158.53658536586,9,28700000.0,236701.03092783506,184977.5784753363,252835.97790830192,49,8600000.0,227835.03496503495,191335.74007220217,261158.53658536586,263,50900000.0,378150.3013029316,210093.366242963,658019.1756512275
321681119,cian,2026-05-04T21:45:59.274940+00:00,Санкт-Петербург,real_estate_agent,4rooms,4,161.4,5.090062427727577,3.0,3.0,1.0,False,True,Приморский,Удельная,unknown,60.0212798,30.295902,house,9.249159329191905,1.353069258641073,True,47900000.0,17.68462608325797,296778.1908302354,12.600743676059452,119,11000000.0,253120.0,213054.45761967503,301644.1421266091,20,25664732.0,238028.8926499033,181470.97166302908,283369.54770755884,8,18100000.0,288199.5219554021,261616.94780547055,316276.9657789333,263,50900000.0,378150.3013029316,210093.366242963,658019.1756512275
300649455,cian,2026-05-04T21:45:59.274940+00:00,Санкт-Петербург,real_estate_agent,4rooms,4,106.0,4.672828834461906,5.0,5.0,1.0,False,True,Петроградский,Спортивная,unknown,59.9559868,30.2909453,house,2.323852634003565,0.4628115689908129,True,22500000.0,16.929025911619092,212264.15094339623,12.265591484162595,215,74551226.0,688500.0,513014.51612903224,950757.9850893903,86,99137000.0,717505.2995391705,520825.00000000006,1013368.6913652276,44,38450000.0,636691.4335664336,466248.48787486635,964962.5076891531,263,50900000.0,378150.3013029316,210093.366242963,658019.1756512275
326512984,cian,2026-05-04T21:45:59.274940+00:00,Санкт-Петербург,real_estate_agent,4rooms,4,139.15,4.942713277610797,4.0,6.0,0.6666666666666666,False,False,Василеостровский,Горный институт,Империал Клаб ЖК,59.9392754,30.2438761,district,3.9122015596226105,1.2135205952657642,True,175329000.0,18.982174772603123,1260000.0,14.04662307257814,165,23000000.0,425718.0832915203,357142.85714285716,499334.2210386152,33,51917243.0,451006.70182166825,219000.0,658684.201754386,49,24258479.0,491000.0,424440.0,576720.0,263,50900000.0,378150.3013029316,210093.366242963,658019.1756512275
325408872,cian,2026-05-04T21:45:59.274940+00:00,Санкт-Петербург,realtor,4rooms,4,167.1,5.12455904041457,11.0,12.0,0.9166666666666666,False,False,Петроградский,Горьковская,Серебряные зеркала,59.9595094,30.3210365,house,2.356886772263437,0.432222410688145,True,125000000.0,18.643824303266577,748055.0568521844,13.525233196464333,215,74551226.0,688500.0,513014.51612903224,950757.9850893903,86,99137000.0,717505.2995391705,520825.00000000006,1013368.6913652276,11,44900000.0,464033.850493653,355758.11508745083,568677.0747740346,263,50900000.0,378150.3013029316,210093.366242963,658019.1756512275
329495462,cian,2026-05-04T21:45:59.274940+00:00,Санкт-Петербург,realtor,4rooms,4,143.2,4.971201224850849,12.0,12.0,1.0,False,True,Калининский,Академическая,unknown,60.0052071,30.3887804,house,8.492541090454926,1.0515832623580657,True,45000000.0,17.622173069956816,314245.81005586596,12.657933975425207,53,10624445.0,291095.8904109589,210032.36245954694,359100.0,4,38000000.0,271866.8407310705,241365.9793814433,298861.7136105722,13,16000000.0,222841.22562674095,186956.52173913043,293733.681462141,263,50900000.0,378150.3013029316,210093.366242963,658019.1756512275
329649829,cian,2026-05-04T21:45:59.274940+00:00,Санкт-Петербург,real_estate_agent,4rooms,4,126.44,4.847645665601793,3.0,20.0,0.15,False,False,Красносельский,Юго-Западная,Огни Залива,59.8615796,30.156289,house,12.27981118141554,4.239136275890082,True,28950000.0,17.181080796525592,228962.35368554256,12.34131724215655,45,8600000.0,223093.96897646284,183937.8238341969,261158.53658536586,9,28700000.0,236701.03092783506,184977.5784753363,252835.97790830192,49,8600000.0,227835.03496503495,191335.74007220217,261158.53658536586,263,50900000.0,378150.3013029316,210093.366242963,658019.1756512275
328477627,cian,2026-05-04T21:45:59.274940+00:00,Санкт-Петербург,real_estate_agent,4rooms,4,222.6,5.409858741280944,5.0,5.0,1.0,False,True,Центральный,Маяковская,unknown,59.9324392,30.346244,house,1.9171795800258271,0.5025416407570935,True,49500000.0,17.71748324774094,222371.96765498654,12.31211128565706,121,33000000.0,472702.7027027027,281949.93412384717,660000.0,36,45750000.0,313741.31568639574,199026.43034878396,513204.5289877664,4,28150000.0,316705.0778373516,267055.442506632,355261.8328298087,263,50900000.0,378150.3013029316,210093.366242963,658019.1756512275
327134526,cian,2026-05-04T21:45:59.274940+00:00,Санкт-Петербург,real_estate_agent,4rooms,4,73.4,4.309455941839047,3.0,10.0,0.3,False,False,Приморский,Комендантский проспект,unknown,60.0166584,30.2345283,house,9.74348530130004,1.63370141907559,True,12700000.0,16.357112630168974,173024.52316076294,12.061194395319207,119,11000000.0,253120.0,213054.45761967503,301644.1421266091,20,25664732.0,238028.8926499033,181470.97166302908,283369.54770755884,62,11400000.0,258025.86534804112,212350.63966555786,313750.0,263,50900000.0,378150.3013029316,210093.366242963,658019.1756512275
329649828,cian,2026-05-04T21:45:59.274940+00:00,Санкт-Петербург,real_estate_agent,4rooms,4,121.25,4.8060681283549815,2.0,20.0,0.1,False,False,Красносельский,Юго-Западная,Огни Залива,59.8615796,30.156289,house,12.27981118141554,4.239136275890082,True,28700000.0,17.172407715573055,236701.03092783506,12.37455737564201,45,8600000.0,223093.96897646284,183937.8238341969,261158.53658536586,9,28700000.0,236701.03092783506,184977.5784753363,252835.97790830192,49,8600000.0,227835.03496503495,191335.74007220217,261158.53658536586,263,50900000.0,378150.3013029316,210093.366242963,658019.1756512275
315766775,cian,2026-05-04T21:45:59.274940+00:00,Санкт-Петербург,real_estate_agent,4rooms,4,85.3,4.457829598089382,2.0,3.0,0.6666666666666666,False,False,Кировский,Проспект Ветеранов,unknown,59.8385187,30.2569192,house,11.576678405485678,0.5207317650394476,True,14000000.0,16.454567959008102,164126.611957796,12.008399525920481,23,9549000.0,189523.80952380953,167164.71534237044,209193.37893257206,8,12175000.0,174327.60598021332,166391.349414612,179368.53002070394,14,8300000.0,177077.9877979245,164294.958968347,214527.33390949378,263,50900000.0,378150.3013029316,210093.366242963,658019.1756512275
329165748,cian,2026-05-04T21:45:59.274940+00:00,Санкт-Петербург,realtor,4rooms,4,149.0,5.010635294096256,13.0,14.0,0.9285714285714286,False,False,Приморский,Черная речка,unknown,59.9847887,30.2861583,house,5.366280519836786,0.8601330969337129,True,59500000.0,17.90148688732258,399328.85906040267,12.897543068768945,119,11000000.0,253120.0,213054.45761967503,301644.1421266091,20,25664732.0,238028.8926499033,181470.97166302908,283369.54770755884,19,44200000.0,500658.7615283267,347389.5582329317,945000.0,263,50900000.0,378150.3013029316,210093.366242963,658019.1756512275
322651947,cian,2026-05-04T21:45:59.274940+00:00,Санкт-Петербург,real_estate_agent,4rooms,4,144.46,4.979901134726394,4.0,6.0,0.6666666666666666,False,False,Василеостровский,Горный институт,Империал Клаб ЖК,59.9392754,30.2438761,district,3.9122015596226105,1.2135205952657642,True,130014000.0,18.683152702620628,900000.0,13.710151153416941,165,23000000.0,425718.0832915203,357142.85714285716,499334.2210386152,33,51917243.0,451006.70182166825,219000.0,658684.201754386,49,24258479.0,491000.0,424440.0,576720.0,263,50900000.0,378150.3013029316,210093.366242963,658019.1756512275
320547415,cian,2026-05-04T21:45:59.274940+00:00,Санкт-Петербург,real_estate_agent,4rooms,4,73.4,4.309455941839047,10.0,10.0,1.0,False,True,Приморский,Комендантский проспект,unknown,60.0210849,30.2356729,house,10.156763884067894,1.946461573558209,True,13500000.0,16.41820031748273,183923.70572207082,12.122281744810444,119,11000000.0,253120.0,213054.45761967503,301644.1421266091,20,25664732.0,238028.8926499033,181470.97166302908,283369.54770755884,62,11400000.0,258025.86534804112,212350.63966555786,313750.0,263,50900000.0,378150.3013029316,210093.366242963,658019.1756512275
316374620,cian,2026-05-04T21:45:59.274940+00:00,Санкт-Петербург,realtor,4rooms,4,92.0,4.532599493153256,3.0,5.0,0.6,False,False,Выборгский,Лесная,unknown,59.981069,30.3362102,house,4.88009358239284,0.6335131168976981,True,23000000.0,16.951004817371683,250000.0,12.429220196836383,68,11500000.0,242464.8327306462,201785.625,296143.7908496732,11,23000000.0,202380.8333333333,184672.42693003925,257692.3076923077,37,13355877.0,359100.0,250000.0,393258.42696629214,263,50900000.0,378150.3013029316,210093.366242963,658019.1756512275
318140442,cian,2026-05-04T21:45:59.274940+00:00,Санкт-Петербург,developer,4rooms,4,159.0,5.075173815233827,4.0,9.0,0.4444444444444444,False,False,Петроградский,Крестовский остров,NEVA HAUS,59.962702,30.2623163,house,3.936518419401703,0.9485030180780856,True,112397100.0,18.537548703276304,706900.0,13.46864590678529,215,74551226.0,688500.0,513014.51612903224,950757.9850893903,86,99137000.0,717505.2995391705,520825.00000000006,1013368.6913652276,69,105000000.0,775889.9676375405,607500.0,1050000.0,263,50900000.0,378150.3013029316,210093.366242963,658019.1756512275
322150149,cian,2026-05-04T21:45:59.274940+00:00,Санкт-Петербург,real_estate_agent,4rooms,4,145.9,4.989752083179832,4.0,5.0,0.8,False,False,Петроградский,Спортивная,unknown,59.954961,30.3024904,house,1.93072094552146,0.6543987553698114,True,56000000.0,17.840862266556567,383824.5373543523,12.857943398524432,215,74551226.0,688500.0,513014.51612903224,950757.9850893903,86,99137000.0,717505.2995391705,520825.00000000006,1013368.6913652276,44,38450000.0,636691.4335664336,466248.48787486635,964962.5076891531,263,50900000.0,378150.3013029316,210093.366242963,658019.1756512275
321085682,cian,2026-05-04T21:45:59.274940+00:00,Санкт-Петербург,real_estate_agent,4rooms,4,158.1,5.069532935343741,3.0,5.0,0.6,False,False,Центральный,Площадь Восстания,unknown,59.9273449,30.3562362,house,2.660194559842905,0.4819038660970381,True,19990000.0,16.810742756501593,126438.96268184694,11.747522871184358,121,33000000.0,472702.7027027027,281949.93412384717,660000.0,36,45750000.0,313741.31568639574,199026.43034878396,513204.5289877664,19,23500000.0,286041.1899313501,208990.40969463505,395977.86089159676,263,50900000.0,378150.3013029316,210093.366242963,658019.1756512275
329663202,cian,2026-05-04T21:45:59.274940+00:00,Санкт-Петербург,developer,4rooms,4,130.56,4.8794630213208565,11.0,12.0,0.9166666666666666,False,False,Московский,Московские ворота,Знатный,59.8884644,30.3248745,house,5.607091375528343,0.4224518773186677,True,57446400.0,17.866362914517772,440000.0,12.994532278619134,115,14600000.0,338071.4560122935,232688.51778861112,440766.12903225806,10,32575000.0,286295.51198356494,204714.4386253297,444500.0,16,30457890.5,569999.7957895484,441149.1935483871,668525.0,263,50900000.0,378150.3013029316,210093.366242963,658019.1756512275
310933870,cian,2026-05-04T21:45:59.274940+00:00,Санкт-Петербург,real_estate_agent,4rooms,4,107.0,4.68213122712422,9.0,11.0,0.8181818181818182,False,False,Красногвардейский,Новочеркасская,unknown,59.9366856,30.404312,house,5.029523417074071,1.050010325785667,True,39500000.0,17.491811255187805,369158.8785046729,12.818985104266535,65,10300000.0,250000.0,202169.11764705883,415701.00840336137,7,46550000.0,389539.7489539749,257334.29362126847,481045.29806370847,28,25104484.5,444642.74811083125,355837.5,512076.8111093196,263,50900000.0,378150.3013029316,210093.366242963,658019.1756512275
314735614,cian,2026-05-04T21:45:59.274940+00:00,Санкт-Петербург,realtor,4rooms,4,194.0,5.272999558563747,12.0,14.0,0.8571428571428571,False,False,Московский,Электросила,Московский квартал,59.8784384,30.316368,house,6.69086880925639,0.3524217606588394,True,109999000.0,18.51598184189727,567005.1546391753,13.24812543739379,115,14600000.0,338071.4560122935,232688.51778861112,440766.12903225806,10,32575000.0,286295.51198356494,204714.4386253297,444500.0,8,19075000.0,350390.51297248725,310177.1663757005,366702.57731958764,263,50900000.0,378150.3013029316,210093.366242963,658019.1756512275
329663201,cian,2026-05-04T21:45:59.274940+00:00,Санкт-Петербург,developer,4rooms,4,121.86,4.811045495735781,9.0,12.0,0.75,False,False,Московский,Московские ворота,Знатный,59.8884644,30.3248745,house,5.607091375528343,0.4224518773186677,True,54349560.0,17.810947094221962,446000.0,13.008076473152153,115,14600000.0,338071.4560122935,232688.51778861112,440766.12903225806,10,32575000.0,286295.51198356494,204714.4386253297,444500.0,16,30457890.5,569999.7957895484,441149.1935483871,668525.0,263,50900000.0,378150.3013029316,210093.366242963,658019.1756512275
285614584,cian,2026-05-04T21:45:59.274940+00:00,Санкт-Петербург,real_estate_agent,4rooms,4,163.7,5.104125637183595,7.0,7.0,1.0,False,True,Центральный,Площадь Александра Невского,unknown,59.9265877,30.3763066,house,3.714075093191008,0.5061032455113614,True,135000000.0,18.72078534381011,824679.291386683,13.622751064617471,121,33000000.0,472702.7027027027,281949.93412384717,660000.0,36,45750000.0,313741.31568639574,199026.43034878396,513204.5289877664,35,35693422.0,625000.0,555289.7769297812,706503.2363162467,263,50900000.0,378150.3013029316,210093.366242963,658019.1756512275
325821921,cian,2026-05-04T21:45:59.274940+00:00,Санкт-Петербург,real_estate_agent,4rooms,4,82.7,4.4272389774954295,2.0,5.0,0.4,False,False,Василеостровский,Василеостровская,unknown,59.9392754,30.2438761,district,3.9122015596226105,2.100112668540487,True,17200000.0,16.660419999923214,207980.6529625151,12.245205147882011,165,23000000.0,425718.0832915203,357142.85714285716,499334.2210386152,33,51917243.0,451006.70182166825,219000.0,658684.201754386,43,27900960.0,403090.15256588074,244769.5453830423,459065.00739980966,263,50900000.0,378150.3013029316,210093.366242963,658019.1756512275
329327478,cian,2026-05-04T21:45:59.274940+00:00,Санкт-Петербург,real_estate_agent,4rooms,4,143.3,4.971894465779825,6.0,8.0,0.75,False,False,Петроградский,Чкаловская,ЛДМ ЖК,59.9642342,30.2858201,district,3.256398622023302,0.4595738783432546,True,250313390.0,19.33822425477118,1746778.7159804604,14.373284488424256,215,74551226.0,688500.0,513014.51612903224,950757.9850893903,86,99137000.0,717505.2995391705,520825.00000000006,1013368.6913652276,50,65500613.5,676550.1672240803,551580.3395021516,840090.1701805224,263,50900000.0,378150.3013029316,210093.366242963,658019.1756512275
325512710,cian,2026-05-04T21:45:59.274940+00:00,Санкт-Петербург,official_representative,4rooms,4,132.0,4.890349128221754,1.0,8.0,0.125,True,False,Петроградский,Крестовский остров,NEVA HAUS,59.9624914,30.2594126,house,4.04100950912093,0.9611241158472662,True,99000000.0,18.410630418199872,750000.0,13.527829818844937,215,74551226.0,688500.0,513014.51612903224,950757.9850893903,86,99137000.0,717505.2995391705,520825.00000000006,1013368.6913652276,69,105000000.0,775889.9676375405,607500.0,1050000.0,263,50900000.0,378150.3013029316,210093.366242963,658019.1756512275
321139359,cian,2026-05-04T21:45:59.274940+00:00,Санкт-Петербург,real_estate_agent,4rooms,4,156.0,5.056245805348308,5.0,5.0,1.0,False,True,Василеостровский,Василеостровская,unknown,59.9392754,30.2438761,district,3.9122015596226105,2.100112668540487,True,40000000.0,17.50439003707821,256410.2564102564,12.454537904821068,165,23000000.0,425718.0832915203,357142.85714285716,499334.2210386152,33,51917243.0,451006.70182166825,219000.0,658684.201754386,43,27900960.0,403090.15256588074,244769.5453830423,459065.00739980966,263,50900000.0,378150.3013029316,210093.366242963,658019.1756512275
318140443,cian,2026-05-04T21:45:59.274940+00:00,Санкт-Петербург,developer,4rooms,4,165.7,5.116195789756748,1.0,9.0,0.1111111111111111,True,False,Петроградский,Крестовский остров,NEVA HAUS,59.962702,30.2623163,house,3.936518419401703,0.9485030180780856,True,86296560.0,18.27330030589696,520800.00000000006,13.163123289997541,215,74551226.0,688500.0,513014.51612903224,950757.9850893903,86,99137000.0,717505.2995391705,520825.00000000006,1013368.6913652276,69,105000000.0,775889.9676375405,607500.0,1050000.0,263,50900000.0,378150.3013029316,210093.366242963,658019.1756512275
327022695,cian,2026-05-04T21:45:59.274940+00:00,Санкт-Петербург,official_representative,4rooms,4,121.6,4.808927023502111,2.0,8.0,0.25,False,False,Петроградский,Крестовский остров,NEVA HAUS,59.9624914,30.2594126,house,4.04100950912093,0.9611241158472662,True,91200000.0,18.328565466009472,750000.0,13.527829818844937,215,74551226.0,688500.0,513014.51612903224,950757.9850893903,86,99137000.0,717505.2995391705,520825.00000000006,1013368.6913652276,69,105000000.0,775889.9676375405,607500.0,1050000.0,263,50900000.0,378150.3013029316,210093.366242963,658019.1756512275
323398683,cian,2026-05-04T21:45:59.274940+00:00,Санкт-Петербург,realtor,4rooms,4,105.0,4.663439094112067,15.0,25.0,0.6,False,False,Фрунзенский,Проспект Славы,София,59.8602656,30.4149336,house,10.367770091857514,1.186229551622909,True,26500000.0,17.0926553286923,252380.95238095237,12.438698903055228,36,11675000.0,275360.4958677686,194624.98710409575,392205.28341254056,7,26500000.0,252380.95238095237,183635.6425171867,356298.06813114096,6,9350000.0,243361.1025403682,197474.2020638349,267095.2380952381,263,50900000.0,378150.3013029316,210093.366242963,658019.1756512275
318140434,cian,2026-05-04T21:45:59.274940+00:00,Санкт-Петербург,developer,4rooms,4,178.8,5.19184512203752,1.0,9.0,0.1111111111111111,True,False,Петроградский,Крестовский остров,NEVA HAUS,59.962702,30.2623163,house,3.936518419401703,0.9485030180780856,True,91170120.0,18.328237780751166,509899.99999999994,13.141971868210181,215,74551226.0,688500.0,513014.51612903224,950757.9850893903,86,99137000.0,717505.2995391705,520825.00000000006,1013368.6913652276,69,105000000.0,775889.9676375405,607500.0,1050000.0,263,50900000.0,378150.3013029316,210093.366242963,658019.1756512275
328229036,cian,2026-05-04T21:45:59.274940+00:00,Санкт-Петербург,real_estate_agent,4rooms,4,260.0,5.564520407322694,2.0,3.0,0.6666666666666666,False,False,Выборгский,Проспект Просвещения,Новая Скандинавия,60.0598335,30.2906413,house,13.543517487555247,2.6583880597597767,True,69000000.0,18.04961707705429,265384.6153846154,12.488939199654848,68,11500000.0,242464.8327306462,201785.625,296143.7908496732,11,23000000.0,202380.8333333333,184672.42693003925,257692.3076923077,35,9900000.0,229117.64705882352,178772.9364833445,279693.9024390244,263,50900000.0,378150.3013029316,210093.366242963,658019.1756512275
326634285,cian,2026-05-04T21:45:59.274940+00:00,Санкт-Петербург,realtor,4rooms,4,85.7,4.462453883786496,6.0,6.0,1.0,False,True,Центральный,Обводный канал,unknown,59.9169838,30.3512205,house,3.1710059501424577,0.2793649607511402,True,15200000.0,16.536806051605975,177362.89381563594,12.08595879835477,121,33000000.0,472702.7027027027,281949.93412384717,660000.0,36,45750000.0,313741.31568639574,199026.43034878396,513204.5289877664,20,17343499.5,385522.5051466804,295973.35138216015,426557.9919079805,263,50900000.0,378150.3013029316,210093.366242963,658019.1756512275
329327329,cian,2026-05-04T21:45:59.274940+00:00,Санкт-Петербург,real_estate_agent,4rooms,4,145.9,4.989752083179832,8.0,8.0,1.0,False,True,Петроградский,Чкаловская,ЛДМ ЖК,59.9642342,30.2858201,district,3.256398622023302,0.4595738783432546,True,275631508.0,19.434575419306046,1889181.0006854008,14.451654489479038,215,74551226.0,688500.0,513014.51612903224,950757.9850893903,86,99137000.0,717505.2995391705,520825.00000000006,1013368.6913652276,50,65500613.5,676550.1672240803,551580.3395021516,840090.1701805224,263,50900000.0,378150.3013029316,210093.366242963,658019.1756512275
328904743,cian,2026-05-04T21:45:59.274940+00:00,Санкт-Петербург,homeowner,4rooms,4,83.4,4.435567401601912,1.0,8.0,0.125,True,False,Василеостровский,Василеостровская,unknown,59.9392754,30.2438761,district,3.9122015596226105,2.100112668540487,True,16500000.0,16.61887099947687,197841.72661870503,12.195227684038787,165,23000000.0,425718.0832915203,357142.85714285716,499334.2210386152,33,51917243.0,451006.70182166825,219000.0,658684.201754386,43,27900960.0,403090.15256588074,244769.5453830423,459065.00739980966,263,50900000.0,378150.3013029316,210093.366242963,658019.1756512275
323817071,cian,2026-05-04T21:45:59.274940+00:00,Санкт-Петербург,real_estate_agent,4rooms,4,100.6,4.6210435351443815,5.0,6.0,0.8333333333333334,False,False,Адмиралтейский,Технологический институт,unknown,59.9180596,30.3059386,house,2.3288198948067884,0.772643016443239,True,20000000.0,16.811242881518265,198807.15705765408,12.200095603839976,73,19300000.0,451851.85185185185,325510.20408163266,515585.6263228786,19,21700000.0,226712.32876712328,180842.2890600164,345764.63505594037,7,16706808.0,444330.0,188344.02709804592,456840.0,263,50900000.0,378150.3013029316,210093.366242963,658019.1756512275
329645106,cian,2026-05-04T21:45:59.274940+00:00,Санкт-Петербург,real_estate_agent,4rooms,4,116.46,4.766097850094374,9.0,9.0,1.0,False,True,Фрунзенский,Обводный канал,Клубный дом,59.9093296,30.3432375,street,3.637254157334524,0.6978268694333029,True,57470000.0,17.866773647884308,493474.15421603987,13.109227790521478,36,11675000.0,275360.4958677686,194624.98710409575,392205.28341254056,7,26500000.0,252380.95238095237,183635.6425171867,356298.06813114096,20,17343499.5,385522.5051466804,295973.35138216015,426557.9919079805,263,50900000.0,378150.3013029316,210093.366242963,658019.1756512275
326751510,cian,2026-05-04T21:45:59.274940+00:00,Санкт-Петербург,real_estate_agent,4rooms,4,88.5,4.4942386252808095,4.0,5.0,0.8,False,False,Центральный,Чернышевская,unknown,59.9487012,30.3434726,house,1.9843162529221503,1.1868275998103042,True,20800000.0,16.85046359274847,235028.24858757062,12.367465247456304,121,33000000.0,472702.7027027027,281949.93412384717,660000.0,36,45750000.0,313741.31568639574,199026.43034878396,513204.5289877664,32,49135000.0,503583.5303388495,276041.2961878758,803855.975485189,263,50900000.0,378150.3013029316,210093.366242963,658019.1756512275
318140436,cian,2026-05-04T21:45:59.274940+00:00,Санкт-Петербург,developer,4rooms,4,171.5,5.150397236471415,2.0,9.0,0.2222222222222222,False,False,Петроградский,Крестовский остров,NEVA HAUS,59.962702,30.2623163,house,3.936518419401703,0.9485030180780856,True,109382700.0,18.510363309306303,637800.0,13.365781601446486,215,74551226.0,688500.0,513014.51612903224,950757.9850893903,86,99137000.0,717505.2995391705,520825.00000000006,1013368.6913652276,69,105000000.0,775889.9676375405,607500.0,1050000.0,263,50900000.0,378150.3013029316,210093.366242963,658019.1756512275
323224510,cian,2026-05-04T21:45:59.274940+00:00,Санкт-Петербург,real_estate_agent,4rooms,4,196.0,5.2832037287379885,5.0,5.0,1.0,False,True,Петроградский,Крестовский остров,unknown,59.9754799,30.2517632,house,5.372138171030261,0.6559101534444226,True,250000000.0,19.33697147982652,1275510.2040816327,14.058857600595696,215,74551226.0,688500.0,513014.51612903224,950757.9850893903,86,99137000.0,717505.2995391705,520825.00000000006,1013368.6913652276,69,105000000.0,775889.9676375405,607500.0,1050000.0,263,50900000.0,378150.3013029316,210093.366242963,658019.1756512275
329327448,cian,2026-05-04T21:45:59.274940+00:00,Санкт-Петербург,real_estate_agent,4rooms,4,141.9,4.9621450849358215,2.0,9.0,0.2222222222222222,False,False,Петроградский,Чкаловская,ЛДМ ЖК,59.9642342,30.2858201,district,3.256398622023302,0.4595738783432546,True,107252425.0,18.49069573556319,755831.0429880196,13.535574465119529,215,74551226.0,688500.0,513014.51612903224,950757.9850893903,86,99137000.0,717505.2995391705,520825.00000000006,1013368.6913652276,50,65500613.5,676550.1672240803,551580.3395021516,840090.1701805224,263,50900000.0,378150.3013029316,210093.366242963,658019.1756512275
320230774,cian,2026-05-04T21:45:59.274940+00:00,Санкт-Петербург,realtor,4rooms,4,240.7,5.487697287709437,7.0,7.0,1.0,False,True,Центральный,Чернышевская,Приоритет,59.9497714,30.3504672,house,2.375934349449239,0.9402311467641334,True,349015000.0,19.67062546205099,1450000.0,14.187074804051692,121,33000000.0,472702.7027027027,281949.93412384717,660000.0,36,45750000.0,313741.31568639574,199026.43034878396,513204.5289877664,32,49135000.0,503583.5303388495,276041.2961878758,803855.975485189,263,50900000.0,378150.3013029316,210093.366242963,658019.1756512275
328558761,cian,2026-05-04T21:45:59.274940+00:00,Санкт-Петербург,real_estate_agent,4rooms,4,125.0,4.836281906951478,8.0,12.0,0.6666666666666666,False,False,Выборгский,Проспект Просвещения,unknown,60.0638495,30.303651,house,13.939238264025173,2.201414767801817,True,17500000.0,16.677711496036597,140000.0,11.849404844423074,68,11500000.0,242464.8327306462,201785.625,296143.7908496732,11,23000000.0,202380.8333333333,184672.42693003925,257692.3076923077,35,9900000.0,229117.64705882352,178772.9364833445,279693.9024390244,263,50900000.0,378150.3013029316,210093.366242963,658019.1756512275
302588034,cian,2026-05-04T21:45:59.274940+00:00,Санкт-Петербург,real_estate_agent,4rooms,4,114.8,4.751864565138895,16.0,24.0,0.6666666666666666,False,False,Красносельский,Юго-Западная,Огни Залива,59.8518998,30.2209631,house,10.95104422944118,1.0771541663750668,True,29981000.0,17.21607443900728,261158.53658536586,12.472886750851783,45,8600000.0,223093.96897646284,183937.8238341969,261158.53658536586,9,28700000.0,236701.03092783506,184977.5784753363,252835.97790830192,49,8600000.0,227835.03496503495,191335.74007220217,261158.53658536586,263,50900000.0,378150.3013029316,210093.366242963,658019.1756512275
328322828,cian,2026-05-04T21:45:59.274940+00:00,Санкт-Петербург,real_estate_agent,4rooms,4,235.4,5.465525285531943,5.0,5.0,1.0,False,True,Центральный,Гостиный двор,unknown,59.9393757,30.3228461,house,0.4947351780604291,0.7930320851062855,True,105000000.0,18.46947091764561,446049.27782497875,13.00818695519787,121,33000000.0,472702.7027027027,281949.93412384717,660000.0,36,45750000.0,313741.31568639574,199026.43034878396,513204.5289877664,4,115000000.0,463409.2542971048,427233.5875822172,521291.2087912088,263,50900000.0,378150.3013029316,210093.366242963,658019.1756512275
322559040,cian,2026-05-04T21:45:59.274940+00:00,Санкт-Петербург,real_estate_agent,4rooms,4,132.3,4.892602227184663,2.0,7.0,0.2857142857142857,False,False,Петроградский,Чкаловская,unknown,59.9641762,30.2858887,house,3.2489071406687704,0.4521608203681697,True,31000000.0,17.249497794707484,234315.94860166288,12.364429959061338,215,74551226.0,688500.0,513014.51612903224,950757.9850893903,86,99137000.0,717505.2995391705,520825.00000000006,1013368.6913652276,50,65500613.5,676550.1672240803,551580.3395021516,840090.1701805224,263,50900000.0,378150.3013029316,210093.366242963,658019.1756512275
322651938,cian,2026-05-04T21:45:59.274940+00:00,Санкт-Петербург,real_estate_agent,4rooms,4,137.08,4.9278332273351175,3.0,6.0,0.5,False,False,Василеостровский,Горный институт,Империал Клаб ЖК,59.9392754,30.2438761,district,3.9122015596226105,1.2135205952657642,True,148046400.0,18.81303630286145,1080000.0,13.8924725250259,165,23000000.0,425718.0832915203,357142.85714285716,499334.2210386152,33,51917243.0,451006.70182166825,219000.0,658684.201754386,49,24258479.0,491000.0,424440.0,576720.0,263,50900000.0,378150.3013029316,210093.366242963,658019.1756512275
326776723,cian,2026-05-04T21:45:59.274940+00:00,Санкт-Петербург,real_estate_agent,4rooms,4,97.3,4.5880240271531205,1.0,5.0,0.2,True,False,Центральный,Чернышевская,unknown,59.9401439,30.3550404,house,2.2868089952389936,0.5754543433439456,True,23000000.0,16.951004817371683,236382.32271325798,12.373210015127299,121,33000000.0,472702.7027027027,281949.93412384717,660000.0,36,45750000.0,313741.31568639574,199026.43034878396,513204.5289877664,32,49135000.0,503583.5303388495,276041.2961878758,803855.975485189,263,50900000.0,378150.3013029316,210093.366242963,658019.1756512275
325111509,cian,2026-05-04T21:45:59.274940+00:00,Санкт-Петербург,realtor,4rooms,4,73.1,4.3054155323020415,1.0,9.0,0.1111111111111111,True,False,Приморский,Комендантский проспект,unknown,60.0100376,30.2720206,house,8.281373760227394,0.8885977488140944,True,11700000.0,16.275099485238066,160054.71956224352,11.983277280855981,119,11000000.0,253120.0,213054.45761967503,301644.1421266091,20,25664732.0,238028.8926499033,181470.97166302908,283369.54770755884,62,11400000.0,258025.86534804112,212350.63966555786,313750.0,263,50900000.0,378150.3013029316,210093.366242963,658019.1756512275
329467162,cian,2026-05-04T21:45:59.274940+00:00,Санкт-Петербург,developer,4rooms,4,110.25,4.711779921046349,8.0,9.0,0.8888888888888888,False,False,Василеостровский,Василеостровская,Регенбоген,59.9392754,30.2438761,district,3.9122015596226105,2.100112668540487,True,51917243.0,17.76516154728713,470904.6984126984,13.062413137268427,165,23000000.0,425718.0832915203,357142.85714285716,499334.2210386152,33,51917243.0,451006.70182166825,219000.0,658684.201754386,43,27900960.0,403090.15256588074,244769.5453830423,459065.00739980966,263,50900000.0,378150.3013029316,210093.366242963,658019.1756512275
327807910,cian,2026-05-04T21:45:59.274940+00:00,Санкт-Петербург,real_estate_agent,4rooms,4,129.3,4.869839484130799,2.0,5.0,0.4,False,False,Адмиралтейский,Технологический институт,unknown,59.9108368,30.3248027,house,3.1442120190131817,0.7816474236593551,True,23000000.0,16.951004817371683,177880.89713843772,12.08887510983894,73,19300000.0,451851.85185185185,325510.20408163266,515585.6263228786,19,21700000.0,226712.32876712328,180842.2890600164,345764.63505594037,7,16706808.0,444330.0,188344.02709804592,456840.0,263,50900000.0,378150.3013029316,210093.366242963,658019.1756512275
325757065,cian,2026-05-04T21:45:59.274940+00:00,Санкт-Петербург,real_estate_agent,4rooms,4,102.6,4.640537329825382,5.0,5.0,1.0,False,True,Невский,Ломоносовская,unknown,59.8731678,30.4441985,house,10.273891287178127,0.5280571934782429,True,24000000.0,16.993564429978885,233918.1286549708,12.362730730566414,75,8462886.0,214129.9972504812,190613.3732947499,276627.69547325105,4,20179479.0,209452.36191461678,176294.94638069705,263510.8856478546,28,7400000.0,202820.86979581014,183649.6889170094,226678.90459640961,263,50900000.0,378150.3013029316,210093.366242963,658019.1756512275
328226584,cian,2026-05-04T21:45:59.274940+00:00,Санкт-Петербург,developer,4rooms,4,147.2,4.998562712861986,5.0,9.0,0.5555555555555556,False,False,Петроградский,Крестовский остров,NEVA HAUS,59.9606929,30.2676571,house,3.566874646441068,1.2418928544852768,True,76926720.0,18.15836385136281,522600.00000000006,13.166573545576195,215,74551226.0,688500.0,513014.51612903224,950757.9850893903,86,99137000.0,717505.2995391705,520825.00000000006,1013368.6913652276,69,105000000.0,775889.9676375405,607500.0,1050000.0,263,50900000.0,378150.3013029316,210093.366242963,658019.1756512275
317515560,cian,2026-05-04T21:45:59.274940+00:00,Санкт-Петербург,real_estate_agent,4rooms,4,86.4,4.470495282661489,6.0,9.0,0.6666666666666666,False,False,Колпинский,Шушары,unknown,59.7340292,30.6094346,house,28.101953260724336,13.794376364253592,True,11500000.0,16.257857680289998,133101.85185185185,11.798877430538724,11,7500000.0,146086.95652173914,130873.39590877327,169611.3344988345,1,11500000.0,133101.85185185185,133101.85185185185,133101.85185185185,18,7450000.0,145612.922705314,128822.01343198246,164048.5800516345,263,50900000.0,378150.3013029316,210093.366242963,658019.1756512275
299067734,cian,2026-05-04T21:45:59.274940+00:00,Санкт-Петербург,realtor,4rooms,4,81.6,4.414009680526933,2.0,2.0,1.0,False,True,Петродворцовый,unknown,unknown,59.8841836,29.8608595,house,25.980896053363253,,False,8670000.0,15.97537946409697,106250.00000000001,11.573559498507079,9,5700000.0,171686.7469879518,164981.2734082397,229916.3179916318,1,8670000.0,106250.00000000001,106250.00000000001,106250.00000000001,47,19900000.0,390000.0,255879.99731074355,517735.35515320336,263,50900000.0,378150.3013029316,210093.366242963,658019.1756512275
329467148,cian,2026-05-04T21:45:59.274940+00:00,Санкт-Петербург,developer,4rooms,4,112.77,4.734178866551625,7.0,9.0,0.7777777777777778,False,False,Василеостровский,Василеостровская,Регенбоген,59.9392754,30.2438761,district,3.9122015596226105,2.100112668540487,True,51291900.0,17.753043422433723,454836.3926576217,13.027695255283616,165,23000000.0,425718.0832915203,357142.85714285716,499334.2210386152,33,51917243.0,451006.70182166825,219000.0,658684.201754386,43,27900960.0,403090.15256588074,244769.5453830423,459065.00739980966,263,50900000.0,378150.3013029316,210093.366242963,658019.1756512275
328817243,cian,2026-05-04T21:45:59.274940+00:00,Санкт-Петербург,real_estate_agent,4rooms,4,187.0,5.236441962829949,3.0,9.0,0.3333333333333333,False,False,Петроградский,Горьковская,unknown,59.9542505,30.3295646,house,1.9416850921707132,0.4691330333612445,True,89000000.0,18.30414693893237,475935.8288770053,13.073040411963216,215,74551226.0,688500.0,513014.51612903224,950757.9850893903,86,99137000.0,717505.2995391705,520825.00000000006,1013368.6913652276,11,44900000.0,464033.850493653,355758.11508745083,568677.0747740346,263,50900000.0,378150.3013029316,210093.366242963,658019.1756512275
328749743,cian,2026-05-04T21:45:59.274940+00:00,Санкт-Петербург,homeowner,4rooms,4,186.8,5.235377566774162,2.0,6.0,0.3333333333333333,False,False,Петроградский,Петроградская,unknown,59.9602176,30.3113098,house,2.408786482071325,0.758999598895404,True,50900000.0,17.745373501167116,272483.9400428265,12.515338625660336,215,74551226.0,688500.0,513014.51612903224,950757.9850893903,86,99137000.0,717505.2995391705,520825.00000000006,1013368.6913652276,37,50900000.0,459966.6388657214,414269.2750287687,650000.0,263,50900000.0,378150.3013029316,210093.366242963,658019.1756512275
328534359,cian,2026-05-04T21:45:59.274940+00:00,Санкт-Петербург,real_estate_agent,4rooms,4,128.11,4.860664754186628,5.0,17.0,0.2941176470588235,False,False,Приморский,Комендантский проспект,ЦДС Dreamline,60.0413747,30.235415,house,12.237221432768326,3.983437809140713,True,26339464.0,17.08657894275954,205600.37467801105,12.233694498717892,119,11000000.0,253120.0,213054.45761967503,301644.1421266091,20,25664732.0,238028.8926499033,181470.97166302908,283369.54770755884,62,11400000.0,258025.86534804112,212350.63966555786,313750.0,263,50900000.0,378150.3013029316,210093.366242963,658019.1756512275
326900543,cian,2026-05-04T21:45:59.274940+00:00,Санкт-Петербург,real_estate_agent,4rooms,4,135.0,4.912654885736052,5.0,5.0,1.0,False,True,Центральный,Чернышевская,unknown,59.943951,30.3930049,house,4.434799941660828,1.7052646942731144,True,49900000.0,17.725531580761828,369629.6296296296,12.82025948769048,121,33000000.0,472702.7027027027,281949.93412384717,660000.0,36,45750000.0,313741.31568639574,199026.43034878396,513204.5289877664,32,49135000.0,503583.5303388495,276041.2961878758,803855.975485189,263,50900000.0,378150.3013029316,210093.366242963,658019.1756512275
328813484,cian,2026-05-04T21:45:59.274940+00:00,Санкт-Петербург,realtor,4rooms,4,138.1,4.935193098929397,3.0,4.0,0.75,False,False,Приморский,Удельная,unknown,60.0184183,30.2930466,street,8.952354691852964,1.4276570754946,True,37777777.0,17.447231604120613,273553.7798696597,12.51925717281641,119,11000000.0,253120.0,213054.45761967503,301644.1421266091,20,25664732.0,238028.8926499033,181470.97166302908,283369.54770755884,8,18100000.0,288199.5219554021,261616.94780547055,316276.9657789333,263,50900000.0,378150.3013029316,210093.366242963,658019.1756512275
329327498,cian,2026-05-04T21:45:59.274940+00:00,Санкт-Петербург,real_estate_agent,4rooms,4,132.5,4.894101477840304,6.0,9.0,0.6666666666666666,False,False,Петроградский,Чкаловская,ЛДМ ЖК,59.9642342,30.2858201,district,3.256398622023302,0.4595738783432546,True,157807202.0,18.876884611722115,1190997.7509433962,13.990302799590788,215,74551226.0,688500.0,513014.51612903224,950757.9850893903,86,99137000.0,717505.2995391705,520825.00000000006,1013368.6913652276,50,65500613.5,676550.1672240803,551580.3395021516,840090.1701805224,263,50900000.0,378150.3013029316,210093.366242963,658019.1756512275
329096624,cian,2026-05-04T21:45:59.274940+00:00,Санкт-Петербург,unknown,4rooms,4,92.8,4.541164856012179,2.0,11.0,0.1818181818181818,False,False,Фрунзенский,Обводный канал,Ligovsky city-Первый квартал,59.9049854,30.3412558,house,4.032524591168112,1.1732247222816463,True,28000000.0,17.147715103853763,301724.1379310345,12.617271742627546,36,11675000.0,275360.4958677686,194624.98710409575,392205.28341254056,7,26500000.0,252380.95238095237,183635.6425171867,356298.06813114096,20,17343499.5,385522.5051466804,295973.35138216015,426557.9919079805,263,50900000.0,378150.3013029316,210093.366242963,658019.1756512275
